2024,Health science,Carleton University,92,accepted
2024,Health science,Carleton University,92,accepted
2024,Medical Sciences,Western University,97,accepted
2024,Medical Sciences,Western University,96,accepted
2024,Medical Sciences,Western University,98,accepted
2024,Medical Sciences,Western University,98,accepted
2024,Medical Sciences,Western University,95,accepted
2024,Medical Sciences,Western University,94,accepted
2024,Medical Sciences,Western University,95,accepted
2024,Medical Sciences,Western University,97,accepted
2024,Medical Sciences,Western University,96,accepted
2024,Medical Sciences,Western University,97,accepted
2024,Health Sciences,Western University,96,accepted
2024,Health Sciences,Western University,97,accepted
2024,Nursing,Toronto Metropolitan University,93,accepted
2024,Nursing,Toronto Metropolitan University,92,accepted
2024,Nursing,Toronto Metropolitan University,96,accepted
2024,Nursing,Toronto Metropolitan University,87,accepted
2024,Nursing,Toronto Metropolitan University,92,accepted
2024,Nursing,Toronto Metropolitan University,91,accepted
2024,Nursing,Toronto Metropolitan University,86,accepted
2024,Nursing,Toronto Metropolitan University,95,accepted
2024,Nursing,Toronto Metropolitan University,92,accepted
2024,Nursing,Toronto Metropolitan University,92,accepted
2024,Nursing,Toronto Metropolitan University,89,accepted
2024,Nursing,Toronto Metropolitan University,94,accepted
2024,Kinesiology,Wilfrid Laurier University,85,accepted
2024,Kinesiology,University Of Waterloo,94,accepted
2024,Kinesiology,University Of Waterloo,95,accepted
2024,Mathematics,University Of Ottawa,93,accepted
2024,Mathematics & its Applications,Toronto Metropolitan University,93,accepted
2024,Commerce,University Of Ottawa,96,accepted
2024,Accounting,University Of Ottawa,92,accepted
2024,Commerce,University Of Ottawa,93,accepted
2024,Commerce,University Of Ottawa,94,accepted
2024,Commerce,University Of Ottawa,91,accepted
2024,Commerce,University Of Ottawa,90,accepted
2024,Commerce,Queen's University,95,accepted
2024,Commerce,York University,85,accepted
2024,Commerce,York University,89,accepted
2024,Commerce,York University,86,accepted
2024,Commerce,York University,87,accepted
2024,Human Resources Management,York University,90,accepted
2024,Economics,Wilfrid Laurier University,86,accepted
2024,Economics,Wilfrid Laurier University,89,accepted
2024,Computer Science,Wilfrid Laurier University,92,accepted
2024,Management & Organizational Studies - Finance,Western University,92,accepted
2024,Management & Organizational Studies - Finance,Western University,93,accepted
2024,Management & Organizational Studies - Finance,Western University,97,accepted
2024,Management & Organizational Studies - Finance,Western University,99,accepted
2024,Management and Organizational Studies - Finance,Western University,96,accepted
2024,Management,University of Guelph,93,accepted
2024,Sport & Event Management,University of Guelph,94,accepted
2024,Hospitality & Tourism Management,University of Guelph,84,accepted
2024,Business Technology Management,Toronto Metropolitan University,87,accepted
2024,Human Resources Management,York University,80,accepted
2024,Business Management,Toronto Metropolitan University,94,accepted
2024,Business Management,Toronto Metropolitan University,94,accepted
2024,Business Management,Toronto Metropolitan University,96,accepted
2024,Business Administration,Brock University,94,accepted
2024,Business,McMaster University,93,accepted
2024,Business,McMaster University,95,accepted
2024,Business,McMaster University,96,accepted
2024,Business Administration,Wilfrid Laurier University,95,accepted
2024,Business Administration,Wilfrid Laurier University,94,accepted
2024,Finance,Ontario Tech University,90,accepted
2024,Business Technology Management,Toronto Metropolitan University,94,accepted
2024,Business Technology Management,Toronto Metropolitan University,93,accepted
2024,Business Technology Management,Toronto Metropolitan University,93,accepted
2024,Business Management,Toronto Metropolitan University,85,accepted
2024,Business Management,Toronto Metropolitan University,92,accepted
2024,Business Administration,Brock University,92,accepted
2024,Business Administration,Wilfrid Laurier University,94,accepted
2024,Business Administration,Wilfrid Laurier University,93,accepted
2024,Business Administration,Wilfrid Laurier University,96,accepted
2024,Business Administration,Wilfrid Laurier University,93,accepted
2024,Business Administration,Wilfrid Laurier University,93,accepted
2024,Business Administration,Wilfrid Laurier University,92,accepted
2024,Business Administration,Wilfrid Laurier University,94,accepted
2024,Business Administration,Wilfrid Laurier University,94,accepted
2024,Business Administration,Wilfrid Laurier University,94,accepted
2024,Business Administration,Wilfrid Laurier University,96,accepted
2024,Business Administration,Wilfrid Laurier University,90,accepted
2024,Business Administration,Wilfrid Laurier University,95,accepted
2024,Business Administration,Wilfrid Laurier University,94,accepted
2024,Business Administration,Wilfrid Laurier University,97,accepted
2024,Business Administration,Wilfrid Laurier University,94,accepted
2024,Business Administration,Wilfrid Laurier University,94,accepted
2024,Business Administration,Wilfrid Laurier University,93,accepted
2024,Business Administration,Wilfrid Laurier University,90,accepted
2024,Business Administration,Wilfrid Laurier University,87,accepted
2024,Business Administration,Wilfrid Laurier University,93,accepted
2024,Business Administration,Wilfrid Laurier University,94,accepted
2024,Business Administration,Wilfrid Laurier University,95,accepted
2024,Business Administration,Wilfrid Laurier University,91,accepted
2024,Business Administration - Finance,Brock University,93,accepted
2024,Business Technology Management,Wilfrid Laurier University,80,accepted
2024,Business,McMaster University,93,accepted
2024,Business,McMaster University,95,accepted
2024,Business,McMaster University,90,accepted
2024,Business,McMaster University,94,accepted
2024,Arts and Business,University Of Waterloo,94,accepted
2024,Science,Western University,95,accepted
2024,Management & Organizational Studies - Finance,Western University,92,accepted
2024,Financial Mathematics,Toronto Metropolitan University,94,accepted
2024,Financial Mathematics,Wilfrid Laurier University,89,accepted
2024,Accounting,Brock University,98,accepted
2024,Accounting,Brock University,94,accepted
2024,Accounting,Brock University,84,accepted
2024,Accounting,Brock University,88,accepted
2024,Accounting,Brock University,91,accepted
2024,Accounting,Brock University,89,accepted
2024,Finance and Accounting,Wilfrid Laurier University,91,accepted
2024,Economics,Wilfrid Laurier University,90,accepted
2024,Economics,Wilfrid Laurier University,93,accepted
2024,Data Science,Wilfrid Laurier University,89,accepted
2024,Data Science,York University,98,accepted
2024,Data Science,Wilfrid Laurier University,80,accepted
2024,Data Science,Wilfrid Laurier University,89,accepted
2024,Arts and Business,University Of Waterloo,93,accepted
2024,Management & Organizational Studies - Finance,Western University,99,accepted
2024,Public Affairs and Policy Management,Carleton University,92,accepted
2024,Public Affairs and Policy Management,Carleton University,95,accepted
2024,Global and International Studies,Carleton University,92,accepted
2024,International Development and Globalization,University Of Ottawa,95,accepted
2024,Commerce,University Of Ottawa,93,accepted
2024,Political Science,University Of Ottawa,91,accepted
2024,Political Science,University Of Ottawa,82,accepted
2024,Political Science,Wilfrid Laurier University,96,accepted
2024,Political Science,Wilfrid Laurier University,92,accepted
2024,History,Western University,93,accepted
2024,Criminology,University Of Ottawa,90,accepted
2024,Criminology and Criminal Justice,Carleton University,94,accepted
2024,Anthropology,Carleton University,92,accepted
2024,Political Science,Carleton University,96,accepted
2024,Medical Sciences,Brock University,82,accepted
2024,Medical Sciences,Western University,92,accepted
2024,Planning,University Of Waterloo,98,accepted
2024,Honours Bachelor of Interaction Design,Sheridan College,65,accepted
2024,English,Toronto Metropolitan University,97,accepted
2024,History,Brock University,92,accepted
2024,Political Studies,Queen's University,94,accepted
2024,Communications and Media Studies,Carleton University,93,accepted
2024,Communication,Western University,92,accepted
2024,Media Production and Design,Carleton University,89,accepted
2024,Criminology,Western University,95,accepted
2024,History,Brock University,91,accepted
2024,Economics,Western University,100,accepted
2024,Economics,Queen's University,88,accepted
2024,Political Science,York University,98,accepted
2024,Criminology,Toronto Metropolitan University,94,accepted
2024,Psychology,University of Guelph,98,accepted
2024,Psychology,University of Guelph,92,accepted
2024,Psychology,York University,93,accepted
2024,Psychology,University of Guelph,92,accepted
2024,History,University of Guelph,93,accepted
2024,Psychology,York University,92,accepted
2024,Linguistics,Queen's University,94,accepted
2024,Psychology,Queen's University,94,accepted
2024,Political Science,University Of Ottawa,90,accepted
2024,Psychology,McMaster University,93,accepted
2024,Political Science,University Of Ottawa,98,accepted
2024,Aerospace Engineering,Carleton University,88,accepted
2024,Materials Engineering,McGill University,96,accepted
2024,Engineering,Carleton University,88,accepted
2024,Computer Systems Engineering,Carleton University,91,accepted
2024,Engineering,Carleton University,88,accepted
2024,Geography,Carleton University,83,accepted
2024,Political Science,Carleton University,94,accepted
2024,Criminology and Criminal Justice,Carleton University,87,accepted
2024,Mathematics,Carleton University,94,accepted
2024,Public Affairs and Policy Management,Carleton University,98,accepted
2024,Architectural Studies,Carleton University,86,accepted
2024,Psychology,Carleton University,88,accepted
2024,Computer Science,Ontario Tech University,89,accepted
2024,Mechanical Engineering,Ontario Tech University,90,accepted
2024,Mechanical Engineering,Ontario Tech University,79,accepted
2024,Civil Engineering,University Of Waterloo,94,accepted
2024,Computer Engineering,University Of Waterloo,98,accepted
2024,Computer Science,Western University,92,accepted
2024,Management and Organizational Studies - Finance,Western University,93,accepted
2024,Engineering,Western University,92,accepted
2024,Engineering,Western University,94,accepted
2024,Communication,Western University,96,accepted
2024,Nursing,Western University,92,accepted
2024,Nursing,Western University,94,accepted
2024,Economics,Western University,95,accepted
2024,Economics,Western University,92,accepted
2024,Political Science,Western University,95,accepted
2024,Science,Western University,94,accepted
2024,Science,Western University,92,accepted
2024,Science,Western University,96,accepted
2024,Management Economics and Finance,University of Guelph,86,accepted
2024,Management Economics and Finance,University of Guelph,87,accepted
2024,Management,University of Guelph,87,accepted
2024,Management,University of Guelph,86,accepted
2024,Biomedical Engineering,University of Guelph,92,accepted
2024,Computer Engineering,University of Guelph,93,accepted
2024,Computer Science,University of Guelph,89,accepted
2024,Computer Science,University of Guelph,91,accepted
2024,Computer Science,University of Guelph,84,accepted
2024,Computer Science,University of Guelph,93,accepted
2024,Computer Science,University of Guelph,93,accepted
2024,Management,University of Guelph,74,accepted
2024,Wildlife Biology and Conservation,University of Guelph,88,accepted
2024,Biomedical science,University of Guelph,92,accepted
2024,Biomedical science,University of Guelph,92,accepted
2024,Biomedical science,University of Guelph,95,accepted
2024,Biomedical science,University of Guelph,95,accepted
2024,Health Sciences,Queen's University,97,accepted
2024,Integrated Media,OCAD University,92,accepted
2024,Health Sciences,Queen's University,88,accepted
2024,Computer Engineering,McMaster University,95,accepted
2024,Computing,Queen's University,98,accepted
2024,Computer Science,Toronto Metropolitan University,88,accepted
2024,Computer Science,York University,91,accepted
2024,Life Sciences,University Of Toronto,91,accepted
2024,Computer Science,University Of Waterloo,95,accepted
2024,Human Kinetics,University Of Ottawa,98,accepted
2024,Business,McMaster University,93,accepted
2024,Engineering,McMaster University,89,accepted
2024,Engineering,McMaster University,91,accepted
2024,Engineering,McMaster University,91,accepted
2024,Computer Engineering,McMaster University,93,accepted
2024,Engineering,McMaster University,95,accepted
2024,Engineering,McMaster University,94,accepted
2024,Ibiomed,McMaster University,95,accepted
2024,Engineering,McMaster University,96,accepted
2024,Engineering,McMaster University,97,accepted
2024,Engineering,McMaster University,98,accepted
2024,Engineering,McMaster University,97,accepted
2024,Engineering,McMaster University,98,accepted
2024,Engineering,McMaster University,97,accepted
2024,Political Science,McMaster University,91,accepted
2024,Economics,McMaster University,77,accepted
2024,Physics,McMaster University,88,accepted
2024,Automation Engineering Technology,McMaster University,82,accepted
2024,Biotechnology,McMaster University,89,accepted
2024,Biotechnology,McMaster University,91,accepted
2024,Mathematics and Statistics,McMaster University,98,accepted
2024,Mathematics and Statistics,McMaster University,97,accepted
2024,Mathematics and Statistics,McMaster University,90,accepted
2024,Anatomy & Cell Biology,McGill University,97,accepted
2024,Software Engineering,McGill University,96,accepted
2024,Computer Science,McGill University,98,accepted
2024,Software Engineering,McGill University,98,accepted
2024,Civil Engineering,McGill University,96,accepted
2024,Computer Science,McGill University,96,accepted
2024,Software Engineering,McGill University,98,accepted
2024,Software Engineering,McGill University,97,accepted
2024,Computer Engineering,University Of Waterloo,95,accepted
2024,Biology,University of Northern British Columbia,92,accepted
2024,Computer Engineering,University Of Ottawa,96,accepted
2024,Engineering,Queen's University,93,accepted
2024,Mechanical Engineering,University Of Ottawa,90,accepted
2024,Chemical Engineering,University Of Ottawa,91,accepted
2024,Software Engineering,University Of Ottawa,98,accepted
2024,Software Engineering,University Of Ottawa,97,accepted
2024,Software Engineering,University Of Ottawa,98,accepted
2024,Software Engineering,Carleton University,91,accepted
2024,Health science,University Of Ottawa,92,accepted
2024,Health Sciences,University Of Ottawa,89,accepted
2024,Health Sciences,University Of Ottawa,95,accepted
2024,Commerce,University Of Ottawa,83,accepted
2024,Biomedical Science,University Of Ottawa,88,accepted
2024,Biomedical Science,University Of Ottawa,89,accepted
2024,Biomedical Science,University Of Ottawa,96,accepted
2024,Biology,University Of Ottawa,93,accepted
2024,Data Science,University Of Ottawa,97,accepted
2024,Data Science,University Of Ottawa,92,accepted
2024,Political Science,University Of Ottawa,94,accepted
2024,Public Administration/Political Science,University Of Ottawa,96,accepted
2024,Philosophy,Queen's University,98,accepted
2024,Commerce,Queen's University,93,accepted
2024,Computing,Queen's University,91,accepted
2024,Commerce,Queen's University,87,accepted
2024,Commerce,Queen's University,91,accepted
2024,Commerce,Queen's University,98,accepted
2024,Computing,Queen's University,96,accepted
2024,Commerce,Queen's University,94,accepted
2024,Commerce,Queen's University,94,accepted
2024,Commerce,Queen's University,95,accepted
2024,Engineering,Queen's University,94,accepted
2024,Mechatronics and Robotics Engineering,Queen's University,94,accepted
2024,Science,Queen's University,90,accepted
2024,Science,Queen's University,96,accepted
2024,Health Sciences,Queen's University,96,accepted
2024,Health Sciences,Queen's University,95,accepted
2024,Health Sciences,Queen's University,96,accepted
2024,Health Sciences,Queen's University,99,accepted
2024,Health Sciences,Queen's University,97,accepted
2024,Health Sciences,Queen's University,98,accepted
2024,Health Sciences,Queen's University,98,accepted
2024,Health Sciences,Queen's University,95,accepted
2024,Health Sciences,Queen's University,97,accepted
2024,Health Sciences,Queen's University,96,accepted
2024,Science,Queen's University,90,accepted
2024,Biology,Queen's University,91,accepted
2024,Aerospace Engineering,Toronto Metropolitan University,94,accepted
2024,Computer Science,Toronto Metropolitan University,93,accepted
2024,Computer Science,Toronto Metropolitan University,93,accepted
2024,Computer Science,Toronto Metropolitan University,94,accepted
2024,Computer Science,Toronto Metropolitan University,95,accepted
2024,Computer Science,Toronto Metropolitan University,90,accepted
2024,Computer Science,Toronto Metropolitan University,93,accepted
2024,Computer Science,Toronto Metropolitan University,98,accepted
2024,History,Toronto Metropolitan University,91,accepted
2024,Business Technology Management,Toronto Metropolitan University,93,accepted
2024,Business Management,Toronto Metropolitan University,87,accepted
2024,Biomedical Engineering,Toronto Metropolitan University,80,accepted
2024,Biomedical Engineering,Toronto Metropolitan University,85,accepted
2024,Biomedical Engineering,Toronto Metropolitan University,90,accepted
2024,Computer Engineering,Toronto Metropolitan University,93,accepted
2024,Chemical Engineering,Toronto Metropolitan University,88,accepted
2024,Civil Engineering,Toronto Metropolitan University,87,accepted
2024,Electrical Engineering,Toronto Metropolitan University,89,accepted
2024,Electrical Engineering,Toronto Metropolitan University,92,accepted
2024,Civil Engineering,Toronto Metropolitan University,87,accepted
2024,Industrial Engineering,Toronto Metropolitan University,91,accepted
2024,Industrial Engineering,Toronto Metropolitan University,81,accepted
2024,Mechanical Engineering,Toronto Metropolitan University,86,accepted
2024,Mechanical Engineering,Toronto Metropolitan University,92,accepted
2024,Mechanical Engineering,University Of Ottawa,86,accepted
2024,Mechatronics Engineering,Toronto Metropolitan University,89,accepted
2024,Mechatronics Engineering,Toronto Metropolitan University,85,accepted
2024,Computer Science,University Of Toronto,96,accepted
2024,Computer Science,University Of Toronto,99,accepted
2024,Life Sciences,University Of Toronto,92,accepted
2024,Life Sciences,University Of Toronto,93,accepted
2024,Chemical Engineering,University Of Toronto,96,accepted
2024,Chemical Engineering,University Of Toronto,94,accepted
2024,Chemical Engineering,University Of Toronto,94,accepted
2024,Chemical Engineering,University Of Toronto,93,accepted
2024,Materials Engineering,University Of Toronto,96,accepted
2024,Engineering,University Of Toronto,97,accepted
2024,Engineering,University Of Toronto,98,accepted
2024,Engineering,University Of Toronto,98,accepted
2024,Mechanical Engineering,University Of Toronto,97,accepted
2024,Engineering,University Of Toronto,98,accepted
2024,Engineering,University Of Toronto,95,accepted
2024,Engineering,University Of Toronto,97,accepted
2024,Engineering,University Of Toronto,97,accepted
2024,Engineering,University Of Toronto,98,accepted
2024,Engineering,University Of Toronto,98,accepted
2024,Engineering Science,University Of Toronto,96,accepted
2024,Engineering Science,University Of Toronto,95,accepted
2024,Engineering Science,University Of Toronto,98,accepted
2024,Engineering Science,University Of Toronto,98,accepted
2024,Engineering Science,University Of Toronto,97,accepted
2024,Engineering Science,University Of Toronto,99,accepted
2024,Engineering Science,University Of Toronto,98,accepted
2024,Engineering Science,University Of Toronto,97,accepted
2024,Engineering Science,University Of Toronto,99,accepted
2024,Life Sciences,University Of Toronto,91,accepted
2024,Mechanical Engineering,University Of Toronto,95,accepted
2024,Computer Science,University Of Toronto,96,accepted
2024,Computer Science,University Of Toronto,100,accepted
2024,Computer Science,University Of Toronto,94,accepted
2024,Computer Science,University Of Toronto,94,accepted
2024,Computer Science,University Of Toronto,97,accepted
2024,Computer Science,University Of Toronto,93,accepted
2024,Mathematical Sciences,University Of Toronto,98,accepted
2024,Mathematical Sciences,University Of Toronto,90,accepted
2024,Mathematical Sciences,University Of Toronto,92,accepted
2024,Mathematical Sciences,University Of Toronto,100,accepted
2024,Mathematical Sciences,University Of Toronto,92,accepted
2024,Mathematical Sciences,University Of Toronto,94,accepted
2024,Mathematical Sciences,University Of Toronto,94,accepted
2024,Mathematical Sciences,University Of Toronto,99,accepted
2024,Mathematical Sciences,University Of Toronto,94,accepted
2024,Sociology,University Of Toronto,87,accepted
2024,Sociology,University Of Toronto,89,accepted
2024,Materials Engineering,University Of Toronto,95,accepted
2024,Civil Engineering,University Of Toronto,93,accepted
2024,Computer Science,University Of Toronto,98,accepted
2024,Computer Science,University Of Toronto,97,accepted
2024,Computer Science,University Of Toronto,98,accepted
2024,Statistics,University Of Toronto,98,accepted
2024,Business Administration,Wilfrid Laurier University,90,accepted
2024,Business Administration,Wilfrid Laurier University,93,accepted
2024,Business Administration,Wilfrid Laurier University,88,accepted
2024,Computer Science,Wilfrid Laurier University,87,accepted
2024,Computer Science,Wilfrid Laurier University,91,accepted
2024,Health science,University Of Waterloo,92,accepted
2024,Health Sciences,Wilfrid Laurier University,86,accepted
2024,Business Administration,Wilfrid Laurier University,97,accepted
2024,Business Administration,Wilfrid Laurier University,97,accepted
2024,Arts and Business,University Of Waterloo,86,accepted
2024,Computer Science,University Of Waterloo,90,accepted
2024,Biomedical Engineering,University Of Waterloo,98,accepted
2024,Biomedical Engineering,University Of Waterloo,96,accepted
2024,Biomedical Engineering,University Of Waterloo,99,accepted
2024,Computing and Financial Management,University Of Waterloo,97,accepted
2024,Computing and Financial Management,University Of Waterloo,99,accepted
2024,Computing and Financial Management,University Of Waterloo,90,accepted
2024,Computer Science,Toronto Metropolitan University,96,accepted
2024,Computer Science,University Of Waterloo,99,accepted
2024,Computer Science,University Of Waterloo,98,accepted
2024,Computer Science,University Of Waterloo,98,accepted
2024,Computer Science,University Of Waterloo,98,accepted
2024,Computer Science,University Of Waterloo,97,accepted
2024,Computer Science,University Of Waterloo,99,accepted
2024,Computer Science,University Of Waterloo,94,accepted
2024,Computer Science,University Of Waterloo,99,accepted
2024,Computer Science,University Of Waterloo,98,accepted
2024,Computer Science,University Of Waterloo,92,accepted
2024,Systems Design Engineering,University Of Waterloo,98,accepted
2024,Systems Design Engineering,University Of Waterloo,95,accepted
2024,Systems Design Engineering,University Of Waterloo,97,accepted
2024,Systems Design Engineering,University Of Waterloo,98,accepted
2024,Civil Engineering,University Of Waterloo,92,accepted
2024,Civil Engineering,University Of Waterloo,90,accepted
2024,Management Engineering,University Of Waterloo,94,accepted
2024,Management Engineering,University Of Waterloo,97,accepted
2024,Management Engineering,University Of Waterloo,99,accepted
2024,Management Engineering,University Of Waterloo,95,accepted
2024,Management Engineering,University Of Waterloo,96,accepted
2024,Management Engineering,University Of Waterloo,96,accepted
2024,Management Engineering,University Of Waterloo,95,accepted
2024,Health science,University Of Waterloo,95,accepted
2024,Health science,University Of Waterloo,92,accepted
2024,Health science,University Of Waterloo,95,accepted
2024,Health science,University Of Waterloo,92,accepted
2024,Health science,University Of Waterloo,97,accepted
2024,Health science,University Of Waterloo,95,accepted
2024,Health science,University Of Waterloo,94,accepted
2024,Kinesiology,University Of Waterloo,91,accepted
2024,Mathematics,University Of Waterloo,93,accepted
2024,Mathematics,University Of Waterloo,95,accepted
2024,Mathematics,University Of Waterloo,98,accepted
2024,Mathematics,University Of Waterloo,97,accepted
2024,Mathematics,University Of Waterloo,91,accepted
2024,Mathematics,University Of Waterloo,95,accepted
2024,Mathematics,University Of Waterloo,98,accepted
2024,Mathematics,University Of Waterloo,92,accepted
2024,Mathematics,University Of Waterloo,96,accepted
2024,Mathematics,University Of Waterloo,94,accepted
2024,Mathematics,University Of Waterloo,96,accepted
2024,Mathematics,University Of Waterloo,98,accepted
2024,Mathematics,University Of Waterloo,92,accepted
2024,Mathematics,University Of Waterloo,96,accepted
2024,Mathematics,University Of Waterloo,96,accepted
2024,Mechatronics Engineering,University Of Waterloo,98,accepted
2024,Mechatronics Engineering,University Of Waterloo,96,accepted
2024,Mechatronics Engineering,University Of Waterloo,97,accepted
2024,Mechatronics Engineering,University Of Waterloo,96,accepted
2024,Mechatronics Engineering,University Of Waterloo,95,accepted
2024,Mechatronics Engineering,University Of Waterloo,95,accepted
2024,Mechatronics Engineering,University Of Waterloo,96,accepted
2024,Mechatronics Engineering,University Of Waterloo,95,accepted
2024,Mechatronics Engineering,University Of Waterloo,98,accepted
2024,Mathematics,University Of Waterloo,93,accepted
2024,Nanotechnology Engineering,University Of Waterloo,91,accepted
2024,Nanotechnology Engineering,University Of Waterloo,90,accepted
2024,Nanotechnology Engineering,University Of Waterloo,94,accepted
2024,Nanotechnology Engineering,University Of Waterloo,96,accepted
2024,Planning,University Of Waterloo,84,accepted
2024,Planning,University Of Waterloo,87,accepted
2024,Planning,University Of Waterloo,86,accepted
2024,Planning,University Of Waterloo,92,accepted
2024,Physical Science,University Of Waterloo,91,accepted
2024,Physical Science,University Of Waterloo,98,accepted
2024,Physical Science,University Of Waterloo,90,accepted
2024,Physical Science,University Of Waterloo,92,accepted
2024,Physical Science,University Of Waterloo,90,accepted
2024,Medicinal Chemistry,University Of Waterloo,88,accepted
2024,Arts and Business,University Of Waterloo,84,accepted
2024,Software Engineering,University Of Waterloo,95,accepted
2024,Software Engineering,University Of Waterloo,97,accepted
2024,Software Engineering,University Of Waterloo,99,accepted
2024,Mechanical Engineering,University Of Waterloo,93,accepted
2024,Computer Engineering,University Of Waterloo,97,accepted
2024,Accounting and Financial Management,University Of Waterloo,90,accepted
2024,Accounting and Financial Management,University Of Waterloo,92,accepted
2024,Accounting and Financial Management,University Of Waterloo,96,accepted
2024,Accounting and Financial Management,University Of Waterloo,96,accepted
2024,Accounting and Financial Management,University Of Waterloo,95,accepted
2024,Accounting and Financial Management,University Of Waterloo,90,accepted
2024,Accounting and Financial Management,University Of Waterloo,84,accepted
2024,Nursing,York University,95,accepted
2024,Nursing,York University,91,accepted
2024,Computer Science,York University,90,accepted
2024,Computer Science,York University,88,accepted
2024,Chemistry,York University,96,accepted
2024,Biomedical Science,York University,82,accepted
2024,Engineering,York University,82,accepted
2024,Engineering,York University,81,accepted
2024,Computer Science,University Of Toronto,92,accepted
2024,Computer Science,University Of Waterloo,95,rejected
2024,Chemical Engineering,University Of Toronto,93,rejected
2024,Engineering Science,University Of Toronto,96,rejected
2024,Computer Science,University Of Waterloo,98,rejected
2024,Computer Science,University Of Waterloo,93,rejected
2024,Mechatronics Engineering,University Of Waterloo,96,rejected
2024,Software Engineering,University Of Waterloo,98,rejected
2024,Computer Science,McMaster University,89,rejected
2024,Computer Science,McMaster University,95,rejected
2024,Computer Science,McMaster University,92,rejected
2024,Engineering,McMaster University,88,rejected
2024,Electrical Engineering,McMaster University,90,rejected
2024,Mechanical Engineering,McMaster University,94,rejected
2024,Life Sciences,McMaster University,92,rejected
2024,Health Sciences,Queen's University,92,rejected
2024,Computer Engineering,Toronto Metropolitan University,90,rejected
2024,Mechanical Engineering,McGill University,94,rejected
2024,Electrical Engineering,Western University,90,rejected
2024,Sociology,Western University,93,rejected
2024,Life Sciences,McMaster University,87,rejected
2024,Electrical Engineering,Queen's University,89,rejected
2024,Engineering,Queen's University,90,rejected
2024,Chemical Engineering,Toronto Metropolitan University,82,rejected
2024,Nursing,Toronto Metropolitan University,78,rejected
2024,Engineering Science,University Of Toronto,96,rejected
2024,Health science,University Of Waterloo,89,rejected
2024,Kinesiology,University Of Waterloo,83,accepted
2024,Health Sciences,Queen's University,99,rejected
2024,Mechanical Engineering,University Of Waterloo,92,rejected
2024,Mechanical Engineering,University Of Waterloo,94,rejected
2024,Management & Organizational Studies - Management & Legal Studies,Western University,90,rejected
2024,Mathematics and Statistics,McMaster University,88,accepted
2024,Health Sciences,Western University,93,rejected
2024,Mechanical Engineering,University Of Toronto,92,rejected
2024,Mechatronics Engineering,University Of Waterloo,95,accepted
2024,Mechanical Engineering,University Of Toronto,96,accepted
2024,Computer Science,University Of Waterloo,98,accepted
2024,Chemical Engineering,University Of Waterloo,94,accepted
2024,Medical Sciences,Western University,93,accepted
2024,Computer Engineering,University Of Waterloo,90,rejected
2024,Electrical Engineering,McMaster University,90,rejected
2024,Electrical Engineering,Queen's University,90,rejected
2024,Computer Science,McMaster University,92,accepted
2024,Nanotechnology Engineering,University Of Waterloo,97,accepted
2024,Engineering,University Of Toronto,95,accepted
2024,Accounting and Financial Management,University Of Waterloo,89,accepted
2024,Mechanical Engineering,University Of Toronto,93,accepted
2024,Commerce,Queen's University,94,accepted
2024,Computer Science,York University,92,accepted
2024,Political Science,McMaster University,95,accepted
2024,Engineering,McMaster University,93,accepted
2024,Engineering,University Of Toronto,97,rejected
2024,Planning,University Of Waterloo,94,accepted
2024,Engineering,McMaster University,93,accepted
2024,Computing and Financial Management,University Of Waterloo,85,accepted
2024,Accounting and Financial Management,University Of Waterloo,94,accepted
2024,Accounting and Financial Management,University Of Waterloo,93,rejected
2024,Computer Science,Toronto Metropolitan University,89,accepted
2024,Mathematical Sciences,University Of Toronto,90,rejected
2024,Commerce,Queen's University,91,accepted
2024,Health science,Carleton University,91,accepted
2024,Biomedical Science,University Of Ottawa,91,accepted
2024,Electrical Engineering,Queen's University,88,rejected
2024,Computer Engineering,Toronto Metropolitan University,90,accepted
2024,Computer Science,University Of Toronto,86,rejected
2024,Industrial Engineering,Toronto Metropolitan University,83,accepted
2024,Materials Engineering,University Of Toronto,94,rejected
2024,Computer Science,University Of Waterloo,94,accepted
2024,Materials Engineering,McMaster University,94,accepted
2024,Nuclear Engineering,Ontario Tech University,97,accepted
2024,Life Sciences,University Of Toronto,90,accepted
2024,Computer Science,University Of Toronto,96,accepted
2024,Computer Science,University Of Toronto,96,accepted
2024,Software Engineering,University Of Waterloo,92,rejected
2024,Statistics,University Of Toronto,90,accepted
2024,Computer Science,University Of Toronto,93,rejected
2024,Life Sciences,University Of Toronto,92,accepted
2024,Mathematical Sciences,University Of Toronto,90,accepted
2024,Electrical Engineering,University Of Waterloo,97,rejected
2024,Engineering,McMaster University,93,accepted
2024,Computing and Financial Management,University Of Waterloo,96,accepted
2024,Systems Design Engineering,University Of Waterloo,95,accepted
2024,Software Engineering,Western University,80,rejected
2024,Business Administration,Wilfrid Laurier University,98,accepted
2024,Chemical Engineering,University Of Toronto,96,accepted
2024,Systems Design Engineering,University Of Waterloo,96,accepted
2024,Biopharmaceutical Science,University Of Ottawa,85,accepted
2024,Biochemistry,Queen's University,85,accepted
2024,Civil Engineering,York University,90,accepted
2024,Computer Science,Carleton University,95,accepted
2024,Life Sciences,University Of Toronto,96,accepted
2024,Computer Engineering,University Of Waterloo,95,rejected
2024,Electrical Engineering,University Of Waterloo,98,accepted
2024,Computer Engineering,Toronto Metropolitan University,90,accepted
2024,Mechanical Engineering,University Of Waterloo,94,accepted
2024,Physics,University of Guelph,86,accepted
2024,Software Engineering,McMaster University,95,accepted
2024,Civil Engineering,Toronto Metropolitan University,81,accepted
2024,Mathematics,University Of Waterloo,92,accepted
2024,Life Sciences,University Of Toronto,92,accepted
2024,Computer Engineering,Toronto Metropolitan University,94,accepted
2024,Engineering Science,University Of Toronto,96,accepted
2024,Accounting and Financial Management,University Of Waterloo,92,accepted
2024,Electrical Engineering,Queen's University,92,rejected
2024,Computer Engineering,University Of Ottawa,88,accepted
2024,Arts and Business,University Of Waterloo,85,accepted
2024,Computer Science,University Of Waterloo,98,accepted
2024,Real Estate,University of Guelph,86,accepted
2024,Computer Science,Queen's University,92,accepted
2024,Chemistry,University Of Ottawa,75,accepted
2024,Engineering,Queen's University,96,accepted
2024,Computer Science,University Of Toronto,96,rejected
2024,Engineering,University Of Toronto,96,rejected
2024,Computer Engineering,University Of Waterloo,96,rejected
2024,Nursing,Toronto Metropolitan University,89,accepted
2024,Computer Science,University Of Toronto,93,accepted
2024,Commerce,Queen's University,93,accepted
2024,Medical Sciences,Western University,92,accepted
2024,Computer Science,Western University,88,accepted
2024,Engineering,University Of Toronto,94,rejected
2024,Computer Science,University Of Toronto,98,accepted
2024,Mechanical Engineering,Western University,94,accepted
2024,Mechatronics Engineering,Toronto Metropolitan University,93,accepted
2024,Mathematical Sciences,University Of Toronto,93,accepted
2024,Medical Sciences,Western University,93,accepted
2024,Life Sciences,University Of Toronto,76,accepted
2024,Life science,University Of Waterloo,91,accepted
2024,Mechanical Engineering,University Of Ottawa,81,accepted
2024,Life Sciences,University Of Toronto,87,accepted
2024,Computer Science,University Of Waterloo,97,rejected
2024,Mechanical Engineering,University Of Ottawa,97,accepted
2024,Physical Science,University Of Waterloo,89,accepted
2024,Computing,Queen's University,79,accepted
2024,Global Politics,Carleton University,91,accepted
2024,Engineering,University Of Toronto,95,accepted
2024,Science,Western University,88,rejected
2024,Nursing,Toronto Metropolitan University,85,rejected
2024,Biomedical Science,Toronto Metropolitan University,85,accepted
2024,Engineering,University Of Toronto,98,accepted
2024,Computer Science,University Of Waterloo,99,rejected
2024,Software Engineering,University Of Waterloo,99,accepted
2024,Environmental Engineering,University of Guelph,79,accepted
2024,Physics & Astronomy,York University,95,accepted
2024,Nanotechnology Engineering,University Of Waterloo,93,accepted
2024,Electrical Engineering,University Of Waterloo,94,accepted
2024,Computer Science,University Of Waterloo,96,accepted
2024,Software Engineering,University Of Waterloo,100,accepted
2024,Mechatronics Engineering,University Of Waterloo,97,accepted
2024,Computer Science,University Of Waterloo,99,rejected
2024,Business Administration,Wilfrid Laurier University,92,accepted
2024,English,Toronto Metropolitan University,83,accepted
2024,Political Science,University Of Ottawa,95,accepted
2024,Civil Engineering,University Of Ottawa,90,accepted
2024,Health Sciences,Queen's University,95,accepted
2024,Commerce,Queen's University,98,accepted
2024,Computer Engineering,Queen's University,93,rejected
2024,Psychology,University Of Toronto,87,accepted
2024,Biomedical Science,Toronto Metropolitan University,87,accepted
2024,Neuroscience,University of Guelph,87,accepted
2024,History,McGill University,95,accepted
2025,Biochemistry,Brock University,97,accepted
2025,Computer Science,Brock University,89,accepted
2025,Computer Science,Brock University,95,accepted
2025,Computer Science,Brock University,80,accepted
2025,Geography,Brock University,94,accepted
2025,Mathematics,Brock University,83,accepted
2025,Chemistry,Brock University,95,accepted
2025,Mathematics,Brock University,92,accepted
2025,Biomedical Sciences,Brock University,89,accepted
2025,Biomedical Sciences,Brock University,93,accepted
2025,Biomedical Sciences,Brock University,88,accepted
2025,Neuroscience,Brock University,94,accepted
2025,Accounting,Brock University,93,accepted
2025,Accounting,Brock University,86,accepted
2025,Accounting,Brock University,93,accepted
2025,Accounting,Brock University,84,accepted
2025,Accounting,Brock University,83,accepted
2025,Accounting,Brock University,89,accepted
2025,Business Administration,Brock University,88,accepted
2025,Biomedical Sciences,Brock University,90,accepted
2025,Operations Management,Brock University,90,accepted
2025,Finance,Carleton University,84,accepted
2025,Accounting,Carleton University,91,accepted
2025,Accounting,Carleton University,87,accepted
2025,Engineering,Carleton University,98,accepted
2025,Engineering,Carleton University,97,accepted
2025,Engineering,Carleton University,98,accepted
2025,Engineering,Carleton University,91,accepted
2025,Engineering,Carleton University,91,accepted
2025,Engineering,Carleton University,91,accepted
2025,Engineering,Carleton University,96,accepted
2025,Engineering,Carleton University,88,accepted
2025,Engineering,Carleton University,89,accepted
2025,Engineering,Carleton University,90,accepted
2025,Computer Systems Engineering,Carleton University,96,accepted
2025,Computer Systems Engineering,Carleton University,92,accepted
2025,Engineering Physics,Carleton University,90,accepted
2025,Engineering Physics,Carleton University,90,accepted
2025,Engineering Physics,Carleton University,92,accepted
2025,Engineering Physics,Carleton University,95,accepted
2025,Engineering Physics,Carleton University,92,accepted
2025,Electrical Engineering,Carleton University,99,accepted
2025,Engineering,Carleton University,92,accepted
2025,Electrical Engineering,Carleton University,90,accepted
2025,Engineering,Carleton University,89,accepted
2025,Electrical Engineering,Carleton University,93,accepted
2025,Engineering,Carleton University,90,accepted
2025,Biomedical and Electrical Engineering,Carleton University,93,accepted
2025,Engineering,Carleton University,85,accepted
2025,Engineering,Carleton University,88,accepted
2025,Engineering,Carleton University,98,accepted
2025,Engineering,Carleton University,93,accepted
2025,Engineering,Carleton University,81,accepted
2025,Engineering,Carleton University,90,accepted
2025,Architectural Conservation and Sustainability Engineering,Carleton University,82,accepted
2025,Law,Carleton University,86,accepted
2025,Law,Carleton University,83,accepted
2025,Health science,Carleton University,86,accepted
2025,Biology,Carleton University,91,accepted
2025,Biology,Carleton University,91,accepted
2025,Mathematics,Carleton University,93,accepted
2025,Mathematics,Carleton University,96,accepted
2025,Computer Science,Carleton University,100,accepted
2025,Computer Science,Carleton University,99,accepted
2025,Computer Science,Carleton University,98,accepted
2025,Computer Science,Carleton University,98,accepted
2025,Computer Science,Carleton University,97,accepted
2025,Computer Science,Carleton University,97,accepted
2025,Computer Science,Carleton University,95,accepted
2025,Computer Science,Carleton University,94,accepted
2025,Software Engineering,Carleton University,94,accepted
2025,Computer Science,Carleton University,94,accepted
2025,Computer Science,Carleton University,96,accepted
2025,Computer Science,Carleton University,95,accepted
2025,Computer Science,Carleton University,94,accepted
2025,Computer Science,Carleton University,93,accepted
2025,Computer Science,Carleton University,93,accepted
2025,Computer Science,Carleton University,95,accepted
2025,Computer Science,Carleton University,92,accepted
2025,Computer Science,Carleton University,94,accepted
2025,Computer Science,Carleton University,93,accepted
2025,Computer Science,Carleton University,91,accepted
2025,Computer Science,Carleton University,85,rejected
2025,Management,Carleton University,92,accepted
2025,Public Affairs and Policy Management,Carleton University,91,accepted
2025,Social Work,Carleton University,97,accepted
2025,Chemistry,Carleton University,87,accepted
2025,Architectural Studies,Carleton University,94,accepted
2025,Science,Dalhousie University,91,accepted
2025,Science,Dalhousie University,91,accepted
2025,Science,Dalhousie University,94,accepted
2025,Earth Sciences,Dalhousie University,94,accepted
2025,Management Economics and Finance,University of Guelph,84,accepted
2025,Management Economics and Finance,University of Guelph,92,accepted
2025,Management Economics and Finance,University of Guelph,88,accepted
2025,Management Economics and Finance,University of Guelph,86,accepted
2025,Management Economics and Finance,University of Guelph,86,accepted
2025,Marketing Management,University of Guelph,80,accepted
2025,Biomedical Engineering,University of Guelph,99,accepted
2025,"Government, Economics and Management",University of Guelph,90,accepted
2025,Accounting,University of Guelph,92,accepted
2025,Accounting,University of Guelph,86,accepted
2025,Accounting,University of Guelph,86,accepted
2025,Computer Engineering,University of Guelph,96,accepted
2025,Software Engineering,University of Guelph,92,accepted
2025,Software Engineering,University of Guelph,84,accepted
2025,Software Engineering,University of Guelph,95,accepted
2025,Criminal Justice and Public Policy,University of Guelph,93,accepted
2025,Criminal Justice and Public Policy,University of Guelph,90,accepted
2025,Computer Science,University of Guelph,98,accepted
2025,Computer Science,University of Guelph,92,accepted
2025,Computer Science,University of Guelph,91,accepted
2025,Computer Science,University of Guelph,94,accepted
2025,Computer Science,University of Guelph,90,accepted
2025,Computer Science,University of Guelph,89,accepted
2025,Computer Science,University of Guelph,88,accepted
2025,Computer Science,University of Guelph,86,accepted
2025,Computer Science,University of Guelph,94,accepted
2025,Computer Science,University of Guelph,84,accepted
2025,Business Administration,University of Guelph,89,accepted
2025,English,University of Guelph,89,accepted
2025,Culture and Technology Studies,University of Guelph,84,accepted
2025,Political Science,University of Guelph,90,accepted
2025,Psychology,University of Guelph,95,accepted
2025,Mechanical Engineering,University of Guelph,94,accepted
2025,Mechanical Engineering,University of Guelph,95,accepted
2025,Mechanical Engineering,University of Guelph,94,accepted
2025,Mechanical Engineering,University of Guelph,90,accepted
2025,Mechanical Engineering,University of Guelph,89,accepted
2025,Science,University of Guelph,92,accepted
2025,Mechanical Engineering,University of Guelph,96,accepted
2025,One Health,University of Guelph,93,accepted
2025,Psychology,University of Guelph,94,accepted
2025,Psychology,University of Guelph,96,accepted
2025,Food Science,University of Guelph,97,accepted
2025,Molecular Biology and Genetics,University of Guelph,82,accepted
2025,Science,University of Guelph,82,accepted
2025,Chemistry,University of Guelph,95,accepted
2025,Biological & Medical Physics,University of Guelph,94,accepted
2025,Microbiology,University of Guelph,93,accepted
2025,Biomedical Toxicology,University of Guelph,89,accepted
2025,Microbiology,University of Guelph,91,accepted
2025,Biochemistry,University of Guelph,90,accepted
2025,Chemistry,University of Guelph,87,accepted
2025,Nutritional & Nutraceutical Science,University of Guelph,86,accepted
2025,Science,University of Guelph,84,accepted
2025,Biomedical Toxicology,University of Guelph,88,accepted
2025,Molecular Biology and Genetics,University of Guelph,92,accepted
2025,Biological & Medical Physics,University of Guelph,82,accepted
2025,Biomedical science,University of Guelph,96,accepted
2025,Biomedical science,University of Guelph,99,accepted
2025,Biomedical science,University of Guelph,98,accepted
2025,Biomedical science,University of Guelph,96,accepted
2025,Biomedical science,University of Guelph,95,accepted
2025,Biomedical science,University of Guelph,94,accepted
2025,Biomedical science,University of Guelph,94,accepted
2025,Biomedical science,University of Guelph,92,accepted
2025,Biomedical science,University of Guelph,91,accepted
2025,Biomedical science,University of Guelph,92,accepted
2025,Engineering Systems and Computing,University of Guelph,89,accepted
2025,Business Administration,University of Guelph,83,accepted
2025,Science,University of Guelph,87,accepted
2025,Science,University of Guelph,87,accepted
2025,Kinesiology,Lakehead University,79,accepted
2025,Computer Science,Laurentian University,88,accepted
2025,Computer Science,Wilfrid Laurier University,86,accepted
2025,Computer Science,Wilfrid Laurier University,88,accepted
2025,Computer Science,Wilfrid Laurier University,88,accepted
2025,Business Administration,Wilfrid Laurier University,95,accepted
2025,Business Administration,Wilfrid Laurier University,98,accepted
2025,Business Administration,Wilfrid Laurier University,97,accepted
2025,Business Administration,Wilfrid Laurier University,96,accepted
2025,Business Administration,Wilfrid Laurier University,98,accepted
2025,Business Administration,Wilfrid Laurier University,96,accepted
2025,Business Administration,Wilfrid Laurier University,96,accepted
2025,Business Administration,Wilfrid Laurier University,98,accepted
2025,Business Administration,Wilfrid Laurier University,97,accepted
2025,Business Administration,Wilfrid Laurier University,92,accepted
2025,Business Administration,Wilfrid Laurier University,96,accepted
2025,Business Administration,Wilfrid Laurier University,93,accepted
2025,Business Administration,Wilfrid Laurier University,92,accepted
2025,Business Administration,Wilfrid Laurier University,92,accepted
2025,Business Administration,Wilfrid Laurier University,93,accepted
2025,Business Administration,Wilfrid Laurier University,94,accepted
2025,Business Administration,Wilfrid Laurier University,91,accepted
2025,Business Administration,Wilfrid Laurier University,90,accepted
2025,Business Administration,Wilfrid Laurier University,95,accepted
2025,Business Administration,Wilfrid Laurier University,94,accepted
2025,Business Administration,Wilfrid Laurier University,92,accepted
2025,Business Administration,Wilfrid Laurier University,95,accepted
2025,Business Administration,Wilfrid Laurier University,92,accepted
2025,Business Administration,Wilfrid Laurier University,90,accepted
2025,Business Administration,Wilfrid Laurier University,93,accepted
2025,Business Administration,Wilfrid Laurier University,90,accepted
2025,Business Administration,Wilfrid Laurier University,90,accepted
2025,Business Administration,Wilfrid Laurier University,96,accepted
2025,Business Administration,Wilfrid Laurier University,90,accepted
2025,Business Administration,Wilfrid Laurier University,90,accepted
2025,Business Administration,Wilfrid Laurier University,90,accepted
2025,Business Administration,Wilfrid Laurier University,88,accepted
2025,Business Administration,Wilfrid Laurier University,88,accepted
2025,Business Administration,Wilfrid Laurier University,88,accepted
2025,Business Administration,Wilfrid Laurier University,92,accepted
2025,Business Administration,Wilfrid Laurier University,90,accepted
2025,Business Administration,Wilfrid Laurier University,87,accepted
2025,Business Administration,Wilfrid Laurier University,93,accepted
2025,Business Administration,Wilfrid Laurier University,86,accepted
2025,Business Administration,Wilfrid Laurier University,87,accepted
2025,Business Administration,Wilfrid Laurier University,85,accepted
2025,Business Administration,Wilfrid Laurier University,94,accepted
2025,Biology,Wilfrid Laurier University,89,accepted
2025,Biology,Wilfrid Laurier University,91,accepted
2025,Business Administration,Wilfrid Laurier University,94,accepted
2025,Business Administration,Wilfrid Laurier University,95,accepted
2025,Business Administration,Wilfrid Laurier University,95,accepted
2025,Business Administration,Wilfrid Laurier University,99,accepted
2025,Business Administration,Wilfrid Laurier University,93,accepted
2025,Business Administration,Wilfrid Laurier University,91,accepted
2025,Business Administration,Wilfrid Laurier University,93,accepted
2025,Biochemistry,Wilfrid Laurier University,89,accepted
2025,Mathematics,Wilfrid Laurier University,96,accepted
2025,Computer Science,Wilfrid Laurier University,88,accepted
2025,Computer Science,Wilfrid Laurier University,89,accepted
2025,Economics,Wilfrid Laurier University,89,accepted
2025,Accounting,Wilfrid Laurier University,95,accepted
2025,Accounting,Wilfrid Laurier University,94,accepted
2025,Accounting,Wilfrid Laurier University,86,accepted
2025,Economics,Wilfrid Laurier University,84,accepted
2025,Economics,Wilfrid Laurier University,87,accepted
2025,Data Science,Wilfrid Laurier University,89,accepted
2025,Data Science,Wilfrid Laurier University,97,accepted
2025,Data Science,Wilfrid Laurier University,92,accepted
2025,Data Science,Wilfrid Laurier University,92,accepted
2025,Data Science,Wilfrid Laurier University,88,accepted
2025,Biology,Wilfrid Laurier University,91,accepted
2025,Biology,Wilfrid Laurier University,88,accepted
2025,Biology,Wilfrid Laurier University,95,accepted
2025,Biology,Wilfrid Laurier University,84,accepted
2025,Economics,Wilfrid Laurier University,93,accepted
2025,Computer Science,Wilfrid Laurier University,89,accepted
2025,Computer Science,Wilfrid Laurier University,95,accepted
2025,Computer Science,Wilfrid Laurier University,95,accepted
2025,Computer Science,Wilfrid Laurier University,95,accepted
2025,Computer Science,Wilfrid Laurier University,94,accepted
2025,Computer Science,Wilfrid Laurier University,92,accepted
2025,Computer Science,Wilfrid Laurier University,83,accepted
2025,Computer Science,Wilfrid Laurier University,89,accepted
2025,Computer Science,Wilfrid Laurier University,87,accepted
2025,Computer Science,Wilfrid Laurier University,91,accepted
2025,Computer Science,Wilfrid Laurier University,94,accepted
2025,Political Science,Wilfrid Laurier University,83,accepted
2025,Political Science,Wilfrid Laurier University,90,accepted
2025,Political Science,Wilfrid Laurier University,88,accepted
2025,Sociology,Wilfrid Laurier University,83,accepted
2025,Chemistry,Wilfrid Laurier University,95,accepted
2025,Psychology,Wilfrid Laurier University,87,accepted
2025,Biology,Wilfrid Laurier University,93,accepted
2025,Biology,Wilfrid Laurier University,89,accepted
2025,Financial Mathematics,Wilfrid Laurier University,86,rejected
2025,Health Sciences,Wilfrid Laurier University,89,accepted
2025,Health Sciences,Wilfrid Laurier University,84,accepted
2025,Psychology,Wilfrid Laurier University,93,accepted
2025,Psychology,Wilfrid Laurier University,81,accepted
2025,Psychology,Wilfrid Laurier University,91,accepted
2025,Psychology,Wilfrid Laurier University,90,accepted
2025,Psychology,Wilfrid Laurier University,93,accepted
2025,Health Sciences,Wilfrid Laurier University,95,accepted
2025,Health Sciences,Wilfrid Laurier University,89,accepted
2025,Health Sciences,Wilfrid Laurier University,94,accepted
2025,Health Sciences,Wilfrid Laurier University,87,accepted
2025,Health Sciences,Wilfrid Laurier University,93,accepted
2025,Health Sciences,Wilfrid Laurier University,92,accepted
2025,Health Sciences,Wilfrid Laurier University,89,accepted
2025,Health Sciences,Wilfrid Laurier University,94,accepted
2025,Health Sciences,Wilfrid Laurier University,91,accepted
2025,Health Sciences,Wilfrid Laurier University,95,accepted
2025,Health Sciences,Wilfrid Laurier University,94,accepted
2025,Health Sciences,Wilfrid Laurier University,91,accepted
2025,Health Sciences,Wilfrid Laurier University,84,accepted
2025,Health Sciences,Wilfrid Laurier University,93,accepted
2025,Health Sciences,Wilfrid Laurier University,92,accepted
2025,Health Sciences,Wilfrid Laurier University,94,accepted
2025,Health Sciences,Wilfrid Laurier University,86,accepted
2025,Health Sciences,Wilfrid Laurier University,97,accepted
2025,Health Sciences,Wilfrid Laurier University,89,accepted
2025,Health Sciences,Wilfrid Laurier University,84,accepted
2025,Health Sciences,Wilfrid Laurier University,93,accepted
2025,Financial Mathematics,Wilfrid Laurier University,94,accepted
2025,Honours science,Wilfrid Laurier University,89,accepted
2025,Business Administration,Wilfrid Laurier University,96,accepted
2025,Business Administration,Wilfrid Laurier University,100,accepted
2025,Business Administration,Wilfrid Laurier University,97,accepted
2025,Business Administration,Wilfrid Laurier University,96,accepted
2025,Business Administration,Wilfrid Laurier University,97,accepted
2025,Business Administration,Wilfrid Laurier University,90,rejected
2025,Computer Science,Wilfrid Laurier University,94,accepted
2025,Business Administration,Wilfrid Laurier University,96,accepted
2025,Business Administration,Wilfrid Laurier University,95,accepted
2025,Business Administration,Wilfrid Laurier University,95,accepted
2025,Business Administration,Wilfrid Laurier University,93,accepted
2025,Business Administration,Wilfrid Laurier University,91,accepted
2025,Business Administration,Wilfrid Laurier University,88,accepted
2025,Business Administration,Wilfrid Laurier University,88,accepted
2025,Business Administration,Wilfrid Laurier University,93,accepted
2025,Civil Engineering,McGill University,99,accepted
2025,Civil Engineering,McGill University,98,accepted
2025,Chemical Engineering,McGill University,96,accepted
2025,Chemical Engineering,McGill University,95,accepted
2025,Materials Engineering,McGill University,96,accepted
2025,Materials Engineering,McGill University,98,accepted
2025,Materials Engineering,McGill University,97,accepted
2025,Materials Engineering,McGill University,96,accepted
2025,Materials Engineering,McGill University,93,accepted
2025,Mechanical Engineering,McGill University,95,accepted
2025,Mechanical Engineering,McGill University,95,accepted
2025,Sociology,McGill University,94,accepted
2025,Sociology,McGill University,95,accepted
2025,Materials Engineering,McGill University,96,accepted
2025,Materials Engineering,McGill University,94,accepted
2025,Computer Science,McGill University,97,accepted
2025,Computer Science,McGill University,95,accepted
2025,Computer Science,McGill University,93,accepted
2025,Software Engineering,McGill University,94,accepted
2025,Software Engineering,McGill University,98,accepted
2025,Automation Engineering Technology,McMaster University,89,accepted
2025,Business,McMaster University,95,accepted
2025,Business,McMaster University,90,accepted
2025,Business,McMaster University,96,accepted
2025,Business,McMaster University,94,accepted
2025,Business,McMaster University,93,accepted
2025,Business,McMaster University,92,accepted
2025,Business,McMaster University,91,accepted
2025,Business,McMaster University,84,accepted
2025,Business,McMaster University,96,accepted
2025,Business,McMaster University,94,accepted
2025,Business,McMaster University,94,accepted
2025,Business,McMaster University,92,accepted
2025,Business,McMaster University,89,accepted
2025,Business,McMaster University,87,accepted
2025,Business,McMaster University,86,accepted
2025,Business,McMaster University,87,accepted
2025,Business,McMaster University,93,accepted
2025,Business,McMaster University,86,accepted
2025,Business,McMaster University,86,accepted
2025,Business,McMaster University,90,accepted
2025,Business,McMaster University,95,accepted
2025,Business,McMaster University,93,accepted
2025,Business,McMaster University,93,accepted
2025,Computer Science,McMaster University,93,accepted
2025,Computer Science,McMaster University,96,accepted
2025,Computer Science,McMaster University,96,accepted
2025,Computer Science,McMaster University,94,accepted
2025,Computer Science,McMaster University,97,accepted
2025,Computer Science,McMaster University,96,accepted
2025,Computer Science,McMaster University,96,accepted
2025,Computer Science,McMaster University,95,accepted
2025,Computer Science,McMaster University,95,accepted
2025,Computer Science,McMaster University,95,accepted
2025,Computer Science,McMaster University,95,accepted
2025,Computer Science,McMaster University,98,accepted
2025,Computer Science,McMaster University,94,accepted
2025,Computer Science,McMaster University,92,accepted
2025,Computer Science,McMaster University,96,accepted
2025,Computer Science,McMaster University,96,accepted
2025,Computer Science,McMaster University,94,accepted
2025,Computer Science,McMaster University,92,accepted
2025,Computer Science,McMaster University,94,rejected
2025,Computer Science,McMaster University,93,rejected
2025,Computer Science,McMaster University,90,rejected
2025,Computer Science,McMaster University,89,rejected
2025,Computer Science,McMaster University,96,accepted
2025,Engineering,McMaster University,97,accepted
2025,Computer Science,McMaster University,96,accepted
2025,Engineering,McMaster University,96,accepted
2025,Engineering,McMaster University,96,accepted
2025,Engineering,McMaster University,96,accepted
2025,Engineering,McMaster University,93,accepted
2025,Engineering,McMaster University,98,accepted
2025,Engineering,McMaster University,94,accepted
2025,Engineering,McMaster University,96,accepted
2025,Engineering,McMaster University,95,accepted
2025,Engineering,McMaster University,98,accepted
2025,Engineering,McMaster University,96,accepted
2025,Engineering,McMaster University,98,accepted
2025,Engineering,McMaster University,97,accepted
2025,Engineering,McMaster University,100,accepted
2025,Engineering,McMaster University,98,accepted
2025,Engineering,McMaster University,100,accepted
2025,Engineering,McMaster University,99,accepted
2025,Engineering,McMaster University,98,accepted
2025,Engineering,McMaster University,98,accepted
2025,Engineering,McMaster University,97,accepted
2025,Engineering,McMaster University,97,accepted
2025,Engineering,McMaster University,97,accepted
2025,Engineering,McMaster University,97,accepted
2025,Engineering,McMaster University,97,accepted
2025,Engineering,McMaster University,97,accepted
2025,Engineering,McMaster University,96,accepted
2025,Engineering,McMaster University,95,accepted
2025,Engineering,McMaster University,94,accepted
2025,Engineering,McMaster University,94,accepted
2025,Engineering,McMaster University,94,accepted
2025,Engineering,McMaster University,94,accepted
2025,Engineering,McMaster University,94,accepted
2025,Engineering,McMaster University,93,accepted
2025,Engineering,McMaster University,98,accepted
2025,Engineering,McMaster University,98,accepted
2025,Engineering,McMaster University,96,accepted
2025,Engineering,McMaster University,96,accepted
2025,Engineering,McMaster University,96,accepted
2025,Engineering,McMaster University,95,accepted
2025,Engineering,McMaster University,93,accepted
2025,Engineering,McMaster University,93,accepted
2025,Engineering,McMaster University,93,accepted
2025,Engineering,McMaster University,93,accepted
2025,Engineering,McMaster University,94,rejected
2025,Engineering,McMaster University,95,accepted
2025,Engineering,McMaster University,95,rejected
2025,Engineering,McMaster University,92,rejected
2025,Engineering,McMaster University,91,rejected
2025,Engineering,McMaster University,91,rejected
2025,Engineering,McMaster University,90,rejected
2025,Engineering,McMaster University,91,rejected
2025,Engineering,McMaster University,92,rejected
2025,Engineering,McMaster University,91,accepted
2025,Engineering,McMaster University,95,accepted
2025,Environmental Sciences,McMaster University,88,accepted
2025,Environmental Sciences,McMaster University,87,accepted
2025,Environmental Sciences,McMaster University,86,accepted
2025,Engineering,McMaster University,96,accepted
2025,Engineering,McMaster University,98,accepted
2025,Engineering,McMaster University,99,accepted
2025,Engineering,McMaster University,93,accepted
2025,Engineering,McMaster University,99,accepted
2025,Engineering,McMaster University,98,accepted
2025,Engineering,McMaster University,98,accepted
2025,Engineering,McMaster University,97,accepted
2025,Engineering,McMaster University,96,accepted
2025,Engineering,McMaster University,95,accepted
2025,Engineering,McMaster University,98,accepted
2025,Engineering,McMaster University,96,accepted
2025,Engineering,McMaster University,100,accepted
2025,Political Science,McMaster University,92,accepted
2025,Political Science,McMaster University,89,accepted
2025,Political Science,McMaster University,90,accepted
2025,Political Science,McMaster University,96,accepted
2025,Political Science,McMaster University,92,accepted
2025,Political Science,McMaster University,90,accepted
2025,Political Science,McMaster University,96,accepted
2025,Psychology,McMaster University,90,accepted
2025,Political Science,McMaster University,87,accepted
2025,Political Science,McMaster University,86,accepted
2025,Political Science,McMaster University,82,accepted
2025,Economics,McMaster University,87,accepted
2025,Life Sciences,McMaster University,97,accepted
2025,Life Sciences,McMaster University,96,accepted
2025,Life Sciences,McMaster University,99,accepted
2025,Life Sciences,McMaster University,99,accepted
2025,Life Sciences,McMaster University,98,accepted
2025,Life Sciences,McMaster University,97,accepted
2025,Life Sciences,McMaster University,97,accepted
2025,Life Sciences,McMaster University,96,accepted
2025,Life Sciences,McMaster University,96,accepted
2025,Life Sciences,McMaster University,96,accepted
2025,Life Sciences,McMaster University,96,accepted
2025,Life Sciences,McMaster University,96,accepted
2025,Life Sciences,McMaster University,95,accepted
2025,Life Sciences,McMaster University,95,accepted
2025,Life Sciences,McMaster University,94,accepted
2025,Life Sciences,McMaster University,94,accepted
2025,Life Sciences,McMaster University,98,accepted
2025,Life Sciences,McMaster University,90,accepted
2025,Life Sciences,McMaster University,96,accepted
2025,Life Sciences,McMaster University,94,accepted
2025,Life Sciences,McMaster University,94,accepted
2025,Life Sciences,McMaster University,96,accepted
2025,Life Sciences,McMaster University,95,accepted
2025,Life Sciences,McMaster University,94,accepted
2025,Life Sciences,McMaster University,94,accepted
2025,Life Sciences,McMaster University,94,accepted
2025,Life Sciences,McMaster University,94,accepted
2025,Life Sciences,McMaster University,94,accepted
2025,Life Sciences,McMaster University,94,accepted
2025,Life Sciences,McMaster University,93,accepted
2025,Life Sciences,McMaster University,93,accepted
2025,Life Sciences,McMaster University,93,accepted
2025,Life Sciences,McMaster University,93,accepted
2025,Life Sciences,McMaster University,95,accepted
2025,Life Sciences,McMaster University,91,accepted
2025,Molecular Biology & Genetics,McMaster University,92,rejected
2025,Automation Engineering Technology,McMaster University,93,accepted
2025,Biotechnology,McMaster University,92,accepted
2025,Mathematics and Statistics,McMaster University,96,accepted
2025,Mathematics and Statistics,McMaster University,96,accepted
2025,Mathematics and Statistics,McMaster University,96,accepted
2025,Mathematics and Statistics,McMaster University,94,accepted
2025,Mathematics and Statistics,McMaster University,92,accepted
2025,Mathematics and Statistics,McMaster University,92,accepted
2025,Mathematics and Statistics,McMaster University,91,accepted
2025,Mathematics and Statistics,McMaster University,93,accepted
2025,Actuarial & Financial Mathematics,McMaster University,84,accepted
2025,Graphic Design,OCAD University,85,accepted
2025,Illustration,OCAD University,96,accepted
2025,Photography,OCAD University,73,accepted
2025,Political Science,Ontario Tech University,93,accepted
2025,Finance,Ontario Tech University,60,accepted
2025,Computer Science,Ontario Tech University,86,accepted
2025,Computer Science,Ontario Tech University,88,accepted
2025,Computer Science,Ontario Tech University,99,accepted
2025,Electrical Engineering,Ontario Tech University,96,accepted
2025,Mechanical Engineering,Ontario Tech University,81,accepted
2025,Mechanical Engineering,Ontario Tech University,89,accepted
2025,Mechanical Engineering,Ontario Tech University,90,accepted
2025,Mechanical Engineering,Ontario Tech University,88,accepted
2025,Mechanical Engineering,Ontario Tech University,87,accepted
2025,Mechatronics Engineering,Ontario Tech University,95,accepted
2025,Mechatronics Engineering,Ontario Tech University,84,accepted
2025,Mechatronics Engineering,Ontario Tech University,92,accepted
2025,Mechatronics Engineering,Ontario Tech University,96,accepted
2025,Software Engineering,Ontario Tech University,98,accepted
2025,Software Engineering,Ontario Tech University,93,accepted
2025,Electrical Engineering,Ontario Tech University,91,accepted
2025,Mechatronics Engineering,Ontario Tech University,97,accepted
2025,Nuclear Engineering,Ontario Tech University,94,accepted
2025,Nuclear Engineering,Ontario Tech University,96,accepted
2025,Pharmaceutical Chemistry,Ontario Tech University,89,accepted
2025,Linguistics,Queen's University,96,accepted
2025,Psychology,Queen's University,96,accepted
2025,Economics,Queen's University,89,accepted
2025,Psychology,Queen's University,91,accepted
2025,Economics,Queen's University,92,accepted
2025,Psychology,Queen's University,94,accepted
2025,Economics,Queen's University,87,accepted
2025,Political Studies,Queen's University,90,accepted
2025,Science,Queen's University,85,accepted
2025,Economics,Queen's University,84,accepted
2025,Music,Queen's University,98,accepted
2025,Commerce,Queen's University,96,accepted
2025,Commerce,Queen's University,91,accepted
2025,Commerce,Queen's University,95,accepted
2025,Commerce,Queen's University,97,accepted
2025,Commerce,Queen's University,96,accepted
2025,Commerce,Queen's University,94,accepted
2025,Commerce,Queen's University,92,accepted
2025,Commerce,Queen's University,93,accepted
2025,Commerce,Queen's University,98,accepted
2025,Commerce,Queen's University,97,accepted
2025,Commerce,Queen's University,94,accepted
2025,Commerce,Queen's University,95,accepted
2025,Commerce,Queen's University,92,accepted
2025,Commerce,Queen's University,88,accepted
2025,Commerce,Queen's University,98,rejected
2025,Commerce,Queen's University,95,rejected
2025,Computing,Queen's University,98,accepted
2025,Computing,Queen's University,97,accepted
2025,Computing,Queen's University,97,accepted
2025,Computing,Queen's University,96,accepted
2025,Computing,Queen's University,94,accepted
2025,Computing,Queen's University,94,accepted
2025,Computing,Queen's University,94,accepted
2025,Computing,Queen's University,94,accepted
2025,Computing,Queen's University,93,accepted
2025,Computing,Queen's University,93,accepted
2025,Computing,Queen's University,92,accepted
2025,Computing,Queen's University,92,accepted
2025,Computing,Queen's University,95,accepted
2025,Computing,Queen's University,92,accepted
2025,Computing,Queen's University,92,accepted
2025,Computing,Queen's University,96,accepted
2025,Computing,Queen's University,89,accepted
2025,Computing,Queen's University,87,accepted
2025,Computing,Queen's University,84,accepted
2025,Civil Engineering,Queen's University,87,accepted
2025,Engineering,Queen's University,95,accepted
2025,Engineering,Queen's University,94,accepted
2025,Engineering,Queen's University,96,accepted
2025,Chemical Engineering,Queen's University,99,accepted
2025,Engineering,Queen's University,98,accepted
2025,Engineering,Queen's University,98,accepted
2025,Engineering,Queen's University,98,accepted
2025,Engineering,Queen's University,98,accepted
2025,Engineering,Queen's University,97,accepted
2025,Engineering,Queen's University,93,accepted
2025,Chemical Engineering,Queen's University,98,accepted
2025,Engineering,Queen's University,98,accepted
2025,Geological Engineering,Queen's University,96,accepted
2025,Engineering,Queen's University,93,accepted
2025,Engineering,Queen's University,95,accepted
2025,Engineering,Queen's University,88,accepted
2025,Engineering,Queen's University,96,accepted
2025,Engineering,Queen's University,96,accepted
2025,Engineering,Queen's University,95,accepted
2025,Engineering,Queen's University,97,accepted
2025,Civil Engineering,Queen's University,96,accepted
2025,Engineering,Queen's University,96,accepted
2025,Engineering,Queen's University,96,accepted
2025,Engineering,Queen's University,95,accepted
2025,Engineering,Queen's University,84,accepted
2025,Engineering,Queen's University,96,accepted
2025,Engineering,Queen's University,94,accepted
2025,Engineering,Queen's University,92,rejected
2025,Engineering,Queen's University,92,rejected
2025,Engineering,Queen's University,95,accepted
2025,Engineering,Queen's University,91,accepted
2025,Engineering,Queen's University,95,accepted
2025,Engineering,Queen's University,91,rejected
2025,Engineering,Queen's University,94,rejected
2025,Engineering,Queen's University,91,rejected
2025,Engineering,Queen's University,95,accepted
2025,Computer Engineering,Queen's University,91,accepted
2025,Computer Engineering,Queen's University,100,accepted
2025,Computer Engineering,Queen's University,98,accepted
2025,Computer Engineering,Queen's University,89,accepted
2025,Computer Engineering,Queen's University,96,accepted
2025,Computer Engineering,Queen's University,98,accepted
2025,Computer Engineering,Queen's University,96,accepted
2025,Computer Engineering,Queen's University,96,accepted
2025,Computer Engineering,Queen's University,92,accepted
2025,Mechatronics and Robotics Engineering,Queen's University,100,accepted
2025,Mechatronics and Robotics Engineering,Queen's University,98,accepted
2025,Mechatronics and Robotics Engineering,Queen's University,97,accepted
2025,Mechatronics and Robotics Engineering,Queen's University,95,accepted
2025,Mechatronics and Robotics Engineering,Queen's University,93,accepted
2025,Mechatronics and Robotics Engineering,Queen's University,96,accepted
2025,Science,Queen's University,98,accepted
2025,Science,Queen's University,99,accepted
2025,Science,Queen's University,94,accepted
2025,Science,Queen's University,92,accepted
2025,Science,Queen's University,92,accepted
2025,Health Sciences,Queen's University,99,accepted
2025,Health Sciences,Queen's University,99,accepted
2025,Health Sciences,Queen's University,98,accepted
2025,Health Sciences,Queen's University,97,accepted
2025,Health Sciences,Queen's University,96,accepted
2025,Health Sciences,Queen's University,96,accepted
2025,Health Sciences,Queen's University,96,accepted
2025,Health Sciences,Queen's University,99,accepted
2025,Health Sciences,Queen's University,98,accepted
2025,Health Sciences,Queen's University,97,accepted
2025,Health Sciences,Queen's University,90,rejected
2025,Health Sciences,Queen's University,97,rejected
2025,Health Sciences,Queen's University,93,rejected
2025,Kinesiology,Queen's University,85,accepted
2025,Kinesiology,Queen's University,94,accepted
2025,Life Sciences,Queen's University,95,accepted
2025,Life Sciences,Queen's University,100,accepted
2025,Life Sciences,Queen's University,97,accepted
2025,Life Sciences,Queen's University,96,accepted
2025,Life Sciences,Queen's University,96,accepted
2025,Life Sciences,Queen's University,96,accepted
2025,Life Sciences,Queen's University,95,accepted
2025,Life Sciences,Queen's University,96,accepted
2025,Life Sciences,Queen's University,96,accepted
2025,Life Sciences,Queen's University,96,accepted
2025,Life Sciences,Queen's University,94,accepted
2025,Life Sciences,Queen's University,93,accepted
2025,Life Sciences,Queen's University,92,accepted
2025,Life Sciences,Queen's University,84,accepted
2025,Life Sciences,Queen's University,93,accepted
2025,Life Sciences,Queen's University,91,accepted
2025,Life Sciences,Queen's University,94,accepted
2025,Astrophysics,Queen's University,94,accepted
2025,Biotechnology,Queen's University,94,accepted
2025,Statistics,Queen's University,93,accepted
2025,Biochemistry,Queen's University,91,accepted
2025,Science,Queen's University,96,accepted
2025,Biochemistry,Queen's University,93,accepted
2025,Science,Queen's University,83,accepted
2025,Aerospace Engineering,Toronto Metropolitan University,93,accepted
2025,Aerospace Engineering,Toronto Metropolitan University,92,accepted
2025,Aerospace Engineering,Toronto Metropolitan University,92,accepted
2025,Computer Science,Toronto Metropolitan University,98,accepted
2025,Computer Science,Toronto Metropolitan University,90,accepted
2025,Computer Science,Toronto Metropolitan University,91,accepted
2025,Computer Science,Toronto Metropolitan University,89,accepted
2025,Computer Science,Toronto Metropolitan University,97,accepted
2025,Computer Science,Toronto Metropolitan University,87,accepted
2025,Computer Science,Toronto Metropolitan University,86,accepted
2025,Computer Science,Toronto Metropolitan University,88,accepted
2025,Geographic Analysis,Toronto Metropolitan University,96,accepted
2025,Architectural Science,Toronto Metropolitan University,92,accepted
2025,Architectural Science,Toronto Metropolitan University,98,accepted
2025,Architectural Science,Toronto Metropolitan University,96,accepted
2025,History,Toronto Metropolitan University,82,accepted
2025,Business Technology Management,Toronto Metropolitan University,88,accepted
2025,Business Technology Management,Toronto Metropolitan University,82,accepted
2025,Biomedical Engineering,Toronto Metropolitan University,92,accepted
2025,Biomedical Engineering,Toronto Metropolitan University,89,accepted
2025,Biomedical Science,Toronto Metropolitan University,99,accepted
2025,Biomedical Science,Toronto Metropolitan University,98,accepted
2025,Biomedical Science,Toronto Metropolitan University,90,accepted
2025,Biomedical Science,Toronto Metropolitan University,94,accepted
2025,Biomedical Science,Toronto Metropolitan University,90,accepted
2025,Biomedical Science,Toronto Metropolitan University,90,accepted
2025,Biomedical Science,Toronto Metropolitan University,89,accepted
2025,Biomedical Science,Toronto Metropolitan University,89,accepted
2025,Biomedical Science,Toronto Metropolitan University,91,accepted
2025,Biology,Toronto Metropolitan University,84,accepted
2025,Biology,Toronto Metropolitan University,89,accepted
2025,Biology,Toronto Metropolitan University,86,accepted
2025,Creative Industries,Toronto Metropolitan University,70,accepted
2025,Computer Engineering,Toronto Metropolitan University,98,accepted
2025,Computer Engineering,Toronto Metropolitan University,96,accepted
2025,Computer Engineering,Toronto Metropolitan University,96,accepted
2025,Computer Engineering,Toronto Metropolitan University,94,accepted
2025,Computer Engineering,Toronto Metropolitan University,92,accepted
2025,Computer Engineering,Toronto Metropolitan University,85,accepted
2025,Chemical Engineering,Toronto Metropolitan University,96,accepted
2025,Chemical Engineering,Toronto Metropolitan University,88,accepted
2025,Civil Engineering,Toronto Metropolitan University,90,accepted
2025,Civil Engineering,Toronto Metropolitan University,92,accepted
2025,Civil Engineering,Toronto Metropolitan University,88,accepted
2025,Chemistry,Toronto Metropolitan University,88,accepted
2025,Chemistry,Toronto Metropolitan University,89,accepted
2025,Electrical Engineering,Toronto Metropolitan University,96,accepted
2025,Electrical Engineering,Toronto Metropolitan University,94,accepted
2025,Electrical Engineering,Toronto Metropolitan University,92,accepted
2025,Civil Engineering,Toronto Metropolitan University,96,accepted
2025,Civil Engineering,Toronto Metropolitan University,94,accepted
2025,Civil Engineering,Toronto Metropolitan University,92,accepted
2025,Medical Physics,Toronto Metropolitan University,89,accepted
2025,Mechanical Engineering,Toronto Metropolitan University,96,accepted
2025,Mechanical Engineering,Toronto Metropolitan University,95,accepted
2025,Mechanical Engineering,Toronto Metropolitan University,90,accepted
2025,Nursing,Toronto Metropolitan University,94,accepted
2025,Nursing,Toronto Metropolitan University,93,accepted
2025,Nursing,Toronto Metropolitan University,97,accepted
2025,Nursing,Toronto Metropolitan University,90,accepted
2025,Nursing,Toronto Metropolitan University,84,accepted
2025,Nursing,Toronto Metropolitan University,93,accepted
2025,Nursing,Toronto Metropolitan University,89,accepted
2025,Nursing,Toronto Metropolitan University,91,accepted
2025,Nursing,Toronto Metropolitan University,96,accepted
2025,Nursing,Toronto Metropolitan University,91,accepted
2025,Nursing,Toronto Metropolitan University,96,accepted
2025,Nursing,Toronto Metropolitan University,92,accepted
2025,Nursing,Toronto Metropolitan University,88,accepted
2025,Nursing,Toronto Metropolitan University,95,accepted
2025,Nursing,Toronto Metropolitan University,93,accepted
2025,Nursing,Toronto Metropolitan University,90,accepted
2025,Nursing,Toronto Metropolitan University,91,accepted
2025,Politics & Governance,Toronto Metropolitan University,82,accepted
2025,Business Management,Toronto Metropolitan University,97,accepted
2025,Business Management,Toronto Metropolitan University,98,accepted
2025,Business Management,Toronto Metropolitan University,92,accepted
2025,Business Technology Management,Toronto Metropolitan University,94,accepted
2025,Business Technology Management,Toronto Metropolitan University,89,accepted
2025,Sociology,Toronto Metropolitan University,95,accepted
2025,Mechatronics Engineering,Toronto Metropolitan University,93,accepted
2025,Mechatronics Engineering,Toronto Metropolitan University,96,accepted
2025,Commerce,Toronto Metropolitan University,90,accepted
2025,Biology,University of Northern British Columbia,90,accepted
2025,Civil Engineering,University Of Ottawa,96,accepted
2025,Civil Engineering,University Of Ottawa,90,accepted
2025,Civil Engineering,University Of Ottawa,94,accepted
2025,Mechanical Engineering,University Of Ottawa,96,accepted
2025,Mechanical Engineering,University Of Ottawa,95,accepted
2025,Mechanical Engineering,University Of Ottawa,94,accepted
2025,Mechanical Engineering,University Of Ottawa,83,accepted
2025,Computer Engineering,University Of Ottawa,98,accepted
2025,Computer Engineering,University Of Ottawa,92,accepted
2025,Computer Engineering,University Of Ottawa,92,accepted
2025,Computer Engineering,University Of Ottawa,92,accepted
2025,Computer Engineering,University Of Ottawa,90,accepted
2025,Computer Engineering,University Of Ottawa,90,accepted
2025,Computer Engineering,University Of Ottawa,92,accepted
2025,Commerce,University Of Ottawa,94,accepted
2025,Chemical Engineering,University Of Ottawa,80,accepted
2025,Chemical Engineering,University Of Ottawa,96,accepted
2025,Chemical Engineering,University Of Ottawa,96,accepted
2025,Chemical Engineering,University Of Ottawa,89,accepted
2025,Mechanical Engineering,University Of Ottawa,96,accepted
2025,Mechanical Engineering,University Of Ottawa,94,accepted
2025,Civil Engineering,University Of Ottawa,96,accepted
2025,Civil Engineering,University Of Ottawa,90,accepted
2025,Civil Engineering,University Of Ottawa,90,accepted
2025,Electrical Engineering,University Of Ottawa,93,accepted
2025,Electrical Engineering,University Of Ottawa,97,accepted
2025,Electrical Engineering,University Of Ottawa,84,accepted
2025,Electrical Engineering,University Of Ottawa,92,accepted
2025,Electrical Engineering,University Of Ottawa,85,accepted
2025,Software Engineering,University Of Ottawa,95,accepted
2025,Software Engineering,University Of Ottawa,96,accepted
2025,Software Engineering,University Of Ottawa,98,accepted
2025,Software Engineering,University Of Ottawa,92,accepted
2025,Software Engineering,University Of Ottawa,86,accepted
2025,Mechanical Engineering,University Of Ottawa,98,accepted
2025,Mechanical Engineering,University Of Ottawa,92,accepted
2025,Mechanical Engineering,University Of Ottawa,96,accepted
2025,Mechanical Engineering,University Of Ottawa,90,accepted
2025,Mechanical Engineering,University Of Ottawa,89,accepted
2025,Mechanical Engineering,University Of Ottawa,86,accepted
2025,Mechanical Engineering,University Of Ottawa,86,accepted
2025,Commerce,University Of Ottawa,94,accepted
2025,Human Kinetics,University Of Ottawa,73,accepted
2025,Human Kinetics,University Of Ottawa,76,accepted
2025,Health Sciences,University Of Ottawa,86,accepted
2025,Health Sciences,University Of Ottawa,97,accepted
2025,Health Sciences,University Of Ottawa,95,accepted
2025,Health Sciences,University Of Ottawa,94,accepted
2025,Health Sciences,University Of Ottawa,96,accepted
2025,Health Sciences,University Of Ottawa,96,accepted
2025,Health Sciences,University Of Ottawa,95,accepted
2025,Health Sciences,University Of Ottawa,90,accepted
2025,Health Sciences,University Of Ottawa,87,accepted
2025,Health Sciences,University Of Ottawa,94,accepted
2025,Health Sciences,University Of Ottawa,91,accepted
2025,Computer Science,University Of Ottawa,97,accepted
2025,Computer Science,University Of Ottawa,98,rejected
2025,Computer Science,University Of Ottawa,95,accepted
2025,Computer Science,University Of Ottawa,98,accepted
2025,Computer Science,University Of Ottawa,99,accepted
2025,Computer Science,University Of Ottawa,98,accepted
2025,Computer Science,University Of Ottawa,97,accepted
2025,Computer Science,University Of Ottawa,97,accepted
2025,Computer Science,University Of Ottawa,91,accepted
2025,Computer Science,University Of Ottawa,95,accepted
2025,Computer Science,University Of Ottawa,94,accepted
2025,Computer Science,University Of Ottawa,94,accepted
2025,Computer Science,University Of Ottawa,93,accepted
2025,Computer Science,University Of Ottawa,93,accepted
2025,Computer Science,University Of Ottawa,89,accepted
2025,Computer Science,University Of Ottawa,90,accepted
2025,Computer Science,University Of Ottawa,90,accepted
2025,Computer Science,University Of Ottawa,90,accepted
2025,Computer Science,University Of Ottawa,84,accepted
2025,Computer Science,University Of Ottawa,85,accepted
2025,Healthcare Analytics,University Of Ottawa,95,accepted
2025,Accounting,University Of Ottawa,96,accepted
2025,Accounting,University Of Ottawa,93,accepted
2025,Accounting,University Of Ottawa,91,accepted
2025,Accounting,University Of Ottawa,91,accepted
2025,Accounting,University Of Ottawa,87,accepted
2025,Accounting,University Of Ottawa,84,accepted
2025,Accounting,University Of Ottawa,85,accepted
2025,Commerce,University Of Ottawa,92,accepted
2025,Commerce,University Of Ottawa,92,accepted
2025,Commerce,University Of Ottawa,85,accepted
2025,Commerce,University Of Ottawa,96,accepted
2025,Human Kinetics,University Of Ottawa,85,accepted
2025,Chemistry,University Of Ottawa,91,accepted
2025,Biomedical Science,University Of Ottawa,94,accepted
2025,Biomedical Science,University Of Ottawa,86,accepted
2025,Biomedical Science,University Of Ottawa,96,accepted
2025,Biomedical Science,University Of Ottawa,94,accepted
2025,Biomedical Science,University Of Ottawa,94,accepted
2025,Biomedical Science,University Of Ottawa,94,accepted
2025,Biomedical Science,University Of Ottawa,93,accepted
2025,Biomedical Science,University Of Ottawa,91,accepted
2025,Biomedical Science,University Of Ottawa,89,accepted
2025,Biomedical Science,University Of Ottawa,95,accepted
2025,Biomedical Science,University Of Ottawa,94,accepted
2025,Biomedical Science,University Of Ottawa,85,accepted
2025,Biomedical Science,University Of Ottawa,93,accepted
2025,Biomedical Science,University Of Ottawa,85,accepted
2025,Biomedical Science,University Of Ottawa,90,accepted
2025,Biomedical Science,University Of Ottawa,85,accepted
2025,Biomedical Science,University Of Ottawa,91,accepted
2025,Biochemistry,University Of Ottawa,91,accepted
2025,Biochemistry,University Of Ottawa,91,accepted
2025,Biochemistry,University Of Ottawa,91,accepted
2025,Biochemistry,University Of Ottawa,89,accepted
2025,Biochemistry,University Of Ottawa,85,accepted
2025,Biology,University Of Ottawa,94,accepted
2025,Biology,University Of Ottawa,94,accepted
2025,Biology,University Of Ottawa,89,accepted
2025,Biology,University Of Ottawa,90,accepted
2025,Biology,University Of Ottawa,90,accepted
2025,Chemistry,University Of Ottawa,88,accepted
2025,Financial Mathematics and Economics,University Of Ottawa,91,accepted
2025,Mathematics,University Of Ottawa,92,accepted
2025,Mathematics,University Of Ottawa,86,accepted
2025,Mathematics,University Of Ottawa,94,accepted
2025,Political Science,University Of Ottawa,90,accepted
2025,Computer Science,University Of Ottawa,97,accepted
2025,Computer Science,University Of Ottawa,96,accepted
2025,Computer Science,University Of Ottawa,87,accepted
2025,Criminology,University Of Ottawa,92,accepted
2025,Criminology,University Of Ottawa,78,accepted
2025,Political Science,University Of Ottawa,92,accepted
2025,Political Science,University Of Ottawa,92,accepted
2025,Political Science,University Of Ottawa,87,accepted
2025,Political Science,University Of Ottawa,88,accepted
2025,Political Science,University Of Ottawa,90,accepted
2025,Political Science,University Of Ottawa,84,accepted
2025,Political Science,University Of Ottawa,84,accepted
2025,Political Science,University Of Ottawa,95,accepted
2025,Political Science,University Of Ottawa,96,accepted
2025,Political Science,University Of Ottawa,82,accepted
2025,Financial Mathematics and Economics,University Of Ottawa,98,accepted
2025,Public Administration,University Of Ottawa,90,accepted
2025,Public Administration,University Of Ottawa,98,accepted
2025,Public Administration,University Of Ottawa,92,accepted
2025,Public Administration,University Of Ottawa,90,accepted
2025,Public Administration/Political Science,University Of Ottawa,82,accepted
2025,Public Administration,University Of Ottawa,92,accepted
2025,Public Administration,University Of Ottawa,81,accepted
2025,Engineering,University Of Victoria,93,accepted
2025,English - Literature and Rhetoric,University Of Waterloo,97,accepted
2025,English - Literature and Rhetoric,University Of Waterloo,83,accepted
2025,Psychology,University Of Waterloo,90,accepted
2025,Psychology,University Of Waterloo,91,accepted
2025,Arts and Business,University Of Waterloo,93,accepted
2025,Arts and Business,University Of Waterloo,89,accepted
2025,Arts and Business,University Of Waterloo,88,accepted
2025,Arts and Business,University Of Waterloo,94,accepted
2025,Mathematics,University Of Waterloo,96,accepted
2025,Mathematics,University Of Waterloo,94,accepted
2025,Mathematics,University Of Waterloo,98,accepted
2025,Mathematics,University Of Waterloo,97,accepted
2025,Mathematics,University Of Waterloo,96,accepted
2025,Mathematics,University Of Waterloo,93,accepted
2025,Mathematics,University Of Waterloo,91,accepted
2025,Computer Science,University Of Waterloo,99,accepted
2025,Computer Science,University Of Waterloo,96,accepted
2025,Computer Science,University Of Waterloo,98,accepted
2025,Computer Science,University Of Waterloo,97,accepted
2025,Computer Science,University Of Waterloo,96,accepted
2025,Computer Science,University Of Waterloo,96,rejected
2025,Computer Science,University Of Waterloo,90,rejected
2025,Biomedical Engineering,University Of Waterloo,98,accepted
2025,Biomedical Engineering,University Of Waterloo,98,accepted
2025,Biomedical Engineering,University Of Waterloo,96,accepted
2025,Biomedical Engineering,University Of Waterloo,95,accepted
2025,Chemical Engineering,University Of Waterloo,98,accepted
2025,Chemical Engineering,University Of Waterloo,98,accepted
2025,Chemical Engineering,University Of Waterloo,93,accepted
2025,Chemical Engineering,University Of Waterloo,93,accepted
2025,Chemical Engineering,University Of Waterloo,96,accepted
2025,Chemical Engineering,University Of Waterloo,92,accepted
2025,Chemical Engineering,University Of Waterloo,92,accepted
2025,Computing and Financial Management,University Of Waterloo,98,accepted
2025,Computing and Financial Management,University Of Waterloo,96,accepted
2025,Computing and Financial Management,University Of Waterloo,98,accepted
2025,Computer Science,University Of Waterloo,100,accepted
2025,Computer Science,University Of Waterloo,98,accepted
2025,Computer Science,University Of Waterloo,99,accepted
2025,Computer Science,University Of Waterloo,99,accepted
2025,Computer Science,University Of Waterloo,99,accepted
2025,Computer Science,University Of Waterloo,98,accepted
2025,Computer Science,University Of Waterloo,98,accepted
2025,Computer Science,University Of Waterloo,98,rejected
2025,Computer Science,University Of Waterloo,98,rejected
2025,Computer Science,University Of Waterloo,98,rejected
2025,Computer Science,University Of Waterloo,96,rejected
2025,Computer Science,University Of Waterloo,94,rejected
2025,Computer Science,University Of Waterloo,100,accepted
2025,Computer Science,University Of Waterloo,99,accepted
2025,Computer Science,University Of Waterloo,99,accepted
2025,Computer Science,University Of Waterloo,99,accepted
2025,Computer Science,University Of Waterloo,98,accepted
2025,Computer Science,University Of Waterloo,98,accepted
2025,Computer Science,University Of Waterloo,98,accepted
2025,Computer Science,University Of Waterloo,97,accepted
2025,Computer Science,University Of Waterloo,97,accepted
2025,Computer Science,University Of Waterloo,97,accepted
2025,Computer Science,University Of Waterloo,97,accepted
2025,Computer Science,University Of Waterloo,97,accepted
2025,Computer Science,University Of Waterloo,96,accepted
2025,Computer Science,University Of Waterloo,96,accepted
2025,Computer Science,University Of Waterloo,95,accepted
2025,Computer Science,University Of Waterloo,95,accepted
2025,Computer Science,University Of Waterloo,94,rejected
2025,Computer Science,University Of Waterloo,98,accepted
2025,Computer Science,University Of Waterloo,96,rejected
2025,Computer Science,University Of Waterloo,99,rejected
2025,Computer Science,University Of Waterloo,95,rejected
2025,Computer Science,University Of Waterloo,93,rejected
2025,Computer Science,University Of Waterloo,98,rejected
2025,Computer Science,University Of Waterloo,96,accepted
2025,Systems Design Engineering,University Of Waterloo,99,accepted
2025,Systems Design Engineering,University Of Waterloo,99,accepted
2025,Systems Design Engineering,University Of Waterloo,96,accepted
2025,Systems Design Engineering,University Of Waterloo,95,accepted
2025,Systems Design Engineering,University Of Waterloo,98,accepted
2025,Systems Design Engineering,University Of Waterloo,97,accepted
2025,Civil Engineering,University Of Waterloo,98,accepted
2025,Civil Engineering,University Of Waterloo,96,accepted
2025,Civil Engineering,University Of Waterloo,95,accepted
2025,Civil Engineering,University Of Waterloo,93,accepted
2025,Civil Engineering,University Of Waterloo,96,accepted
2025,Civil Engineering,University Of Waterloo,94,accepted
2025,Civil Engineering,University Of Waterloo,92,rejected
2025,Architectural Engineering,University Of Waterloo,98,accepted
2025,Architectural Engineering,University Of Waterloo,97,accepted
2025,Architectural Engineering,University Of Waterloo,92,accepted
2025,Arts and Business,University Of Waterloo,81,accepted
2025,Management Engineering,University Of Waterloo,97,accepted
2025,Management Engineering,University Of Waterloo,94,accepted
2025,Management Engineering,University Of Waterloo,94,accepted
2025,Management Engineering,University Of Waterloo,95,accepted
2025,Management Engineering,University Of Waterloo,95,accepted
2025,Management Engineering,University Of Waterloo,91,accepted
2025,Management Engineering,University Of Waterloo,92,rejected
2025,Health science,University Of Waterloo,98,accepted
2025,Health science,University Of Waterloo,96,accepted
2025,Health science,University Of Waterloo,94,accepted
2025,Health science,University Of Waterloo,93,accepted
2025,Health science,University Of Waterloo,94,accepted
2025,Health science,University Of Waterloo,90,accepted
2025,Health science,University Of Waterloo,94,accepted
2025,Health science,University Of Waterloo,92,accepted
2025,Health science,University Of Waterloo,92,accepted
2025,Health science,University Of Waterloo,90,accepted
2025,Health science,University Of Waterloo,92,rejected
2025,Kinesiology,University Of Waterloo,85,accepted
2025,Kinesiology,University Of Waterloo,92,accepted
2025,Kinesiology,University Of Waterloo,88,accepted
2025,Life Sciences,University Of Waterloo,96,accepted
2025,Life Sciences,University Of Waterloo,86,accepted
2025,Life Sciences,University Of Waterloo,97,accepted
2025,Life Sciences,University Of Waterloo,95,accepted
2025,Life Sciences,University Of Waterloo,95,accepted
2025,Life Sciences,University Of Waterloo,90,accepted
2025,Life science,University Of Waterloo,89,accepted
2025,Life Sciences,University Of Waterloo,89,accepted
2025,Life Sciences,University Of Waterloo,96,accepted
2025,Life Sciences,University Of Waterloo,95,accepted
2025,Life Sciences,University Of Waterloo,92,accepted
2025,Life Sciences,University Of Waterloo,91,accepted
2025,Life Sciences,University Of Waterloo,95,accepted
2025,Life Sciences,University Of Waterloo,95,accepted
2025,Life Sciences,University Of Waterloo,91,accepted
2025,Life Sciences,University Of Waterloo,92,accepted
2025,Life Sciences,University Of Waterloo,96,accepted
2025,Life Sciences,University Of Waterloo,88,accepted
2025,Life science,University Of Waterloo,87,accepted
2025,Life science,University Of Waterloo,88,accepted
2025,Life Sciences,University Of Waterloo,80,accepted
2025,Life science,University Of Waterloo,88,accepted
2025,Life Sciences,University Of Waterloo,92,accepted
2025,Mathematics,University Of Waterloo,98,accepted
2025,Mathematics,University Of Waterloo,96,accepted
2025,Mathematics,University Of Waterloo,96,accepted
2025,Mathematics,University Of Waterloo,96,accepted
2025,Mathematics,University Of Waterloo,94,accepted
2025,Mathematics,University Of Waterloo,99,accepted
2025,Mathematics,University Of Waterloo,100,accepted
2025,Mathematics,University Of Waterloo,98,accepted
2025,Mathematics,University Of Waterloo,98,accepted
2025,Mathematics,University Of Waterloo,97,accepted
2025,Mathematics,University Of Waterloo,97,accepted
2025,Mathematics,University Of Waterloo,96,accepted
2025,Mathematics,University Of Waterloo,94,accepted
2025,Mathematics,University Of Waterloo,94,accepted
2025,Mathematics,University Of Waterloo,93,accepted
2025,Mathematics,University Of Waterloo,93,accepted
2025,Mathematics,University Of Waterloo,92,accepted
2025,Mathematics,University Of Waterloo,92,accepted
2025,Mathematics,University Of Waterloo,91,accepted
2025,Mathematics,University Of Waterloo,93,accepted
2025,Mathematics,University Of Waterloo,92,accepted
2025,Mathematics,University Of Waterloo,91,accepted
2025,Mathematics,University Of Waterloo,98,rejected
2025,Mathematics,University Of Waterloo,96,accepted
2025,Mathematics,University Of Waterloo,96,accepted
2025,Mathematics,University Of Waterloo,94,accepted
2025,Mathematics,University Of Waterloo,92,accepted
2025,Mathematics,University Of Waterloo,94,accepted
2025,Mathematics,University Of Waterloo,95,accepted
2025,Mathematics,University Of Waterloo,94,accepted
2025,Mechatronics Engineering,University Of Waterloo,96,accepted
2025,Mechatronics Engineering,University Of Waterloo,98,accepted
2025,Mechatronics Engineering,University Of Waterloo,98,accepted
2025,Mechatronics Engineering,University Of Waterloo,98,accepted
2025,Mechatronics Engineering,University Of Waterloo,98,accepted
2025,Mechatronics Engineering,University Of Waterloo,97,accepted
2025,Mechatronics Engineering,University Of Waterloo,97,accepted
2025,Mechatronics Engineering,University Of Waterloo,96,accepted
2025,Mechatronics Engineering,University Of Waterloo,96,accepted
2025,Mechatronics Engineering,University Of Waterloo,95,accepted
2025,Mechatronics Engineering,University Of Waterloo,93,accepted
2025,Mechatronics Engineering,University Of Waterloo,93,accepted
2025,Mechatronics Engineering,University Of Waterloo,92,accepted
2025,Mechatronics Engineering,University Of Waterloo,100,accepted
2025,Mechatronics Engineering,University Of Waterloo,94,accepted
2025,Mechatronics Engineering,University Of Waterloo,94,accepted
2025,Mechatronics Engineering,University Of Waterloo,97,accepted
2025,Mechatronics Engineering,University Of Waterloo,95,accepted
2025,Mechatronics Engineering,University Of Waterloo,96,rejected
2025,Mechatronics Engineering,University Of Waterloo,97,accepted
2025,Mechatronics Engineering,University Of Waterloo,95,rejected
2025,Mechatronics Engineering,University Of Waterloo,90,rejected
2025,Mechatronics Engineering,University Of Waterloo,98,accepted
2025,Mathematics,University Of Waterloo,95,accepted
2025,Mathematics,University Of Waterloo,94,accepted
2025,Mathematics,University Of Waterloo,95,accepted
2025,Nanotechnology Engineering,University Of Waterloo,92,accepted
2025,Nanotechnology Engineering,University Of Waterloo,94,accepted
2025,Nanotechnology Engineering,University Of Waterloo,94,accepted
2025,Nanotechnology Engineering,University Of Waterloo,94,accepted
2025,Nanotechnology Engineering,University Of Waterloo,93,accepted
2025,Nanotechnology Engineering,University Of Waterloo,88,accepted
2025,Nanotechnology Engineering,University Of Waterloo,95,accepted
2025,Planning,University Of Waterloo,98,accepted
2025,Planning,University Of Waterloo,95,accepted
2025,Planning,University Of Waterloo,94,accepted
2025,Planning,University Of Waterloo,93,accepted
2025,Planning,University Of Waterloo,91,accepted
2025,Planning,University Of Waterloo,96,accepted
2025,Planning,University Of Waterloo,91,accepted
2025,Planning,University Of Waterloo,91,accepted
2025,Planning,University Of Waterloo,86,accepted
2025,Physical Science,University Of Waterloo,99,accepted
2025,Physical Science,University Of Waterloo,94,accepted
2025,Physical Science,University Of Waterloo,94,accepted
2025,Physical Science,University Of Waterloo,93,accepted
2025,Mathematical Physics,University Of Waterloo,95,accepted
2025,Physical Science,University Of Waterloo,94,accepted
2025,Physical Science,University Of Waterloo,93,accepted
2025,Physical Science,University Of Waterloo,89,accepted
2025,Physical Science,University Of Waterloo,96,accepted
2025,Physical Science,University Of Waterloo,92,accepted
2025,Physical Science,University Of Waterloo,98,accepted
2025,Physical Science,University Of Waterloo,96,accepted
2025,Physical Science,University Of Waterloo,94,accepted
2025,Physical Science,University Of Waterloo,92,accepted
2025,Physical Science,University Of Waterloo,94,accepted
2025,Physical Science,University Of Waterloo,90,accepted
2025,Physical Science,University Of Waterloo,95,accepted
2025,Physical Science,University Of Waterloo,86,accepted
2025,Physical Science,University Of Waterloo,80,accepted
2025,Architecture,University Of Waterloo,94,accepted
2025,Honours Science,University Of Waterloo,96,accepted
2025,Health science,University Of Waterloo,93,accepted
2025,Health science,University Of Waterloo,93,accepted
2025,Arts and Business,University Of Waterloo,94,accepted
2025,Arts and Business,University Of Waterloo,84,accepted
2025,Arts and Business,University Of Waterloo,84,accepted
2025,Software Engineering,University Of Waterloo,99,accepted
2025,Software Engineering,University Of Waterloo,98,accepted
2025,Software Engineering,University Of Waterloo,98,accepted
2025,Software Engineering,University Of Waterloo,98,accepted
2025,Software Engineering,University Of Waterloo,98,accepted
2025,Software Engineering,University Of Waterloo,97,accepted
2025,Software Engineering,University Of Waterloo,97,accepted
2025,Software Engineering,University Of Waterloo,96,accepted
2025,Software Engineering,University Of Waterloo,96,accepted
2025,Software Engineering,University Of Waterloo,96,accepted
2025,Software Engineering,University Of Waterloo,98,accepted
2025,Software Engineering,University Of Waterloo,89,accepted
2025,Software Engineering,University Of Waterloo,91,accepted
2025,Software Engineering,University Of Waterloo,98,accepted
2025,Software Engineering,University Of Waterloo,97,accepted
2025,Software Engineering,University Of Waterloo,98,accepted
2025,Software Engineering,University Of Waterloo,98,accepted
2025,Software Engineering,University Of Waterloo,98,accepted
2025,Software Engineering,University Of Waterloo,97,accepted
2025,Software Engineering,University Of Waterloo,96,accepted
2025,Electrical Engineering,University Of Waterloo,96,accepted
2025,Electrical Engineering,University Of Waterloo,95,accepted
2025,Electrical Engineering,University Of Waterloo,98,accepted
2025,Electrical Engineering,University Of Waterloo,98,accepted
2025,Electrical Engineering,University Of Waterloo,97,accepted
2025,Electrical Engineering,University Of Waterloo,98,accepted
2025,Electrical Engineering,University Of Waterloo,98,accepted
2025,Electrical Engineering,University Of Waterloo,98,accepted
2025,Electrical Engineering,University Of Waterloo,93,accepted
2025,Electrical Engineering,University Of Waterloo,91,rejected
2025,Electrical Engineering,University Of Waterloo,89,rejected
2025,Electrical Engineering,University Of Waterloo,96,accepted
2025,Electrical Engineering,University Of Waterloo,96,accepted
2025,Electrical Engineering,University Of Waterloo,96,rejected
2025,Mechanical Engineering,University Of Waterloo,96,accepted
2025,Mechanical Engineering,University Of Waterloo,94,accepted
2025,Mechanical Engineering,University Of Waterloo,92,accepted
2025,Mechanical Engineering,University Of Waterloo,97,accepted
2025,Computer Engineering,University Of Waterloo,98,accepted
2025,Computer Engineering,University Of Waterloo,98,accepted
2025,Computer Engineering,University Of Waterloo,98,accepted
2025,Computer Engineering,University Of Waterloo,98,accepted
2025,Computer Engineering,University Of Waterloo,98,accepted
2025,Computer Engineering,University Of Waterloo,96,accepted
2025,Computer Engineering,University Of Waterloo,95,accepted
2025,Computer Engineering,University Of Waterloo,93,accepted
2025,Computer Engineering,University Of Waterloo,97,accepted
2025,Computer Engineering,University Of Waterloo,99,accepted
2025,Computer Engineering,University Of Waterloo,97,accepted
2025,Computer Engineering,University Of Waterloo,91,accepted
2025,Computer Engineering,University Of Waterloo,98,accepted
2025,Computer Engineering,University Of Waterloo,97,accepted
2025,Computer Engineering,University Of Waterloo,96,accepted
2025,Computer Engineering,University Of Waterloo,96,accepted
2025,Computer Engineering,University Of Waterloo,98,accepted
2025,Computer Engineering,University Of Waterloo,98,rejected
2025,Computer Engineering,University Of Waterloo,96,rejected
2025,Computer Engineering,University Of Waterloo,95,rejected
2025,Accounting and Financial Management,University Of Waterloo,96,accepted
2025,Accounting and Financial Management,University Of Waterloo,92,accepted
2025,Accounting and Financial Management,University Of Waterloo,99,accepted
2025,Accounting and Financial Management,University Of Waterloo,95,accepted
2025,Accounting and Financial Management,University Of Waterloo,94,accepted
2025,Accounting and Financial Management,University Of Waterloo,94,accepted
2025,Accounting and Financial Management,University Of Waterloo,94,accepted
2025,Accounting and Financial Management,University Of Waterloo,94,accepted
2025,Accounting and Financial Management,University Of Waterloo,92,accepted
2025,Accounting and Financial Management,University Of Waterloo,94,accepted
2025,Accounting and Financial Management,University Of Waterloo,90,accepted
2025,Accounting and Financial Management,University Of Waterloo,86,accepted
2025,Accounting and Financial Management,University Of Waterloo,93,rejected
2025,Accounting and Financial Management,University Of Waterloo,93,rejected
2025,Health Studies,University Of Waterloo,86,accepted
2025,Integrated Science with Computer Science,Western University,95,accepted
2025,Computer Science,Western University,94,accepted
2025,Computer Science,Western University,98,accepted
2025,Computer Science,Western University,99,accepted
2025,Computer Science,Western University,99,accepted
2025,Computer Science,Western University,97,accepted
2025,Computer Science,Western University,97,accepted
2025,Computer Science,Western University,97,accepted
2025,Computer Science,Western University,96,accepted
2025,Computer Science,Western University,96,accepted
2025,Computer Science,Western University,95,accepted
2025,Computer Science,Western University,98,accepted
2025,Computer Science,Western University,97,accepted
2025,Computer Science,Western University,95,accepted
2025,Computer Science,Western University,94,accepted
2025,Computer Science,Western University,94,accepted
2025,Computer Science,Western University,92,accepted
2025,Computer Science,Western University,98,accepted
2025,Computer Science,Western University,92,accepted
2025,Computer Science,Western University,90,accepted
2025,Computer Science,Western University,92,accepted
2025,Computer Science,Western University,91,accepted
2025,Computer Science,Western University,90,accepted
2025,Management & Organizational Studies - Management & Legal Studies,Western University,97,accepted
2025,Management & Organizational Studies - Finance,Western University,94,accepted
2025,Management & Organizational Studies - Finance,Western University,94,accepted
2025,Management & Organizational Studies - Finance,Western University,95,accepted
2025,Management & Organizational Studies - Finance,Western University,95,accepted
2025,Management & Organizational Studies - Finance,Western University,96,accepted
2025,Management & Organizational Studies - Finance,Western University,97,accepted
2025,Management & Organizational Studies - Finance,Western University,97,accepted
2025,Management & Organizational Studies - Finance,Western University,96,accepted
2025,Management & Organizational Studies - Finance,Western University,96,accepted
2025,Management & Organizational Studies - Finance,Western University,95,accepted
2025,Management & Organizational Studies - Finance,Western University,94,accepted
2025,Management & Organizational Studies - Finance,Western University,98,accepted
2025,Management & Organizational Studies - Finance,Western University,94,accepted
2025,Management & Organizational Studies - Finance,Western University,93,accepted
2025,Management & Organizational Studies - Finance,Western University,98,accepted
2025,Management & Organizational Studies - Finance,Western University,97,accepted
2025,Management & Organizational Studies - Finance,Western University,96,accepted
2025,Management & Organizational Studies - Finance,Western University,94,accepted
2025,Management & Organizational Studies - Finance,Western University,99,accepted
2025,Management & Organizational Studies - Finance,Western University,96,accepted
2025,Management & Organizational Studies - Finance,Western University,95,accepted
2025,Management & Organizational Studies - Finance,Western University,96,accepted
2025,Management and Organizational Studies - Commercial Aviation Management,Western University,91,accepted
2025,Engineering,Western University,96,accepted
2025,Mechanical Engineering,Western University,96,accepted
2025,Engineering,Western University,95,accepted
2025,Engineering,Western University,94,accepted
2025,Engineering,Western University,98,accepted
2025,Engineering,Western University,98,accepted
2025,Engineering,Western University,97,accepted
2025,Mechanical Engineering,Western University,94,accepted
2025,Mechatronic Systems Engineering,Western University,90,accepted
2025,Engineering,Western University,94,accepted
2025,Engineering,Western University,98,accepted
2025,Engineering,Western University,94,accepted
2025,Engineering,Western University,92,accepted
2025,Mechanical Engineering,Western University,92,accepted
2025,Engineering,Western University,92,accepted
2025,Engineering,Western University,90,accepted
2025,Engineering,Western University,88,accepted
2025,Engineering,Western University,90,rejected
2025,Engineering,Western University,93,accepted
2025,Engineering,Western University,90,accepted
2025,Engineering,Western University,96,accepted
2025,Engineering,Western University,94,accepted
2025,Engineering,Western University,92,accepted
2025,Engineering,Western University,92,accepted
2025,Engineering,Western University,97,rejected
2025,Engineering,Western University,92,accepted
2025,Engineering,Western University,95,accepted
2025,Engineering,Western University,95,accepted
2025,Communication,Western University,88,accepted
2025,Nursing,Western University,92,accepted
2025,Nursing,Western University,96,accepted
2025,Nursing,Western University,95,accepted
2025,Nursing,Western University,93,accepted
2025,Nursing,Western University,93,accepted
2025,Nursing,Western University,91,rejected
2025,Nursing,Western University,94,accepted
2025,Nursing,Western University,93,accepted
2025,Political Science,Western University,93,accepted
2025,Political Science,Western University,95,accepted
2025,Political Science,Western University,96,accepted
2025,Economics,Western University,92,accepted
2025,Political Science,Western University,95,accepted
2025,Political Science,Western University,94,accepted
2025,Political Science,Western University,91,accepted
2025,Political Science,Western University,92,accepted
2025,Political Science,Western University,91,accepted
2025,Sociology,Western University,92,accepted
2025,Sociology,Western University,90,accepted
2025,Astrophysics,Western University,99,accepted
2025,Animal Behaviour,Western University,93,accepted
2025,Science,Western University,92,accepted
2025,Science,Western University,90,accepted
2025,Science,Western University,95,accepted
2025,Science,Western University,92,accepted
2025,Science,Western University,92,accepted
2025,Genetics and Biochemistry,Western University,91,accepted
2025,Genetics and Biochemistry,Western University,90,rejected
2025,Medical Sciences,Western University,95,accepted
2025,Medical Sciences,Western University,96,accepted
2025,Medical Sciences,Western University,99,accepted
2025,Medical Sciences,Western University,97,accepted
2025,Medical Sciences,Western University,97,accepted
2025,Medical Sciences,Western University,97,accepted
2025,Medical Sciences,Western University,97,accepted
2025,Medical Sciences,Western University,96,accepted
2025,Medical Biophysics and Biochemistry,Western University,96,accepted
2025,Medical Biophysics,Western University,96,accepted
2025,Medical Sciences,Western University,95,accepted
2025,Medical Sciences,Western University,94,accepted
2025,Medical Sciences,Western University,93,accepted
2025,Medical Sciences,Western University,97,accepted
2025,Medical Sciences,Western University,97,accepted
2025,Medical Sciences,Western University,95,accepted
2025,Medical Sciences,Western University,99,accepted
2025,Medical Sciences,Western University,97,accepted
2025,Medical Sciences,Western University,99,accepted
2025,Medical Sciences,Western University,99,accepted
2025,Medical Sciences,Western University,97,accepted
2025,Medical Sciences,Western University,96,accepted
2025,Medical Sciences,Western University,95,accepted
2025,Medical Sciences,Western University,95,accepted
2025,Medical Sciences,Western University,94,accepted
2025,Medical Sciences,Western University,94,accepted
2025,Medical Sciences,Western University,97,accepted
2025,Medical Sciences,Western University,94,accepted
2025,Medical Sciences,Western University,90,accepted
2025,Medical Sciences,Western University,96,accepted
2025,Medical Sciences,Western University,93,accepted
2025,Medical Sciences,Western University,98,accepted
2025,Medical Sciences,Western University,97,accepted
2025,Medical Sciences,Western University,96,accepted
2025,Medical Sciences,Western University,94,accepted
2025,Medical Sciences,Western University,94,accepted
2025,Medical Sciences,Western University,94,accepted
2025,Medical Sciences,Western University,99,accepted
2025,Medical Sciences,Western University,94,accepted
2025,Medical Sciences,Western University,94,accepted
2025,Medical Sciences,Western University,92,accepted
2025,Medical Sciences,Western University,90,accepted
2025,Medical Sciences,Western University,90,accepted
2025,Medical Sciences,Western University,88,accepted
2025,Medical Sciences,Western University,92,accepted
2025,Medical Sciences,Western University,91,accepted
2025,Medical Sciences,Western University,91,accepted
2025,Medical Sciences,Western University,94,accepted
2025,Health Sciences,Western University,96,accepted
2025,Health Sciences,Western University,100,accepted
2025,Health Sciences,Western University,95,accepted
2025,Health Sciences,Western University,95,accepted
2025,Health Sciences,Western University,94,accepted
2025,Health Sciences,Western University,97,accepted
2025,Health Sciences,Western University,97,accepted
2025,Health science,Western University,96,accepted
2025,Health Sciences,Western University,94,accepted
2025,Health Sciences,Western University,94,accepted
2025,Health Sciences,Western University,94,accepted
2025,Health Sciences,Western University,94,accepted
2025,Health Sciences,Western University,93,accepted
2025,Health Sciences,Western University,94,accepted
2025,Health Sciences,Western University,93,accepted
2025,Health Sciences,Western University,92,accepted
2025,Health Sciences,Western University,92,accepted
2025,Management & Organizational Studies - Finance,Western University,98,accepted
2025,Management and Organizational Studies - Finance,Western University,90,accepted
2025,Management and Organizational Studies - Public Administration,Western University,93,accepted
2025,Psychology,Western University,90,accepted
2025,Medical Sciences,Western University,94,accepted
2025,Accounting,York University,91,accepted
2025,Commerce,York University,91,accepted
2025,Commerce,York University,88,accepted
2025,Human Resources Management,York University,89,accepted
2025,Information Technology,York University,82,accepted
2025,Psychology,York University,93,accepted
2025,Psychology,York University,91,accepted
2025,Psychology,York University,87,accepted
2025,Psychology,York University,95,accepted
2025,Psychology,York University,90,accepted
2025,Kinesiology & Health Science,York University,89,accepted
2025,Kinesiology & Health Science,York University,76,accepted
2025,Kinesiology & Health Science,York University,97,accepted
2025,Kinesiology & Health Science,York University,98,accepted
2025,Kinesiology & Health Science,York University,93,accepted
2025,Kinesiology & Health Science,York University,87,accepted
2025,Kinesiology & Health Science,York University,86,accepted
2025,Kinesiology & Health Science,York University,90,accepted
2025,Biomedical Science,York University,92,accepted
2025,Kinesiology & Health Science,York University,92,accepted
2025,Neuroscience,York University,91,accepted
2025,Neuroscience,York University,84,accepted
2025,Nursing,York University,90,accepted
2025,Nursing,York University,94,accepted
2025,Nursing,York University,90,accepted
2025,Nursing,York University,89,accepted
2025,Nursing,York University,91,accepted
2025,Nursing,York University,91,accepted
2025,Nursing,York University,91,accepted
2025,Computer Science,York University,92,accepted
2025,Computer Science,York University,92,accepted
2025,Engineering,York University,92,accepted
2025,Engineering,York University,86,accepted
2025,Engineering,York University,83,accepted
2025,Chemistry,York University,95,rejected
2025,Computer Science,York University,88,accepted
2025,Biology,York University,89,accepted
2025,Biology,York University,84,accepted
2025,Earth and Atmospheric Sciences,York University,94,accepted
2025,Earth and Atmospheric Sciences,York University,94,accepted
2025,Biochemistry,York University,90,accepted
2025,Computer Science,York University,91,accepted
2025,Computer Science,York University,92,accepted
2025,Computer Science,York University,92,accepted
2025,Computer Science,York University,94,accepted
2025,Computer Science,York University,94,accepted
2025,Biomedical Science,York University,93,accepted
2025,Biomedical Science,York University,92,accepted
2025,Biomedical Science,York University,86,accepted
2025,Biomedical Science,York University,88,accepted
2025,Biomedical Science,York University,88,accepted
2025,Biomedical Science,York University,84,accepted
2025,Engineering,York University,92,accepted
2025,Engineering,York University,95,accepted
2025,Engineering,York University,90,accepted
2025,Engineering,York University,95,accepted
2025,Engineering,York University,92,accepted
2025,Engineering,York University,96,accepted
2025,Engineering,York University,92,accepted
2025,Engineering,York University,91,accepted
2025,Engineering,York University,87,accepted
2025,Engineering,York University,92,accepted
2025,Political Science,York University,83,accepted
2025,Neuroscience,York University,90,accepted
2025,Neuroscience,York University,94,accepted
2025,Psychology,York University,95,accepted
2023,Computer Science,Laurentian University,88,accepted
2023,Computer Science,Laurentian University,82,rejected
2023,Environmental Engineering,University of Northern British Columbia,96,accepted
2023,Environmental Science,University of Northern British Columbia,96,accepted
2024,Computer Science,Laurentian University,85,accepted
2024,Environmental Engineering,University of Northern British Columbia,95,accepted
2024,Computer Science,Laurentian University,86,accepted
2024,Kinesiology,Laurentian University,84,accepted
2023,Computer Science,Ontario Tech University,96,accepted
2023,Health Science,Wilfrid Laurier University,86,accepted
2023,Health Science,Wilfrid Laurier University,85,accepted
2023,Science,Queen's University,93,accepted
2023,Philosophy,University Of Ottawa,96,accepted
2023,Health Science,Wilfrid Laurier University,93,accepted
2023,Medical Sciences,Brock University,93,accepted
2023,Science,Dalhousie University,93,accepted
2023,Civil Engineering,Toronto Metropolitan University,94,accepted
2023,Health Science,Wilfrid Laurier University,90,accepted
2023,Health science,University Of Ottawa,96,accepted
2023,Business Administration,Wilfrid Laurier University,97,accepted
2023,Data Science,York University,98,accepted
2023,Engineering,York University,98,accepted
2023,Biomedical science,University of Guelph,98,accepted
2023,Psychology,York University,89,accepted
2023,Kinesiology & Health Science,York University,81,accepted
2023,Criminology,University Of Ottawa,92,accepted
2023,Criminology,Toronto Metropolitan University,92,accepted
2023,Biomedical Sciences,Brock University,96,accepted
2023,Science,Western University,95,accepted
2023,Economics,Western University,98,accepted
2023,Engineering,York University,90,accepted
2023,Science,Queen's University,95,accepted
2023,Health Sciences,University Of Ottawa,90,accepted
2023,Civil Engineering,Memorial University of Newfoundland,98,accepted
2023,Engineering,York University,90,accepted
2023,Engineering,York University,89,accepted
2023,Finance,Carleton University,86,accepted
2023,Engineering,York University,95,accepted
2023,Software Engineering,University of Guelph,95,accepted
2023,Engineering,Western University,95,accepted
2023,Political Science,York University,90,accepted
2023,Data Science,York University,91,accepted
2023,General Science,Western University,96,accepted
2023,Civil Engineering,Toronto Metropolitan University,89,accepted
2023,Nursing,Toronto Metropolitan University,94,accepted
2023,Civil Engineering,Toronto Metropolitan University,90,accepted
2023,Life Sciences,University Of Waterloo,90,accepted
2023,Science,Queen's University,98,accepted
2023,Life Sciences,University Of Waterloo,87,accepted
2023,Nursing,York University,93,accepted
2023,Kinesiology & Health Science,York University,86,accepted
2023,Mathematics,Carleton University,89,accepted
2023,Health Science,Wilfrid Laurier University,94,accepted
2023,Business Administration,Wilfrid Laurier University,96,accepted
2023,Ibiomed,McMaster University,95,accepted
2023,Health Sciences,University Of Ottawa,89,accepted
2023,Life science,University Of Waterloo,85,accepted
2023,Engineering,Queen's University,96,accepted
2023,Science,Western University,94,rejected
2023,Life Sciences,University Of Waterloo,86,accepted
2023,Health Science,Wilfrid Laurier University,87,accepted
2023,Biomedical Science,York University,94,accepted
2023,Engineering,Western University,88,accepted
2023,Engineering,Western University,93,accepted
2023,Engineering,York University,89,accepted
2023,Health Sciences,University Of Ottawa,90,accepted
2023,Physical Science,University Of Waterloo,90,accepted
2023,Business Administration,Wilfrid Laurier University,95,accepted
2023,Engineering,York University,92,accepted
2023,Civil Engineering,Toronto Metropolitan University,89,accepted
2023,Engineering,York University,89,accepted
2023,Health science,Carleton University,95,accepted
2023,Engineering,Queen's University,99,accepted
2023,Biochemistry,York University,96,accepted
2023,Physical Science,University Of Waterloo,92,accepted
2023,Engineering,Western University,91,accepted
2023,Nursing,Toronto Metropolitan University,92,accepted
2023,Commerce,Toronto Metropolitan University,89,accepted
2023,Biomedical Engineering,Simon Fraser University,89,accepted
2023,Business Administration,Wilfrid Laurier University,95,accepted
2023,Business Administration,Wilfrid Laurier University,93,accepted
2023,Nursing,Toronto Metropolitan University,90,accepted
2023,Science,Western University,96,accepted
2023,Engineering,Western University,94,accepted
2023,Health Sciences,Wilfrid Laurier University,95,accepted
2023,Life Sciences,University Of Waterloo,95,accepted
2023,Health science,University Of Ottawa,93,accepted
2023,Engineering,Queen's University,96,accepted
2023,Health Sciences,Wilfrid Laurier University,87,accepted
2023,Biomedical Science,Toronto Metropolitan University,94,accepted
2023,Health Sciences,Wilfrid Laurier University,92,accepted
2023,Engineering,Western University,96,accepted
2023,Mechatronics Engineering,Toronto Metropolitan University,90,accepted
2023,Business Administration,Wilfrid Laurier University,96,accepted
2023,Business Administration,Wilfrid Laurier University,96,accepted
2023,Engineering,Queen's University,92,accepted
2023,Electrical Engineering,Queen's University,93,accepted
2023,Health science,University Of Waterloo,96,accepted
2023,Health science,University Of Waterloo,91,accepted
2023,Life science,University Of Waterloo,96,accepted
2023,Health science,University Of Waterloo,95,accepted
2023,Health science,University Of Waterloo,95,accepted
2023,Health science,University Of Waterloo,96,accepted
2023,Health science,University Of Waterloo,93,accepted
2023,Life science,University Of Waterloo,92,accepted
2023,Sociology,McMaster University,93,accepted
2023,Sociology,McMaster University,92,accepted
2023,Sociology,McMaster University,97,accepted
2023,Sociology,McMaster University,97,accepted
2023,Sociology,McMaster University,96,accepted
2023,Nursing,York University,87,accepted
2023,Health science,Carleton University,85,accepted
2023,Health science,University Of Ottawa,87,accepted
2023,Science,Western University,95,accepted
2023,Engineering,McMaster University,92,accepted
2023,Engineering,McMaster University,96,accepted
2023,Engineering,Western University,96,accepted
2023,Sociology,Western University,92,accepted
2023,Science,Western University,92,accepted
2023,Mathematics,University Of Waterloo,97,accepted
2023,Mechatronics Engineering,Toronto Metropolitan University,92,accepted
2023,Engineering,McMaster University,98,accepted
2023,Ibiomed,McMaster University,94,accepted
2023,Ibiomed,McMaster University,98,accepted
2023,Business Administration,Wilfrid Laurier University,96,accepted
2023,Business,McMaster University,97,accepted
2023,Engineering,McMaster University,91,accepted
2023,Criminology,Toronto Metropolitan University,89,accepted
2023,Sociology,Toronto Metropolitan University,87,accepted
2023,Sociology,Toronto Metropolitan University,87,accepted
2023,Commerce,York University,94,accepted
2023,General Science,Western University,88,accepted
2023,Molecular Biology and Genetics,University of Guelph,88,accepted
2024,Civil Engineering,Toronto Metropolitan University,90,accepted
2024,Mathematics,University Of Ottawa,90,accepted
2024,Physical Science,University Of Waterloo,91,accepted
2024,Science,University of Guelph,85,accepted
2024,Biomedical Science,York University,90,accepted
2024,Biomedical Science,York University,96,accepted
2024,Medical Sciences,Brock University,92,accepted
2024,Biomedical Sciences,Brock University,92,accepted
2023,Business Administration,Brock University,94,accepted
2023,Business Administration,Wilfrid Laurier University,91,accepted
2023,Financial Mathematics and Economics,University Of Ottawa,91,accepted
2023,Public Administration,University Of Ottawa,92,accepted
2023,Public Administration,University Of Ottawa,95,accepted
2023,Political Science,University Of Ottawa,87,accepted
2023,Biochemistry,University of Guelph,94,accepted
2023,Political Science,University Of Ottawa,91,accepted
2023,Business Administration,Wilfrid Laurier University,95,accepted
2023,Business Administration,University Of Toronto,96,accepted
2023,Science,Western University,94,accepted
2024,Electrical Engineering,University Of Ottawa,93,accepted
2024,Neuroscience,Brock University,85,accepted
2024,Management & Organizational Studies - Finance,Western University,99,accepted
2024,Food and Agricultural Business,University of Guelph,81,accepted
2024,Accounting (AF001),Toronto Metropolitan University,91,accepted
2024,Accounting (AF001),Toronto Metropolitan University,94,accepted
2024,Accounting (AF001),Toronto Metropolitan University,96,accepted
2024,Financial Mathematics and Economics,University Of Ottawa,93,accepted
2024,Computer Science,Laurentian University,80,accepted
2024,Mathematics & Statistics,York University,90,accepted
2024,Honours Science,University Of Waterloo,90,accepted
2024,Honours Science,University Of Waterloo,95,accepted
2024,Bachelor of Environmental Design,Dalhousie University,96,accepted
2024,Justice and Legal Studies,University of Guelph,89,accepted
2024,Politics & Governance,Toronto Metropolitan University,90,accepted
2024,Mathematical Sciences,University Of Toronto,91,accepted
2024,Political Science,Ontario Tech University,90,accepted
2024,Biomedical Toxicology,University of Guelph,88,accepted
2024,Computer Science,McMaster University,92,accepted
2024,Computer Science,McMaster University,94,accepted
2024,Computer Science,McMaster University,92,accepted
2024,Mathematics and Statistics,McMaster University,88,accepted
2024,Computer Science,McGill University,95,accepted
2024,General Science,University of Northern British Columbia,94,accepted
2024,Computer Science,University of Northern British Columbia,97,accepted
2024,General Arts,University of Northern British Columbia,86,accepted
2024,Computer Science,University of Northern British Columbia,93,accepted
2024,Neuroscience,Brock University,85,accepted
2024,Computer Science,Toronto Metropolitan University,96,accepted
2024,Art History,Queen's University,90,accepted
2024,Computing & the Creative Arts,Queen's University,94,accepted
2024,Accounting (AF001),Toronto Metropolitan University,75,accepted
2024,Accounting (AF001),Toronto Metropolitan University,93,accepted
2024,Accounting (AF001),Toronto Metropolitan University,89,accepted
2024,Accounting (AF001),Toronto Metropolitan University,88,accepted
2024,Mechatronics Engineering,Toronto Metropolitan University,86,accepted
2024,Life Sciences,University Of Toronto,93,accepted
2024,Life Sciences,University Of Toronto,94,accepted
2024,Commerce / Business,University Of Toronto,90,accepted
2024,Mathematical Sciences,University Of Toronto,98,accepted
2024,Computer Science,University of Toronto,95,accepted
2024,Mathematical Sciences,University Of Toronto,97,accepted
2024,Global Studies (International Development),Wilfrid Laurier University,95,accepted
2024,Chemical Engineering,University Of Waterloo,92,accepted
2024,Computer Science,University Of Waterloo,89,accepted
2024,Health science,University Of Waterloo,90,accepted
2024,Computing and Financial Management,University Of Waterloo,95,accepted
2024,Computer Science,University Of Waterloo,98,accepted
2024,Public Administration,York University,91,accepted
2024,Public Administration,York University,91,accepted
2024,Public Administration,York University,95,accepted
2024,Biology,York University,89,accepted
2024,Computer Science,University Of Toronto,94,rejected
2024,Computer Science,University Of Waterloo,99,rejected
2024,Computer Science,University Of Waterloo,99,rejected
2024,Accounting and Financial Management,University Of Waterloo,80,rejected
2024,Computer Engineering,McMaster University,90,rejected
2024,Geography & Earth Sciences,McMaster University,93,rejected
2024,Geography & Earth Sciences,McMaster University,98,rejected
2024,Computer Science,University Of Waterloo,97,rejected
2024,Accounting and Financial Management,University Of Waterloo,53,rejected
2024,Kinesiology,University Of Waterloo,83,accepted
2024,Computer Science,University Of Waterloo,92,rejected
2024,Public Administration,York University,94,accepted
2024,Management & Organizational Studies - Finance,Western University,94,accepted
2024,Actuarial Science,University of Toronto,79,accepted
2024,Computer Science,University Of Waterloo,95,rejected
2024,Labour Studies,Brock University,97,accepted
2024,Computer Science,University Of Toronto,96,accepted
2024,Computer Science,University Of Waterloo,100,rejected
2024,Mathematical Sciences,University Of Toronto,88,accepted
2024,Computer Science,University of Northern British Columbia,95,accepted
2024,Geography & Earth Sciences,McMaster University,96,accepted
2024,Financial Mathematics and Economics,University Of Ottawa,87,rejected
2024,Accounting and Financial Management,University Of Waterloo,99,accepted
2024,Architectural Conservation and Sustainability Engineering,Carleton University,87,accepted
2024,Architectural Conservation and Sustainability Engineering,Carleton University,56,accepted
2024,Geography & Earth Sciences,McMaster University,95,accepted
2024,Accounting and Financial Management,University Of Waterloo,92,accepted
2024,Mathematics / Business Administration,University Of Waterloo,99,rejected
2024,Accounting and Financial Management,University Of Waterloo,90,rejected
2024,"Geography, Planning and Geographic Information Systems",Wilfrid Laurier University,100,rejected
2024,Neuroscience,Brock University,88,accepted
2024,Political Science,McMaster University,88,rejected
2025,Labour Studies,Brock University,93,accepted
2025,Neuroscience,Brock University,82,accepted
2025,Economics / Applied Economics,Carleton University,84,accepted
2025,Neuroscience,Carleton University,91,accepted
2025,Biology,Dalhousie University,86,accepted
2025,Mechanical Engineering,University of Guelph,94,accepted
2025,Biomedical Toxicology,University of Guelph,98,accepted
2025,Biomedical Toxicology,University of Guelph,93,accepted
2025,Biomedical Toxicology,University of Guelph,92,accepted
2025,Biomedical Toxicology,University of Guelph,92,accepted
2025,Biomedical Toxicology,University of Guelph,91,accepted
2025,Civil Engineering,Lakehead University,98,accepted
2025,Civil Engineering,Lakehead University,79,accepted
2025,Sociology,Wilfrid Laurier University,77,accepted
2025,Honours science,Wilfrid Laurier University,89,accepted
2025,Computer Science,McGill University,97,accepted
2025,Honours Economics,McGill University,96,accepted
2025,Computer Science,McMaster University,95,accepted
2025,Computer Science,McMaster University,97,accepted
2025,Computer Science,McMaster University,94,accepted
2025,Geography & Earth Sciences,McMaster University,95,rejected
2025,Geography & Earth Sciences,McMaster University,99,accepted
2025,Geography & Earth Sciences,McMaster University,98,accepted
2025,Geography & Earth Sciences,McMaster University,98,accepted
2025,Geography & Earth Sciences,McMaster University,97,accepted
2025,Geography & Earth Sciences,McMaster University,96,accepted
2025,Geography & Earth Sciences,McMaster University,92,accepted
2025,Geography & Earth Sciences,McMaster University,92,accepted
2025,Geography & Earth Sciences,McMaster University,91,accepted
2025,Geography & Earth Sciences,McMaster University,99,rejected
2025,Geography & Earth Sciences,McMaster University,98,rejected
2025,Geography & Earth Sciences,McMaster University,98,rejected
2025,Geography & Earth Sciences,McMaster University,98,rejected
2025,Geography & Earth Sciences,McMaster University,98,rejected
2025,Geography & Earth Sciences,McMaster University,97,rejected
2025,Geography & Earth Sciences,McMaster University,94,rejected
2025,Geography & Earth Sciences,McMaster University,94,rejected
2025,Geography & Earth Sciences,McMaster University,94,rejected
2025,Geography & Earth Sciences,McMaster University,90,rejected
2025,Geography & Earth Sciences,McMaster University,92,rejected
2025,Information Technology - Technology Management,Ontario Tech University,88,accepted
2025,Computing & the Creative Arts,Queen's University,97,accepted
2025,Computing & the Creative Arts,Queen's University,96,accepted
2025,Computing & the Creative Arts,Queen's University,94,accepted
2025,Accounting (AF001),Toronto Metropolitan University,93,accepted
2025,Accounting (AF001),Toronto Metropolitan University,93,accepted
2025,Accounting (AF001),Toronto Metropolitan University,89,accepted
2025,Accounting (AF001),Toronto Metropolitan University,86,accepted
2025,Accounting (AF001),Toronto Metropolitan University,93,accepted
2025,Economics and Management Science (BM001),Toronto Metropolitan University,91,accepted
2025,Economics and Management Science (BM001),Toronto Metropolitan University,89,accepted
2025,Professional Study Practicum,Toronto Metropolitan University,87,accepted
2025,Professional Study Practicum,Toronto Metropolitan University,95,accepted
2025,Professional Study Practicum,Toronto Metropolitan University,75,accepted
2025,Professional Study Practicum,Toronto Metropolitan University,87,accepted
2025,Politics & Governance,Toronto Metropolitan University,90,accepted
2025,Politics & Governance,Toronto Metropolitan University,90,accepted
2025,Sociology,Toronto Metropolitan University,94,accepted
2025,Sociology,Toronto Metropolitan University,93,accepted
2025,Sociology,Toronto Metropolitan University,87,accepted
2025,Sociology,Toronto Metropolitan University,85,accepted
2025,Accounting (AF001),Toronto Metropolitan University,94,accepted
2025,Accounting (AF001),Toronto Metropolitan University,92,accepted
2025,Accounting (AF001),Toronto Metropolitan University,89,accepted
2025,Accounting (AF001),Toronto Metropolitan University,91,accepted
2025,Accounting (AF001),Toronto Metropolitan University,86,rejected
2025,Accounting (AF001),Toronto Metropolitan University,93,accepted
2025,Kinesiology,Laurentian University,62,accepted
2025,Computer Science,Laurentian University,95,accepted
2025,Computer Science,Laurentian University,81,accepted
2025,Computer Science,Laurentian University,91,accepted
2025,Chemical Engineering,Laurentian University,82,accepted
2025,Sports Administration,Laurentian University,84,accepted
2025,Computer Science,Laurentian University,80,accepted
2025,Political Science,University of Northern British Columbia,96,accepted
2025,Political Science,University of Northern British Columbia,96,accepted
2025,Political Science,University of Northern British Columbia,98,accepted
2025,Political Science,University of Northern British Columbia,98,accepted
2025,Political Science,University of Northern British Columbia,98,accepted
2025,Political Science,University of Northern British Columbia,96,accepted
2025,Computer Science,University of Northern British Columbia,93,accepted
2025,Computer Science,University of Northern British Columbia,95,accepted
2025,Computer Science,University of Northern British Columbia,97,accepted
2025,Computer Science,University of Northern British Columbia,96,accepted
2025,Computer Science,University of Northern British Columbia,97,accepted
2025,Computer Science,University of Northern British Columbia,96,rejected
2025,Computer Science,University of Northern British Columbia,99,accepted
2025,Computer Science,University of Toronto,99,accepted
2025,Computer Science,University of Toronto,98,accepted
2025,Computer Science,University of Toronto,98,accepted
2025,Computer Science,University of Toronto,98,accepted
2025,Computer Science,University of Toronto,96,accepted
2025,Computer Science,University of Toronto,96,accepted
2025,Computer Science,University of Toronto,95,accepted
2025,Computer Science,University of Toronto,96,accepted
2025,Computer Science,University of Toronto,98,accepted
2025,Computer Science,University of Toronto,94,accepted
2025,Computer Science,University of Toronto,98,accepted
2025,Computer Science,University of Toronto,98,accepted
2025,Computer Science,University of Toronto,98,accepted
2025,Computer Science,University of Toronto,98,accepted
2025,Computer Science,University of Toronto,97,accepted
2025,Computer Science,University of Toronto,97,accepted
2025,Computer Science,University of Toronto,96,accepted
2025,Computer Science,University of Toronto,96,accepted
2025,Computer Science,University of Toronto,96,accepted
2025,Computer Science,University of Toronto,95,accepted
2025,Computer Science,University of Toronto,83,rejected
2025,Computer Science,University of Toronto,100,accepted
2025,Computer Science,University of Toronto,99,accepted
2025,Computer Science,University of Toronto,96,rejected
2025,Computer Science,University of Toronto,95,rejected
2025,Computer Science,University of Toronto,94,rejected
2025,Computer Science,University of Toronto,92,rejected
2025,Business and Humanities,University of Toronto,97,accepted
2025,Business and Humanities,University of Toronto,93,accepted
2025,Business and Humanities,University of Toronto,87,accepted
2025,Business and Humanities,University of Toronto,90,accepted
2025,Actuarial Science,University of Toronto,94,accepted
2025,Actuarial Science,University of Toronto,97,accepted
2025,Actuarial Science,University of Toronto,96,accepted
2025,Actuarial Science,University of Toronto,94,accepted
2025,Actuarial Science,University of Toronto,92,accepted
2025,Actuarial Science,University of Toronto,92,accepted
2025,Actuarial Science,University of Toronto,91,accepted
2025,Actuarial Science,University of Toronto,96,accepted
2025,Chemical Engineering,University of Toronto,94,accepted
2025,Chemical Engineering,University of Toronto,95,accepted
2025,Materials Engineering,University of Toronto,99,accepted
2025,Materials Engineering,University of Toronto,96,accepted
2025,Materials Engineering,University of Toronto,96,accepted
2025,Materials Engineering,University of Toronto,94,accepted
2025,Materials Engineering,University of Toronto,98,accepted
2025,Materials Engineering,University of Toronto,96,accepted
2025,Materials Engineering,University of Toronto,95,accepted
2025,Materials Engineering,University of Toronto,95,accepted
2025,Materials Engineering,University of Toronto,94,accepted
2025,Materials Engineering,University of Toronto,94,accepted
2025,Mechanical Engineering,University of Toronto,97,accepted
2025,Mechanical Engineering,University of Toronto,93,accepted
2025,Chemical Engineering,University of Toronto,99,accepted
2025,Chemical Engineering,University of Toronto,95,accepted
2025,Chemical Engineering,University of Toronto,96,rejected
2025,Chemical Engineering,University of Toronto,95,accepted
2025,Mineral Engineering,University of Toronto,91,accepted
2025,Industrial Engineering,University of Toronto,94,accepted
2025,Industrial Engineering,University of Toronto,95,accepted
2025,Engineering Science,University of Toronto,99,accepted
2025,Engineering Science,University of Toronto,98,accepted
2025,Engineering Science,University of Toronto,96,accepted
2025,Engineering Science,University of Toronto,98,accepted
2025,Engineering Science,University of Toronto,98,accepted
2025,Engineering Science,University of Toronto,97,accepted
2025,Engineering Science,University of Toronto,97,accepted
2025,Engineering Science,University of Toronto,96,accepted
2025,Engineering Science,University of Toronto,96,accepted
2025,Engineering Science,University of Toronto,98,accepted
2025,Engineering Science,University of Toronto,92,accepted
2025,Engineering Science,University of Toronto,98,accepted
2025,Engineering Science,University of Toronto,95,accepted
2025,Engineering Science,University of Toronto,94,accepted
2025,Engineering Science,University of Toronto,99,accepted
2025,Engineering Science,University of Toronto,98,rejected
2025,Engineering Science,University of Toronto,97,rejected
2025,Engineering Science,University of Toronto,95,rejected
2025,Engineering Science,University of Toronto,96,accepted
2025,Engineering Science,University of Toronto,100,rejected
2025,Engineering Science,University of Toronto,90,rejected
2025,Engineering Science,University of Toronto,97,rejected
2025,Health Studies,University of Toronto,94,accepted
2025,Health Studies,University of Toronto,95,rejected
2025,Health Studies,University of Toronto,91,accepted
2025,Health Studies,University of Toronto,94,rejected
2025,Life Sciences,University of Toronto,96,accepted
2025,Life Sciences,University of Toronto,92,accepted
2025,Life Sciences,University of Toronto,96,accepted
2025,Life Sciences,University of Toronto,95,accepted
2025,Life Sciences,University of Toronto,94,accepted
2025,Life Sciences,University of Toronto,94,accepted
2025,Life Sciences,University of Toronto,92,accepted
2025,Life Sciences,University of Toronto,92,accepted
2025,Life Sciences,University of Toronto,91,accepted
2025,Life Sciences,University of Toronto,90,accepted
2025,Life Sciences,University of Toronto,90,accepted
2025,Life Sciences,University of Toronto,89,accepted
2025,Life Sciences,University of Toronto,92,accepted
2025,Life Sciences,University of Toronto,90,accepted
2025,Life Sciences,University of Toronto,94,accepted
2025,Life Sciences,University of Toronto,95,accepted
2025,Life Sciences,University of Toronto,96,accepted
2025,Life Sciences,University of Toronto,92,rejected
2025,Mechanical Engineering,University of Toronto,98,accepted
2025,Mechanical Engineering,University of Toronto,96,accepted
2025,Materials Engineering,University of Toronto,95,accepted
2025,Mechanical Engineering,University of Toronto,95,accepted
2025,Mechanical Engineering,University of Toronto,90,rejected
2025,Mechanical Engineering,University of Toronto,91,rejected
2025,Mathematical Sciences,University of Toronto,99,accepted
2025,Mathematical Sciences,University of Toronto,98,accepted
2025,Mathematical Sciences,University of Toronto,96,accepted
2025,Mathematical Sciences,University of Toronto,96,accepted
2025,Mathematical Sciences,University of Toronto,94,accepted
2025,Mathematical Sciences,University of Toronto,94,accepted
2025,Mathematical Sciences,University of Toronto,93,accepted
2025,Mathematical Sciences,University of Toronto,93,accepted
2025,Mathematical Sciences,University of Toronto,92,accepted
2025,Mathematical Sciences,University of Toronto,89,accepted
2025,Mathematical Sciences,University of Toronto,89,accepted
2025,Mathematical Sciences,University of Toronto,99,accepted
2025,Mathematical Sciences,University of Toronto,87,accepted
2025,Mathematical Sciences,University of Toronto,92,accepted
2025,Mathematical Sciences,University of Toronto,84,accepted
2025,Business Administration,University of Toronto,95,accepted
2025,Materials Engineering,University of Toronto,93,accepted
2025,Materials Engineering,University of Toronto,93,accepted
2025,Materials Engineering,University of Toronto,92,accepted
2025,Chemical Engineering,University of Toronto,96,rejected
2025,Civil Engineering,University of Toronto,97,accepted
2025,Civil Engineering,University of Toronto,94,accepted
2025,Civil Engineering,University of Toronto,93,accepted
2025,Civil Engineering,University of Toronto,93,accepted
2025,Civil Engineering,University of Toronto,93,accepted
2025,Life Sciences,University of Toronto,87,accepted
2025,Business Administration,University of Toronto,97,accepted
2025,Business Administration,University of Toronto,95,accepted
2025,Business and Information Technology,University of Toronto,95,accepted
2025,Business and Information Technology,University of Toronto,96,accepted
2025,Commerce / Business,University of Toronto,95,accepted
2025,Commerce / Business,University of Toronto,90,accepted
2025,Commerce / Business,University of Toronto,84,accepted
2025,Commerce / Business,University of Toronto,92,accepted
2025,Commerce / Business,University of Toronto,86,accepted
2025,Commerce / Business,University of Toronto,86,accepted
2025,Commerce / Business,University of Toronto,86,accepted
2025,Business Administration,University of Toronto,95,accepted
2025,Engineering and Management,University of Toronto,90,accepted
2025,Business and Humanities,University of Toronto,97,accepted
2025,English,University of Toronto,73,accepted
2025,Engineering Science,University of Toronto,93,accepted
2025,Engineering Science,University of Toronto,92,accepted
2025,Engineering Science,University of Toronto,92,accepted
2025,Engineering Science,University of Toronto,88,accepted
2025,Life Sciences,University of Toronto,99,accepted
2025,Life Sciences,University of Toronto,92,accepted
2025,Life Sciences,University of Toronto,95,accepted
2025,Life Sciences,University of Toronto,93,accepted
2025,Life Sciences,University of Toronto,93,accepted
2025,Life Sciences,University of Toronto,90,accepted
2025,Life Sciences,University of Toronto,97,accepted
2025,Life Sciences,University of Toronto,95,accepted
2025,Life Sciences,University of Toronto,89,accepted
2025,Life Sciences,University of Toronto,83,accepted
2025,Molecular Biology & Biotechnology,University of Toronto,80,accepted
2025,Psychology,University of Toronto,91,accepted
2025,Actuarial Science,University of Toronto,86,accepted
2025,Actuarial Science,University of Toronto,86,accepted
2025,Actuarial Science,University of Toronto,77,accepted
2025,Mathematical Sciences,University of Toronto,94,accepted
2025,Mathematical Sciences,University of Toronto,82,accepted
2025,Mathematical Sciences,University of Toronto,89,accepted
2025,Commerce / Business,University of Toronto,96,accepted
2025,Computer Science,University of Toronto,97,accepted
2025,Computer Science,University of Toronto,96,accepted
2025,Computer Science,University of Toronto,95,accepted
2025,Computer Science,University of Toronto,95,accepted
2025,Computer Science,University of Toronto,95,accepted
2025,Computer Science,University of Toronto,92,accepted
2025,Computer Science,University of Toronto,98,accepted
2025,Computer Science,University of Toronto,98,accepted
2025,Computer Science,University of Toronto,93,accepted
2025,Computer Science,University of Toronto,92,accepted
2025,Computer Science,University of Toronto,93,accepted
2025,Psychology,University Of Toronto,94,accepted
2025,Business Administration,University Of Toronto,91,accepted
2025,Life Sciences,University Of Toronto,93,accepted
2025,Life Sciences,University Of Toronto,90,accepted
2025,Life Sciences,University Of Toronto,91,accepted
2025,Life Sciences,University Of Toronto,79,accepted
2025,Environmental Science,University Of Toronto,94,accepted
2025,Environmental Science,University Of Toronto,90,accepted
2025,Environmental Science,University Of Toronto,90,accepted
2025,Computer Science,University Of Toronto,95,accepted
2025,Computer Science,University Of Toronto,94,accepted
2025,Computer Science,University Of Toronto,98,accepted
2025,Computer Science,University Of Toronto,97,accepted
2025,Computer Science,University Of Toronto,96,accepted
2025,Computer Science,University Of Toronto,96,rejected
2025,Computer Science,University Of Toronto,98,accepted
2025,Computer Science,University Of Toronto,95,accepted
2025,Computer Science,University Of Toronto,94,accepted
2025,Computer Science,University Of Toronto,95,accepted
2025,Computer Science,University Of Toronto,97,accepted
2025,Computer Science,University Of Toronto,97,accepted
2025,Computer Science,University Of Toronto,97,accepted
2025,Computer Science,University Of Toronto,96,accepted
2025,Computer Science,University Of Toronto,96,accepted
2025,Computer Science,University Of Toronto,95,accepted
2025,Computer Science,University Of Toronto,95,accepted
2025,Computer Science,University Of Toronto,93,accepted
2025,Computer Science,University Of Toronto,93,accepted
2025,Life Sciences,University Of Toronto,96,accepted
2025,Life Sciences,University Of Toronto,96,accepted
2025,Life Sciences,University Of Toronto,93,accepted
2025,Life Sciences,University Of Toronto,93,accepted
2025,Life Sciences,University Of Toronto,93,accepted
2025,Life Sciences,University Of Toronto,91,accepted
2025,Life Sciences,University Of Toronto,87,accepted
2025,Statistics,University Of Toronto,95,accepted
2025,Statistics,University Of Toronto,94,accepted
2025,Statistics,University Of Toronto,90,accepted
2025,Statistics,University Of Toronto,98,accepted
2025,Statistics,University Of Toronto,92,accepted
2025,Arts and Business,University Of Waterloo,94,accepted
2025,Arts and Business,University Of Waterloo,95,accepted
2025,Arts and Business,University Of Waterloo,88,accepted
2025,Computing and Financial Management,University Of Waterloo,95,accepted
2025,Computing and Financial Management,University Of Waterloo,90,accepted
2025,Electrical Engineering,University Of Waterloo,90,accepted
2025,Mechatronic Systems Engineering,Western University,98,accepted
2025,Computer Science,Western University,96,accepted
2025,Geology,Western University,85,accepted
2025,Mathematics & Statistics,York University,97,accepted
2025,Biology,York University,83,accepted
2025,Health science,York University,91,accepted
2025,Mathematics & Statistics,York University,80,accepted
2025,Earth and Atmospheric Sciences,York University,94,accepted
2025,Earth and Atmospheric Sciences,York University,94,accepted
2023,Sports Administration,Laurentian University,95,accepted
2023,Political Science,University of Northern British Columbia,97,accepted
2023,Computer Science,University of Toronto,97,accepted
2023,Life Sciences,University of Toronto,99,accepted
2023,Computer Science,University of Toronto,96,accepted
2023,Engineering Science,University of Toronto,91,accepted
2023,Political Science,University of Northern British Columbia,90,accepted
2023,Computer Science,University Of Toronto,98,accepted
2023,Neuroscience,University Of Toronto,90,accepted
2023,Political Science,University of Northern British Columbia,92,accepted
2023,Computer Science,University of Toronto,92,accepted
2023,Computer Science,University of Toronto,89,accepted
2023,Computer Science,University Of Toronto,93,accepted
2023,Computer Science,University Of Toronto,93,accepted
2023,Computer Science,University Of Toronto,91,accepted
2023,Computer Science,University of Toronto,98,accepted
2023,Computer Science,University Of Toronto,90,accepted
2023,Business Administration,University Of Toronto,91,accepted
2023,Health science,University Of Ottawa,93,accepted
2023,Information Technology - Technology Management,Ontario Tech University,97,accepted
2023,Nautical Science,Memorial University of Newfoundland,93,accepted
2023,Marketing Management (BM001),Toronto Metropolitan University,97,accepted
2023,Political Science,University Of Ottawa,96,accepted
2023,Political Science,McMaster University,91,accepted
2023,Public Health,Brock University,85,accepted
2023,Life science,University Of Waterloo,97,accepted
2023,Engineering Science,University Of Toronto,92,accepted
2023,Political Science,McMaster University,94,accepted
2023,Health science,York University,94,accepted
2023,Information Technology - Technology Management,Ontario Tech University,90,accepted
2023,Public Administration,York University,97,accepted
2023,Business Administration,Wilfrid Laurier University,86,accepted
2023,Psychology,Queen's University,96,accepted
2023,Physics,University Of Ottawa,93,accepted
2023,History,Laurentian University,79,accepted
2023,History,Toronto Metropolitan University,97,accepted
2023,Computer Science,Toronto Metropolitan University,98,accepted
2023,Computer Engineering,Toronto Metropolitan University,98,accepted
2023,Mechanical Engineering,University Of Ottawa,96,accepted
2023,Mechanical Engineering,Toronto Metropolitan University,96,accepted
2023,Geographic Analysis,Toronto Metropolitan University,97,accepted
2023,Computing,Queen's University,98,accepted
2023,Engineering,Queen's University,98,accepted
2023,Electrical and Computer Engineering Innovation,Queen's University,98,accepted
2023,Psychology,Queen's University,98,accepted
2023,Biochemistry,University Of Ottawa,89,accepted
2023,Health Sciences,Wilfrid Laurier University,91,accepted
2023,Kinesiology,Wilfrid Laurier University,91,accepted
2023,Sociology,Toronto Metropolitan University,76,accepted
2023,Sociology,Wilfrid Laurier University,76,accepted
2023,Honours Science,University Of Waterloo,93,accepted
2023,Health Sciences,Wilfrid Laurier University,88,accepted
2023,Arts and Business,University Of Waterloo,90,accepted
2023,Business Technology Management,Toronto Metropolitan University,90,accepted
2023,Nursing,Toronto Metropolitan University,96,accepted
2023,Computer Science,Toronto Metropolitan University,97,accepted
2023,Computer Science,Wilfrid Laurier University,98,accepted
2023,Health Studies,University Of Waterloo,96,accepted
2023,Political Science,University Of Ottawa,85,accepted
2023,Computer Engineering,Toronto Metropolitan University,89,accepted
2023,Computer Science,Wilfrid Laurier University,90,accepted
2023,Mechanical,University Of Ottawa,89,accepted
2023,Electrical Engineering,University Of Ottawa,89,accepted
2023,Commerce,University Of Ottawa,88,accepted
2023,Science,Queen's University,94,accepted
2023,Honours Science,University Of Waterloo,96,accepted
2023,Accounting (AF001),Toronto Metropolitan University,90,accepted
2023,Civil Engineering,University Of Ottawa,98,accepted
2023,Electrical and Computer Engineering Innovation,Queen's University,92,accepted
2023,Mechanical Engineering,Toronto Metropolitan University,92,accepted
2023,Biopharmaceutical Science,University Of Ottawa,92,accepted
2023,Commerce,University Of Ottawa,91,accepted
2023,Chemistry,Toronto Metropolitan University,92,rejected
2023,Management & Organizational Studies - Finance,Western University,94,accepted
2023,Financial Mathematics and Economics,University of Ottawa,94,accepted
2023,Biology,Wilfrid Laurier University,84,accepted
2023,Political Science,University Of Ottawa,91,accepted
2023,Computer Science,Wilfrid Laurier University,91,accepted
2023,Biochemistry,University Of Ottawa,85,accepted
2023,Computer Engineering,University Of Ottawa,92,accepted
2023,Public Health,Toronto Metropolitan University,84,accepted
2023,Computer Science,Toronto Metropolitan University,98,accepted
2023,Computing,Queen's University,98,accepted
2023,Computer Science,Wilfrid Laurier University,82,accepted
2023,Computer Science,Toronto Metropolitan University,96,accepted
2023,Computer Science,Toronto Metropolitan University,95,accepted
2023,Planning,University Of Waterloo,97,accepted
2023,Political Science,University Of Ottawa,90,accepted
2023,Geomatics,University Of Waterloo,86,accepted
2023,Life Sciences,University Of Waterloo,98,accepted
2023,Public Affairs and Policy Management,Carleton University,97,accepted
2023,Accounting,Brock University,85,accepted
2023,Honours science,University Of Waterloo,97,accepted
2023,Computer Science,Wilfrid Laurier University,91,accepted
2023,Environmental Economics & Policy,University Of Ottawa,93,accepted
2023,Mechanical Engineering,University Of Ottawa,92,accepted
2023,Human Kinetics,University Of Ottawa,89,accepted
2023,International Development and Globalization,University Of Ottawa,97,accepted
2023,Computer Science,Dalhousie University,96,accepted
2023,Public Administration,University Of Ottawa,85,accepted
2023,Philosophy,University Of Ottawa,96,accepted
2023,Political Science,University Of Ottawa,95,accepted
2023,Economics / Applied Economics,Carleton University,95,accepted
2023,Computer Science,Wilfrid Laurier University,85,accepted
2023,Chemistry,University Of Waterloo,95,accepted
2023,Honours science,Wilfrid Laurier University,93,accepted
2023,Business Technology Management,Wilfrid Laurier University,88,accepted
2023,Physics,University Of Ottawa,86,accepted
2023,Computer Science,Toronto Metropolitan University,94,accepted
2023,Political Science,University Of Ottawa,87,accepted
2023,Computer Science,Wilfrid Laurier University,92,accepted
2023,Civil Engineering,University Of Ottawa,85,accepted
2023,Business Administration,Brock University,88,accepted
2023,Political Science,University Of Ottawa,95,accepted
2023,Computer Engineering,Toronto Metropolitan University,96,accepted
2023,Biomedical Science,York University,89,accepted
2023,Biochemistry,York University,89,accepted
2023,Biopharmaceutical Science,University Of Ottawa,95,accepted
2023,Life Sciences,University Of Waterloo,95,accepted
2023,Accounting,University Of Ottawa,87,accepted
2023,Business Technology Management (IT001),Toronto Metropolitan University,96,accepted
2023,Commerce,University Of Ottawa,90,accepted
2023,Biology,Toronto Metropolitan University,87,accepted
2023,Biology,Wilfrid Laurier University,87,accepted
2023,Computing Science,Ontario Tech University,93,accepted
2023,Computer Engineering,Toronto Metropolitan University,91,accepted
2023,Computer Engineering,Toronto Metropolitan University,87,accepted
2023,Neuroscience,Brock University,94,accepted
2023,Biochemistry,Wilfrid Laurier University,94,accepted
2023,Life Sciences,University Of Waterloo,94,accepted
2023,Mathematics & its Applications,Toronto Metropolitan University,92,accepted
2023,Business Administration,University of Guelph,90,accepted
2023,Computing,Queen's University,98,accepted
2023,Neuroscience and Mental Health,Carleton University,91,accepted
2023,Electrical and Computer Engineering Innovation,Queen's University,96,accepted
2023,Bioinformatics,Carleton University,87,accepted
2023,Computer Engineering,University Of Ottawa,97,accepted
2023,Business Administration,University of Guelph,93,accepted
2023,Civil Engineering,Toronto Metropolitan University,93,accepted
2023,Political Science,University Of Ottawa,92,accepted
2023,Chemistry,Wilfrid Laurier University,95,accepted
2023,Mechatronics and Robotics Engineering,Queen's University,95,accepted
2023,Chemistry,Carleton University,92,accepted
2023,Computer Engineering,University Of Ottawa,93,accepted
2023,Computer Science,Toronto Metropolitan University,97,accepted
2023,Mathematics,Wilfrid Laurier University,90,accepted
2023,Mathematics & its Applications,Toronto Metropolitan University,90,accepted
2023,Planning,University Of Waterloo,94,accepted
2023,Earth Sciences - Environmental Geoscience,Brock University,89,accepted
2023,Computing Science,University Of Alberta,96,accepted
2023,Sociology,Queen's University,95,accepted
2023,Economics,Wilfrid Laurier University,97,accepted
2023,Life Sciences,University Of Waterloo,96,accepted
2023,Economics,Wilfrid Laurier University,85,accepted
2023,Computing,Queen's University,96,accepted
2023,Public Affairs and Policy Management,Carleton University,93,accepted
2023,Aerospace Engineering,Toronto Metropolitan University,97,accepted
2023,Life Sciences,University Of Waterloo,92,accepted
2023,Zoology,University of Guelph,94,accepted
2023,Science,Queen's University,98,accepted
2023,Financial Mathematics,Toronto Metropolitan University,92,accepted
2023,Computer Science,Ontario Tech University,94,accepted
2023,Public Affairs and Policy Management,Carleton University,92,accepted
2023,Psychology,York University,89,accepted
2023,Physics & Astronomy,York University,89,accepted
2023,Biomedical Science,York University,89,accepted
2023,Commerce,York University,95,accepted
2023,Mechanical Engineering,University of Guelph,96,accepted
2023,Civil Engineering,Carleton University,86,accepted
2023,General Science,Western University,95,accepted
2023,Software Engineering,Carleton University,86,accepted
2023,Medical Sciences,Western University,98,accepted
2023,Actuarial Science,York University,96,accepted
2023,Health Sciences,Western University,98,accepted
2023,Medical Sciences,Western University,98,accepted
2023,Health Sciences,University Of Ottawa,98,accepted
2023,Data Science,York University,94,accepted
2023,Data Science,Western University,93,accepted
2023,Biomedical Science,University Of Ottawa,97,accepted
2023,Electrical Engineering,Western University,98,accepted
2023,Animal Science,University of Guelph,99,accepted
2023,Medical Sciences,Western University,99,accepted
2023,Science,Western University,96,accepted
2023,Computer Science,York University,96,accepted
2023,Medical Sciences,Western University,96,accepted
2023,Commerce,University Of Ottawa,87,accepted
2023,Science,University of Guelph,90,accepted
2023,Astrophysics,Western University,94,accepted
2023,Computer Science,Western University,96,accepted
2023,Civil Engineering,Carleton University,82,accepted
2023,Computer Science,York University,97,accepted
2023,Engineering,York University,91,accepted
2023,Health Sciences,Western University,93,accepted
2023,Medical Sciences,Western University,95,accepted
2023,Engineering,Western University,97,accepted
2023,Medical Sciences,Western University,97,accepted
2023,Health Sciences,Western University,97,accepted
2023,Health Sciences,University Of Ottawa,97,accepted
2023,Computer Engineering,University Of Ottawa,93,accepted
2023,Computer Science,York University,94,accepted
2023,Information Technology,York University,82,accepted
2023,English,University of Guelph,90,accepted
2023,Public Administration/Political Science,University Of Ottawa,92,accepted
2023,Mathematics,Carleton University,95,accepted
2023,Mathematics,University Of Ottawa,95,accepted
2023,Computer Engineering,Toronto Metropolitan University,95,accepted
2023,Political Science,York University,93,accepted
2023,Computer Science,Wilfrid Laurier University,92,accepted
2023,Arts and Business,University Of Waterloo,95,accepted
2023,Civil Engineering,Carleton University,85,accepted
2023,Computer Systems Engineering,Carleton University,92,accepted
2023,Business Management,Toronto Metropolitan University,90,accepted
2023,Computer Science,Carleton University,92,accepted
2023,Mathematics,Carleton University,92,rejected
2023,Mathematics,University Of Ottawa,90,accepted
2023,Medical Sciences,Western University,91,accepted
2023,Mechatronics and Robotics Engineering,Queen's University,96,accepted
2023,Mechatronics Engineering,Toronto Metropolitan University,96,accepted
2023,Computer Science,Carleton University,98,accepted
2023,Criminology,Western University,92,accepted
2023,Biochemistry,Wilfrid Laurier University,81,rejected
2023,Computer Systems Engineering,Carleton University,88,accepted
2023,Computer Science,Carleton University,91,accepted
2023,Engineering,York University,92,accepted
2023,Computer Science,Carleton University,97,accepted
2023,Computer Science,Carleton University,96,accepted
2023,Biology,University Of Ottawa,89,accepted
2023,Medical Sciences,Western University,93,accepted
2023,Political Science,University Of Ottawa,91,accepted
2023,Political Science,Wilfrid Laurier University,91,accepted
2023,Cognitive Science,Carleton University,94,accepted
2023,Computer Science,Wilfrid Laurier University,88,accepted
2023,Computer Science,Carleton University,94,accepted
2023,Disaster and Emergency Management,York University,97,accepted
2023,Game Development,Ontario Tech University,97,accepted
2023,Computer Science,Wilfrid Laurier University,88,accepted
2023,Computer Science,University Of Windsor,88,accepted
2023,Computer Science,Brock University,88,accepted
2023,Software Engineering,Carleton University,84,accepted
2023,Political Science,University Of Ottawa,87,accepted
2023,Information Technology,York University,86,accepted
2023,Industrial Engineering,Ontario Tech University,85,accepted
2023,Computer Science,Carleton University,94,accepted
2023,Mechanical Engineering,University Of Ottawa,94,accepted
2023,Commerce,York University,89,accepted
2023,Computer Science,Wilfrid Laurier University,89,accepted
2023,Mechanical Engineering,University Of Ottawa,86,accepted
2023,Psychology,York University,87,accepted
2023,Computer Science,Wilfrid Laurier University,95,accepted
2023,Biomedical Engineering,Toronto Metropolitan University,96,accepted
2023,Computer Science,Wilfrid Laurier University,92,accepted
2023,Psychology,Western University,95,accepted
2023,Computer Science,Wilfrid Laurier University,92,accepted
2023,Business Administration,Brock University,86,accepted
2023,Neuroscience,York University,90,accepted
2023,Medical Sciences,Western University,97,accepted
2023,Public Affairs and Policy Management,Carleton University,92,accepted
2023,Software Engineering,Carleton University,85,accepted
2023,Computer Science,Carleton University,94,accepted
2023,Computer Engineering,University Of Ottawa,96,accepted
2023,Engineering Physics,Carleton University,95,accepted
2023,Biomedical Toxicology,University of Guelph,97,accepted
2023,Politics & Governance,Toronto Metropolitan University,90,accepted
2023,Computer Science,Western University,95,accepted
2023,Business Technology Management,Toronto Metropolitan University,95,accepted
2023,Electrical Engineering,Carleton University,94,accepted
2023,Finance,University Of Ottawa,94,accepted
2023,Network and Information Technology Security,Ontario Tech University,84,accepted
2023,Mechanical Engineering,University Of Ottawa,92,accepted
2023,Mechanical Engineering,Carleton University,92,accepted
2023,Computer Science,Carleton University,97,accepted
2023,Civil Engineering,Carleton University,91,accepted
2023,Computer Science,Wilfrid Laurier University,94,accepted
2023,Financial Mathematics and Economics,University Of Ottawa,92,accepted
2023,Computer Science,University Of Toronto,93,accepted
2023,Software Engineering,Ontario Tech University,87,accepted
2023,Network and Information Technology Security,Ontario Tech University,91,accepted
2023,Computer Science,University Of Ottawa,84,accepted
2023,Computer Science,Toronto Metropolitan University,92,accepted
2023,Civil Engineering,Carleton University,78,accepted
2023,Civil Engineering,Carleton University,78,accepted
2023,Computer Science,Queen's University,96,accepted
2023,Public Affairs and Policy Management,Carleton University,85,accepted
2023,Mechatronics Engineering,Ontario Tech University,89,accepted
2023,Computer Science,Toronto Metropolitan University,94,accepted
2023,Biomedical Engineering,Toronto Metropolitan University,96,accepted
2023,Computer Engineering,Toronto Metropolitan University,93,accepted
2023,Computer Science,Western University,93,accepted
2023,Biology,Carleton University,86,accepted
2023,Computer Engineering,Toronto Metropolitan University,89,accepted
2023,Computer Engineering,York University,89,accepted
2023,Computer Engineering,University Of Ottawa,89,accepted
2023,Biology,University Of Ottawa,87,accepted
2023,Mechatronics and Robotics Engineering,Queen's University,92,accepted
2023,Computing,Queen's University,98,accepted
2023,Computing,Queen's University,96,accepted
2023,Honours Science,University Of Waterloo,92,accepted
2023,Medicinal Chemistry,University Of Waterloo,92,accepted
2023,Computer Science,Carleton University,97,accepted
2023,Mechatronics and Robotics Engineering,Queen's University,98,accepted
2023,Software Engineering,University of Guelph,98,accepted
2023,Criminology,University Of Ottawa,83,accepted
2023,Health Studies,Queen's University,94,accepted
2023,Mechatronics and Robotics Engineering,Queen's University,91,accepted
2023,Kinesiology,University Of Waterloo,86,accepted
2023,Biomedical Engineering,Toronto Metropolitan University,90,accepted
2023,Physics and Astronomy,University Of Waterloo,95,accepted
2023,Computing Science,Ontario Tech University,90,accepted
2023,Computing,Queen's University,99,accepted
2023,Sociology,Western University,94,accepted
2023,Electrical Engineering,Carleton University,84,accepted
2023,Cognitive Science,Carleton University,87,accepted
2023,Life Sciences,Queen's University,98,accepted
2023,Management & Organizational Studies - Accounting,Western University,94,accepted
2023,Computer Science,Wilfrid Laurier University,88,accepted
2023,Network and Information Technology Security,Ontario Tech University,87,accepted
2023,Civil Engineering,University Of Ottawa,96,accepted
2023,Sociology,Western University,96,accepted
2023,Life Sciences,McMaster University,96,accepted
2023,Financial Mathematics and Economics,University Of Ottawa,95,accepted
2023,Economics,Western University,95,accepted
2023,Honours Science,University Of Waterloo,85,accepted
2023,Biology,University Of Ottawa,85,accepted
2023,Honours Science,University Of Waterloo,87,accepted
2023,Sociology,Western University,99,accepted
2023,Biology,Western University,86,accepted
2023,Computer Science,Wilfrid Laurier University,87,accepted
2023,Neuroscience,Brock University,87,accepted
2023,Life Sciences,McMaster University,98,accepted
2023,Computer Science,Carleton University,97,accepted
2023,Psychology,Western University,90,accepted
2023,Environmental Engineering,University of Guelph,93,accepted
2023,Political Science,Wilfrid Laurier University,86,accepted
2023,Political Science,Brock University,86,accepted
2023,Arts and Business,University Of Waterloo,86,accepted
2023,Political Science,McMaster University,86,accepted
2023,Political Science,Western University,86,accepted
2023,Life Sciences,McMaster University,95,accepted
2023,"Government, Economics and Management",University of Guelph,94,accepted
2023,Biochemistry,Queen's University,90,accepted
2023,Biomedical Science,University Of Ottawa,90,accepted
2023,Economics,Wilfrid Laurier University,95,accepted
2023,Economics,Western University,96,accepted
2023,"Government, Economics and Management",University of Guelph,96,accepted
2023,Electrical Engineering,Toronto Metropolitan University,89,accepted
2023,Mechanical Engineering,Toronto Metropolitan University,92,accepted
2023,Health Studies Internship,Western University,91,accepted
2023,Health Physics and Radiation Science,Ontario Tech University,91,accepted
2023,Chemistry,University Of Waterloo,87,accepted
2023,Life Sciences,McMaster University,96,accepted
2023,Software Engineering,University of Guelph,95,accepted
2023,Computer Science,University Of Toronto,95,accepted
2023,Computer and Electrical Engineering,University Of Toronto,96,accepted
2023,Engineering Science,University Of Toronto,97,accepted
2023,Biomedical Science,Toronto Metropolitan University,96,accepted
2023,Engineering Science,University Of Toronto,99,accepted
2023,Life Sciences,McMaster University,94,accepted
2023,Life Sciences,McMaster University,96,accepted
2023,Life Sciences,Queen's University,96,accepted
2023,Medical Sciences,Western University,96,accepted
2023,Business Technology Management,Toronto Metropolitan University,97,accepted
2023,Business Technology Management,Toronto Metropolitan University,92,accepted
2023,Life Sciences,University Of Toronto,96,accepted
2023,Mathematical Sciences,University Of Toronto,96,accepted
2023,Life Sciences,University Of Toronto,96,accepted
2023,Life Sciences,University Of Toronto,99,accepted
2023,Computer Science,University Of Toronto,96,accepted
2023,Computer Science,University Of Ottawa,94,accepted
2023,Computer Engineering,Toronto Metropolitan University,94,accepted
2023,Mathematical Sciences,University Of Toronto,94,accepted
2023,Computer Science,Toronto Metropolitan University,94,accepted
2023,Electrical and Computer Engineering Innovation,Queen's University,94,accepted
2023,Sociology,University Of Toronto,97,accepted
2023,Commerce / Business,University Of Toronto,96,accepted
2023,Life Sciences,University Of Toronto,90,accepted
2023,Life Sciences,University Of Toronto,92,accepted
2023,Life Sciences,University Of Toronto,96,accepted
2023,Commerce / Business,University Of Toronto,96,accepted
2023,Computer Science,University Of Toronto,98,accepted
2023,Life Sciences,University Of Toronto,93,accepted
2023,Life Sciences,University Of Toronto,95,accepted
2023,Commerce / Business,University Of Toronto,94,accepted
2023,Life Sciences,University Of Toronto,98,accepted
2023,Business Technology Management,Toronto Metropolitan University,88,accepted
2023,Commerce / Business,University Of Toronto,100,accepted
2023,Computer Science,Wilfrid Laurier University,98,accepted
2023,Computer Science,University of Guelph,98,accepted
2023,Computer Science,Carleton University,98,accepted
2023,Computing,Queen's University,98,accepted
2023,Computer Science,Toronto Metropolitan University,98,accepted
2023,Computer Science,University Of Ottawa,99,accepted
2023,Computer Science,University Of Toronto,99,accepted
2023,Sociology,Toronto Metropolitan University,91,accepted
2023,Life Sciences,University Of Toronto,96,accepted
2023,Life Sciences,University Of Toronto,92,accepted
2023,Business Technology Management,Toronto Metropolitan University,85,accepted
2023,Computer Science,University Of Toronto,95,accepted
2023,Life Sciences,University Of Toronto,94,accepted
2023,Computer Science,Toronto Metropolitan University,94,accepted
2023,Business Technology Management,Toronto Metropolitan University,95,accepted
2023,Health Sciences,Queen's University,97,accepted
2023,Computer Science,Western University,94,accepted
2023,English,University Of Toronto,90,accepted
2023,English - Literature and Rhetoric,University Of Waterloo,90,accepted
2023,Mathematical Sciences,University Of Toronto,89,accepted
2023,Medical Sciences,Western University,95,accepted
2023,Computer Science,University Of Ottawa,89,accepted
2023,Computer Science,Carleton University,89,accepted
2023,Healthcare Analytics,University Of Ottawa,92,accepted
2023,Health Sciences,Queen's University,92,accepted
2023,Software Engineering,University Of Ottawa,93,accepted
2023,Financial Mathematics and Economics,University Of Ottawa,90,accepted
2023,Statistics,University Of Toronto,94,accepted
2023,Data Science,University Of Ottawa,94,accepted
2023,Biopharmaceutical Science,University Of Ottawa,93,accepted
2023,Computer Science,University Of Ottawa,91,accepted
2023,Business Technology Management,Toronto Metropolitan University,84,accepted
2023,Electrical Engineering,University Of Ottawa,83,accepted
2023,Electrical Engineering,University Of Ottawa,83,accepted
2023,Civil Engineering,Toronto Metropolitan University,86,accepted
2023,Biomedical Science,University Of Ottawa,96,accepted
2023,Life Sciences,University Of Toronto,95,accepted
2023,Sociology,University Of Toronto,95,accepted
2023,Computer Science,Carleton University,92,accepted
2023,Psychology,McMaster University,88,accepted
2023,Computer Science,Carleton University,94,accepted
2023,Civil Engineering,Toronto Metropolitan University,85,accepted
2023,Psychology,University Of Waterloo,93,accepted
2023,Health Sciences,Queen's University,97,rejected
2023,Kinesiology,Queen's University,93,accepted
2023,Psychology,Queen's University,93,accepted
2023,Honours Science,University Of Waterloo,96,accepted
2023,Software Engineering,Carleton University,88,accepted
2023,Biomedical Engineering,Toronto Metropolitan University,85,accepted
2023,Computing Science,Ontario Tech University,90,accepted
2023,Computer Science,Toronto Metropolitan University,92,accepted
2023,Engineering Science,University Of Toronto,97,accepted
2023,Computer Science,McMaster University,96,accepted
2023,Computing,Queen's University,96,accepted
2023,Computer Science,Toronto Metropolitan University,89,accepted
2023,Commerce,University Of Ottawa,93,accepted
2023,Commerce / Business,University Of Toronto,93,accepted
2023,Life Sciences,University Of Toronto,96,accepted
2023,Life Sciences,Queen's University,96,accepted
2023,Computer Science,Toronto Metropolitan University,92,accepted
2023,Mathematics and Statistics,McMaster University,96,accepted
2023,Mathematics and Statistics,McMaster University,92,accepted
2023,Chemistry,Toronto Metropolitan University,83,accepted
2023,Mechanical Engineering,University Of Toronto,98,accepted
2023,Life Sciences,McMaster University,95,accepted
2023,Mechatronics and Robotics Engineering,Queen's University,97,accepted
2023,Life Sciences,McMaster University,97,accepted
2023,Sociology,University Of Toronto,93,accepted
2023,Life Sciences,McMaster University,96,accepted
2023,Life Sciences,McMaster University,98,accepted
2023,Civil Engineering,University Of Ottawa,85,accepted
2023,Life Sciences,University Of Toronto,89,accepted
2023,Software Engineering,McMaster University,98,accepted
2023,Computer Science,McMaster University,98,accepted
2023,Computer Science,McMaster University,97,accepted
2023,Biotechnology,McMaster University,89,accepted
2023,Life Sciences,University Of Toronto,94,accepted
2023,Computer Science,McMaster University,97,accepted
2023,Computer Science,Western University,92,accepted
2023,Economics,McMaster University,92,accepted
2023,Accounting and Financial Management,University Of Waterloo,96,accepted
2023,Medical Sciences,Western University,93,accepted
2023,Medical Sciences,Western University,95,accepted
2023,Accounting and Financial Management,University Of Waterloo,96,accepted
2023,Life Sciences,McMaster University,98,accepted
2023,Business Informatics,McMaster University,94,accepted
2023,Wildlife Biology and Conservation,University of Guelph,88,accepted
2023,Animal Science,University of Guelph,94,accepted
2023,Computer Science,University of Guelph,94,accepted
2023,Sociology,McMaster University,88,accepted
2023,Psychology,University of Guelph,88,accepted
2023,Life Sciences,McMaster University,92,accepted
2023,Criminal Justice and Public Policy,University of Guelph,92,accepted
2023,"Child, Youth & Family",University of Guelph,82,accepted
2023,Life Sciences,McMaster University,98,accepted
2023,Business Informatics,McMaster University,90,accepted
2023,Biological & Medical Physics,University of Guelph,89,accepted
2023,"Health, Engineering Science and Entrepreneurship",McMaster University,97,accepted
2023,Computer Science,Western University,92,accepted
2023,Sociology,McMaster University,88,accepted
2023,Computer Science,Carleton University,90,accepted
2023,Engineering,McMaster University,96,accepted
2023,Computer Science,Western University,98,accepted
2023,Mathematics and Statistics,McMaster University,95,accepted
2023,Engineering,McMaster University,94,accepted
2023,Biotechnology,McMaster University,94,accepted
2023,Business Informatics,McMaster University,92,accepted
2023,Biochemistry,University Of Toronto,98,accepted
2023,Computer Science,Toronto Metropolitan University,89,accepted
2023,Computer Science,University Of Toronto,99,accepted
2023,Computer and Electrical Engineering,University Of Toronto,94,accepted
2023,Computer and Electrical Engineering,University Of Toronto,92,accepted
2023,Civil Engineering,University Of Toronto,95,accepted
2023,Animal Science,University of Guelph,91,accepted
2023,Engineering,Western University,91,accepted
2023,Engineering Science,University Of Toronto,95,accepted
2023,Computer and Electrical Engineering,University Of Toronto,96,accepted
2023,Engineering Science,University Of Toronto,98,accepted
2023,Life Sciences,University Of Toronto,98,accepted
2023,Engineering,McMaster University,93,accepted
2023,Computer and Electrical Engineering,University Of Toronto,93,accepted
2023,Mechanical Engineering,University of Guelph,93,accepted
2023,Business,McMaster University,90,accepted
2023,Chemical Engineering,University Of Toronto,95,accepted
2023,Computer Science,University Of Toronto,98,accepted
2023,Computer Science,York University,88,accepted
2023,Accounting and Financial Management,University Of Waterloo,97,accepted
2023,Computer Science,York University,91,accepted
2023,Computer Science,University Of Toronto,94,accepted
2023,Computer Science,York University,92,accepted
2023,Commerce / Business,University Of Toronto,94,accepted
2023,Engineering Science,University Of Toronto,95,accepted
2023,Engineering Science,University Of Toronto,98,accepted
2023,Health science,University Of Ottawa,85,accepted
2023,Science,Dalhousie University,85,accepted
2023,Engineering,McMaster University,92,accepted
2023,Computer Science,University Of Toronto,98,accepted
2023,Life Sciences,University Of Toronto,93,accepted
2023,Commerce / Business,University Of Toronto,98,accepted
2023,Business Administration,University Of Toronto,93,accepted
2023,Environmental Science,University Of Toronto,89,accepted
2023,Life Sciences,University Of Toronto,91,accepted
2023,Computer Science,University Of Toronto,97,accepted
2023,Computer and Electrical Engineering,University Of Toronto,97,accepted
2023,Health Science,Wilfrid Laurier University,92,accepted
2023,Biomedical Science,University Of Ottawa,92,accepted
2023,Neuroscience,University Of Toronto,92,accepted
2023,Architectural Science,Toronto Metropolitan University,87,accepted
2023,Engineering,McMaster University,94,accepted
2023,Life Sciences,University Of Toronto,95,accepted
2023,Nursing,Toronto Metropolitan University,91,accepted
2023,Computer Science,University Of Toronto,98,accepted
2023,Life Sciences,University Of Toronto,94,accepted
2023,Computer Science,University Of Toronto,81,accepted
2023,Electrical Engineering,University Of Waterloo,92,accepted
2023,Biomedical Engineering,University Of Waterloo,99,accepted
2023,Engineering Science,University Of Toronto,98,accepted
2023,Ibiomed,McMaster University,99,accepted
2023,Engineering,University Of Victoria,86,accepted
2023,Civil Engineering,University Of Waterloo,97,accepted
2023,Mechatronics Engineering,University Of Waterloo,97,accepted
2023,Electrical Engineering,University Of Waterloo,97,accepted
2023,Engineering,Carleton University,87,accepted
2023,Kinesiology Internship,Western University,88,accepted
2023,Mechanical Engineering,University Of Waterloo,95,accepted
2023,Computer Engineering,Toronto Metropolitan University,92,accepted
2023,Biomedical Engineering,University Of Waterloo,98,accepted
2023,Biomedical science,University of Guelph,91,rejected
2023,Computer Science,University Of Toronto,95,accepted
2023,Computer Science,Queen's University,96,accepted
2023,Systems Design Engineering,University Of Waterloo,93,accepted
2023,Mechatronics Engineering,University Of Waterloo,98,accepted
2023,Health Sciences,Queen's University,81,rejected
2023,Mechatronics Engineering,University Of Waterloo,98,accepted
2023,Ibiomed,McMaster University,98,accepted
2023,Electrical Engineering,University Of Waterloo,96,accepted
2023,Chemical Engineering,Toronto Metropolitan University,95,accepted
2023,Commerce / Business,University Of Toronto,93,accepted
2023,Accounting and Financial Management,University Of Waterloo,88,accepted
2023,Ibiomed,McMaster University,97,accepted
2023,Accounting (AF001),Toronto Metropolitan University,87,accepted
2023,Nursing,Toronto Metropolitan University,93,accepted
2023,"Health, Engineering Science and Entrepreneurship",McMaster University,90,accepted
2023,Computer Engineering,University Of Waterloo,93,accepted
2023,Biology,York University,90,accepted
2023,Environmental Science,University Of Ottawa,78,accepted
2023,Nursing,Toronto Metropolitan University,94,accepted
2023,Medical Sciences,Western University,93,accepted
2023,Medical Sciences,Western University,92,accepted
2023,Life Sciences,University Of Toronto,92,accepted
2023,Psychology,University Of Toronto,92,accepted
2023,Health science,Western University,92,accepted
2023,Accounting and Financial Management,University Of Waterloo,96,accepted
2023,Health science,Western University,86,accepted
2023,Accounting and Financial Management,University Of Waterloo,93,accepted
2023,Computer and Electrical Engineering,University Of Toronto,93,accepted
2023,Accounting and Financial Management,University Of Waterloo,97,accepted
2023,Medical Sciences,Western University,91,accepted
2023,Health science,Western University,91,accepted
2023,Business Technology Management,Toronto Metropolitan University,86,accepted
2023,Accounting (AF001),Toronto Metropolitan University,85,accepted
2023,Business administration,McGill University,98,accepted
2023,Health science,University Of Ottawa,72,accepted
2023,Nursing,Western University,92,accepted
2023,Sociology,University Of Toronto,85,accepted
2023,"Politics, Philosophy and Economics",Queen's University,93,accepted
2023,Computer Engineering,University Of Waterloo,98,accepted
2023,Engineering Science,University Of Toronto,95,accepted
2023,Computer Science,University Of Ottawa,88,rejected
2023,Computer Science,Western University,88,accepted
2023,Psychology,Western University,93,accepted
2023,Life Sciences,University Of Toronto,98,accepted
2023,Accounting and Financial Management,University Of Waterloo,98,accepted
2023,Accounting (AF001),Toronto Metropolitan University,96,accepted
2023,Accounting,Brock University,96,accepted
2023,Business administration,Wilfrid Laurier University,93,accepted
2023,Life science,University Of Waterloo,94,accepted
2023,Honours Science,University Of Waterloo,94,accepted
2023,Life Sciences,University Of Toronto,92,accepted
2023,Chemistry,Toronto Metropolitan University,92,accepted
2023,Life Sciences,Queen's University,92,accepted
2023,Systems Design Engineering,University Of Waterloo,98,accepted
2023,Sociology,University Of Toronto,98,accepted
2023,Management Engineering,University Of Waterloo,93,accepted
2023,Computer Engineering,University Of Waterloo,96,accepted
2023,Computer Science,University Of Toronto,91,accepted
2023,Commerce / Business,University Of Toronto,96,accepted
2023,Life Sciences,McMaster University,89,accepted
2023,Computer Science,University Of Toronto,94,accepted
2023,Life Sciences,University Of Toronto,87,accepted
2023,Commerce,Toronto Metropolitan University,88,accepted
2023,Kinesiology,Queen's University,89,accepted
2023,Computer Science,University Of Toronto,87,accepted
2023,Commerce,Queen's University,94,accepted
2023,Economics,Wilfrid Laurier University,88,accepted
2023,Computer Science,Toronto Metropolitan University,94,accepted
2023,Engineering,McMaster University,95,accepted
2023,Computer Science,University Of Ottawa,92,accepted
2023,Health Sciences,Queen's University,100,rejected
2023,Criminology,Toronto Metropolitan University,87,accepted
2023,Software Engineering,McGill University,98,accepted
2023,Bioresource Engineering,McGill University,98,accepted
2023,Computing,Queen's University,94,accepted
2023,Health science,Western University,97,accepted
2023,Chemical Engineering,University Of Waterloo,94,accepted
2023,Business,McMaster University,89,accepted
2023,Neuroscience and Mental Health,Carleton University,86,accepted
2023,Engineering,Western University,82,accepted
2023,Health Sciences,Queen's University,99,accepted
2023,Life Sciences,University Of Toronto,86,accepted
2023,Business Technology Management,Toronto Metropolitan University,93,accepted
2023,Computer Science,York University,93,accepted
2023,Business administration,Wilfrid Laurier University,94,accepted
2023,Computer Science,York University,96,accepted
2023,Software Engineering,University Of Waterloo,86,accepted
2023,Nanotechnology Engineering,University Of Waterloo,93,accepted
2023,Chemical Engineering,Toronto Metropolitan University,82,accepted
2023,Accounting (AF001),Toronto Metropolitan University,90,accepted
2023,Mechanical Engineering,Toronto Metropolitan University,92,accepted
2023,Biomedical Engineering,Toronto Metropolitan University,90,accepted
2023,Accounting (AF001),Toronto Metropolitan University,94,accepted
2023,Business administration,Wilfrid Laurier University,94,accepted
2023,Business administration,McGill University,94,accepted
2023,Computer Science,Toronto Metropolitan University,96,accepted
2023,Computer Engineering,Toronto Metropolitan University,88,accepted
2023,Chemical Engineering,Toronto Metropolitan University,86,accepted
2023,Engineering,McMaster University,92,accepted
2023,Health Sciences,Queen's University,93,accepted
2023,Ibiomed,McMaster University,98,accepted
2023,Business administration,Wilfrid Laurier University,92,accepted
2023,Computer Engineering,Toronto Metropolitan University,91,accepted
2023,Mathematics and Statistics,McMaster University,92,accepted
2023,Mechatronics Engineering,University Of Waterloo,97,accepted
2023,Life science,University Of Waterloo,95,accepted
2023,Software Engineering,University Of Waterloo,97,accepted
2023,Health science,University Of Waterloo,97,accepted
2023,Computer Science,University Of Waterloo,99,accepted
2023,Mechanical Engineering,University Of Waterloo,91,accepted
2023,Chemical Engineering,University Of Waterloo,94,accepted
2023,Engineering,McMaster University,95,accepted
2023,Life Sciences,McMaster University,95,accepted
2023,Mathematics,University Of Waterloo,97,accepted
2023,Accounting and Financial Management,University Of Waterloo,94,accepted
2023,Life Sciences,McMaster University,95,accepted
2023,Life Sciences,McMaster University,94,accepted
2023,Computer Science,University of Guelph,91,accepted
2023,Mathematics / Business Administration,University Of Waterloo,93,accepted
2023,Mathematics,University Of Waterloo,93,accepted
2023,Computer Science,University Of Waterloo,96,accepted
2023,Engineering Science,University Of Toronto,94,accepted
2023,Computer Science,University of Guelph,94,accepted
2023,Health science,University Of Waterloo,92,accepted
2023,Biomedical Engineering,University of Guelph,88,accepted
2023,Life science,University Of Waterloo,86,accepted
2023,Honours Science,University Of Waterloo,86,rejected
2023,Planning,University Of Waterloo,86,accepted
2023,"Health, Engineering Science and Entrepreneurship",McMaster University,96,accepted
2023,"Health, Engineering Science and Entrepreneurship",McMaster University,92,accepted
2023,Life Sciences,McMaster University,93,accepted
2023,Architecture,University Of Waterloo,88,accepted
2023,Computing and Financial Management,University Of Waterloo,99,accepted
2023,Architectural Engineering,University Of Waterloo,88,rejected
2023,Architectural Studies,Carleton University,88,rejected
2023,Computer Science,McMaster University,96,rejected
2023,Computing,Queen's University,95,accepted
2023,Computer Science,McMaster University,96,rejected
2023,Computer Science,McMaster University,92,rejected
2023,Computer Science,McMaster University,94,rejected
2023,Mechatronics Engineering,University Of Waterloo,98,accepted
2023,Mathematics and Statistics,McMaster University,93,accepted
2023,Engineering,McMaster University,90,accepted
2023,Mathematics,University Of Waterloo,95,accepted
2023,Commerce,Queen's University,92,accepted
2023,Commerce / Business,University Of Toronto,87,accepted
2023,Computer Science,University Of Waterloo,90,rejected
2023,Computer Science,University Of Waterloo,89,accepted
2023,Health Sciences,Queen's University,96,accepted
2023,Health science,Western University,88,accepted
2023,Biomedical science,University of Guelph,88,rejected
2023,Biochemistry,University of Guelph,88,accepted
2023,Health science,University Of Waterloo,88,accepted
2023,Civil Engineering,Western University,89,rejected
2023,Science,Western University,87,accepted
2023,Engineering,Queen's University,92,accepted
2023,Microbiology,University of Guelph,85,accepted
2023,Chemical Engineering,University Of Toronto,92,accepted
2023,Software Engineering,University Of Waterloo,98,accepted
2024,Computing Science,University of Alberta,92,accepted
2024,Computer Science,Brock University,86,accepted
2024,Computer Science,Brock University,91,accepted
2024,Computer Science,Carleton University,91,accepted
2024,Computer Science,Carleton University,95,accepted
2024,Computer Science,Carleton University,96,accepted
2024,Computer Science,Carleton University,95,accepted
2024,Computer Science,Carleton University,98,accepted
2024,Computer Science,Carleton University,97,accepted
2024,Computer Science,Carleton University,96,accepted
2024,Computer Science,Carleton University,96,accepted
2024,Computer Science,Carleton University,87,accepted
2024,Computer Science,Carleton University,95,accepted
2024,Computer Science,Carleton University,96,accepted
2024,Computer Science,Carleton University,95,accepted
2024,Computer Science,Carleton University,92,accepted
2024,Computer Science,Carleton University,98,accepted
2024,Computer Science,Carleton University,96,accepted
2024,Computer Science,Carleton University,92,accepted
2024,Computer Science,Carleton University,91,accepted
2024,Computer Science,Carleton University,87,accepted
2024,Computer Science,Carleton University,96,accepted
2024,Computer Science,Carleton University,98,accepted
2024,Computer Science,Carleton University,93,accepted
2024,Computer Science,Carleton University,90,accepted
2024,Computer Science,Carleton University,91,accepted
2024,Computer Science,Carleton University,91,accepted
2024,Computer Science,Carleton University,94,accepted
2024,Computer Science,Carleton University,90,accepted
2024,Computer Science,Carleton University,92,accepted
2024,Computer Science,Carleton University,91,accepted
2024,Computer Science,Carleton University,92,accepted
2024,Computer Science,Carleton University,87,accepted
2024,Computer Science,Carleton University,88,accepted
2024,Computer Science,Carleton University,92,accepted
2024,Computer Science,Dalhousie University,91,accepted
2024,Computer Science,Dalhousie University,93,accepted
2024,Business Administration,Brock University,89,accepted
2024,Computer Science,University Of Ottawa,97,accepted
2024,Computer Science,University Of Ottawa,99,accepted
2024,Computer Science,University Of Ottawa,98,accepted
2024,Computer Science,University Of Ottawa,95,accepted
2024,Computer Science,University Of Ottawa,95,accepted
2024,Computer Science,University Of Ottawa,98,accepted
2024,Computer Science,University Of Waterloo,83,accepted
2024,Computer Science,University Of Toronto,94,accepted
2024,Computer Science,University Of Toronto,98,accepted
2024,Computer Science,University Of Toronto,99,accepted
2024,Computer Science,University Of Toronto,96,accepted
2024,Computer Science,University Of Toronto,98,accepted
2024,Computer Science,University Of Toronto,97,accepted
2024,Computer Science,University Of Toronto,87,accepted
2024,Computer Science,University Of Toronto,86,accepted
2024,Computer Science,University Of Toronto,99,accepted
2024,Computer Science,University Of Toronto,95,accepted
2024,Computer Science,University Of Toronto,99,accepted
2024,Computer Science,University Of Toronto,98,accepted
2024,Computer Science,University Of Toronto,98,accepted
2024,Computer Science,University Of Toronto,97,accepted
2024,Computer Science,University Of Toronto,97,accepted
2024,Computer Science,University Of Toronto,96,accepted
2024,Computer Science,University Of Toronto,96,accepted
2024,Computer Science,University Of Toronto,95,accepted
2024,Computer Science,University Of Toronto,98,accepted
2024,Computer Science,University Of Toronto,99,accepted
2024,Computer Science,University Of Toronto,97,accepted
2024,Computer Science,University Of Toronto,97,accepted
2024,Computer Science,Lakehead University,98,accepted
2024,Computing Science,Ontario Tech University,91,accepted
2024,Computing Science,Ontario Tech University,97,accepted
2024,Computer Science,Toronto Metropolitan University,98,accepted
2024,Computer Science,Toronto Metropolitan University,96,accepted
2024,Computer Science,Toronto Metropolitan University,93,accepted
2024,Computing Science,University Of Alberta,94,accepted
2024,Computer Science,University of Guelph,98,accepted
2024,Computer Science,University of Guelph,96,accepted
2024,Computer Science,University of Guelph,93,accepted
2024,Computer Science,University of Guelph,97,accepted
2024,Computer Science,University of Guelph,92,accepted
2024,Computer Science,University of Guelph,97,accepted
2024,Computer Science,University Of Toronto,98,accepted
2024,Computer Science,University Of Toronto,95,accepted
2024,Computer Science,University Of Waterloo,97,accepted
2024,Computer Science,University Of Waterloo,96,accepted
2024,Computer Science,University Of Waterloo,87,accepted
2024,Computer Science,University Of Waterloo,99,accepted
2024,Computer Science,York University,87,accepted
2024,Computer Science,York University,90,accepted
2024,Computer Science,York University,92,accepted
2024,Computer Science,York University,93,accepted
2024,Computer Science,York University,90,accepted
2024,Computer Science,York University,88,accepted
2024,Computer Science,McMaster University,99,accepted
2024,Computer Science,McMaster University,97,accepted
2024,Computer Science,McMaster University,98,accepted
2024,Computer Science,McMaster University,99,accepted
2024,Computer Science,McMaster University,98,accepted
2024,Computer Science,Western University,98,accepted
2024,Computer Science,Western University,98,accepted
2024,Computer Science,Western University,94,accepted
2024,Computer Science,Western University,95,accepted
2024,Computer Science,Western University,96,accepted
2024,Computer Science,Western University,97,accepted
2024,Computer Science,Western University,94,accepted
2024,Computer Science,Western University,96,accepted
2024,Computer Science,Western University,98,accepted
2024,Computer Science,Western University,96,accepted
2024,Computer Science,Western University,97,accepted
2024,Computer Science,Western University,94,accepted
2024,Computer Science,Western University,97,accepted
2024,Computer Science,Wilfrid Laurier University,92,accepted
2024,Computer Science,Wilfrid Laurier University,93,accepted
2024,Computer Science,Wilfrid Laurier University,89,accepted
2024,Computer Science,Wilfrid Laurier University,95,accepted
2024,Computer Science,Wilfrid Laurier University,87,accepted
2024,Computer Science,Wilfrid Laurier University,96,accepted
2024,Computer Science,Wilfrid Laurier University,83,accepted
2024,Computer Science,Wilfrid Laurier University,91,accepted
2024,Computer Science,Wilfrid Laurier University,97,accepted
2024,Computer Science,Wilfrid Laurier University,87,accepted
2024,Computer Science,Wilfrid Laurier University,85,accepted
2024,Computer Science,Wilfrid Laurier University,94,accepted
2024,Computer Science,Wilfrid Laurier University,88,accepted
2024,Computer Science,Wilfrid Laurier University,86,accepted
2024,Computer Science,York University,94,accepted
2024,Computer Science,York University,93,accepted
2024,Computer Science,York University,94,accepted
2024,Computer Science,York University,94,accepted
2024,Computing,Queen's University,96,accepted
2024,Computing,Queen's University,96,accepted
2024,Computing,Queen's University,93,accepted
2024,Computing,Queen's University,93,accepted
2024,Computing,Queen's University,96,accepted
2024,Computing,Queen's University,97,accepted
2024,Computing,Queen's University,98,accepted
2024,Computing,Queen's University,97,accepted
2024,Computing,Queen's University,97,accepted
2024,Computing,Queen's University,92,accepted
2024,Computing,Queen's University,98,accepted
2024,Computing,Queen's University,97,accepted
2024,Computing,Queen's University,93,accepted
2024,Computing,Queen's University,94,accepted
2024,Software Engineering,University Of Waterloo,100,accepted
2024,Software Engineering,University Of Waterloo,87,accepted
2024,Electrical Engineering,University Of Waterloo,93,accepted
2024,Electrical Engineering,University Of Waterloo,94,accepted
2024,Electrical Engineering,University Of Waterloo,93,accepted
2024,Electrical Engineering,University Of Waterloo,97,accepted
2024,Mechanical Engineering,University Of Waterloo,98,accepted
2024,Mechanical Engineering,University Of Waterloo,97,accepted
2024,Mechanical Engineering,University Of Waterloo,98,accepted
2024,Mechanical Engineering,University Of Waterloo,92,accepted
2024,Mechanical Engineering,University Of Waterloo,94,accepted
2024,Mechanical Engineering,University Of Waterloo,98,accepted
2024,Mechanical Engineering,University Of Waterloo,95,accepted
2024,Mechanical Engineering,University Of Waterloo,96,accepted
2024,Mechanical Engineering,University Of Waterloo,98,accepted
2024,Computer Engineering,University Of Waterloo,92,accepted
2024,Computer Engineering,University Of Waterloo,97,accepted
2024,Computer Engineering,University Of Waterloo,96,accepted
2024,Computer Engineering,University Of Waterloo,96,accepted
2024,Computer Engineering,University Of Waterloo,98,accepted
2024,Computer Engineering,University Of Waterloo,96,accepted
2024,Computer Engineering,University Of Waterloo,98,accepted
2024,Computer Engineering,University Of Waterloo,95,accepted
2024,Computer Engineering,University Of Waterloo,95,accepted
2024,Computer Engineering,University Of Waterloo,96,accepted
2024,Computer Engineering,University Of Waterloo,97,accepted
2024,Computer Engineering,University Of Waterloo,95,accepted
2024,Computer Engineering,University Of Waterloo,91,accepted
2024,Computer Engineering,University Of Waterloo,93,accepted
2024,Engineering,Western University,98,accepted
2024,Engineering,Western University,86,accepted
2024,Aerospace Engineering,Carleton University,91,accepted
2024,Aerospace Engineering,Carleton University,91,accepted
2024,Mechanical Engineering,University Of Ottawa,87,accepted
2024,Computer Engineering,University Of Waterloo,94,accepted
2024,Mechanical Engineering,Carleton University,97,accepted
2024,Biomedical and Mechanical Engineering,Carleton University,94,accepted
2024,Civil Engineering,Carleton University,90,accepted
2024,Computer Systems Engineering,Carleton University,85,accepted
2024,Computer Systems Engineering,Carleton University,94,accepted
2024,Biomedical and Electrical Engineering,Carleton University,91,accepted
2024,Sustainable and Renewable Energy Engineering,Carleton University,85,accepted
2024,Engineering Physics,Carleton University,92,accepted
2024,Computer Engineering,Toronto Metropolitan University,90,accepted
2024,Computer Engineering,Toronto Metropolitan University,93,accepted
2024,Computer Engineering,Toronto Metropolitan University,93,accepted
2024,Computer Engineering,Toronto Metropolitan University,94,accepted
2024,Computer Engineering,Toronto Metropolitan University,96,accepted
2024,Computer Engineering,Toronto Metropolitan University,92,accepted
2024,Chemical Engineering,Toronto Metropolitan University,94,accepted
2024,Electrical Engineering,Ontario Tech University,93,accepted
2024,Software Engineering and Management,Ontario Tech University,96,accepted
2024,Chemical Engineering,University Of Ottawa,94,accepted
2024,Chemical Engineering,University Of Ottawa,93,accepted
2024,Chemical Engineering,University Of Ottawa,94,accepted
2024,Chemical Engineering,University Of Ottawa,97,accepted
2024,Civil Engineering,University Of Ottawa,94,accepted
2024,Engineering,York University,86,accepted
2024,Engineering,York University,89,accepted
2024,Engineering,York University,96,accepted
2024,Engineering,York University,94,accepted
2024,Engineering,York University,92,accepted
2024,Electrical Engineering,McMaster University,91,accepted
2024,Computer Engineering,University of Guelph,97,accepted
2024,Software Engineering,University of Guelph,98,accepted
2024,Software Engineering,University of Guelph,96,accepted
2024,Engineering,McMaster University,93,accepted
2024,Computer Science,McGill University,98,accepted
2024,Civil Engineering,University Of Ottawa,97,accepted
2024,Electrical Engineering,Toronto Metropolitan University,90,accepted
2024,Mechatronics Engineering,Ontario Tech University,95,accepted
2024,Software Engineering and Management,Ontario Tech University,94,accepted
2024,Engineering,York University,91,accepted
2024,Engineering,York University,98,accepted
2024,Engineering,York University,89,accepted
2024,Engineering,Western University,94,accepted
2024,Engineering,Western University,94,accepted
2024,Engineering,Western University,97,accepted
2024,Engineering,Western University,96,accepted
2024,Engineering,Western University,95,accepted
2024,Engineering,Western University,96,accepted
2024,Chemical Engineering,Western University,97,accepted
2024,Mechatronic Systems Engineering,Western University,98,accepted
2024,Mechanical Engineering,Western University,96,accepted
2024,Software Engineering,Carleton University,97,accepted
2024,Software Engineering,Carleton University,96,accepted
2024,Software Engineering,Carleton University,97,accepted
2024,Engineering,University Of Calgary,96,accepted
2024,Biological Engineering,University of Guelph,93,accepted
2024,Mechanical Engineering,University of Guelph,95,accepted
2024,Electrical Engineering,University Of Ottawa,95,accepted
2024,Electrical Engineering,University Of Ottawa,92,accepted
2024,Electrical Engineering,University Of Ottawa,90,accepted
2024,Engineering,Queen's University,99,accepted
2024,Engineering,Queen's University,99,accepted
2024,Engineering,Queen's University,96,accepted
2024,Engineering,Queen's University,95,accepted
2024,Engineering,Queen's University,94,accepted
2024,Engineering,Queen's University,95,accepted
2024,Engineering,Queen's University,97,accepted
2024,Engineering,Queen's University,96,accepted
2024,Engineering,Queen's University,97,accepted
2024,Engineering,Queen's University,94,accepted
2024,Engineering,Queen's University,91,accepted
2024,Engineering,Queen's University,97,accepted
2024,Engineering,Queen's University,94,accepted
2024,Engineering,Queen's University,96,accepted
2024,Engineering,Queen's University,94,accepted
2024,Engineering,Queen's University,92,accepted
2024,Electrical and Computer Engineering Innovation,Queen's University,97,accepted
2024,Electrical and Computer Engineering Innovation,Queen's University,93,accepted
2024,Electrical and Computer Engineering Innovation,Queen's University,91,accepted
2024,Electrical and Computer Engineering Innovation,Queen's University,97,accepted
2024,Electrical and Computer Engineering Innovation,Queen's University,98,accepted
2024,Mechatronics and Robotics Engineering,Queen's University,96,accepted
2024,Mechatronics and Robotics Engineering,Queen's University,93,accepted
2024,Mechatronics and Robotics Engineering,Queen's University,98,accepted
2024,Electrical and Computer Engineering Innovation,Queen's University,96,accepted
2024,Electrical Engineering,University Of Ottawa,90,accepted
2024,Aerospace Engineering,Toronto Metropolitan University,87,accepted
2024,Electrical Engineering,Toronto Metropolitan University,92,accepted
2024,Engineering,Toronto Metropolitan University,92,accepted
2024,Engineering,Toronto Metropolitan University,96,accepted
2024,Software Engineering,University Of Ottawa,93,accepted
2024,Software Engineering,Ontario Tech University,82,accepted
2024,Chemical Engineering,University Of Toronto,98,accepted
2024,Engineering,Queen's University,95,accepted
2024,Engineering,Queen's University,99,accepted
2024,Engineering,Queen's University,98,accepted
2024,Engineering,Queen's University,96,accepted
2024,Engineering,Queen's University,95,accepted
2024,Engineering,Queen's University,97,accepted
2024,Engineering,McMaster University,96,accepted
2024,Engineering,McMaster University,96,accepted
2024,Engineering,McMaster University,97,accepted
2024,Engineering,McMaster University,98,accepted
2024,Engineering,McMaster University,95,accepted
2024,Engineering,McMaster University,98,accepted
2024,Engineering,McMaster University,97,accepted
2024,Engineering,McMaster University,99,accepted
2024,Engineering,McMaster University,92,accepted
2024,Engineering,McMaster University,96,accepted
2024,Engineering,McMaster University,97,accepted
2024,Engineering,McMaster University,96,accepted
2024,Engineering,McMaster University,99,accepted
2024,Engineering,McMaster University,98,accepted
2024,Engineering,McMaster University,96,accepted
2024,Engineering,McMaster University,98,accepted
2024,Engineering,McMaster University,96,accepted
2024,Engineering,McMaster University,91,accepted
2024,Engineering,McMaster University,98,accepted
2024,Chemical Engineering and Bioengineering,McMaster University,97,accepted
2024,Engineering,McMaster University,98,accepted
2024,Engineering,McMaster University,89,accepted
2024,Engineering,McMaster University,90,accepted
2024,Engineering,McMaster University,100,accepted
2024,Engineering,McMaster University,97,accepted
2024,Engineering,McMaster University,96,accepted
2024,Mechanical Engineering,McGill University,96,accepted
2024,Engineering,Queen's University,96,accepted
2024,Chemical Engineering,University Of Toronto,97,accepted
2024,Computer and Electrical Engineering,University Of Toronto,98,accepted
2024,Computer and Electrical Engineering,University Of Toronto,99,accepted
2024,Computer and Electrical Engineering,University Of Toronto,96,accepted
2024,Engineering,University Of Toronto,96,accepted
2024,Engineering Science,University Of Toronto,99,accepted
2024,Engineering Science,University Of Toronto,97,accepted
2024,Engineering Science,University Of Toronto,100,accepted
2024,Engineering Science,University Of Toronto,99,accepted
2024,Engineering Science,University Of Toronto,96,accepted
2024,Engineering Science,University Of Toronto,99,accepted
2024,Engineering Science,University Of Toronto,95,accepted
2024,Engineering Science,University Of Toronto,97,accepted
2024,Mechanical Engineering,University Of Toronto,96,accepted
2024,Mechanical Engineering,Ontario Tech University,84,accepted
2024,Materials Engineering,University Of Toronto,93,accepted
2024,Materials Engineering,McGill University,93,accepted
2024,Civil Engineering,University Of Toronto,98,accepted
2024,Systems Design Engineering,University Of Waterloo,95,accepted
2024,Mathematical Economics,University of Guelph,96,accepted
2024,Business administration,Wilfrid Laurier University,93,accepted
2024,Mathematical Physics,University Of Waterloo,93,accepted
2024,Biochemistry,University Of Ottawa,98,accepted
2024,Biochemistry,University Of Ottawa,70,accepted
2024,Life Sciences,Queen's University,96,accepted
2024,Life Sciences,Queen's University,94,accepted
2024,Life Sciences,Queen's University,98,accepted
2024,Life Sciences,Queen's University,99,accepted
2024,Life Sciences,Queen's University,97,accepted
2024,Life Sciences,McMaster University,96,accepted
2024,Life Sciences,McMaster University,99,accepted
2024,Life Sciences,McMaster University,95,accepted
2024,Life Sciences,McMaster University,96,accepted
2024,Life Sciences,McMaster University,94,accepted
2024,Life Sciences,McMaster University,95,accepted
2024,Life science,University Of Waterloo,90,accepted
2024,Life science,University Of Waterloo,84,accepted
2024,Life science,University Of Waterloo,85,accepted
2024,Life science,University Of Waterloo,88,accepted
2024,Life science,University Of Waterloo,92,accepted
2024,Life Sciences,McMaster University,94,accepted
2024,Life Sciences,McMaster University,92,accepted
2024,Life science,University Of Waterloo,93,accepted
2024,Life Sciences,Queen's University,91,accepted
2024,Life Sciences,Queen's University,92,accepted
2024,Life Sciences,Queen's University,95,accepted
2024,Life Sciences,Queen's University,91,accepted
2024,Life Sciences,Queen's University,90,accepted
2024,Life Sciences,Queen's University,95,accepted
2024,Life Sciences,McMaster University,93,accepted
2024,Life Sciences,McMaster University,92,accepted
2024,Life Sciences,McMaster University,93,accepted
2024,Life Sciences,McMaster University,93,accepted
2024,Life Sciences,McMaster University,99,accepted
2024,Life Sciences,McMaster University,95,accepted
2024,Life Sciences,McMaster University,97,accepted
2024,Life Sciences,McMaster University,96,accepted
2024,Life Sciences,McMaster University,98,accepted
2024,Life science,Lakehead University,85,accepted
2024,Life Sciences,University Of Toronto,96,accepted
2024,Life Sciences,University Of Toronto,97,accepted
2024,Life Sciences,University Of Toronto,85,accepted
2024,Medical Sciences,Western University,92,accepted
2024,Medical Sciences,Western University,95,accepted
2024,Medical Sciences,Western University,99,accepted
2024,Medical Sciences,Western University,95,accepted
2024,Medical Sciences,Western University,90,accepted
2024,Health science,University Of Waterloo,96,accepted
2024,Health science,Western University,92,accepted
2024,Health science,Western University,92,accepted
2024,Health science,Western University,95,accepted
2024,Health science,Western University,90,accepted
2024,Life Sciences,University Of Toronto,93,accepted
2024,Life Sciences,University Of Toronto,91,accepted
2024,Life Sciences,University Of Toronto,92,accepted
2024,Life Sciences,University Of Toronto,96,accepted
2024,Life Sciences,University Of Toronto,84,accepted
2024,Life Sciences,University Of Toronto,92,accepted
2024,Life Sciences,University Of Toronto,90,accepted
2024,Life Sciences,Queen's University,92,accepted
2024,Life Sciences,Queen's University,95,accepted
2024,Life Sciences,Queen's University,93,accepted
2024,Life Sciences,University Of Toronto,92,accepted
2024,Life Sciences,University Of Toronto,97,accepted
2024,Life Sciences,University Of Toronto,90,accepted
2024,Life science,University Of Waterloo,95,accepted
2024,Life Sciences,McMaster University,94,accepted
2024,Life science,University Of Waterloo,96,accepted
2024,Science,Dalhousie University,92,accepted
2024,Science,Western University,98,accepted
2024,Medical Sciences,Western University,94,accepted
2024,Cell Biology,University Of Alberta,87,accepted
2024,Nursing,York University,93,accepted
2024,Mathematical Sciences,University Of Toronto,92,accepted
2024,Physical Science,University Of Waterloo,95,accepted
2024,Science,Queen's University,94,accepted
2024,Science,St. Francis Xavier University,98,accepted
2024,Science,St. Francis Xavier University,92,accepted
2024,Honours Science,University Of Waterloo,91,accepted
2024,Honours Science,University Of Waterloo,93,accepted
2024,Science,Western University,92,accepted
2024,Biology,York University,88,accepted
2024,Animal Science,University of Guelph,93,accepted
2024,Animal Science,University of Guelph,90,accepted
2024,Animal Science,University of Guelph,92,accepted
2024,Planning,University Of Waterloo,85,accepted
2024,Honours Science,University Of Waterloo,94,accepted
2024,Biology,York University,87,accepted
2024,Chemistry,University Of Toronto,90,accepted
2024,Biochemistry,University Of Ottawa,95,accepted
2024,Physics,University Of Ottawa,90,accepted
2024,Chemistry,University Of Ottawa,85,accepted
2024,Biology,University Of Ottawa,93,accepted
2024,Animal Science,University of Guelph,88,accepted
2024,Biology,York University,96,accepted
2024,Chemistry,Toronto Metropolitan University,87,accepted
2024,Physical Science,University Of Waterloo,98,accepted
2024,Physical Science,University Of Waterloo,97,accepted
2024,Biology,Toronto Metropolitan University,91,accepted
2024,Biology,Wilfrid Laurier University,86,accepted
2024,Medical Sciences,Brock University,96,accepted
2024,Life Sciences,University Of Toronto,93,accepted
2024,Life Sciences,University Of Toronto,93,accepted
2024,Life Sciences,University Of Toronto,97,accepted
2024,Biomedical Science,University Of Ottawa,94,accepted
2024,Biomedical Science,University Of Ottawa,92,accepted
2024,Biomedical Sciences,University Of Windsor,81,accepted
2024,Biomedical Sciences,Brock University,98,accepted
2024,Biomedical Science,University Of Ottawa,98,accepted
2024,Biomedical Science,University Of Ottawa,98,accepted
2024,Biomedical science,University of Guelph,91,accepted
2024,Biomedical science,University of Guelph,99,accepted
2024,Biomedical science,University of Guelph,90,accepted
2024,Biomedical science,University of Guelph,96,accepted
2024,Biomedical science,University of Guelph,92,accepted
2024,Biomedical science,University of Guelph,97,accepted
2024,Biopharmaceutical Science,University Of Ottawa,90,accepted
2024,Physics,Carleton University,89,accepted
2024,Environmental Studies,Wilfrid Laurier University,92,accepted
2024,Health science,University Of Ottawa,96,accepted
2024,Health Science,Wilfrid Laurier University,97,accepted
2024,Health Science,Wilfrid Laurier University,91,accepted
2024,Health Science,Wilfrid Laurier University,95,accepted
2024,Health science,University of Guelph,92,accepted
2024,Health science,University Of Ottawa,89,accepted
2024,Health science,University Of Ottawa,93,accepted
2024,Health science,University Of Ottawa,97,accepted
2024,Health science,University Of Ottawa,92,accepted
2024,Health Physics and Radiation Science,Ontario Tech University,70,accepted
2024,Health science,York University,80,accepted
2024,Kinesiology & Health Science,York University,85,accepted
2024,Kinesiology & Health Science,York University,94,accepted
2024,Health science,University Of Waterloo,95,accepted
2024,Health science,Carleton University,91,accepted
2024,Health science,University Of Ottawa,92,accepted
2024,Health Science,Wilfrid Laurier University,94,accepted
2024,Health science,University Of Waterloo,96,accepted
2024,Health science,University Of Waterloo,98,accepted
2024,Health science,Western University,80,accepted
