institution,program
Conestoga College,Applied Health Information Science
Holland College,Culinary operations
Northern Alberta Institute of Technology (NAIT),Bachelor of Applied Information Systems Technology - Information Systems
Northern Alberta Institute of Technology (NAIT),Bachelor of Applied Information Systems Technology - Network Management
Niagara College ,Honours Bachelor of Business Administration (Hospitality)
Niagara College ,Honours Bachelor of Business Administration (Human Resources)
Niagara College ,Honours Bachelor of Business Administration (International Commerce and Global Development)
George Brown College,Honours Bachelor of Commerce (Culinary Management)
University of Toronto,Computer and Electrical Engineering
University of Toronto,Engineering Science
University of Toronto,Industrial Engineering
University of Toronto,Materials Engineering
University of Toronto,Mechanical Engineering
University of Toronto,Mineral Engineering
Sheridan College,Honours Bachelor of Community Safety
Humber College,Clinical Research
Georgian College  ,Computer and Network Systems Security
Conestoga College,Culinary Skills
Conestoga College,Human Resources Management
Georgian College  ,Human Resources Management
Georgian College  ,International Business Management
Langara College,Internet/ Web Computing and Software Development
Conestoga College,Mechanical Techniques - Millwright
New Brunswick Community College (NBCC) - Saint-John Campus,Office Administration -Executive
Humber College,Regulatory Affairs
Georgian College  ,Research Analyst
Georgian College  ,Snow Resort Fundamentals
Nicola Valley Institute of Technology,Culinary Arts Professional Cook Level 1
Red River College,Pharmaceutical manufacturing
Conestoga College,Food Processing Technician
Conestoga College,Powerline Technician
Reeves College,Accounting and Payroll Administration
Reeves College,Business Administration Management
"CDI College of Business, Technology and Health Care (Edmonton City Centre)",Business and Digital Marketing Management
"CDI College of Business, Technology and Health Care (Edmonton South Campus)",Business and Digital Marketing Management
"CDI College of Business, Technology and Health Care (Edmonton South Campus)",Human Resources Administration
"CDI College of Business, Technology and Health Care (Edmonton City Centre)",Human Resources and Payroll Coordinator
Reeves College,Logistics and Supply Chain Management
"CDI College of Business, Technology and Health Care (Edmonton South Campus)",Logistics and Supply Chain Management
Reeves College,Medical Office Administration
New Brunswick Community College (NBCC) - Saint-John Campus,Office Administration -Executive
Reeves College,Office Administration
Reeves College,Social Media and Web Marketing
"CDI College of Business, Technology and Health Care (Edmonton City Centre)",Accounting and Payroll Administration
"CDI College of Business, Technology and Health Care (Edmonton South Campus)",Accounting and Payroll Administration
Humber College,Public Relations
British Columbia Institute of Technology (BCIT),Computer applications (High Tech Professional Program)
British Columbia Institute of Technology (BCIT),Computer applications (High Tech Professional Program)
Manitoba Institute of Trades and Technology (MITT),Cyber Defence and Cloud Administration 
Reeves College,Graphic Design
Manitoba Institute of Trades and Technology (MITT),Network and Systems Administrator
Manitoba Institute of Trades and Technology (MITT),Software Developper
University of Ottawa,Law
Reeves College,Legal Assistant
"CDI College of Business, Technology and Health Care (Edmonton City Centre)",Paralegal
"CDI College of Business, Technology and Health Care (Edmonton South Campus)",Paralegal
George Brown College,Advanced Risk communication in a Disaster
George Brown College,Business Continuity
George Brown College,Disaster Management
George Brown College,Exercise Design
George Brown College,Incident Management System
George Brown College,Leadership in Public Service
George Brown College,Public Health in Emergency Management
Reeves College,Child and Youth Services Worker
Heritage College,Accounting Principles and Software Applications
Heritage College,Bilingual Office Administration
O'Sullivan College of Montreal,Informatics Management and Internet Programming
O'Sullivan College of Montreal,Network Management
Herzing College,Techniques of Sustainable Architecture
Herzing College,Interior Design
Trent University - Peterborough Campus,Bachelor of Business Administration (BBA)  Co-op
Herzing College,Business Administraton (Marketing and Sales)
Herzing College,Business and International Commerce Import/Export
CDI College (Montreal),Judicial techniques
Herzing College,Microcomputer and Networking Systems
Herzing College,Programmer Analyst
Heritage College,Web and Desktop Programming
Herzing College,Early Childhood Education
CDI College (Montreal),Special Care Councelling
Herzing College,Computer-Aided Design and Drafting
Teccart Institution,Paralegal technology AEC
Carleton University,ACT to Employ
First Nations University of Canada,Administration
University of Alberta,Agriculture/Forestry
George Brown College,Applied Business
Brandon University,Applied Disaster and Emergency Studies
Medicine Hat College,Applied Ecotourism and Outdoor Leadership (ETOL)
St. Francis Xavier University,Aquatic Resources
University of Lethbridge,Archaeology & Geography
Carleton University,Architectural Studies
First Nations University of Canada,Art
Thompson Rivers University,Art
Thompson Rivers University,Biology
Algonquin College of Applied Arts and Technology (Ottawa),Building Sciences
University of Windsor,Business / Computer Science
Algoma University,Business Administration
Memorial University of Newfoundland,Business
Carleton University,Cognitive Science 
Laurentian University,Commerce
University of Alberta,Commerce
Carleton University,Communications and Media Studies
Algoma University,Community Economics and Social Development
Okanagan College ,Computer Information Systems
St. Francis Xavier University,Computer Information Systems
University of Windsor,Computer Information Systems
Mount Royal University,Computer Information Systems
Algoma University,Computer Science 
Dalhousie University,Computer Science 
Thompson Rivers University,Computing Science
University of Ottawa,Conflict Studies and Human Rights
Seneca College,Crime and Intelligence Analysis
Carleton University,Criminology and Criminal Justice
Vancouver Island University,Criminology
Conestoga College,Design
Humber College,Digital Business Management
York University,Disaster and Emergency Management
St. Francis Xavier University,Earth Sciences
Conestoga College,Electronic Systems Engineering
Red River College,Engineering
University of Alberta,English and creative writting
Thompson Rivers University,Environmental Chemistry
Concordia University of Edmonton,Environmental Health
University of Manitoba,Environmental Science
University of Manitoba,Environmental Studies
Ontario Tech University,Finance
Memorial University of Newfoundland,Food Technology
British Columbia Institute of Technology (BCIT),Forensic investigation
Ontario Tech University,Game development and Entrepreneurship
University of Saskatchewan,"Geography, Planning and Geographic Information Systems"
Carleton University,Global Politics
Carleton University,Global Politics
Laurentian University,Health Promotion
Algonquin College of Applied Arts and Technology (Ottawa),Hospitality and Tourism  Management
University of British Columbia - Okanagan Campus,Human Kinetics
York University,Human Resources Management
Humber College,Human Resources Management
Laurentian University,Indigenous Social Work
Carleton University,Industrial Design
Sheridan College,Information Systems Security
British Columbia Institute of Technology (BCIT),Information Technology
British Columbia Institute of Technology (BCIT),Interactive arts
Royal Roads University,Interdisciplinary Studies
Algonquin College of Applied Arts and Technology (Ottawa),Interior Design
Seneca College,International Business Management
Humber College,International Development
Humber College,International Development
University of Saskatchewan,International Studies
University of British Columbia - Vancouver Campus,Kinesiology 
Memorial University of Newfoundland,Kinesiology 
Laurentian University,Kinesiology 
British Columbia Institute of Technology (BCIT),Management and Technology
Concordia University of Edmonton,Management
Carleton University,Media Production and Design
University of British Columbia - Okanagan Campus,Media Studies
Vancouver Island University,Natural Resource Protection
Thompson Rivers University,Natural Resource Science
Ontario Tech University,Network and Information Technology Security
Brock University,Oenology and Viticulture
University of Windsor,Operational Research
Laurentian University,Outdoor Adventure Leadership
University of New Brunswick - Fredericton Campus,Philosophy in Interdisciplinary Leadership
Memorial University of Newfoundland,Physical Education
Thompson Rivers University,Physics
Georgian College  ,Police Studies
Algoma University,Psychology
York University,Public Administration
Carleton University,Public Affairs and Policy Management
McMaster University,Public Policy Analysis
University of Waterloo,Public Policy Analysis
University of New Brunswick - Saint John Campus,Public Policy Analysis
Memorial University of Newfoundland,Public Policy Analysis
University of Calgary,Public Policy Analysis
University of Manitoba,Public Policy Analysis
York University,Public Policy Analysis
University of Alberta,Public Policy Analysis
Western University,Public Policy Analysis
University of Saskatchewan,Public Policy Analysis
University of New Brunswick - Fredericton Campus,Public Policy Analysis
University of British Columbia - Vancouver Campus,Public Policy Analysis
University of Guelph,Public Policy Analysis
University of Ottawa,Public Policy Analysis
The King's University,Public Policy Analysis
University of Toronto,Public Policy Analysis
McGill University ,Public Policy Analysis
Mount Allison University,Public Policy Analysis
Mount Saint Vincent University,Public Policy Studies
Mount Saint Vincent University,Public Relations
Conestoga College,Public Relations
Memorial University of Newfoundland,Recreation
University of Victoria,Social Work 
Memorial University of Newfoundland,Social Work
Laurentian University,Sports Administration
Mount Saint Vincent University,Tourism and Hospitality Management
Cape Breton University,Tourism and Hospitality Management
Brock University,Tourism Management
University of British Columbia - Okanagan Campus,Visual Arts
University of British Columbia - Okanagan Campus,"Visual, Digital & Performance"
Algonquin College of Applied Arts and Technology (Ottawa),Bachelor of Culinary Arts and Food Science (Honours)
Sheridan College,Honours Bachelor of Animation
Sheridan College,Honours Bachelor of Craft & Design (Ceramics)
Sheridan College,Honours Bachelor of Craft & Design (Furniture)
Sheridan College,Honours Bachelor of Craft & Design (Glass)
Sheridan College,Honours Bachelor of Craft & Design (Industrial Design)
Sheridan College,Honours Bachelor of Craft & Design (Textile)
Sheridan College,Honours Bachelor of Film & Television
Sheridan College,Honours Bachelor of Game Design
Sheridan College,Honours Bachelor of Illustration
Sheridan College,Honours Bachelor of Interaction Design
Sheridan College,Honours Bachelor of Interior Design
Fanshawe College,Honours Bachelor of Interior Design
Sheridan College,Honours Bachelor of Photography
Fanshawe College,Integrated Land Planning Technologies
Lethbridge College,Justice Studies
University of Guelph-Humber,"Media, Communications and Digital communications"
University of Guelph-Humber,"Media, Communications and Media Business"
University of Guelph-Humber,"Media, Communications and Public Relations"
University of Guelph-Humber,"Media, Communications, Image arts"
Humber College,Paralegal Studies
University of Calgary,Visual Studies
University of Guelph,Adult Development
Olds College,Agribusiness
University of the Fraser Valley,Agricultural Science
Wilfrid Laurier University,Applied Water Science
University of Waterloo,Architectural Engineering
University of British Columbia - Vancouver Campus,"Bachelor of Design in Architecture, Landscape Architecture, and Urbanism"
University of Waterloo,Biomedical Engineering
Simon Fraser University,Biomedical Engineering
University of British Columbia - Vancouver Campus,Biomedical Engineering
University of Winnipeg,Biotechnology
McMaster University,Business Informatics
University of British Columbia - Vancouver Campus,Chemical and Biological Engineering
University of British Columbia - Vancouver Campus,Chemical Engineering
University of Ottawa,Chemical Engineering
University of Waterloo,Chemical Engineering
University of Toronto,Chemical Engineering
University of Guelph,"Child, Youth & Family"
University of British Columbia - Okanagan Campus,Civil Engineering
University of British Columbia - Vancouver Campus,Civil Engineering
University of Ottawa,Civil Engineering
University of Waterloo,Civil Engineering
University of British Columbia - Vancouver Campus,Computer Engineering
University of Ottawa,Computer Engineering
Simon Fraser University,Computer Engineering
University of Waterloo,Computer Engineering
McMaster University,Computer Science 
Lethbridge College,Conservation Enforcement
Wilfrid Laurier University,Data Science
University of Winnipeg,"Ecology, Microbiology, Biochemistry, Genetics, Zoology, Chemisty"
University of British Columbia - Vancouver Campus,Electrical Engineering
University of Ottawa,Electrical Engineering
University of British Columbia - Okanagan Campus,Electrical Engineering
University of Waterloo,Electrical Engineering
University of Regina,Electronic Systems Engineering
Simon Fraser University,Electronics Engineering
University of British Columbia - Vancouver Campus,Engineering Physics
Simon Fraser University,Engineering Physics
University of Toronto,Engineering
University of Winnipeg,Environmental Chemistry
University of Waterloo,Environmental Engineering
University of British Columbia - Vancouver Campus,Environmental Engineering
University of Northern British Columbia,Environmental Engineering
Lakeland College,Environmental Management
University of Winnipeg,Environmental Sustainability
University of Regina,Environmental Systems Engineering
University of Waterloo,Geological Engineering
University of British Columbia - Vancouver Campus,Geological Engineering
Olds College,Golf Course Management
Fanshawe College,Honours Bachelor of Applied Technology - Biotechnology
University of Winnipeg,Industrial Chemistry
University of Regina,Industrial Systems Engineering
University of British Columbia - Vancouver Campus,Integrated Engineering
University of Guelph-Humber,Justice Studies
Olds College,Landscape Management
University of Waterloo,Management Engineering
University of British Columbia - Okanagan Campus,Manufacturing Engineering
University of British Columbia - Vancouver Campus,Manufacturing Engineering
University of British Columbia - Vancouver Campus,Materials Engineering
University of Waterloo,Mechanical Engineering
University of British Columbia - Vancouver Campus,Mechanical Engineering
University of Ottawa,Mechanical Engineering
University of British Columbia - Okanagan Campus,Mechanical Engineering
University of Waterloo,Mechatronics Engineering
University of British Columbia - Vancouver Campus,Mining  Engineering
University of Waterloo,Nanotechnology Engineering
Toronto Metropolitan University (formerly Ryerson University) ,Occupational Health and Safety
University of Regina,Petroleum Systems Engineering
Olds College,Production Management
Toronto Metropolitan University (formerly Ryerson University) ,Public Health and Safety
University of Ottawa,Software Engineering
University of Waterloo,Software Engineering
University of Regina,Software Systems Engineering
Simon Fraser University,Sustainable Energy engineering
University of Waterloo,Systems Design Engineering
Simon Fraser University,Systems Engineering
Conestoga College,Architecture - Project and Facility Management
McMaster University,Automotive & Vehicle Technology
Seneca College,Aviation Technology
Algonquin College of Applied Arts and Technology (Ottawa),Bachelor of Automation and Robotics (Honours)
George Brown College,Bachelor of Technology - Construction Management
McMaster University,Biotechnology
McMaster University,Civil Engineering Infrastructure Technology
Red River College,Construction Management
Southern Alberta Institute of Technology (SAIT),Geographic Information Systems (GIS)
Humber College,Industrial Design
Seneca College,Informatics & Security
Conestoga College,Interior Design
Humber College,Interior Design
McMaster University,Manufacturing Engineering Technology
Memorial University of Newfoundland,Ocean Instrumentation
Memorial University of Newfoundland,Ocean Mapping
McMaster University,Power And Energy Engineering Technology
Seneca College,Software Development
McMaster University,Software Engineering Technology
Memorial University of Newfoundland,Underwater Vehicles
Dalhousie University,Bachelor of Environmental Design
Concordia University of Montreal,Actuarial mathematics
University of Toronto,Actuarial Science
University of Calgary,Anthropology
Concordia University of Montreal,Anthropology
Brandon University,Applied Disaster and Emergency Studies
University of Lethbridge,Applied Statistics
Quest University Canada,Arts & Sciences
Quest University Canada,Arts
University of Waterloo,Bachelor of Accounting and Financial Management
Concordia University of Montreal,Biochemistry
Quest University Canada,Biology
Concordia University of Montreal,"Biology, Ecology"
University of Toronto,Commerce / Business
Concordia University of Montreal,Computational Art and Design Art
Quest University Canada,Development Studies
York University,Digital Media
Quest University Canada,Earth Sciences
Quest University Canada,Ecology
MacEwan University,Economics
St. Francis Xavier University,Economics
Quest University Canada,Economics
St. Francis Xavier University,Economics
Quest University Canada,English-Literature
St. Francis Xavier University,Environmental studies
Quest University Canada,Environmental Studies
St. Francis Xavier University,Environmental Studies
Lakehead University,Environmental Sustainability
University of Victoria,Geographic Information Technology
Quest University Canada,"Geography, Planning and Geographic Information Systems"
University of Regina,"Geography, Planning and Geographic Information Systems"
Quest University Canada,Geology
Quest University Canada,Global Studies
St. Francis Xavier University,Health Sciences
St. Francis Xavier University,Health Sciences
University of Toronto,Health Studies
Quest University Canada,History
Quest University Canada,Humanities
Queen's University,Indigenous Studies
Simon Fraser University,Interactive Arts & Technology
Quest University Canada,International Studies
Concordia University of Montreal,Journalism
Quest University Canada,Languages & Literature
Quest University Canada,Liberal Arts
University of Toronto,Life Sciences
St. Francis Xavier University,Math
St. Francis Xavier University,Math
Quest University Canada,Mathematics
Queen's University,Media & Performance Production
Quest University Canada,Music & Culture
Quest University Canada,Natural Sciences
University of Guelph,One Health
Quest University Canada,Philosophy
Quest University Canada,Physical Sciences
Concordia University of Montreal,Physics and Biophysics
Quest University Canada,Physics
Quest University Canada,Political Science
Concordia University of Montreal,Political Science
Quest University Canada,Psychology
Concordia University of Montreal,Pure and Applied Mathematics
Quest University Canada,Religious Studies
Quest University Canada,Science
Quest University Canada,Social Sciences
Concordia University of Montreal,Statistics
University of Waterloo,Sustainability and Financial Management Co-op
University of Victoria,Visual Arts and Computer Science
Trent University - Peterborough Campus,Ancient Greek & Roman Studies
McMaster University,Anthropology
Trent University - Peterborough Campus,Arts & Sciences
Trent University - Peterborough Campus,Canadian Studies
Trent University - Peterborough Campus,Cultural Studies
Trent University - Peterborough Campus,Economics
Trent University - Peterborough Campus,English Literature
Trent University - Peterborough Campus,French & Franocphone Studies
Trent University - Peterborough Campus,Gender & Social Justice
McMaster University,Geography & Earth Sciences
Carleton University,Global and International Studies
McMaster University,"Health, Aging & Society"
Trent University - Peterborough Campus,History
Trent University - Peterborough Campus,Indigenous Environmental Studies
Trent University - Peterborough Campus,Indigenous Studies
University of the Fraser Valley,Integrated Studies
Huron at Western University,Interdisciplinary Studies
Trent University - Peterborough Campus,International Development Studies
McMaster University,Labour Studies
Trent University - Peterborough Campus,Media Studies
Trent University - Peterborough Campus,Philosophy
McMaster University,Political Science
Trent University - Peterborough Campus,Political Studies
McMaster University,Psychology
McMaster University,Religious Studies
McMaster University,Sociology
Trent University - Peterborough Campus,Sociology
OCAD University,Aboriginal Visual Culture
University of Waterloo,Accounting and Financial Management
University of British Columbia - Vancouver Campus,Acting
Wilfrid Laurier University,Administration
OCAD University,Advertising
McGill University ,African Studies
University of Lethbridge,Agricultural Studies
University of Calgary,Ancient and Medieval History
Cape Breton University,Anthropology and Sociology
University of the Fraser Valley,Anthropology
University of Victoria,Anthropology
University of British Columbia - Okanagan Campus,Anthropology
University of Northern British Columbia,Anthropology
Simon Fraser University,Anthropology
Wilfrid Laurier University,Anthropology
Carleton University,Anthropology
University of Lethbridge,Anthropology
McGill University ,Anthropology
University of British Columbia - Vancouver Campus,Anthropology
University of Regina,Anthropology
University of Guelph,Anthropology
University of Alberta,Anthropology
Brandon University,Applied Disaster & Emergency Studies (ADES)
University of Waterloo,Applied Economics
Queen's University,Applied Economics
University of Victoria,Applied Linguistics
University of Lethbridge,Archaeology & Geography
Wilfrid Laurier University,Archaeology and Heritage Studies
Simon Fraser University,Archaeology
University of Calgary,Archaeology
University of Lethbridge,Archaeology
Memorial University of Newfoundland,Archaeology
University of Alberta,Art & Design
University of British Columbia - Okanagan Campus,Art History & Visual Culture
University of Victoria,Art History and Visual Studies
Concordia University of Montreal,Art History
Queen's University,Art History
University of British Columbia - Vancouver Campus,"Art History, Visual Art and Theory"
University of Lethbridge,Art
University of Waterloo,Arts and Business
University of Prince Edward Island,Arts
University of Toronto,Asia Pacific Studies
University of British Columbia - Vancouver Campus,Asian Languages & Culture
University of British Columbia - Vancouver Campus,Asian Studies
Mount Saint Vincent University,Bachelor of Arts (Public Policy)
St. Clair College - Windsor Campus,Bachelor Of Arts In Social Justice And Legal Studies Professional Practice C999
St. Lawrence College of Applied Arts and Technology,Behavioural Psychology
York University,Business & Society
Redeemer University,Business - Marketing
Redeemer University,Business Accounting
Redeemer University,Business Management
University of Calgary,Canadian Studies
University of British Columbia - Vancouver Campus,Canadian Studies
McGill University ,Canadian Studies
University of Lethbridge,Canadian Studies
University of Manitoba,"Central and East European Studies, B.A. Single Advanced - Co-op"
University of Toronto,City Studies
Queen's University,Classical Studies
University of British Columbia - Vancouver Campus,"Classical, Near Eastern & Religious Studies"
University of Waterloo,Classics 
Simon Fraser University,Cognitive Science 
University of British Columbia - Vancouver Campus,Cognitive Systems
University of Waterloo,Communication Arts & Design 
Simon Fraser University,Communication
University of Ottawa,Communication
Cape Breton University,Communication
Trinity Western University,Communications - Journalism
Trinity Western University,Communications - Public Relations
University of Calgary,Communications and Media Studies
York University,Communications Studies
Wilfrid Laurier University,Communications Studies
Kwantlen Polytechnic University,Community Criminal Justice and Criminology
Laurentian University,Computer Science 
University of British Columbia - Okanagan Campus,Computer Science 
St. Francis Xavier University,Computer Sciences
St. Francis Xavier University,Computer Sciences
Queen's University,Computing & the Creative Arts
Brock University,Concentration in Production and Design
Saint-Paul University,Conflict Studies
University of Toronto,Creative Industries
Toronto Metropolitan University ,Creative Industries
University of British Columbia - Vancouver Campus,Creative Writing
University of Guelph,Criminal Justice and Public Policy
University of the Fraser Valley,Criminal Justice
Simon Fraser University,Criminology
OCAD University,Criticism and Curatorial Practice
OCAD University,Cross-Disciplinary Art
Wilfrid Laurier University,Cultural Studies
University of British Columbia - Okanagan Campus,Cultural Studies
University of Guelph,Culture and Technology Studies
OCAD University,Digital Futures Initiative
Queen's University,Drama
Cape Breton University,Drama
University of Alberta,Drama
University of Lethbridge,Dramatic Arts
Brock University,Dramatic Arts
OCAD University,Drawing & Painting
University of Calgary,East Asian Language Studies
University of Calgary,East Asian Studies
McGill University ,East Asian Studies
University of Alberta,East Asian Studies
University of Waterloo,Economics 
University of Victoria,Economics (Finance Option)
Carleton University,Economics / Applied Economics
University of Victoria,Economics and Business
University of Victoria,Economics and Business
University of Winnipeg,Economics and Finance
University of Winnipeg,Economics
Memorial University of Newfoundland,Economics
University of British Columbia - Okanagan Campus,Economics
University of Guelph,Economics
University of Northern British Columbia,Economics
Simon Fraser University,Economics
Concordia University of Montreal,Economics
Acadia University,Economics
University of Lethbridge,Economics
University of Regina,Economics
University of Calgary,Economics
University of New Brunswick - Fredericton Campus,Economics
University of Alberta,Economics
McGill University ,Economics
Queen's University,Economics
McMaster University,Economics
University of British Columbia - Vancouver Campus,Economics
University of Victoria,Economics
Wilfrid Laurier University,Economics
University of Manitoba,"Economics, B.A. Single Advanced - Co-op"
University of Manitoba,"Economics, B.A. Single Advanced - Co-op"
University of Manitoba,"Economics, B.A. Single Honours - Co-op"
University of Alberta,English & Film Studies
University of Victoria,English & French Canadian Literature
University of Waterloo,English - Literature and Rhetoric
University of Waterloo,English - Rhetoric and Professional Writing
Wilfrid Laurier University,English and Film Studies
University of Victoria,English and French
University of Victoria,English and Medieval Studies
Queen's University,English Language & Literature
University of Waterloo,English Media and Professional Communication 
University of British Columbia - Okanagan Campus,English
University of the Fraser Valley,English
University of Northern British Columbia,English
Simon Fraser University,English
Trinity Western University,English
Carleton University,English
Acadia University,English
University of Lethbridge,English
University of Calgary,English
Cape Breton University,English
University of Ottawa,English
University of Toronto,English
University of Victoria,English
McGill University ,English
Toronto Metropolitan University (formerly Ryerson University) ,English
University of Regina,English
University of British Columbia - Vancouver Campus,English
University of Waterloo,English-Literature
Acadia University,Environment and Sustainability Studies
OCAD University,Environmental Design
University of Guelph,Environmental Governance
University of Victoria,Environmental Studies and Applied Linguistics
University of Victoria,Environmental Studies and English
University of Victoria,Environmental Studies and German
University of Victoria,Environmental Studies and Hispanic Studies
University of Victoria,Environmental Studies and History
University of Victoria,Environmental Studies and Linguistics
University of Victoria,Environmental Studies and Mathematics
University of Victoria,Environmental Studies and Pacific Studies
University of Victoria,Environmental Studies and Philosophy
University of Victoria,Environmental Studies and Statistics
Wilfrid Laurier University,Environmental Studies
University of Victoria,Environmental Studies
University of Northern British Columbia,Environmental Studies
University of Ottawa,Environmental Studies
Carleton University,Environmental Studies
Queen's University,Environmental Studies
Saint-Paul University,Ethics and Contemporary Social Issues
Carleton University,European and Russian Studies
University of Lethbridge,Exercise Science
Queen's University,Film & Media
University of British Columbia - Vancouver Campus,Film Production
University of Calgary,Film Studies
University of British Columbia - Vancouver Campus,Film Studies
Brock University,Film Studies
Brock University,Film Studies
Wilfrid Laurier University,Finance and Accounting
Algoma University,Finance and Economics
University of Waterloo,Fine Arts Studio Practice 
University of Waterloo,Fine Arts Visual Culture 
Simon Fraser University,First Nation Studies
University of British Columbia - Vancouver Campus,First Nations & Indigenous Studies
University of Guelph,"Food, Agricultural and Resource Economics"
University of Victoria,Francophone Studies
University of Waterloo,French 
University of British Columbia - Okanagan Campus,French & Spanish
University of Victoria,French and Francophone Studies
Queen's University,French Studies
University of Waterloo,French Teaching 
University of British Columbia - Okanagan Campus,French
Wilfrid Laurier University,French
Carleton University,French
University of Calgary,French
University of Toronto,French
Acadia University,French
Simon Fraser University,French
University of British Columbia - Vancouver Campus,"French, Hispanic, and Italian Studies"
University of Calgary,Gender and Sexuality Studies
University of Waterloo,Gender and Social Justice 
University of British Columbia - Okanagan Campus,Gender and Women's Studies
University of Victoria,Gender Studies
Queen's University,Gender Studies
University of British Columbia - Vancouver Campus,"Gender, Race, Sexuality & Social Justice"
Simon Fraser University,"Gender, Sexuality and Women's Studies"
McGill University ,"Gender, Sexuality, Feminist and Social Justice Studies"
University of Northern British Columbia,General Arts
University of Lethbridge,General Major Social Sciences
University of British Columbia - Okanagan Campus,General Studies
University of Regina,General
Cape Breton University,General
Toronto Metropolitan University (formerly Ryerson University) ,Geographic Analysis
University of British Columbia - Vancouver Campus,Geographic Information Systems (GIS)
Wilfrid Laurier University,Geography & Geomatics
University of British Columbia - Vancouver Campus,Geography - Environment & Sustainability
University of Regina,Geography
University of Calgary,Geography
University of Fredericton,Geography
University of Guelph,Geography
Carleton University,Geography
Brock University,Geography
Queen's University,Geography
Brandon University,Geography
University of Victoria,Geography
University of Victoria,"Geography, Planning and Geographic Information Systems"
Wilfrid Laurier University,"Geography, Planning and Geographic Information Systems"
University of Lethbridge,"Geography, Planning and Geographic Information Systems"
University of the Fraser Valley,"Geography, Planning and Geographic Information Systems"
University of British Columbia - Okanagan Campus,"Geography, Planning and Geographic Information Systems"
University of Ottawa,"Geography, Planning and Geographic Information Systems"
Carleton University,Geomatics
Queen's University,German Studies
McGill University ,German Studies
Acadia University,German
University of British Columbia - Vancouver Campus,German
University of Waterloo,German
University of Calgary,German
University of Manitoba,"German, B.A. Single Advanced - Co-op"
University of Manitoba,"German, B.A. Single Honours Co-op"
University of Victoria,Germanic Studies
University of Waterloo,Global Business and Digital Arts
Queen's University,Global Development Studies
University of Calgary,Global Development Studies
Wilfrid Laurier University,Global Studies (International Development)
OCAD University,Graphic Design
University of Victoria,Greek and Latin Language and Literature
University of Victoria,Greek and Latin Language and Literature
University of Victoria,Greek and Roman Studies
University of Calgary,Greek and Roman Studies
Simon Fraser University,Health Sciences
Queen's University,Health Studies
University of Victoria,Hispanic and Italian Studies
McGill University ,Hispanic Studies 
Queen's University,Hispanic Studies
University of Victoria,Hispanic Studies
University of Alberta,History & Classics
University of Manitoba,History Co-op
University of Guelph,History
Toronto Metropolitan University (formerly Ryerson University) ,History
University of Victoria,History
Simon Fraser University,History
Wilfrid Laurier University,History
University of Waterloo,History
University of Regina,History
University of Calgary,History
University of British Columbia - Vancouver Campus,History
McGill University ,History
Queen's University,History
University of British Columbia - Okanagan Campus,History
University of Northern British Columbia,History
Carleton University,History
Acadia University,History
University of the Fraser Valley,History
University of Toronto,History
University of Lethbridge,History
University of Ottawa,History
Cape Breton University,History
Brandon University,History
University of Manitoba,"History, B.A. Single Advanced - Co-op"
University of Manitoba,"History, B.A. Single Honours - Co-op"
University of Waterloo,Honours Arts
Simon Fraser University,Human Geography
University of Alberta,Human Geography
Saint-Paul University,Human Relations
Simon Fraser University,Humanities
OCAD University,Illustration
University of Regina,Indigenous Studies
Cape Breton University,Indigenous Studies
OCAD University,Industrial Design
McGill University ,Industrial Relations
Algoma University,Information Technology
OCAD University,Integrated Media
University of British Columbia - Vancouver Campus,Interdisciplinary Studies
Mount Royal University,Interior Design
University of British Columbia - Okanagan Campus,Internal Relations
McGill University ,International Development Studies
University of Guelph,International Development Studies
University of Toronto,International Development Studies
Toronto Metropolitan University (formerly Ryerson University) ,International Economics and Finance - Co-op
Toronto Metropolitan University (formerly Ryerson University) ,International Economics and Finance - Internship
University of British Columbia - Vancouver Campus,International Economics
University of Calgary,International Indigenous Studies
University of Regina,International Languages
University of British Columbia - Vancouver Campus,International Relations
University of Calgary,International Relations
Simon Fraser University,International Studies
University of British Columbia - Okanagan Campus,International Studies
University of Regina,International Studies
Trinity Western University,International Studies
University of Northern British Columbia,International Studies
University of the Fraser Valley,International Studies
University of Calgary,Italian Studies
University of Victoria,Italian Studies
McGill University ,Italian Studies
University of Guelph,Justice and Legal Studies
University of Lethbridge,Kinesiology and Physical Education
Wilfrid Laurier University,Kinesiology and Physical Education
University of Manitoba,Labour Studies
Brock University,Labour Studies
University of Manitoba,"Labour Studies, B.A. Single Advanced - Co-op"
University of Victoria,Language and Literature
Wilfrid Laurier University,Languages & Literature
Queen's University,"Languages, Literatures & Cultures"
University of British Columbia - Vancouver Campus,Latin American Studies
University of Victoria,Latin American Studies
University of Calgary,Latin American Studies
University of Calgary,Law and Society
Carleton University,Law
University of Waterloo,Legal Studies 
University of Ottawa,Lettres françaises
University of Waterloo,Liberal Studies
University of Calgary,Linguistics and Language
University of British Columbia - Vancouver Campus,Linguistics
University of Regina,Linguistics
University of Calgary,Linguistics
Queen's University,Linguistics
University of Toronto,Linguistics
Simon Fraser University,Linguistics
Trinity Western University,Linguistics
University of Victoria,Linguistics
University of Alberta,Linguistics
University of Manitoba,"Linguistics, B.A. Single Advanced - Co-op"
University of Manitoba,"Linguistics, B.A. Single Honours - Co-op"
OCAD University,Material Art & Design
University of Guelph,Mathematical Economics
University of the Fraser Valley,Mathematics
University of Victoria,Mathematics
Lakehead University,Mathematics
University of British Columbia - Okanagan Campus,Mathematics
St. Francis Xavier University,Mathematics
Cape Breton University,Mathematics
Queen's University,Mathematics
St. Francis Xavier University,Mathematics
University of British Columbia - Vancouver Campus,Mathematics
University of the Fraser Valley,Media and Communication Studies
University of British Columbia - Vancouver Campus,Media Studies
University of Waterloo,Medieval Studies 
University of Victoria,Medieval Studies
University of Victoria,Medieval Studies
University of British Columbia - Vancouver Campus,Medieval Studies
University of Victoria,Mediterranean Studies (Spain or Italy Concentration)
University of British Columbia - Vancouver Campus,Modern European Studies
University of Alberta,Modern Languages & Cultural Studies
University of British Columbia - Okanagan Campus,"Modern Languages (French, German, Spanish, Japanese)"
University of Lethbridge,Modern Languages
University of Lethbridge,Multimedia / New Media
University of Victoria,Music and Computer Science
University of Victoria,Music
Trinity Western University,Music
University of Lethbridge,Music
University of Waterloo,Music
Queen's University,Music
University of British Columbia - Vancouver Campus,Music
University of Alberta,Music
University of Lethbridge,Native American Studies
McGill University ,North American Studies
University of Northern British Columbia,Northern First Nations Studies
University of Northern British Columbia,Northern Studies
University of Victoria,Pacific and Asian Studies
University of Waterloo,Peace and Conflict Studies 
University of Regina,Philosophy & Classics
Queen's University,Philosophy
University of British Columbia - Vancouver Campus,Philosophy
University of Calgary,Philosophy
University of Waterloo,Philosophy
University of Toronto,Philosophy
Wilfrid Laurier University,Philosophy
University of Lethbridge,Philosophy
University of Victoria,Philosophy
University of British Columbia - Okanagan Campus,Philosophy
Simon Fraser University,Philosophy
University of Alberta,Philosophy
University of British Columbia - Okanagan Campus,"Philosophy, Politics & Economics"
Wilfrid Laurier University,"Philosophy, Politics & Economics"
OCAD University,Photography
University of Lethbridge,Physical Education
University of Ottawa,Physical Geography and Geomatics
Carleton University,Physical Geography
University of British Columbia - Okanagan Campus,Police Science
Mount Royal University,Policy Studies
University of Victoria,Political Science - European Studies Concentration
Cape Breton University,Political Science
University of Waterloo,Political Science
University of Victoria,Political Science
Memorial University of Newfoundland,Political Science
University of Lethbridge,Political Science
Wilfrid Laurier University,Political Science
Carleton University,Political Science
University of Northern British Columbia,Political Science
Simon Fraser University,Political Science
University of Guelph,Political Science
McGill University ,Political Science
University of British Columbia - Okanagan Campus,Political Science
University of Regina,Political Science
University of Calgary,Political Science
Brock University,Political Science
University of British Columbia - Vancouver Campus,Political Science
University of Alberta,Political Science
University of Manitoba,Political Studies Co-op
Queen's University,Political Studies
Trinity Western University,Political Studies
University of Manitoba,"Political Studies, B.A. Single Advanced - Co-op"
University of Manitoba,"Political Studies, B.A. Single Honours - Co-op"
Toronto Metropolitan University (formerly Ryerson University) ,Politics & Governance
Acadia University,Politics
Queen's University,"Politics, Philosophy and Economics"
OCAD University,Printmaking
University of Victoria,Professional Writing
University of Toronto,Psycholinguistics
Brock University,Psychology -  Comprehensive Stream
Brock University,Psychology -  Research Stream
University of British Columbia - Vancouver Campus,Psychology
Saint Mary's University,Psychology
University of Regina,Psychology
Queen's University,Psychology
Cape Breton University,Psychology
University of Guelph,Psychology
University of Lethbridge,Psychology
Acadia University,Psychology
Wilfrid Laurier University,Psychology
Carleton University,Psychology
University of the Fraser Valley,Psychology
University of Waterloo,Psychology
Memorial University of Newfoundland,Psychology
Simon Fraser University,Psychology
Trinity Western University,Psychology
University of Victoria,Psychology
University of Manitoba,Psychology
University of Alberta,Psychology
University of Manitoba,"Psychology, B.A. Single Advanced - Co-op"
Wilfrid Laurier University,Public Administration/Political Science
Brandon University,Public History
University of Toronto,Public Policies
St. Francis Xavier University,Public Policy and Governance
University of Victoria,Recreation and Health Education
University of Waterloo,Recreation and Leisure Studies
Wilfrid Laurier University,Religion & Culture
University of British Columbia - Vancouver Campus,"Religion, Literature & the Arts"
Queen's University,Religious Studies
University of Regina,Religious Studies
University of Calgary,Religious Studies
University of Victoria,Religious Studies
Trinity Western University,Religious Studies
University of Lethbridge,Religious Studies
University of Waterloo,Religious Studies
University of Regina,Resource and Environmental Management
University of Northern British Columbia,Resource-Based Tourism
University of British Columbia - Vancouver Campus,Romance Studies
McGill University ,Russian and Slavic Studies
University of Victoria,Russian Studies
University of Calgary,Russian
OCAD University,Sculpture and Installation
University of Waterloo,"Sexuality, Marriage and Family Studies "
Saint-Paul University,Social Communication
University of Waterloo,Social Development Studies 
Saint-Paul University,Social Innovation
Saint Mary's University,sociology and Criminolgy
University of Regina,Sociology and Social Studies
Queen's University,Sociology
McGill University ,Sociology
University of British Columbia - Vancouver Campus,Sociology
University of Calgary,Sociology
Toronto Metropolitan University (formerly Ryerson University) ,Sociology
Brandon University,Sociology
University of the Fraser Valley,Sociology
University of Victoria,Sociology
University of Waterloo,Sociology
University of British Columbia - Okanagan Campus,Sociology
Simon Fraser University,Sociology
Wilfrid Laurier University,Sociology
Carleton University,Sociology
Acadia University,Sociology
University of Toronto,Sociology
University of Lethbridge,Sociology
University of Alberta,Sociology
University of Waterloo,Spanish 
University of Calgary,Spanish
Acadia University,Spanish
Simon Fraser University,Spatial Information Systems
University of British Columbia - Vancouver Campus,Speech Science
Queen's University,Statistics
University of Victoria,Statistics
University of Waterloo,Theatre and Performance 
University of British Columbia - Vancouver Campus,Theatre Design and Production
University of Victoria,Theatre History
University of Victoria,Theatre
Trinity Western University,Theatre
University of British Columbia - Vancouver Campus,Theatre
Seneca College,Therapeutic Recreation
Concordia University of Montreal,Translation
University of Ottawa,Translation
University of British Columbia - Vancouver Campus,U.S. Studies
Redeemer University,Urban and Intercultural Ministry
University of Lethbridge,Urban and Regional Studies
University of Calgary,Urban studies
University of Victoria,Visual Arts
University of Lethbridge,Women & Gender Studies
University of Toronto,Women's & Gender Studies
Acadia University,Women's and Gender Studies
University of Regina,Women's and Gender Studies
Wilfrid Laurier University,Women's Studies
University of Northern British Columbia,Women's Studies
University of Alberta,Women's Studies
St. Thomas University,Working Knowledge Co-op Program
Simon Fraser University,World Literature
University of Victoria,Writing
University of Manitoba,Aboriginal Business
University of the Fraser Valley,Accounting and Finance
Simon Fraser University,Accounting and Finance
Douglas College,Accounting and Financial Services and Administration
Canadian Mennonite University,Accounting Management
Conestoga College,Accounting
Brock University,Accounting
Camosun College - Interurban Campus,Accounting
Thompson Rivers University,Accounting
University of Manitoba,Accounting
University of Winnipeg,Accounting
North Island College,Accounting
St. Francis Xavier University,Accounting
Wilfrid Laurier University,Accounting
Langara College,Accounting
University of Regina,Accounting
University of British Columbia - Okanagan Campus,Accounting
Cape Breton University,Accounting
St. Francis Xavier University,Accounting
University of Manitoba,Actuarial mathematics
Wilfrid Laurier University,Administration and Finance
Trinity Western University,Administration
MacEwan University,Applied International Business and Supply Chain Management
Georgian College  ,Automotive Management
Trent University - Peterborough Campus,Bachelor of Business Administration (BBA)  Co-op
Trent University - Peterborough Campus,Bachelor of Business Administration (BBA)  Co-op
Trent University - Peterborough Campus,Bachelor of Business Administration (BBA)  Co-op
Trent University - Peterborough Campus,Bachelor of Business Administration (BBA)  Co-op
Trent University - Peterborough Campus,Bachelor of Business Administration (BBA)  Co-op
Trent University - Peterborough Campus,Bachelor of Business Administration (BBA)  Co-op
Trent University - Peterborough Campus,Bachelor of Business Administration (BBA)  Co-op
Trent University - Peterborough Campus,Bachelor of Business Administration (BBA)  Co-op
Trent University - Peterborough Campus,Bachelor of Business Administration (BBA)  Co-op
Trent University - Peterborough Campus,Bachelor of Business Administration (BBA) Internships
Trent University - Peterborough Campus,Bachelor of Business Administration (BBA) Internships
Trent University - Peterborough Campus,Bachelor of Business Administration (BBA) Internships
Trent University - Peterborough Campus,Bachelor of Business Administration (BBA) Internships
Trent University - Peterborough Campus,Bachelor of Business Administration (BBA) Internships
Trent University - Peterborough Campus,Bachelor of Business Administration (BBA) Internships
Trent University - Peterborough Campus,Bachelor of Business Administration (BBA) Internships
Trent University - Peterborough Campus,Bachelor of Business Administration (BBA) Internships
Trent University - Peterborough Campus,Bachelor of Business Administration (BBA) Internships
Northern Alberta Institute of Technology (NAIT),Bachelor of Business Administration - Accounting
Northern Alberta Institute of Technology (NAIT),Bachelor of Business Administration - Entrepreneurship
Northern Alberta Institute of Technology (NAIT),Bachelor of Business Administration - Finance
Northern Alberta Institute of Technology (NAIT),Bachelor of Business Administration - Human Resources Management
Northern Alberta Institute of Technology (NAIT),Bachelor of Business Administration - Management
Northern Alberta Institute of Technology (NAIT),Bachelor of Business Administration - Marketing
Wilfrid Laurier University,Business & Math
Trinity Western University,Business - Computer Science
Lakehead University,Business Administration - Accounting
Mount Saint Vincent University,Business Administration - Accounting
Memorial University of Newfoundland,Business Administration - Accounting
Thompson Rivers University,Business Administration - Accounting
University of Northern British Columbia,Business Administration - Accounting
Kwantlen Polytechnic University,Business Administration - Accounting
Trinity Western University,Business Administration - Accounting
MacEwan University,Business Administration - Accounting
Brock University,Business Administration - Accounting
Brock University,Business Administration - Finance
Mount Saint Vincent University,Business Administration - Finance
Brock University,Business Administration - General Management
Brock University,Business Administration - Human Resources Management
Mount Saint Vincent University,Business Administration - Management
Mount Saint Vincent University,Business Administration - Marketing
Brock University,Business Administration - Marketing
University of New Brunswick - Saint John Campus,Business Administration
Brock University,Business Administration
University of Toronto,Business Administration
Providence University College,Business Administration
University of Prince Edward Island,Business Administration
Okanagan College ,Business Administration
Crandall University,Business Administration
Cape Breton University,Business Administration
Acadia University,Business Administration
University of New Brunswick - Fredericton Campus,Business Administration
St. Francis Xavier University,Business Administration
Royal Roads University,Business administration
University of Toronto,Business and Humanities
University of Toronto,Business and Information Technology
University of Toronto,Business and Life Sciences
University of Toronto,Business and Physical Sciences
University of Toronto,Business and Social Sciences
Brock University,Business Economics
Lakehead University,Business Finance
Langara College,Business Management
Seneca College,Business Management
University of Calgary,Business Process Management
Toronto Metropolitan University (formerly Ryerson University) ,Business Technology Management
Trinity Western University,Business
Bishop's University,Business
Medicine Hat College,Business
University of Manitoba,Business
Laurentian University,Commerce and Administration
University of Windsor,Commerce
Memorial University of Newfoundland,Commerce
Trinity Western University,Commerce
University of Winnipeg,Economics and Finance
Trinity Western University,Economics
Brock University,Economics
Cape Breton University,Economics
Thompson Rivers University,Economics
McGill University ,Economics
Kwantlen Polytechnic University,Entrepreneurial Leadership
Simon Fraser University,Entrepreneurship and Innovation
University of Manitoba,Entrepreneurship and Small & Medium Business
St. Francis Xavier University,Entrepreneurship
Brock University,Entrepreneurship
McGill University ,Entrepreneurship
University of Regina,Entrepreneurship
St. Francis Xavier University,Entrepreneurship
Dalhousie University,Entrepreneurship
McGill University ,Finance
Thompson Rivers University,Finance
Memorial University of Newfoundland,Finance
University of Alberta,Finance
Trinity Western University,Finance
University of British Columbia - Vancouver Campus,Finance
Cape Breton University,Finance
St. Francis Xavier University,Finance
University of Northern British Columbia,Finance
Simon Fraser University,Finance
University of Regina,Finance
University of Manitoba,Finance
Mount Royal University,Finance
St. Francis Xavier University,Finance
University of Waterloo,Financial Management
Seneca College,Financial Services Management
University of Northern British Columbia,General Business
Memorial University of Newfoundland,General
Royal Roads University,Global Tourism Management
Georgian College  ,Golf Course Management
McGill University ,Honours Accounting
St. Clair College - Windsor Campus,Honours Bachelor of Business Administration (Information Communication Technology) B699
Sheridan College,Honours Bachelor of Business Administration - Accounting
Sheridan College,Honours Bachelor of Business Administration - Finance 
Sheridan College,Honours Bachelor of Business Administration - Human Resources Management
Sheridan College,Honours Bachelor of Business Administration - Marketing Management
Sheridan College,Honours Bachelor of Business Administration - Supply Chain Management
George Brown College,Honours Bachelor of Commerce (Accounting)
George Brown College,Honours Bachelor of Commerce (Financial Services)
McGill University ,Honours Economics / Accounting
McGill University ,Honours Economics / Finance
McGill University ,Honours Economics
Camosun College - Interurban Campus,Human Resource Management and Leadership
University of Manitoba,Human Resources Management
Lakehead University,Human Resources Management
University of Alberta,Human Resources Management
University of Regina,Human Resources Management
Kwantlen Polytechnic University,Human Resources Management
Simon Fraser University,Human Resources Management
Thompson Rivers University,Human Resources Management
Seneca College,Human Resources Strategy and Technology
Cape Breton University,Human Resources
Wilfrid Laurier University,Human Resources
Memorial University of Newfoundland,Human Resources
University of the Fraser Valley,Human Resources
University of Winnipeg,Human Resources
Mount Royal University,Human Resources
Brock University,Information Systems
St. Francis Xavier University,Information Technology
St. Francis Xavier University,Information Technology
Wilfrid Laurier University,Insurance and Risk Management
Seneca College,International Accounting and Finance
St. Francis Xavier University,International Buisness/ Affairs
St. Francis Xavier University,International Buisness/Affairs
Conestoga College,International Business Management
University of Winnipeg,International Business
Brock University,International Business
Thompson Rivers University,International Business
Mount Royal University,International Business
University of Regina,International Business
University of Manitoba,International Business
McGill University ,International Business
Trinity Western University,International Business
University of Northern British Columbia,International Business
Simon Fraser University,International Business
Dalhousie University,International Food Business
Royal Roads University,International Hotel Management
McGill University ,International Management - Canadian Studies
McGill University ,International Management - East Asian Cultural Studies
McGill University ,"International Management, Specialization in Latin America and the Caribbean"
McGill University ,"International Management, Specialization in United States"
McGill University ,"International Management, Specialization in Western Europe (France, Germany, Italy, or Spain)"
University of Alberta,Japan/Chinese/German Studies
McGill University ,Labour-Management Relations
Cape Breton University,Legal Studies
University of Manitoba,Logistics and Supply Chain Management
Mount Royal University,Major in Accounting
University of Alberta,Management Analysis
Huron at Western University,Management and Organizational Studies
University of Manitoba,Management Information Systems
Simon Fraser University,Management Information Systems
University of Alberta,Management Information Systems
University of Calgary,Management Information Systems
Memorial University of Newfoundland,Management Science
McGill University ,Management Science
Simon Fraser University,Management Science
University of Regina,Management
St. Francis Xavier University,Management
Trinity Western University,Management
University of Winnipeg,Management
St. Francis Xavier University,Management
Kwantlen Polytechnic University,Marketing Management
Langara College,Marketing Management
McGill University ,Marketing
University of Winnipeg,Marketing
Camosun College - Interurban Campus,Marketing
University of Manitoba,Marketing
Mount Royal University,Marketing
St. Francis Xavier University,Marketing
University of Alberta,Marketing
University of the Fraser Valley,Marketing
Simon Fraser University,Marketing
Trinity Western University,Marketing
Cape Breton University,Marketing
Memorial University of Newfoundland,Marketing
Lakehead University,Marketing
University of Northern British Columbia,Marketing
Wilfrid Laurier University,Marketing
University of Regina,Marketing
Thompson Rivers University,Marketing
St. Francis Xavier University,Marketing
McGill University ,Mathematics
Wilfrid Laurier University,Mathematics
Wilfrid Laurier University,Operations Management / Quantitative Business Analysis
McGill University ,Operations Management
University of Calgary,Operations Management
Brock University,Operations Management
University of British Columbia - Okanagan Campus,Organizational Behaviour
McGill University ,Organizational Behaviours and Human Resources Management
Trinity Western University,Personnel & Industrial Relations
McGill University ,Psychology
University of Waterloo,Public Accounting (Chartered Accounting)
Brock University,Public Administration
University of Alberta,Retailing and Services
Memorial University of Newfoundland,Small Business and Entrepreneurship
Mount Royal University,Social Innovation and Non-profit Studies
University of Alberta,Spanish American Studies
McGill University / Faculty of Management,Strategic Management
Wilfrid Laurier University,Supply Chain Management
University of Calgary,Supply Chain Management
Mount Royal University,Supply Chain Management
Wilfrid Laurier University,Technology Management
Concordia University of Montreal,Accountancy
Toronto Metropolitan University (formerly Ryerson University) ,Accounting (AF001)
University of Guelph,Accounting
University of Ottawa,Accounting
Dalhousie University,Accounting
Carleton University,Accounting
University of British Columbia - Vancouver Campus,Accounting
Ontario Tech University,Accounting
University of Saskatchewan,Accounting
Saint Mary's University,Accounting
York University,Accounting
Humber College,Accounting
Algonquin College of Applied Arts and Technology (Ottawa),Bachelor of Commerce - Supply Chain Management
University of British Columbia - Vancouver Campus,Business & Computer Science
University of Calgary,Business Accounting
University of Alberta,Business Administration
Toronto Metropolitan University (formerly Ryerson University) ,Business Technology Management (IT001)
University of Ottawa,Business Technology Management
University of British Columbia - Vancouver Campus,Business Technology Management
Concordia University of Montreal,Business Technology Management
University of Calgary,Business Technology Management
University of Saskatchewan,Business
Saint Mary's University,CIS
Mount Allison University,Commerce
University of Ottawa,Commerce
University of Victoria,Commerce
Memorial University of Newfoundland,Computer Information Systems
McGill University ,Computer Information Systems
Humber College,Digital Business Management
Humber College,Digitial Business Management
University of Ottawa,E-Business
Toronto Metropolitan University (formerly Ryerson University) ,Economics and Management Science (BM001)
Saint Mary's University,Economics
University of Calgary,Energy Management
University of Calgary,Entrepreneurship and Innovation
Toronto Metropolitan University (formerly Ryerson University) ,Entrepreneurship and Strategy (BM001)
University of Ottawa,Entrepreneurship
University of British Columbia - Vancouver Campus,Entrepreneurship
Carleton University,Entrepreneurship
University of Victoria,Entrepreneurship
Humber College,Fashion Management
Toronto Metropolitan University (formerly Ryerson University) ,Finance (AF001)
Dalhousie University,Finance
Carleton University,Finance
Concordia University of Montreal,Finance
University of Ottawa,Finance
University of Calgary,Finance
University of British Columbia - Vancouver Campus,Finance
Humber College,Finance
York University,Finance
University of Saskatchewan,Finance
Saint Mary's University,Finance
University of Guelph,Food and Agricultural Business
University of British Columbia - Vancouver Campus,General Business Management
University of Calgary,General Management
Carleton University,General Studies
Saint Mary's University,Global Business Management
Toronto Metropolitan University (formerly Ryerson University) ,Global Management Studies (BM001)
University of British Columbia - Vancouver Campus,Global Supply Chain & Logistics Management
University of Guelph,"Government, Economics and Management"
University of Ottawa,Healthcare Analytics
Humber College,Healthcare Management
Fanshawe College,Honours Bachelor of Commerce - Accounting
Fanshawe College,Honours Bachelor of Commerce - Digital Marketing
Fanshawe College,Honours Bachelor of Commerce - Management
McMaster University,Honours Bachelor of Commerce with Internship (12 months)
McMaster University,Honours Bachelor of Commerce with Internship (16 months)
Toronto Metropolitan University (formerly Ryerson University) ,Hospitality & Tourism Management (HT001)
University of Guelph,Hospitality & Tourism Management
Humber College,Hospitality and Tourism Management 
Saint Mary's University,Human Resource Management and Industrial Relations
Toronto Metropolitan University (formerly Ryerson University) ,Human Resource Management and Organizational Behaviour (BM001)
Humber College,Human Resource Management
University of Calgary,Human Resources and Organizational Behaviour
University of Ottawa,Human Resources Management
Concordia University of Montreal,Human Resources Management
University of Saskatchewan,Human Resources
Carleton University,Information Systems
Ontario Tech University,Information Technology - Technology Management
York University,Information Technology
Humber College,International Buisness
Carleton University,International Business
University of Calgary,International Business
Dalhousie University,International Business
University of Alberta,International Business
Carleton University,International Business
University of Victoria,International Business
Concordia University of Montreal,International Business
Humber College,International Business
Humber College,International Business
University of Ottawa,International Management
Toronto Metropolitan University (formerly Ryerson University) ,Law and Business (BM001)
University of Guelph,Management Economics and Finance
Humber College,Management Studies
Humber College,Management Studies
York University,Management
University of Saskatchewan,Management
Saint Mary's University,Management
University of Ottawa,Management
University of Guelph,Management
Carleton University,Management
Dalhousie University,Managing People and Organizations
Dalhousie University,Marketing Logistics
Toronto Metropolitan University (formerly Ryerson University) ,Marketing Management (BM001)
University of Guelph,Marketing Management
Seneca College,Marketing Management
Dalhousie University,Marketing Management
University of Ottawa,Marketing
Saint Mary's University,Marketing
Ontario Tech University,Marketing
University of Saskatchewan,Marketing
York University,Marketing
Humber College,Marketing
Carleton University,Marketing
University of British Columbia - Vancouver Campus,Marketing
University of Calgary,Marketing
Concordia University of Montreal,Marketing
University of British Columbia - Vancouver Campus,Operations and Logistics
University of Saskatchewan,Operations Management
Ontario Tech University,Organizational Behaviour and Human Resources Management
University of British Columbia - Vancouver Campus,Organizational Behaviour and Human Resources
University of Calgary,Petroleum Land Management
University of Guelph,Real Estate 
Toronto Metropolitan University (formerly Ryerson University) ,Real Estate Management (BM001)
University of British Columbia - Vancouver Campus,Real Estate
Toronto Metropolitan University (formerly Ryerson University) ,Retail Management (RL001)
University of Calgary,Risk Management and Insurance
University of Calgary,Risk Management Insurance and Finance
University of Victoria,Service Management
Saint Mary's University,Small Business and Entrepreneurship
University of Guelph,Sport & Event Management
Humber College,Supply Chain Management
Carleton University,Supply Chain Management
Humber College,Supply Chain Management
Concordia University of Montreal,Supply Chain Operations Management
University of Calgary,Tourism and Hospitality Management
University of Calgary,Tourism/Marketing
Mount Royal University,Broadcast Media Studies
MacEwan University,Communication Studies
Brock University,Communications - Policy
Brock University,Communications - Policy
Mount Royal University,Information Design
Mount Royal University,Journalism
University of Sudbury,Public Communication
University of Sudbury,Public Communication
Humber College,Public Relations
Mount Royal University,Public Relations
Acadia University,Community Development
Dalhousie University,Applied Computer Science / Informatics
Thompson Rivers University,Applied Computer Science
University of the Fraser Valley,Bachelor of Computer Information Systems CIS
Conestoga College,Bachelor of Computer Science
Algonquin College of Applied Arts and Technology (Ottawa),Bachelor of Technology (Business Systems Development) (Honours)
Algonquin College of Applied Arts and Technology (Ottawa),Bachelor of Technology (Digital Health) (Honours)
University of Waterloo,Bioinformatics (Computer Science)
Queen's University,Biomedical Computing
Queen's University,Cognitive Science 
Centennial College,Computer and Communication
Concordia University of Montreal,Computer Applications and Computation Arts
Concordia University of Montreal,Computer Applications
Concordia University of Montreal,Computer Games
University of New Brunswick - Fredericton Campus,Computer Information Systems
University of British Columbia - Okanagan Campus,Computer Science 
Carleton University,Computer Science 
University of Prince Edward Island,Computer Science 
Laurentian University,Computer Science 
Acadia University,Computer Science 
St. Francis Xavier University,Computer Science 
Brock University,Computer Science 
University of Saskatchewan,Computer Science 
University of British Columbia - Vancouver Campus,Computer Science 
Queen's University,Computer Science 
Western University,Computer Science 
University of New Brunswick - Fredericton Campus,Computer Science 
University of Ottawa,Computer Science 
University of Regina,Computer Science 
University of Guelph,Computer Science 
University of Windsor,Computer Science 
University of Waterloo,Computer Science (Options in Business and Digital Hardware)
University of Waterloo,"Computer Science (Options in Business, Digital Hardware and Software Engineering)"
University of Waterloo,Computer Science - Software Engineering
University of New Brunswick - Fredericton Campus,Computer Science - Theory
University of Waterloo,Computer Science / Bioinformatics Option
University of Waterloo,Computer Science / Business Option
University of Waterloo,Computer Science / Computational Fine Arts Option
University of Waterloo,Computer Science / Digital Hardware Option
University of Waterloo,Computer Science / Human-Computer Interaction Option
Trent University - Peterborough Campus,Computer Science
University of Toronto,Computer Science
Trent University - Peterborough Campus,Computer Science
University of Waterloo,Computer Science
University of Windsor,Computer Software Development
Cape Breton University,Computer System Development
Concordia University of Montreal,Computer Systems
Queen's University,Computing & Mathematics
Brock University,Computing and Business
University of Waterloo,Computing and Financial Management
Brock University,Computing and Network Communications
Brock University,Computing and Solid State Device Technology (CAST)
Brock University,Computing and Solid State Device Technology (CAST)
Saint Mary's University,Computing Science
Queen's University,Computing
University of the Fraser Valley,Database Management
Trent University - Peterborough Campus,Financial Science
University of New Brunswick - Fredericton Campus,Geographic Information Systems (GIS)
University of New Brunswick - Fredericton Campus,Hardware Systems
University of New Brunswick - Fredericton Campus,Hardware Systems
Sheridan College,Honours Bachelor of Computer Science (Mobile Computing)
Cape Breton University,Information Management
University of New Brunswick - Fredericton Campus,Information Systems
Concordia University of Montreal,Information Systems
Kwantlen Polytechnic University,Information Technology
University of New Brunswick - Fredericton Campus,Multimedia
University of New Brunswick - Fredericton Campus,Multimedia
University of the Fraser Valley,Network Administration
Cape Breton University,Network Management
University of New Brunswick - Fredericton Campus,Numerical and Statistical Computation (PEP)
University of New Brunswick - Fredericton Campus,Numerical and Statistical Computation
Wilfrid Laurier University,Professional Experience Program (PEP)
University of the Fraser Valley,Programming
Queen's University,Software Design
University of Guelph,Software Engineering
Concordia University of Montreal,Software Systems
University of New Brunswick - Fredericton Campus,Software Systems
University of New Brunswick - Fredericton Campus,Software Systems
Concordia University of Montreal,Web Services and Applications
University of the Fraser Valley,Web
Wilfrid Laurier University,User Experience Design (UX)
Toronto Metropolitan University (formerly Ryerson University) ,Aerospace Engineering
Toronto Metropolitan University (formerly Ryerson University) ,Aerospace Engineering
Concordia University of Montreal,Aerospace Engineering
Carleton University,Aerospace Engineering
Carleton University,Architectural Conservation and Sustainability Engineering
McMaster University,Automation Engineering Technology
Ontario Tech University,Automotive Engineering and Management
Ontario Tech University,Automotive Engineering
Sheridan College,Bachelor of Engineering (Electrical Engineering)
Sheridan College,Bachelor of Engineering (Mechanical Engineering)
Conestoga College,Bachelor of Engineering - Power Systems Engineering
University of Guelph,Biological Engineering
Dalhousie University,Biological Engineering
Carleton University,Biomedical and Electrical Engineering
University of Ottawa,Biomedical and Mechanical Engineering
Carleton University,Biomedical and Mechanical Engineering
Toronto Metropolitan University (formerly Ryerson University) ,Biomedical Engineering
University of Guelph,Biomedical Engineering
University of Victoria,Biomedical Engineering
McGill University ,Bioresource Engineering
University of Manitoba,Biosystems  Engineering 
Concordia University of Montreal,Building Engineering
Conestoga College,Building Systems Engineering (Bachelof of Engineering)
McMaster University,Chemical And Biomedical Engineering
University of Alberta,Chemical Engineering (Computer Process Control)
McMaster University,Chemical Engineering and Bioengineering
McMaster University,Chemical Engineering and Management
McMaster University,Chemical Engineering and Society
University of New Brunswick - Fredericton Campus,Chemical Engineering
Dalhousie University,Chemical Engineering
University of New Brunswick - Saint John Campus,Chemical Engineering
Lakehead University,Chemical Engineering
Laurentian University,Chemical Engineering
University of Alberta,Chemical Engineering
University of Saskatchewan,Chemical Engineering
Toronto Metropolitan University (formerly Ryerson University) ,Chemical Engineering
Western University,Chemical Engineering
McMaster University,Chemical Engineering
Queen's University,Chemical Engineering
Western University,Chemical Engineering
University of Calgary,Chemical Engineering
McGill University ,Chemical Engineering
McMaster University,Civil And Biomedical Engineering
University of Alberta,Civil Engineering (Environmental)
McMaster University,Civil Engineering and Management
McMaster University,Civil Engineering and Society
Western University,Civil Engineering
University of Manitoba,Civil Engineering
York University,Civil Engineering
University of Saskatchewan,Civil Engineering
McMaster University,Civil Engineering
University of Toronto,Civil Engineering
Western University,Civil Engineering
University of Calgary,Civil Engineering
Queen's University,Civil Engineering
Toronto Metropolitan University (formerly Ryerson University) ,Civil Engineering
University of Victoria,Civil Engineering
University of Windsor,Civil Engineering
Carleton University,Civil Engineering
Dalhousie University,Civil Engineering
Concordia University of Montreal,Civil Engineering
Lakehead University,Civil Engineering
University of Alberta,Civil Engineering
University of New Brunswick - Fredericton Campus,Civil Engineering
University of New Brunswick - Saint John Campus,Civil Engineering
Memorial University of Newfoundland,Civil Engineering
McGill University ,Civil Engineering
Carleton University,Communications Engineering
University of Alberta,Computer Engineering (NANO)
McMaster University,Computer Engineering and Management
McMaster University,Computer Engineering and Society
Memorial University of Newfoundland,Computer Engineering
University of Victoria,Computer Engineering
University of New Brunswick - Saint John Campus,Computer Engineering
University of Alberta,Computer Engineering
University of Saskatchewan,Computer Engineering
McMaster University,Computer Engineering
York University,Computer Engineering
Western University,Computer Engineering
University of Guelph,Computer Engineering
University of New Brunswick - Fredericton Campus,Computer Engineering
Concordia University of Montreal,Computer Engineering
Toronto Metropolitan University (formerly Ryerson University) ,Computer Engineering
Queen's University,Computer Engineering
University of Manitoba,Computer Engineering
Western University,Computer Engineering
Carleton University,Computer Systems Engineering
University of Alberta,Computing Engineering (Software)
University of Ottawa,Data Science
University of Alberta,Electrical (Nano-engineering)
McMaster University,Electrical and Biomedical Engineering
Queen's University,Electrical and Computer Engineering Innovation
McGill University ,Electrical and Computer Engineering
Dalhousie University,Electrical and Computer Engineering
McMaster University,Electrical Engineering and Management
Ontario Tech University,Electrical Engineering and Management
McMaster University,Electrical Engineering and Society
McMaster University,Electrical Engineering
University of Alberta,Electrical Engineering
University of Saskatchewan,Electrical Engineering
Ontario Tech University,Electrical Engineering
Western University,Electrical Engineering
York University,Electrical Engineering
University of New Brunswick - Fredericton Campus,Electrical Engineering
Western University,Electrical Engineering
University of Calgary,Electrical Engineering
University of Manitoba,Electrical Engineering
Toronto Metropolitan University (formerly Ryerson University) ,Electrical Engineering
Queen's University,Electrical Engineering
University of Windsor,Electrical Engineering
University of New Brunswick - Saint John Campus,Electrical Engineering
Memorial University of Newfoundland,Electrical Engineering
Concordia University of Montreal,Electrical Engineering
Lakehead University,Electrical Engineering
Carleton University,Electrical Engineering
University of Victoria,Electrical Engineering
British Columbia Institute of Technology (BCIT),Electrical Engineering
Memorial University of Newfoundland,"Electrical Engineering,  Computer and Communications"
University of Regina,Electronic Systems Engineering
University of Calgary,Energy Engineering
University of Toronto,Engineering and Management
Queen's University,Engineering Chemistry
University of Alberta,Engineering Physics (NANO)
McMaster University,Engineering Physics And Biomedical Engineering
McMaster University,Engineering Physics and Management
McMaster University,Engineering Physics and Society
Queen's University,Engineering Physics
McMaster University,Engineering Physics
University of Saskatchewan,Engineering Physics
University of Alberta,Engineering Physics
Carleton University,Engineering Physics
University of Guelph,Engineering Systems and Computing
Carleton University,Environmental Engineering
University of Guelph,Environmental Engineering
Dalhousie University,Environmental Engineering
University of Windsor,Environmental Engineering
University of Saskatchewan,Environmental Engineering
University of Regina,Environmental Systems Engineering
University of New Brunswick - Fredericton Campus,Geodesy/Geomatics Engineering
University of New Brunswick - Fredericton Campus,Geological Engineering
Queen's University,Geological Engineering
University of Saskatchewan,Geological Engineering
University of Calgary,Geomatics Engineering
York University,Geomatics Engineering
Western University,Green Process Engineering
McMaster University,"Health, Engineering Science and Entrepreneurship"
Toronto Metropolitan University (formerly Ryerson University) ,Industrial Engineering
Concordia University of Montreal,Industrial Engineering
Dalhousie University,Industrial Engineering
University of Windsor,Industrial Engineering
University of Regina,Industrial Systems Engineering
Cape Breton University,"Instrumentation, Electronics & Controls"
Western University,Integrated Engineering
Western University,Integrated Engineering
Ontario Tech University,Manufacturing Engineering and Management
Ontario Tech University,Manufacturing Engineering
Cape Breton University,Manufacturing
McMaster University,Materials And Biomedical Engineering
University of Alberta,Materials Engineering (NANO)
McMaster University,Materials Engineering and Management
McMaster University,Materials Engineering and Society
McMaster University,Materials Engineering
University of Alberta,Materials Engineering
McGill University ,Materials Engineering
Dalhousie University,Materials Engineering
Queen's University,Mathematics and Engineering
McMaster University,Mechanical And Biomedical Engineering
University of Alberta,Mechanical Engineering (Biomedical)
University of Windsor,Mechanical Engineering (Materials option)
McMaster University,Mechanical Engineering and Management
Ontario Tech University,Mechanical Engineering and Management
McMaster University,Mechanical Engineering and Society
University of Manitoba,Mechanical Engineering
York University,Mechanical Engineering
University of Saskatchewan,Mechanical Engineering
McMaster University,Mechanical Engineering
Western University,Mechanical Engineering
University of Alberta,Mechanical Engineering
Ontario Tech University,Mechanical Engineering
University of Calgary,Mechanical Engineering
Queen's University,Mechanical Engineering
Western University,Mechanical Engineering
Toronto Metropolitan University (formerly Ryerson University) ,Mechanical Engineering
University of Victoria,Mechanical Engineering
University of New Brunswick - Saint John Campus,Mechanical Engineering
Memorial University of Newfoundland,Mechanical Engineering
Concordia University of Montreal,Mechanical Engineering
University of Victoria,Mechanical Engineering
Dalhousie University,Mechanical Engineering
University of Guelph,Mechanical Engineering
Carleton University,Mechanical Engineering
University of New Brunswick - Fredericton Campus,Mechanical Engineering
Laurentian University,Mechanical Engineering
British Columbia Institute of Technology (BCIT),Mechanical Engineering
McGill University ,Mechanical Engineering
Conestoga College,Mechanical Systems Engineering
Lakehead University,Mechanical
Western University,Mechatronic Systems Engineering
McMaster University,Mechatronics And Biomedical Engineering
McMaster University,Mechatronics and Management
Queen's University,Mechatronics and Robotics Engineering
McMaster University,Mechatronics and Society
Ontario Tech University,Mechatronics Engineering and Management
Ontario Tech University,Mechatronics Engineering
McMaster University,Mechatronics
Dalhousie University,Mineral Resources Engineering
McGill University ,Mining Engineering
Laurentian University,Mining Engineering
University of Alberta,Mining Engineering
Queen's University,Mining Engineering
Ontario Tech University,Nuclear Engineering and Management
Ontario Tech University,Nuclear Engineering
Memorial University of Newfoundland,Ocean and Naval Architecture Engineering
University of Calgary,Oil & Gas Engineering
University of Regina,Petroleum Systems Engineering
Cape Breton University,Petroleum
University of Alberta,Petroleum
Simon Fraser University,Physics
University of the Fraser Valley,Physics/Engineering
McMaster University,Software And Biomedical Engineering
Ontario Tech University,Software Engineering and Management
McMaster University,Software Engineering and Management
McMaster University,Software Engineering and Society
Western University,Software Engineering
York University,Software Engineering
Ontario Tech University,Software Engineering
University of Calgary,Software Engineering
Western University,Software Engineering
Carleton University,Software Engineering
Concordia University of Montreal,Software Engineering
Lakehead University,Software Engineering
McMaster University,Software Engineering
University of Victoria,Software Engineering
McGill University ,Software Engineering
University of Regina,Software Systems Engineering
York University,Space Engineering
Carleton University,Sustainable and Renewable Energy Engineering
University of Guelph,Water Resources Engineering
University of British Columbia - Okanagan Campus,Chemistry/ Environmental Chemistry
University of Waterloo,Climate and Environmental Change
University of Guelph,Ecology
University of Waterloo,Environment and Business
University of Guelph,Environment and Resource Management
University of Waterloo,Environment and Resource Studies
University of Guelph,Environmental Economics & Policy
Simon Fraser University,Environmental Resource Management
University of Guelph,Environmental Sciences
University of the Fraser Valley,Environmental Studies (Natural Science)
University of the Fraser Valley,Environmental Studies
The King's University,Environmental Studies
University of Waterloo,Geography and Environmental Management
University of Waterloo,"Geography, Planning and Geographic Information Systems"
University of Waterloo,Geomatics
Simon Fraser University,Global Environmental Systems
Fanshawe College,Honours Bachelor of Environmental Design and Planning
University of Waterloo,Planning
University of British Columbia - Vancouver Campus,Forest Operations
University of British Columbia - Vancouver Campus,Forest Resources Management
University of Regina,Adapted movement science
University of Regina,Adapted Physical Activity
University of Windsor,Applied Kinesiology
University of Lethbridge,Bachelor of Health Sciences with a major in Aboriginal Health
University of Lethbridge,Bachelor of Health Sciences with a major in Public Health
St. Lawrence College of Applied Arts and Technology,Bachelor of Science in Nursing
Seneca College,Behavioural Psychology
Humber College,BHSc. Workplace Health & Wellness
British Columbia Institute of Technology (BCIT),Biotechnology
McGill University ,Dietetics
British Columbia Institute of Technology (BCIT),Environmental Health and Public Health Inspection
Conestoga College,Environmental Public Health
University of Regina,Fitness/Lifestyle
Dalhousie University,Health Promotion
University of Regina,Health Promotion
Queen's University,Health Sciences
Western University,Health Studies Internship
University of Regina,Health Studies
University of Regina,Health Studies
Sheridan College,"Honours Bachelor of Applied Health Sciences, Athletic Therapy"
Sheridan College,Honours Bachelor of Early Childhood Leadership
Sheridan College,Honours Bachelor of Health Sciences - Kinesiology & Health Promotion
Trinity Western University,Human Kinetics
University of Regina,Human Kinetics
University of Waterloo,Kinesiology 
Western University,Kinesiology Internship
Lakehead University,Kinesiology
Brandon University,Mental Health
University of Calgary,Nursing
University of Calgary,Nursing
University of Saskatchewan,Nursing
Medicine Hat College,Nursing
Red River College,Nursing
McGill University ,Nutrition
Laurentian University,Physical and Health Education
Brandon University,Psychiatric Nursing
University of Lethbridge,Public Health
University of Lethbridge,Public Health
Cape Breton University,Public Health
University of Regina,Recreation and Sport Administration
Laurentian University,Sport and Physical Education
University of Regina,Sport Management
Laurentian University,Sport Psychology
University of Windsor,Sports Administration
University of Regina,Therapeutic Recreation
Carleton University,Information Technology
Carleton University,Information Technology
Carleton University,"Information Technology, Network Technology"
Carleton University,"Information Technology, Photonics and Laser Technology"
Toronto Metropolitan University (formerly Ryerson University) ,Professional Study Practicum
Algonquin College of Applied Arts and Technology (Ottawa),Bachelor of Public Safety (Honours)
University of Regina,Criminal Justice
York University,International Law
Toronto Metropolitan University (formerly Ryerson University) ,Juris Doctor - Common Law
University of New Brunswick - Fredericton Campus,Law
University of Victoria,Law
McGill University ,McGill International Experience
Capilano University,Paralegal
University of Regina,Social Justice
University of Ottawa,Accounting Audit
Concordia University of Edmonton,Accounting
Thompson Rivers University,Adventure Tourism
Algonquin College of Applied Arts and Technology (Ottawa),Bachelor of Digital Marketing Communication (Honours)
University of Lethbridge,Business Administration - Accounting
University of Lethbridge,Computer Science
University of Ottawa,E-Business
University of Lethbridge,Economics
Dalhousie University,Entrepreneurship and Innovation
University of Ottawa,Entrepreneurship
Thompson Rivers University,Entrepreneurship
Dalhousie University,"Environment, Sustainability and Society"
University of Guelph,Environmental Management
University of Ottawa,Finance
University of Lethbridge,Finance
Concordia University of Edmonton,Finance
Thompson Rivers University,General Business
University of Lethbridge,General Management
University of Lethbridge,Human Resources Management
University of Ottawa,Human Resources Management
Concordia University of Edmonton,Human Resources Management
Loyalist College,Human Services Management
University of Lethbridge,Indigenous Governance and Business Management
University of Lethbridge,International Management
University of Ottawa,International Management
Dalhousie University,Knowledge Management
University of Lethbridge,Labour Relations
Dalhousie University,Leadership & Organizations
Concordia University of Edmonton,Leadership Studies
Dalhousie University,Management & Globalization
University of Ottawa,Management and Information Systems
University of Lethbridge,Management Information Systems
Lakehead University,Management Systems
University of British Columbia - Okanagan Campus,Management
University of Ottawa,Management
University of Ottawa,Marketing
University of Lethbridge,Marketing
University of British Columbia - Okanagan Campus,Marketing
Concordia University of Edmonton,Marketing
University of Lethbridge,Political Science
University of Lethbridge,Public Administration
Dalhousie University,Public Sector Management
University of Regina,Sport Management
MacEwan University,Applied Human Services
Seneca College,Business Technology Management
University of British Columbia - Okanagan Campus,Entrepreneurial Technology
University of British Columbia - Okanagan Campus,Entrepreneurship
University of British Columbia - Okanagan Campus,Finance
Seneca College,Healthcare Management
University of British Columbia - Okanagan Campus,Human Resources
Western University,Management & Organizational Studies - Management & Legal Studies
Western University,Management and Organizational Studies - Accounting
Western University,Management and Organizational Studies - Commercial Aviation Management
Western University,Management and Organizational Studies - Finance
Western University,Management and Organizational Studies - HR Management
Western University,Management and Organizational Studies - Marketing
Western University,Management and Organizational Studies - Public Administration
University of British Columbia - Okanagan Campus,Non-Profit Management
University of British Columbia - Okanagan Campus,Operations/Supply Chain Management
University of British Columbia - Okanagan Campus,Psychology
University of British Columbia - Okanagan Campus,Strategy
University of British Columbia - Okanagan Campus,Sustainability
Carleton University,Mathematics
Athabasca University,Bachelor of Health Administration degree
University of Waterloo,Public Health
Brock University,Public Health
McMaster University,Actuarial & Financial Mathematics
University of Waterloo,Actuarial Science - Finance Option
University of Waterloo,Actuarial Science - Predictive Analytics Option
University of Prince Edward Island,Actuarial Science
University of Calgary,Actuarial Science
University of Waterloo,Actuarial Science
Simon Fraser University,Actuarial Science
University of Regina,Actuarial Science
Western University,Actuarial Science
Western University,Advanced Chemistry
Western University,Advanced Physics
McGill University ,Agricultural and Environmental Sciences
University of Manitoba,Agricultural and Food Sciences
University of Lethbridge,Agricultural Biotechnology
University of Lethbridge,Agricultural Studies
University of British Columbia - Okanagan Campus,Agroecology
University of Prince Edward Island,Analytics
McGill University ,Anatomy & Cell Biology
Western University,Animal Behaviour
University of Guelph,Animal Science
University of Calgary,Anthropology
Western University,Applications of Computer Science
Ontario Tech University,Applied and Industrial Mathematics
University of Winnipeg,Applied Biology
University of Calgary,Applied Chemistry
Brandon University,Applied Disaster & Emergency Studies (ADES)
Western University,Applied Mathematical Methods
University of Waterloo,"Applied Mathematics (Options in Economics, Physics and Engineering Electives)"
University of Waterloo,Applied Mathematics - Biology Option
University of Waterloo,Applied Mathematics - Earth Sciences Option
Simon Fraser University,Applied Mathematics
Western University,Applied Mathematics
University of Waterloo,Applied Physics (Geophysics option)
Carleton University,Applied Physics
Simon Fraser University,Applied Physics
Western University,Applied Statistics
University of Lethbridge,Archaeology
University of Calgary,Archaeology
Toronto Metropolitan University (formerly Ryerson University) ,Architectural Science
University of Waterloo,Architecture
University of Victoria,Astronomy
York University,Astronomy
Western University,Astronomy
Western University,Astrophysics
Queen's University,Astrophysics
McGill University ,Atmospheric & Oceanic Studies
University of Waterloo,Atmospheric and Planetary Science
University of British Columbia - Vancouver Campus,Atmospheric Sciences
University of Waterloo,"Bachelor of Mathematics, Statistics"
Mount Saint Vincent University,Bachelor of Science (Science Communication)
University of Calgary,Bachelor of Science in Environmental Science
Simon Fraser University,Behavioral Neuroscience
University of British Columbia - Vancouver Campus,Behavioural Neurosciences
Western University,Biochemistry and Cell Biology
Western University,Biochemistry and Chemistry
University of Victoria,Biochemistry and Chemistry
University of Regina,Biochemistry and Chemistry
University of Victoria,Biochemistry and Microbiology
University of British Columbia - Okanagan Campus,Biochemistry and Molecular Biology
Western University,Biochemistry of Infection and Immunity
Western University,Biochemistry of Pathology of Human Disease
University of Alberta,Biochemistry
Queen's University,Biochemistry
University of Winnipeg,Biochemistry
Queen's University,Biochemistry
McMaster University,Biochemistry
Brock University,Biochemistry
University of Victoria,Biochemistry
University of Manitoba,Biochemistry
Simon Fraser University,Biochemistry
University of Waterloo,Biochemistry
Dalhousie University,Biochemistry
Wilfrid Laurier University,Biochemistry
University of Toronto,Biochemistry
Carleton University,Biochemistry
University of British Columbia - Vancouver Campus,Biochemistry
University of Guelph,Biochemistry
University of Lethbridge,Biochemistry
University of Ottawa,Biochemistry
Western University,Biochemistry
McGill University ,Biochemistry
Western University,Biodiversity and Conservation
Western University,Bioinformatics
Simon Fraser University,Bioinformatics
Langara College,BioInformatics
Carleton University,Bioinformatics
University of Guelph,Biological & Medical Physics
University of Guelph,Biological and Pharmaceutical Chemistry
Ontario Tech University,Biological Science/Biological Science and Management
University of Lethbridge,"Biological Sciences (including Zoology, Microbiology and Botany)"
University of Manitoba,Biological Sciences
University of Alberta,Biological Sciences
Simon Fraser University,Biology - Cell and Molecular
Simon Fraser University,Biology - Ecology
Simon Fraser University,Biology - Physiology
University of Waterloo,Biology and Bioinformatics
University of Victoria,Biology and Earth and Ocean Sciences (Environment)
University of Victoria,Biology and Earth and Ocean Sciences (Paleontology)
University of Victoria,Biology and Mathematics and Statistics
Queen's University,Biology and Mathematics
McMaster University,Biology and Pharmacology
Queen's University,Biology and Psychology
University of Victoria,Biology and Psychology
Wilfrid Laurier University,Biology
University of Northern British Columbia,Biology
Simon Fraser University,Biology
Trinity Western University,Biology
Carleton University,Biology
Acadia University,Biology
University of New Brunswick - Fredericton Campus,Biology
University of British Columbia - Vancouver Campus,Biology
St. Francis Xavier University,Biology
University of Ottawa,Biology
University of the Fraser Valley,Biology
University of Victoria,Biology
University of Waterloo,Biology
Memorial University of Newfoundland,Biology
University of British Columbia - Okanagan Campus,Biology
Dalhousie University,Biology
Brandon University,Biology
University of Prince Edward Island,Biology
St. Francis Xavier University,Biology
Queen's University,Biology
St. Francis Xavier University,Biology
Saint Mary's University,Biology
Toronto Metropolitan University (formerly Ryerson University) ,Biology
Simon Fraser University,Biology
University of Winnipeg,Biology
University of Regina,Biology
York University,Biology
Redeemer University,Biology
McGill University ,Biology
Western University,Biology
Burman University,Biology
Simon Fraser University,Biomedical Physiology
University of Ottawa,Biomedical Science
Toronto Metropolitan University (formerly Ryerson University) ,Biomedical Science
University of Guelph,Biomedical Toxicology
University of Ottawa,Biopharmaceutical Science
University of British Columbia - Vancouver Campus,Biophysics
Simon Fraser University,Biophysics
York University,Biophysics
Western University,Biophysics
University of Waterloo,Biostatistics
University of Waterloo,Biotechnology / Chartered Accountancy
University of Manitoba,Biotechnology
British Columbia Institute of Technology (BCIT),Biotechnology
Simon Fraser University,Biotechnology
Brock University,Biotechnology
Brock University,Biotechnology
University of British Columbia - Vancouver Campus,Biotechnology
University of Ottawa,Biotechnology
Queen's University,Biotechnology
Carleton University,Biotechnology
University of Waterloo,Biotechnology/Economics
University of Waterloo,"Business Administration (Options in Economics, Finance, Human Resources Management)"
University of Waterloo,Business Administration
University of Alberta,Cell Biology
Western University,Cell Biology
University of British Columbia - Vancouver Campus,Cellular and Physiological Sciences
University of Waterloo,"Chartered Accountancy (Options in Actuarial Science, Finance, Information Systems and Operations Research)"
University of Waterloo,Chartered Professional Accountancy
McMaster University,Chemical Biology
Western University,Chemical Biology
Simon Fraser University,Chemical Physics
University of Guelph,Chemical Physics
University of Victoria,Chemistry and Earth and Ocean Sciences
University of Victoria,Chemistry and Mathematics
Brandon University,Chemistry
University of Prince Edward Island,Chemistry
University of the Fraser Valley,Chemistry
University of Waterloo,Chemistry
University of British Columbia - Okanagan Campus,Chemistry
University of Victoria,Chemistry
Thompson Rivers University,Chemistry
University of Manitoba,Chemistry
University of Northern British Columbia,Chemistry
Simon Fraser University,Chemistry
Trinity Western University,Chemistry
Concordia University of Montreal,Chemistry
University of Ottawa,Chemistry
Dalhousie University,Chemistry
Carleton University,Chemistry
Acadia University,Chemistry
University of New Brunswick - Fredericton Campus,Chemistry
University of British Columbia - Vancouver Campus,Chemistry
University of Guelph,Chemistry
University of Lethbridge,Chemistry
Wilfrid Laurier University,Chemistry
Saint Mary's University,Chemistry
Toronto Metropolitan University (formerly Ryerson University) ,Chemistry
McMaster University,Chemistry
University of Toronto,Chemistry
Brock University,Chemistry
Ontario Tech University,Chemistry
Queen's University,Chemistry
University of Alberta,Chemistry
York University,Chemistry
Redeemer University,Chemistry
University of Toronto,Chemistry
Western University,Chemistry
McGill University ,Chemistry
University of Victoria,Climate Science
University of British Columbia - Vancouver Campus,Cognitive Systems
University of Waterloo,Combinatorics and Optimization
Western University,Computational Biochemistry
University of Waterloo,Computational Mathematics
Simon Fraser University,Computational Methods
Western University,Computer Algebra
Memorial University of Newfoundland,Computer Industry - Internship option
University of Winnipeg,Computer Information Systems
Vancouver Island University,Computer Science 
University of Manitoba,Computer Science 
Toronto Metropolitan University (formerly Ryerson University) ,Computer Science 
Wilfrid Laurier University,Computer Science 
University of Calgary,Computer Science 
University of Northern British Columbia,Computer Science 
York University,Computer Science 
University of Toronto,Computer Science 
McGill University ,Computer Science 
University of Lethbridge,Computer Science 
Lakehead University,Computer Science 
University of Lethbridge,Computer Science & Geographical Information Science
University of Waterloo,Computer Science - Bioinformatics Option
University of Waterloo,Computer Science - Business Option
University of Waterloo,Computer Science - Computational Fine Arts Option
University of Waterloo,Computer Science - Digital Hardware Option
University of Waterloo,Computer Science - Human-Computer Interaction Option
University of Waterloo,Computer Science / Software Engineering
University of Victoria,Computer Science and Mathematics
University of Victoria,Computer Science and Physics
University of Victoria,Computer Science and Statistics
University of Victoria,Computer Science
Wilfrid Laurier University,Computer Science
University of Waterloo,Computer Science
Western University,Computer Science
St. Francis Xavier University,Computer Sciences
St. Francis Xavier University,Computer Sciences
York University,Computer Security
Wilfrid Laurier University,Computing and Business
Wilfrid Laurier University,Computing and Computer Electronics
Saint Mary's University,Computing Science and Business Administration
Ontario Tech University,Computing Science
Simon Fraser University,Computing Science
University of Alberta,Computing Science
University of British Columbia - Okanagan Campus,Computing Science
Western University,Conceptual Astronomy
Trent University - Peterborough Campus,Conservation Biology Co-op Program
Toronto Metropolitan University (formerly Ryerson University) ,Contemporary Science
University of Guelph,Crop Science
University of Waterloo,Data Science
Simon Fraser University,Data Science
University of British Columbia - Okanagan Campus,Data Science
Western University,Data Science
Ontario Tech University,Digital Media
Simon Fraser University,Discrete Mathematics
McMaster University,Earth & Environmental Science
University of British Columbia - Okanagan Campus,Earth & Environmental Science
McGill University ,Earth & Planetary Sciences
University of Alberta,Earth and Atmospheric Sciences
York University,Earth and Atmospheric Sciences
University of British Columbia - Vancouver Campus,Earth and Ocean Sciences
Brock University,Earth Sciences - Environmental Geoscience
University of Waterloo,Earth Sciences - Geology
University of Waterloo,Earth Sciences - Geophysics
University of Waterloo,Earth Sciences - Geoscience
University of Waterloo,Earth Sciences - Hydrogeology
St. Francis Xavier University,Earth Sciences
University of Calgary,Earth Sciences
University of Windsor,Earth Sciences
Brock University,Earth Sciences
Simon Fraser University,Earth Sciences
Dalhousie University,Earth Sciences
Carleton University,Earth Sciences
University of Victoria,Earth Sciences
Western University,Earth Sciences
Queen's University,Earth System Science
British Columbia Institute of Technology (BCIT),Ecological Restoration
University of British Columbia - Okanagan Campus,Ecology and Evolutionary Biology
University of Calgary,Ecology
University of Victoria,Economics (Finance Option)
Memorial University of Newfoundland,Economics
University of Victoria,Economics
Dalhousie University,Economics
University of British Columbia - Okanagan Campus,Economics
Western University,Ecosystem Health
McGill University ,Environment
University of Alberta,Environmental and Conservation Sciences
Queen's University,Environmental Biology
University of Windsor,Environmental Biology
University of British Columbia - Okanagan Campus,Environmental Chemistry
Queen's University,Environmental Chemistry
Queen's University,Environmental Geology
University of Guelph,Environmental Geomatics
Acadia University,Environmental Geoscience
Western University,Environmental Geoscience
Queen's University,Environmental Life Science
University of Guelph,Environmental Management
University of Northern British Columbia,Environmental Planning
Redeemer University,Environmental Science & Studies
Queen's University,Environmental Science
Mount Royal University,Environmental Science
Carleton University,Environmental Science
Acadia University,Environmental Science
University of Northern British Columbia,Environmental Science
Simon Fraser University,Environmental Science
Brandon University,Environmental Science
University of Lethbridge,Environmental Science
University of Toronto,Environmental Science
Dalhousie University,Environmental Science
University of Waterloo,Environmental Science
University of British Columbia - Vancouver Campus,Environmental Science
University of Ottawa,Environmental Science
Western University,Environmental Science
McMaster University,Environmental Sciences
Saint Mary's University,Environmental Studies
Trinity Western University,Environmental Studies
University of Victoria,Environmental Studies
University of Prince Edward Island,Environmental Studies
Queen's University,Environmental Toxicology
Western University,Epidemiology and Biostatistics
University of Guelph,Equine Management
University of Lethbridge,Exercise Science
University of Waterloo,Financial Analysis & Risk Management (FARM)
University of Waterloo,Financial Analysis and Risk Management (FARM) - Chartered Financial Analyst Specialization
University of Waterloo,Financial Analysis and Risk Management (FARM) - Professional Risk Management Specialization
University of Victoria,Financial Mathematics and Economics
University of Ottawa,Financial Mathematics and Economics
Toronto Metropolitan University (formerly Ryerson University) ,Financial Mathematics
University of Prince Edward Island,Financial Mathematics
Wilfrid Laurier University,Financial Mathematics
Western University,Financial Modelling
University of Guelph,Food Industry Management
Carleton University,Food Science and Nutrition
University of Guelph,Food Science
Trent University - Peterborough Campus,Forensic Biology
Trent University - Peterborough Campus,Forensic Chemistry
Trent University - Peterborough Campus,Forensic Science
University of British Columbia - Vancouver Campus,Forensic Science
University of British Columbia - Vancouver Campus,Forestry Sciences
Lakehead University,Forestry
University of British Columbia - Okanagan Campus,Freshwater Science
Western University,Game Development
University of Lethbridge,General Major Sciences
University of Waterloo,General Mathematics (3 year program)
University of Northern British Columbia,General Science
University of British Columbia - Vancouver Campus,General Science
University of British Columbia - Okanagan Campus,General Science
Western University,Genetics and Biochemistry
University of Manitoba,Genetics
Western University,Genetics
Simon Fraser University,Geographic Information Science
University of Lethbridge,Geographic Information Systems (GIS)
McMaster University,Geography & Environmental Studies
University of Lethbridge,Geography (Including Geology/Water Resources)
University of Victoria,Geography and Computer Science (Geomatics) 
Brandon University,Geography
University of Calgary,Geography
Brock University,Geography
University of Victoria,Geography
Saint Mary's University,Geography
Queen's University,Geography
Trinity Western University,"Geography, Planning and Geographic Information Systems"
University of Victoria,"Geography, Planning and Geographic Information Systems"
University of Victoria,"Geography, Planning and Geographic Information Systems"
University of Winnipeg,"Geography, Planning and Geographic Information Systems"
University of Northern British Columbia,"Geography, Planning and Geographic Information Systems"
McGill University ,"Geography, Planning and Geographic Information Systems"
University of Ottawa,Geology - Earth Sciences
Western University,Geology and Biology
Western University,Geology
Queen's University,Geology
Saint Mary's University,Geology
University of Regina,Geology
Laurentian University,Geology
Acadia University,Geology
University of New Brunswick - Fredericton Campus,Geology
Brandon University,Geology
Brandon University,Geomatics
Carleton University,Geomatics
Western University,Geophysics
Western University,Geophysics
University of Victoria,Health Information Science and Computer Science
University of Victoria,Health Information Science
Ontario Tech University,Health Physics and Radiation Science
Simon Fraser University,Health Sciences
University of Waterloo,Health Studies and Gerontology
University of Waterloo,Health Studies
Western University,High Performance Computing
University of Guelph,Honours Agriculture
University of Guelph,Horticulture
University of Alberta,Human Ecology
St. Francis Xavier University,Human Nutrition
St. Francis Xavier University,Human Nutrition
University of Alberta,Immunology and Infection
University of Guelph,Indigenous Environmental Science and Practice
Simon Fraser University,Industrial Mathematics/Operations Research
Western University,Information Systems
University of Waterloo,Information Technology Management
Western University,Integrated Science with Biology
Western University,Integrated Science with Chemistry
Western University,Integrated Science with Computer Science
Western University,Integrated Science with Earth Sciences
Western University,Integrated Science with Environmental Sciences
Western University,Integrated Science with Genetics
Western University,Integrated Science with Mathematics
Western University,Integrated Science with Physics
University of British Columbia - Vancouver Campus,Integrated Sciences
Western University,Interdisciplinary Medical Sciences
University of Toronto,International Development Studies
Queen's University,Kinesiology 
University of Victoria,Kinesiology 
Simon Fraser University,Kinesiology 
Wilfrid Laurier University,Kinesiology and Physical Education
University of Lethbridge,Kinesiology and Physical Education
Redeemer University,Kinesiology
University of British Columbia - Vancouver Campus,Land and food Systems
University of Waterloo,Life Physics
McMaster University,Life Sciences
Queen's University,Life Sciences
Ontario Tech University,Life Sciences/Life Sciences and Management
University of Victoria,Linguistics
University of Calgary,Manufacturing Engineering
University of Guelph,Marine and Freshwater Biology
Dalhousie University,Marine Biology
University of Waterloo,Materials and Nanosciences
Western University,Materials Science
Western University,Mathematical and Numerical Methods
University of Waterloo,Mathematical Economics
University of Waterloo,Mathematical Finance
University of Waterloo,Mathematical Optimization (Business Specialization)
University of Waterloo,"Mathematical Optimization (Operations Research Specialization), "
University of Waterloo,Mathematical Physics
Queen's University,Mathematical Physics
Simon Fraser University,Mathematical Physics
Western University,Mathematical Sciences
University of Waterloo,Mathematical Sciences
University of Toronto,Mathematical Sciences
University of British Columbia - Okanagan Campus,Mathematical Sciences
University of Waterloo,Mathematical Studies  (Business Specialization)
Toronto Metropolitan University (formerly Ryerson University) ,Mathematics & its Applications
York University,Mathematics & Statistics
University of Waterloo,Mathematics / Business Administration
University of Waterloo,Mathematics / Business Administration
Brock University,Mathematics and Computer Science
Simon Fraser University,Mathematics and Computing Science
University of Alberta,Mathematics and Statistical Sciences
McMaster University,Mathematics and Statistics
Acadia University,Mathematics and Statistics
University of Victoria,Mathematics and Statistics
University of Regina,Mathematics and Statistics
University of the Fraser Valley,Mathematics and Statistics
McGill University ,Mathematics and Statistics
Western University,Mathematics in Society
Brock University,Mathematics Integrated with Computer Applications with a Concentration in Statistics
University of Waterloo,Mathematics Teaching Option
University of Victoria,Mathematics
Lakehead University,Mathematics
University of British Columbia - Okanagan Campus,Mathematics
University of British Columbia - Vancouver Campus,Mathematics
University of Lethbridge,Mathematics
University of Ottawa,Mathematics
Dalhousie University,Mathematics
Wilfrid Laurier University,Mathematics
University of New Brunswick - Fredericton Campus,Mathematics
University of Northern British Columbia,Mathematics
Simon Fraser University,Mathematics
Lakehead University,Mathematics
Lakehead University,Mathematics
University of Prince Edward Island,Mathematics
St. Francis Xavier University,Mathematics
University of Toronto,Mathematics
Brock University,Mathematics
Queen's University,Mathematics
University of Toronto,Mathematics
St. Francis Xavier University,Mathematics
Western University,Mathematics
University of Waterloo,Mathematics/Chartered Professional Accountancy (Option in Finance)
Brandon University,Mathmatics & Computer Science
McMaster University,Medical & Biological Physics
Western University,Medical Biophysics and Biochemistry
Western University,Medical Biophysics
Western University,Medical Cell Biology
Western University,Medical Health Informatics
Western University,Medical Physics
Toronto Metropolitan University (formerly Ryerson University) ,Medical Physics
Western University,Medical Physics
Western University,Medical Sciences
Western University,Medical Sciences
University of Waterloo,Medicinal Chemistry
University of Toronto,Mental Health Studies
Dalhousie University,Microbiology & Immunology
University of British Columbia - Vancouver Campus,Microbiology & Immunology
Western University,Microbiology & Immunology
McGill University ,Microbiology & Immunology
University of Victoria,Microbiology and Chemistry
Western University,Microbiology and Immunology with Pathology
Western University,Microbiology and Immunology
University of British Columbia - Okanagan Campus,Microbiology
University of Manitoba,Microbiology
University of Guelph,Microbiology
University of Victoria,Microbiology
University of Toronto,Molecular Biology & Biotechnology
McMaster University,Molecular Biology & Genetics
University of Guelph,Molecular Biology and Genetics
University of British Columbia - Okanagan Campus,Molecular Cell and Developmental Biology
University of Guelph,Nanoscience
University of Northern British Columbia,Natural Resource Management - Resource Recreation
University of British Columbia - Vancouver Campus,Natural Resources Conservation
University of Northern British Columbia,Natural Resources Management - Forestry
University of Northern British Columbia,Natural Resources Management - Wildlife and Fisheries
Brock University,Neuroscience (Concentrations in Neurobiology and Neuropsychology)
Brock University,Neuroscience -  Neurobiology Stream
Brock University,Neuroscience -  Neuromotor Stream
Brock University,Neuroscience -  Neuropsychology Stream
Carleton University,Neuroscience and Mental Health
Brock University,Neuroscience
Western University,Neuroscience
University of Alberta,Neuroscience
University of Lethbridge,Neuroscience
Carleton University,Neuroscience
University of Toronto,Neuroscience
University of Guelph,Neuroscience
Acadia University,Nutrition and Dietetics
University of Alberta,Nutrition and Food Sciences
St. Francis Xavier University,Nutrition
St. Francis Xavier University,Nutrition
University of Guelph,Nutritional & Nutraceutical Science
Western University,One Health
University of Waterloo,Operational Research
Dalhousie University,Other
Western University,Pathology
Ontario Tech University,Pharmaceutical Chemistry
Western University,Pharmacology & Pathology
University of British Columbia - Vancouver Campus,Pharmacology
Western University,Pharmacology
University of Alberta,Pharmacology
University of Toronto,"Pharmacology, Toxicology & Pharmaceutical Chemistry"
Douglas College,Physical Education - Teaching
University of Victoria,Physical Geography and Earth and Ocean Sciences
University of the Fraser Valley,Physical Geography
University of Manitoba,Physical Geography
Simon Fraser University,Physical Geography
Carleton University,Physical Geography
MacEwan University,Physical Sciences Major
York University,Physics & Astronomy
Brandon University,Physics & Astronomy
University of Victoria,Physics & Astronomy
University of Victoria,Physics & Earth Sciences (Geophysics)
University of Victoria,Physics & Mathematics
University of Victoria,Physics & Ocean Sciences
University of Lethbridge,Physics (Including Pre-Engineering and Astronomy)
University of British Columbia - Vancouver Campus,Physics and Astronomy
University of Waterloo,Physics and Astronomy
University of British Columbia - Okanagan Campus,Physics and Astronomy
University of Victoria,Physics and Biochemistry
University of Victoria,Physics and Computer Science
University of Windsor,Physics and High Technology
University of Victoria,Physics and Ocean Science (Physical Oceangraphy)
Western University,Physics of Materials
York University,Physics
University of Toronto,Physics
University of Alberta,Physics
Queen's University,Physics
University of British Columbia - Okanagan Campus,Physics
Ontario Tech University,Physics
McMaster University,Physics
Dalhousie University,Physics
University of Prince Edward Island,Physics
Lakehead University,Physics
Acadia University,Physics
Brock University,Physics
University of New Brunswick - Fredericton Campus,Physics
University of Guelph,Physics
University of Victoria,Physics
Concordia University of Montreal,Physics
University of Regina,Physics
University of Waterloo,Physics
University of Northern British Columbia,Physics
Simon Fraser University,Physics
University of Ottawa,Physics
Western University,Physics
McGill University ,Physics
Western University,Physiology and Pharmacology
Western University,Physiology
University of Alberta,Physiology
McGill University ,Physiology
Western University,Planetary Science and Space Exploration
University of Guelph,Plant Science
University of British Columbia - Vancouver Campus,Psychology (Biopsychology)
University of Victoria,Psychology and Computer Science
University of Toronto,Psychology
Acadia University,Psychology
University of Lethbridge,Psychology
University of Victoria,Psychology
University of Northern British Columbia,Psychology
Memorial University of Newfoundland,Psychology
University of British Columbia - Okanagan Campus,Psychology
University of Waterloo,Psychology
Queen's University,Psychology
University of Alberta,Psychology
Saint Mary's University,Psychology
University of Waterloo,"Pure Math (Options in Finance,Teaching and Engineering Electives)"
University of Waterloo,Pure Mathematics / Teaching
University of Waterloo,Pure Mathematics
Simon Fraser University,Pure Mathematics
University of Lethbridge,Remote Sensing
University of Waterloo,Science & Business
University of Waterloo,Scientific Computation/Applied Math
Western University,Scientific Computing and Numerical Methods
York University,Space and Communication Sciences
Simon Fraser University,Spatial Information Systems
University of New Brunswick - Fredericton Campus,Statistics
University of British Columbia - Vancouver Campus,Statistics
University of Prince Edward Island,Statistics
University of Victoria,Statistics
Dalhousie University,Statistics
University of Waterloo,Statistics
Queen's University,Statistics
University of British Columbia - Okanagan Campus,Statistics
University of Toronto,Statistics
University of Manitoba,Statistics
Simon Fraser University,Statistics
Western University,Statistics
Western University,Synthetic Biology
Western University,Theoretical Computer Science
Western University,Theoretical Physics
University of Guelph,Wildlife Biology and Conservation
University of British Columbia - Vancouver Campus,Wood Products Processing
University of British Columbia - Okanagan Campus,Zoology
Western University,Anthropology
University of Ottawa,Anthropology
Seneca College,Child Development
University of Ottawa,Civil law and International development and Globalization
Western University,Communication
Ontario Tech University,Communications and Digital Media Studies
Conestoga College,Community and Criminal Justice
Humber College,Criminal Justice
Ontario Tech University,Criminology and Justice
Western University,Criminology
University of Ottawa,Criminology
Western University,Demography
Algonquin College of Applied Arts and Technology (Ottawa),Early Learning and Community Development
Conestoga College,Early Learning Program Development
University of Ottawa,Economics and Public Policies
University of Ottawa,Economics
Western University,Economics
University of Ottawa,Environmental Economics & Policy
Ontario Tech University,Forensic Psychology
Western University,Geography
Carleton University,Global and International Studies 
Western University,History
Brock University,History
Sheridan College,Honours Bachelor of Creative Writing & Publishing
University of Ottawa,International Development and Globalization
University of Ottawa,International Economics and Development
University of Ottawa,International Studies and Modern Languages
Ontario Tech University,Legal Studies
Western University,Management & Organizational Studies - Accounting
Western University,Management & Organizational Studies - Aviation
Western University,Management & Organizational Studies - Finance
Western University,Management & Organizational Studies - Human Resources
Western University,Management & Organizational Studies - Management & Legal Studies
Western University,Management & Organizational Studies - Marketing
University of Regina,Police Studies
Brock University,Political Science - Public Administration
Ontario Tech University,Political Science
Western University,Political Science
University of Ottawa,Political Science
Western University,Psychology
University of Ottawa,Public Administration
York University,Social Work Practicum
Wilfrid Laurier University,Social Work
Dalhousie University,Social Work
Carleton University,Social Work
Western University,Sociology
University of Ottawa,Sociology
Concordia University of Montreal,Sociology
Western University,Sustainability
Western University,Urban planning
University of Ottawa,Women's Studies
Nova Scotia Community College,Baking & Baking Art
Nova Scotia Community College,Culinary Skills
Nova Scotia Community College,Diesel Repair Industrial Marine
Nova Scotia Community College,Marine Industrial Rigging
Nova Scotia Community College,Plumbing
Northern Alberta Institute of Technology (NAIT),Water and Wastewater
Herzing College,Broadcasting and Media Communications
Nova Scotia Community College,Cabinetmaking
Okanagan College ,Culinary Arts
Red River College,Culinary Skills Indigenous
Red River College,Culinary Skills International
Red River College,Hospitality and Tourism Management 
Capilano University,Legal Administrative Assistant
Red River College,Professional Baking & Pastry
Nova Scotia Community College,Autobody & Collision Repair
Nova Scotia Community College,Automotive Service & Repair
Nova Scotia Community College,Gas Technician
Nova Scotia Community College,Heavy Equipment Operator
Nova Scotia Community College,Industrial Mechanical
Nova Scotia Community College,Marine Mechanical Technician
Nova Scotia Community College,Motorcycle & Power Products Repair
Nova Scotia Community College,Refrigeration & Air Conditioning Geothermal
Nova Scotia Community College,Refrigeration & Air Conditioning
Nova Scotia Community College,Steamfitting/Pipefitting
Nova Scotia Community College,Utility Line Work Construction & Maintenance
Southern Alberta Institute of Technology (SAIT),Water and Wastewater Treatment Operations
Nova Scotia Community College,Cannabis Cultivation
Nova Scotia Community College,Carpentry
Herzing College,Computer Networking Technology
Georgian College  ,Museum and Gallery Studies
Nova Scotia Community College,Music Business
NorQuest College,Accounting Technician
Herzing College,Administrative Assistant
NorQuest College,Administrative Professional
Nicola Valley Institute of Technology,Administrative Studies Certificate
Herzing College,Business Administration
Fanshawe College,Business Analysis
Nova Scotia Community College,Business Fundamentals
Seneca College,Cannabis Regulation and Quality Assurance
Seneca College,Government Relations
Lambton College,Hospitality Management - International
Nova Scotia Community College,Medical Office Administration
St. Lawrence College of Applied Arts and Technology,Office Administration - General
Nicola Valley Institute of Technology,Office Administration Certificate
Portage College - Lac La Biche Campus,Office Administration
Camosun College - Interurban Campus,Office Administration
Nova Scotia Community College,Office Administration
Fanshawe College,Supply Chain Management - Logistics
Conestoga College,Sustainable Business Management
Nova Scotia Community College,Tourism Hospitality
Herzing College,Accounting and Payroll Administrator
Portage College - Lac La Biche Campus,Accounting technician
Herzing College,Supply Chain Management and Logistics
Camosun College - Lansdowne Campus,Live Event and Audio-Visual Technician
Humber College,Professional Writing and Communications
Camosun College - Interurban Campus,Computer Network Electronics Technician
Lambton College,Computer Software and Database Development
Seneca College,Cybersecurity
Lambton College,Education Technology and Instructional Design
Camosun College - Interurban Campus,Information and Computer Systems Technician
Nova Scotia Community College - Aviation Institute - Dartmouth Gate,Aircraft Maintenance Engineer (Structures)
Confederation College,Engineering Business & Safety Management
Camosun College - Interurban Campus,Engineering Graphics Technician
Seneca College,Mechanical Technician - CNC Programming
Nicola Valley Institute of Technology,Environmental Resources Technology Certificate
Nova Scotia Community College,Continuing Care
Nova Scotia Community College,Dental Assisting Level II
Herzing College,Medical Office Assistant
Nova Scotia Community College,Law & Security
Herzing College,Legal Assistant
Nova Scotia Community College,Paralegal Services
Herzing College,Community Support Worker
Herzing College,Occupational Health and Safety
Nova Scotia Community College,Brick and Stone Masonry 
Nova Scotia Community College,Bridge Watch Rating
Nova Scotia Community College,Electrical Construction & Industrial - Certificate
Nova Scotia Community College,Oil Heat Systems Technician
Trillium College,Personal Support Worker
Georgian College  ,Aboriginal - Community and Social Development
College of New Caledonia,Accounting and Finance
Seneca College,Accounting and Finance
Selkirk College,Accounting and Finance
Heritage College,Accounting and Management Technology (Business Administration)
Seneca College,Accounting and Payroll
Douglas College,Accounting Management
University of Manitoba,Agriculture
Memorial University of Newfoundland,Aquaculture
Fleming College,Arboriculture
 Saskatchewan Polytechnic,Architectural and Building Technologies
 Saskatchewan Polytechnic,Architectural and Interior Technologies
Algonquin College of Applied Arts and Technology (Ottawa),Architectural Technician
Georgian College  ,Architectural Technician
Georgian College  ,Architectural Technology
Sheridan College,Architectural Technology
Algonquin College of Applied Arts and Technology (Ottawa),Architectural Technology
Douglas College,Arts
British Columbia Institute of Technology (BCIT),Auto Collision Refinishing Technician
British Columbia Institute of Technology (BCIT),Auto Collision Repair Technician
Centennial College,Automation: Robotics Technology
British Columbia Institute of Technology (BCIT),Automotive Service Technician
Georgian College  ,Aviation Management
Seneca College,Aviation Operations
Seneca College,Aviation Safety
Seneca College,Biotechnology advanced
Algonquin College of Applied Arts and Technology (Ottawa),Biotechnology
Centennial College,Biotechnology
McGill University ,Biotechnology
 Saskatchewan Polytechnic,Business - Information Systems
Georgian College  ,Business Accounting
Centennial College,Business Administration - Accounting
Georgian College  ,Business Administration - Accounting
George Brown College,Business Administration - Accounting
George Brown College,Business Administration - Financial Management
Georgian College  ,Business Administration - Human Resources Management
George Brown College,Business Administration - Human Resources
Centennial College,Business Administration - Leadership & Management
Georgian College  ,Business Administration - Marketing
Conestoga College,Business Administration - Marketing
George Brown College,Business Administration - Marketing
George Brown College,Business Administration
Humber College,Business Administration
Georgian College  ,Business Administration
Douglas College,Business Management
Langara College,Business Management
Georgian College  ,Business
Georgian College  ,Business
Red River College,Cabinetry and Woodworking
Seneca College,Chemical Laboratory Technology - Pharmaceutical
New Brunswick Community College (NBCC) - Moncton Campus,Chemical Technology
New Brunswick Community College (NBCC) - Saint-John Campus,Chemical Technology
Southern Alberta Institute of Technology (SAIT),Chemical Technology
Eastern College - Saint John Campus,Child and Youth Care with Addictions Support Worker
"Eastern College St John's, NL",Child and Youth Care with Addictions Support Worker
"Eastern College (Charlottetown, PE)",Child and Youth Care with Addictions Support Worker
Eastern College - Fredericton Campus,Child and Youth Care with Addictions Support Worker
"Eastern Academy (St. John's, NL)",Child and Youth Care with Addictions Support Worker
Eastern College - Moncton Campus,Child and Youth Care with Addictions Support Worker
Confederation College,Civil Engineering Technology
Douglas College,Commerce
Humber College,Community and Justice Services
Nova Scotia Community College,Community Recreation
Thompson Rivers University,Computer Automated Systems Technician - Electronics
Sheridan College,Computer Engineering Technology
Kwantlen Polytechnic University,Computer Information Systems
Okanagan College ,Computer Information Systems
Humber College,Computer Information Systems
College of New Caledonia,Computer Information Systems
Red River College,Computer Information Systems
Douglas College,Computer Information Systems
British Columbia Institute of Technology (BCIT),Computer Numerical Control Machinist
St. Lawrence College of Applied Arts and Technology,Computer Programmer Analyst
College of the North Atlantic - Prince Philip Campus,Computer Programmer Analyst
Georgian College  ,Computer Programmer Analyst
Georgian College  ,Computer Programmer
Conestoga College,Computer Programming and Analysis
Seneca College,Computer Programming and Analysis
Humber College,Computer Programming
Thompson Rivers University,Computer Science - Operations and Management
Langara College,Computer Studies
College of the North Atlantic - Corner Brook Campus,Computer Systems and Networking
College of the North Atlantic - Prince Philip Campus,Computer Systems and Networking
Centennial College,Computer Systems and Networks Technology
Thompson Rivers University,Computer Systems Technician - Electronics
Conestoga College,Computer Systems Technician - Information Technology Infrastructure and Services
Georgian College  ,Computer Systems Technician - Networking
Seneca College,Computer Systems Technology
Holland College,Computer Technology
Holland College,Correctional Officer
Camosun College - Lansdowne Campus,Criminal Justice
Holland College,Culinary Arts
Holland College,Culinary Arts
Confederation College,Culinary Management
Nova Scotia Community College,Culinary Management
Conestoga College,Culinary Management
Georgian College  ,Culinary Management
Fleming College,"Cultural Heritage, Conservation and Management"
University of Victoria,Cultural Resource Management
Nova Scotia Community College,Disability Supports & Services
Nova Scotia Community College,Drafting Architectural
Heritage College,Early Childhood Care and Education
Fleming College,Earth Sciences
Confederation College,Electrical Engineering Technology - Control Systems
Fleming College,Electrical Power Generation Technician
Conestoga College,Electrical Technician Apprenticeship
Nova Scotia Community College,Electro Mechanical Technician
Centennial College,Electronic Engineering Technology
Heritage College,Electronics and Information Technology.
Confederation College,Electronics Engineering Technician - Computers
Thompson Rivers University,Electronics/ Computing
Nova Scotia Community College,Emergency Management
Georgian College  ,Environmental Technician
Confederation College,Environmental Technician
Seneca College,Environmental Technician
Fleming College,Environmental Technician
Keyano College,Environmental Technology
Georgian College  ,Environmental Technology
College of the North Atlantic - Corner Brook Campus,Environmental Technology
Seneca College,Environmental Technology
Holland College,Events and Conventions Management
Nova Scotia Community College,Finance
Langara College,Financial Management
CDI College (Montreal),Financial Management
Vancouver Island University,Fisheries & Aquaculture
Conestoga College,Food and Beverage Management - Hotel and Restaurant Operations
Fanshawe College,Food and Beverage Management
Memorial University of Newfoundland,Food Safety
Confederation College,Forest Ecosystem Management Technician
Fleming College,Forestry
Douglas College,General Business
Yukon College,General Studies
Yukon College,General Studies
Holland College,Golf Club Management
Georgian College  ,Golf Facilities Operation Management
Centennial College,Health Informatics Technology
Georgian College  ,"Heating, Ventilation, Air Conditioning and Refrigeration Technician"
British Columbia Institute of Technology (BCIT),"Heating, Ventilation, Air Conditioning and Refrigeration Technician"
Assiniboine Community College,Heavy Duty Equipment Technician
Fleming College,Heavy Equipment Techniques
Algonquin College of Applied Arts and Technology (Ottawa),Horticulture Industries
Red River College,Horticulture Technician
Georgian College  ,Hospitality Administration
St. Lawrence College of Applied Arts and Technology,Hospitality and Tourism Management
Georgian College  ,Hospitality Management Hotel and Resort
Vancouver Island University,Hospitality Management
Holland College,Hotel and Restaurant Management
Heritage College,Hotel Management
Holland College,Human Services
New Brunswick Community College (NBCC) - Saint-John Campus,Industrial Control Technology (Instrumentation)
New Brunswick Community College (NBCC) - Moncton Campus,Industrial Control Technology
British Columbia Institute of Technology (BCIT),Industrial Maintenance Mechanic
College Marsan,Informatic Support
Memorial University of Newfoundland,Information and Communications Technology
Sheridan College,Information Systems Engineering
New Brunswick Community College (NBCC) - Saint-John Campus,Information Technology - Programmer Analyst
Sheridan College,Information Technology Infrastructure and Services
St. Lawrence College of Applied Arts and Technology,Information Technology Specialist
O'Sullivan College of Montreal,Information Technology
St. Lawrence College of Applied Arts and Technology,Information Technology
Confederation College,Instrumentation Engineering Technician - Automation and Control
Confederation College,Instrumentation Engineering Technician
Conestoga College,Insurance - Property and Casualty
Selkirk College,Integrated Environmental Planning Technology
Algonquin College of Applied Arts and Technology (Ottawa),Interactive Media Design
Seneca College,International Business Administration
Centennial College,International Business
Sheridan College,Internet Communications Technology
MacEwan University,Investigations and Security Management Studies
Nova Scotia Community College,IT Data Analytics
Nova Scotia Community College,IT Database Administration
Nova Scotia Community College,IT Generalist
Nova Scotia Community College,IT Programming
Nova Scotia Community College,IT Systems Management & Security
Nova Scotia Community College,IT Web Programming
Centennial College,Law Clerk
Yukon College,Liberal Arts
University of the Fraser Valley,Library & Information Technology
College Marsan,Management networking and Telecommunication
Nova Scotia Community College,Marine Geomatics
Georgian College  ,Marine Technology - Navigation 
Holland College,Marketing & Advertising
Langara College,Marketing Management
Douglas College,Marketing Management
Kwantlen Polytechnic University,Marketing Management
Georgian College  ,Marketing
Confederation College,Mechanical Engineering Technician
New Brunswick Community College (NBCC) - Moncton Campus,Mechanical Engineering Technology
Georgian College  ,Mechanical Technician - Precision Skills
Conestoga College,"Mechanical Technician Apprenticeship - Tool and Die/Tool Maker, General Machinist"
New Brunswick Community College (NBCC) - Saint-John Campus,Mechanical Technician
New Brunswick Community College (NBCC) - Moncton Campus,Mechanical Technician
College Marsan,Multimedia Technics
Humber College,Multimedia
Confederation College,Native Child & Family Services
Okanagan College ,Network and Telecommunications
Red Deer College,Network Systems Technology
Yukon College,Northern Environmental Studies
Yukon College,Northern First Nations Studies
Eastern College - Saint John Campus,Occupational and Physical Therapy
Eastern College - Fredericton Campus,Occupational and Physical Therapy
Eastern College - Halifax Campus,Occupational and Physical Therapy
Eastern College - Moncton Campus,Occupational and Physical Therapy
Northern Alberta Institute of Technology (NAIT),Occupational Health and Safety
Camosun College - Interurban Campus,Office Management
Centennial College,Operations Management
Georgian College  ,Opticianry
MacEwan University,Police Studies
University of Ottawa,Population Health Risk Assessment and Management
Confederation College,Power Engineering Technician
New Brunswick Community College (NBCC) - Moncton Campus,Power Engineering Technology
Algonquin College of Applied Arts and Technology (Ottawa),Powerline Technician
Nova Scotia Community College,Precision Machining
Holland College,Professional Golf Management
Selkirk College,Professional Management
University of Victoria,Professional Writing
College Marsan,Programmer Analyst: Internet Option
MacEwan University,Public Relations
New Brunswick Community College (NBCC) - Saint-John Campus,Pulp and Paper Process Technician
Georgian College  ,Recreation and Leisure Services
Fleming College,Recreation and Leisure Services
Selkirk College,"Recreation, Fish and Wildlife Technology"
Yukon College,Renewable Resource Management
Douglas College,Science
Nova Scotia Community College,Screen Arts
Georgian College  ,Snow Resort Operations
Holland College,Sports and Leisure Management
Memorial University of Newfoundland,Technology - Nautical Science
Thompson Rivers University,Telecommunications Technician - Electronics
British Columbia Institute of Technology (BCIT),Tool and Die Technician
Conestoga College,Tourism - Destinations and Travel Management
North Island College,Tourism and Hospitality Management
Vancouver Island University,Tourism and Recreation Administration
Vancouver Island University,Tourism and Recreation Administration
Holland College,Tourism and Travel Management
Georgian College  ,Tourism and Travel
Champlain College St-Lambert,Tourism
Holland College,Urban and Regional Planning
Fleming College,Water and Wastewater
Okanagan College ,Water Engineering Technology
Memorial University of Newfoundland,Water Quality
Georgian College  ,Web Animation and Design
College Marsan,Web Site Development and Electronic Commerce
Yukon College,Women's Studies
Conestoga College,Woodworking Technology
Academy Canada (St-John's - Harding Road),Animal Grooming Professional
Okanagan College ,Animation
Algonquin College of Applied Arts and Technology (Ottawa),Applied Museum Studies
Academy Canada (Corner Brook),Business Administration
Academy Canada (St-John's - Kenmount Road),Business Administration
Nova Scotia Community College,Cosmetology
George Brown College,Culinary Management (Integrated Learning)
George Brown College,Culinary Management - Nutrition
George Brown College,Culinary Management
Okanagan College ,Culinary Management
Sault College,Culinary Management
Nova Scotia Community College,Esthetics & Spa Therapies
"Eastern Academy (St. John's, NL)",Event Planner/Public Relations Specialist
Fanshawe College,Fashion Design
Fanshawe College,Fashion Marketing and Management
Nova Scotia Community College,Graphic & Print Production
Nova Scotia Community College,Graphic Design
Nova Scotia Community College,Graphic Design
Fanshawe College,Horticulture Technician 
Red River College,Hotel  and Restaurant Management
"Eastern Academy (St. John's, NL)",Human Resources Assistant - Payroll Practitioner
"Eastern Academy (St. John's, NL)",Information Specialist+
Academy Canada (St-John's - Kenmount Road),Interior Decorating
Fanshawe College,Interior Decorating
Fanshawe College,Landscape Design
Nova Scotia Community College,Music Arts
Nova Scotia Community College,Music Production and Engineering 
Nova Scotia Community College,Music Production and Engineering 
Academy Canada (St-John's - Kenmount Road),Office Administration Technology
Academy Canada (Corner Brook),Office Administration Technology
Nova Scotia Community College,Professional Photography
Nova Scotia Community College,Professional Photography
Nova Scotia Community College,Radio Television Journalism 
Nova Scotia Community College,Radio Television Journalism 
Nova Scotia Community College,Radio Television Journalism - Journalism Concentration
Nova Scotia Community College,Radio Television Journalism - Radio Performance & Studio Production Concentration
Nova Scotia Community College,Radio Television Journalism - Television Production Concentration
"Eastern Academy (St. John's, NL)",Supply Chain and Logistics
Red River College,Tourism Management
Academy Canada (St-John's - Kenmount Road),Veterinary Assistant/Receptionist
Academy Canada (Corner Brook),Veterinary Assistant/Receptionist
Camosun College - Lansdowne Campus,Applied Chemistry and Biotechnology
Fleming College,Biotechnology Advanced
Nova Scotia Community College,CAD Technician Mechanical
Loyalist College,Chemical Engineering Technology
Fanshawe College,Chemical Laboratory Technology
Academy Canada (St-John's - Harding Road),Construction/Industrial Electrician
Academy Canada (St-John's - Harding Road),Cook
Academy Canada (Corner Brook),Cook
Nova Scotia Community College,Electrical Technician
Academy Canada (St-John's - Kenmount Road),Hairstylist
Academy Canada (Corner Brook),Hairstylist
Nova Scotia Community College,Heavy Duty Equipment / Truck & Transport Repair Diploma
Nova Scotia Community College,Heavy Duty Equipment/Truck and Transport Repair Diploma
Nova Scotia Community College,Heritage Carpentry
Nova Scotia Community College,Marine Navigation Technology Diploma
Nova Scotia Community College,Metal Fabrication
Academy Canada (Corner Brook),Motor Vehicle Body Repairer
Nova Scotia Community College,Natural Resources Environmental Technology
Nova Scotia Community College,Pipe Trades
Durham College,Water Quality Technician
Academy Canada (St-John's - Harding Road),Welder
Academy Canada (Corner Brook),Welder
Nova Scotia Community College,Welding Diploma
Nova Scotia Community College,Welding Inspection & Quality Control
Institut Grasset,3D animation and image synthesis technique
 Saskatchewan Polytechnic,Agriculture and Food  Production
Humber College,Air Conditionning and Refrigeration Engineering Technician
College of the North Atlantic - Corner Brook Campus,Aircraft Maintenance Engineering Technician
College of North Atlantic - Gander Campus,Aircraft Maintenance Engineering Technician
Algonquin College of Applied Arts and Technology (Ottawa),Aircraft Maintenance Technician
Northern Alberta Institute of Technology (NAIT),Animal Health Technology 
Institut de technologie agroalimentaire - Saint-Hyacinthe Campus,Animal production technology
Mohawk College,Architectural Technology - Construction or Design
Fanshawe College,Architectural Technology
George Brown College,Architectural Technology
John Abbot College,Archive and Records Management
British Columbia Institute of Technology (BCIT),Automation & Instrumentation
Fanshawe College,Aviation Technician - Aircraft Maintenance
Canadore College,Aviation Technician - Aircraft Maintenance
Canadore College,Aviation Technician - Avionics Maintenance
Fanshawe College,Aviation Technician - Avionics Maintenance
Canadore College,Aviation Technology - Aircraft Maintenance and Avionic
Fanshawe College,Aviation Technology - Aircraft Maintenance and Avionics
Canadore College,Aviation Technology - Aircraft Maintenance and Structures
Northern Alberta Institute of Technology (NAIT),Biological Sciences Technology - Conservation Biology
Northern Alberta Institute of Technology (NAIT),Biological Sciences Technology - Environmental Monitoring and Assessment
Northern Alberta Institute of Technology (NAIT),Biological Sciences Technology - Laboratory Research and Biotechnology 
Mohawk College,Biotechnology (Health)
Mohawk College,Biotechnology
Fanshawe College,Building Renovation Technology
Red River College,Business Information Technology
Nova Scotia Community College,Business Intelligence Analytics
Red River College,Business Technology Management
Fanshawe College,Carpentry & Renovation Technician
Niagara College ,Carpentry and Renovation Technician (Co-op)
Conestoga College,Carpentry and Renovation Technician
Northern Alberta Institute of Technology (NAIT),Chemical Technology
Durham College,Civil Engineering Technician
Nova Scotia Community College,Civil Engineering Technology 
George Brown College,Civil Engineering Technology
Academy Canada (St-John's - Kenmount Road),Computer Aided Drafting
St. Lawrence College of Applied Arts and Technology,Computer Networking and Technical Support
Lambton College,Computer Software and Database Development
Northern Alberta Institute of Technology (NAIT),Construction Engineering Technology 
Nova Scotia Community College,Construction Management Technology 
Nova Scotia Community College,Construction Management Technology
Lambton College,Construction Project Management 
Niagara College ,Culinary Innovation and Food Technology (Co-op)
Niagara College ,Culinary Management (Co-op)
Nova Scotia Community College,Cyber Security
Nova Scotia Community College,Cyber Security
Herzing College,Cybersecurity Specialist
Red River College,Data Science & Machine Learning
Nova Scotia Community College,Drafting Architectural
Nova Scotia Community College,Electrical Engineering Technology 
Humber College,Electrical Engineering Technology - Control Systems
British Columbia Institute of Technology (BCIT),Electrical Power and Industrial Control Technology
Conestoga College,Electrical Technician - Industrial
Conestoga College,Electro Mechanical and Automation Maintenance
Nova Scotia Community College,Electro-Technical Officer Advanced Diploma
Humber College,Electromechanical Engineering Technology - Automation & Robotics
Humber College,Electronic Engineering Technology
Nova Scotia Community College,Energy Sustainability Engineering Technology 
Nova Scotia Community College,Environmental Engineering Technology 
Durham College,Fire and Life Safety Systems Technician
Northern Alberta Institute of Technology (NAIT),Forest Technology 
Nova Scotia Community College,Game Development 
Fanshawe College,Geographic Information Systems
Nova Scotia Community College,Geographic Sciences - Cartography Concentration
Nova Scotia Community College,Geographic Sciences - Community and Environmental Planning Concentration
Nova Scotia Community College,Geographic Sciences - Geographic Information Systems (GIS) Concentration
Nova Scotia Community College,Geographic Sciences
Northern Alberta Institute of Technology (NAIT),Geoscience Technology
British Columbia Institute of Technology (BCIT),"Heating, Ventilation, Air Conditioning and Refrigeration Technician"
Nova Scotia Community College,Heritage Carpentry
Institut de technologie agroalimentaire - Saint-Hyacinthe Campus,Horticultural production and the environment
Nova Scotia Community College,Horticulture & Landscape Technology 
Nova Scotia Community College,Industrial Engineering Technology
Nova Scotia Community College,Industrial Instrumentation
Nova Scotia Community College,Industrial Instrumentation
Humber College,Interior Decorating
George Brown College,Interior Design Technology
Eastern College - Halifax Campus,IT Systems Administrator
Humber College,Landscape Technician
Mohawk College,Manufacturing Engineering Technician - Automation (Industrial Mechanic Millwight)
Conestoga College,Manufacturing Engineering Technology - Welding and Robotics
Niagara College ,Mechanical Engineering Technology (Co-op)
Humber College,Mechanical Engineering Technology
Nova Scotia Community College,Mechanical Engineering Technology
Conestoga College,Mechanical Technician - Automated Manufacturing
George Brown College,Mechanical Technician - CNC & Precision Machining
Nova Scotia Community College,Metal Fabrication 
Lambton College,Millwright Mechanical Technician
Lambton College,Mobile Application Design and Development
Niagara College ,Motive Power Technician - Automotive (Co-op)
Conestoga College,Motive Power Technician - Heavy Duty Equipment
Academy Canada (St-John's - Kenmount Road),Multimedia Graphic Design
Academy Canada (St-John's - Harding Road),Natural Resources
Memorial University of Newfoundland,Nautical Science
Eastern College - Halifax Campus,Network Support Specialist
Nova Scotia Community College,Oceans Technology
Conestoga College,Packaging Engineering Technician
Nova Scotia Community College,Pipe Trades
Nova Scotia Community College,Precision Machining
Lambton College,Quality Engineering Management
Fanshawe College,Renewable Energies Technician (St. Thomas/Elgin Regional Campus)
Okanagan College ,Sustainable Construction Management Technology
Institut Grasset,Television production and post-production technique
Mohawk College,Urban and Regional Planning Technician - GIS
Okanagan College ,Viticulture Technician
Durham College,Welding Engineering Technician
Nova Scotia Community College,Welding Inspection and Quality
Camosun College - Lansdowne Campus,Arts & Science Studies
Canadore College,Business Administration
Canadore College,Business
Academy Canada (Corner Brook),Construction/Industrial Electrician
Canadore College,Food and Nutrition Administration
Canadore College,Food and Nutrition Management
Nova Scotia Community College,Health Information Management (HIM)
Canadore College,"Hotel, Resort and Restaurant Administration"
Canadore College,"Hotel, Resort and Restaurant Management"
Herzing College,2D Animation
Yukon College,Art
Canadore College,Business Administration - Accounting
Camosun College - Lansdowne Campus,Economics
Camosun College - Lansdowne Campus,English
Holland College,Fashion Arts
Camosun College - Lansdowne Campus,General Arts
Nova Scotia Community College,Graphic & Print Production
Holland College,Journalism
Holland College,Photography
Camosun College - Lansdowne Campus,Pre-Social Work
Nova Scotia Community College,Radio Television Journalism
Nova Scotia Community College,Screen Arts
Holland College,Visual Communications
Holland College,Wood Working
Herzing College,Accounting & Payroll Administration
Eastern College - Halifax Campus,Accounting & Payroll Administrator
Trios College,Accounting & Payroll Specialist 
St. Lawrence Cegep Champlain,Accounting and Management Technology
"Eastern Academy (St. John's, NL)",Accounting and Payroll Administrator
Confederation College,Accounting
Red River College,Accounting
Bow Valley College,Accounting
New Brunswick Community College (NBCC) - Fredericton Campus,Administrative Professional
Eastern College - Halifax Campus,Administrative Specialist
"Eastern Academy (St. John's, NL)",Administrative Specialist
Nicola Valley Institute of Technology,Administrative Studies Diploma
Lambton College,Advanced Project Management and Strategic Leadership
Assiniboine Community College,Agriculture & agribusiness
 Saskatchewan Polytechnic,Business - Accountancy
 Saskatchewan Polytechnic,Business - Admnistration
Nova Scotia Community College,Business - Hospitality
Seneca College,Business - Insurance
Algonquin College of Applied Arts and Technology (Ottawa),Business - Marketing
 Saskatchewan Polytechnic,Business - Marketing
Nova Scotia Community College,Business - Tourism
Mohawk College,Business Accounting
Nova Scotia Community College,Business Administration -  Accounting Concentration
Niagara College ,Business Administration - Accounting (Co-op)
Sheridan College,Business Administration - Accounting
Keyano College,Business Administration - Accounting
MacEwan University,Business Administration - Accounting
Canadore College,Business Administration - Accounting
Okanagan College ,Business Administration - Accounting
Holland College,Business Administration - Accounting
Sheridan College,Business Administration - Finance
Seneca College,Business Administration - Financial Planning
Nova Scotia Community College,Business Administration - Financial Services Concentration
Algonquin College of Applied Arts and Technology (Ottawa),Business Administration - General Business
Niagara College ,Business Administration - Human Resources (Co-op)
Sheridan College,Business Administration - Human Resources
Seneca College,Business Administration - Human Resources
Algonquin College of Applied Arts and Technology (Ottawa),Business Administration - International Business
George Brown College,Business Administration - International Business
Niagara College ,Business Administration - Marketing (Co-op)
Nova Scotia Community College,Business Administration - Marketing Concentration
Canadore College,Business Administration - Marketing
Seneca College,Business Administration - Marketing
Mohawk College,Business Administration - Marketing
Nova Scotia Community College,Business Administration - Open Concentration
George Brown College,Business Administration - Project Management
Nova Scotia Community College,Business Administration - Software and Information Management
George Brown College,Business Administration - Supply Chain and Operations Management
Niagara College ,Business Administration - Supply Chain and Operations Management
College of the North Atlantic ,Business Administration Account
Humber College,Business Administration Co-op
College of the North Atlantic ,Business Administration General
College of the North Atlantic ,Business Administration Marketing
Sheridan College,Business Administration Marketing
St. Lawrence College of Applied Arts and Technology,Business Administration Marketing
Northwest Community College,Business Administration
Nicola Valley Institute of Technology,Business Administration
North Island College,Business Administration
University of the Fraser Valley,Business Administration
Nova Scotia Community College,Business Administration
Holland College,Business Administration
Yukon College,Business Administration
Yukon College,Business Administration
Champlain College St-Lambert,Business Administration
Assiniboine Community College,Business Administration
NorQuest College,Business Administration
"Eastern Academy (St. John's, NL)",Business Administration
College of the North Atlantic ,Business Adminstration Human Resource Management
Holland College,Business Information Technology
Oulton College ,Business Management &
 Saskatchewan Polytechnic,Business Management - Human Resources
Algonquin College of Applied Arts and Technology (Ottawa),Business Management and Entrepreneurship
Lambton College,Business Management Grad Certificate
Lambton College,Business Management Human Resources
Algonquin College of Applied Arts and Technology (Pembroke),Business
Fanshawe College,Business
Fanshawe College,"Business, Marketing"
Fanshawe College,"Business, Supply Chain and Operations"
Nicola Valley Institute of Technology,Community Economic Development
Nova Scotia Community College,Cool Climate Wine & Viticulture
Bow Valley College,Events management
Nicola Valley Institute of Technology,Executive Assistant Diploma
"Willis College of Business, Technology, Healthcare      ",Executive Business Administration
College of the North Atlantic ,Executive Office Management
Camosun College - Interurban Campus,Finance
Lambton College,Financial Planning and Wealth Management
Bow Valley College,Financial Services
Okanagan College ,Financial Services
Red River College,Financial Services
Nicola Valley Institute of Technology,First Nations Public Administration
Bow Valley College,General Business
Camosun College - Interurban Campus,General Management
Trios College,Honours Business Administration
Lambton College,"Hospitality - Culture, Leadership and Operations"
Okanagan College ,Hospitality Management
Okanagan College ,Human Resources Management
Centennial College,Human Resources Management
"Willis College of Business, Technology, Healthcare      ",Human Resources with Payroll
St. Lawrence College of Applied Arts and Technology,Human Resources
St. Lawrence College - Kingston Campus,Human Resources
Bow Valley College,Human Resources
Confederation College,Human Resources
Camosun College - Interurban Campus,Indigenous Business Leadership
Centre de formation professionnelle Marie-Rollet,Informatic Support
Bow Valley College,Insurance and Risk Management
Mohawk College,Insurance
Nova Scotia Community College,International Business
Seneca College,International Transportation & Customs
Holland College,Legal Administration
Nova Scotia Community College,Library & Information Technology
Nova Scotia Community College,Library & Information Technology
Okanagan College ,Management
Keyano College,Management
North Island College,Management
Confederation College,Marketing
Bow Valley College,Marketing
Okanagan College ,Marketing
Holland College,Medical Support Services
Herzing College,Occupational Health and Safety Officer
Niagara College ,Office Administration - Executive (Co-op)
Fanshawe College,Office Administration - Executive (London)
Fanshawe College,Office Administration - Executive (Simcoe/Norfolk Regional Campus)
Fanshawe College,Office Administration - Executive (Woodstock/Oxford Regional Campus)
Georgian College  ,Office Administration - Executive
Algonquin College of Applied Arts and Technology (Ottawa),Office Administration - Executive
Lambton College,Office Administration - Executive
Lambton College,Office Administration - Health Services
St. Lawrence College of Applied Arts and Technology,Office Administration - Health Services
Holland College,Office Administration
Keyano College,Office Administration
Assiniboine Community College,Office Administration
Cambrian College,Physical fitness and Leisure Management
Camosun College - Interurban Campus,Public Administration
Bow Valley College,Public Relations
Holland College,Retail Management
Oulton College ,"Sales, Marketing & Business Development"
Canadore College,Small Business Administration
Canadore College,Small Business Management
Cambrian College,Software Engineering Technology
Lambton College,Sports and Recreation Administration
Eastern College - Halifax Campus,Supply Chain and Logistics
Durham College,Supply Chain and Operations Management
Algonquin College of Applied Arts and Technology (Ottawa),Supply Chain and Operations Management
Loyalist College,Supply Chain Management-Global Logistics Post Graduate Program
Conestoga College,Supply Chain Operations Management
Niagara College ,Tourism Management - Business Development (Co-op)
Bow Valley College,Tourism
Vanier College,Accounting and Management Technology
Fanshawe College,Business - Accounting
Vanier College,Business Management (Marketing)
Fanshawe College,"Business, Finance"
Fanshawe College,"Business, Insurance"
Brighton College,International Trade and Freight Forwarding
Lambton College,Marketing Management and Professional Sales
Vanier College,Office Systems Technology
Lambton College,Supply Chain Management 
Nova Scotia Community College,American Sign Language/English interpretation
Heritage College,Graphic and Web Design
Humber College,Journalism - Accelerated
Humber College,Journalism - Print and Broadcast
Algonquin College of Applied Arts and Technology (Ottawa),Journalism
Centennial College,Journalism
Centennial College,Marketing
Humber College,Package & Graphic Design
Algonquin College of Applied Arts and Technology (Ottawa),Public Relations 
Nova Scotia Community College,Public Relations
Humber College,Public Relations
Nova Scotia Community College,Radio Television Journalism 
British Columbia Institute of Technology (BCIT),Wireless Communication and Computer Networks
Trios College,Applications Developer
Lambton College,Cloud Computing for Big Data
British Columbia Institute of Technology (BCIT),CNC Machinist Technician
British Columbia Institute of Technology (BCIT),Computer Control Technology
University of the Fraser Valley,Computer Information Systems
Niagara College ,Computer Programmer Analyst (Co-op)
Humber College,Computer Programmer Analyst
Lambton College,Computer Programmer
Humber College,Computer Programmer
Lambton College,Computer Programmer
Lambton College,Computer Programmer
Fanshawe College,Computer Programming and Analysis
Algonquin College of Applied Arts and Technology (Ottawa),Computer Programming
Heritage College,Computer Science 
Champlain College St-Lambert,Computer Science 
Vanier College,Computer Science Technology (Internship)
Vanier College,Computer Science Technology
Fleming College,Computer security
Yukon College,Computer Studies
Mohawk College,Computer Systems Technician - Network Systems
Algonquin College of Applied Arts and Technology (Ottawa),Computer Systems Technician - Networking
Mohawk College,Computer Systems Technician - Software Support
Algonquin College of Applied Arts and Technology (Pembroke),Computer systems Technician-Pembroke
Mohawk College,Computer Systems Technology - Network Engineering and Security Analyst
Mohawk College,Computer Systems Technology - Software Development
Fanshawe College,Computer Systems Technology
British Columbia Institute of Technology (BCIT),Computer Systems Technology
Institut Grasset,Computer techniques
British Columbia Institute of Technology (BCIT),Computer Technology
"Willis College of Business, Technology, Healthcare      ",Cyber Security Analyst
Fanshawe College,Cyber Security
Northern Alberta Institute of Technology (NAIT),Digital Media and IT
Trios College,Enterprise Web and Mobile Developer
Camosun College - Interurban Campus,Information and Computer Systems Technologist
Trios College,Information Technology Administrator
Trios College,Information Technology Professional
Cape Breton University,Information Technology
Yukon College,Information Technology
Nova Scotia Community College,IT Data Analytics
Nova Scotia Community College,IT Database Administration
Nova Scotia Community College,IT Generalist
Conestoga College,IT Innovation and Design
Nova Scotia Community College,IT Programming
Nova Scotia Community College,IT Systems Management and Security
Nova Scotia Community College,IT Web Programming
Humber College,Multimedia Design & Production technician
Assiniboine Community College,Network Administration
Trios College,Network Administrator
Manitoba Institute of Trades and Technology (MITT),Software Developer
Oulton College ,Systems Management & Cybersecurity
Algonquin College of Applied Arts and Technology (Ottawa),Web Development and Internet Applications 
Trios College,Web Technology Specialist
Trillium College,Early Childcare Assistant
Nova Scotia Community College,Early Childhood Education
University of Victoria,Intercultural Education and Training
Nova Scotia Community College,Mi'kmaw Early Childhood Education
Nova Scotia Community College - Aviation Institute - Dartmouth Gate,Aircraft Maintenance Engineer (Avionics) 
Nova Scotia Community College - Aviation Institute - Dartmouth Gate,Aircraft Maintenance Engineer (Mechanical) 
Okanagan College ,Aircraft Maintenance Engineer
Nova Scotia Community College,Architectural Engineering Technician
Nova Scotia Community College,Architectural Engineering Technician
Red River College,Architectural Technology 
Red River College,Architectural/Engineering Technology
Conestoga College,Architecture - Construction Engineering Technology
Centennial College,Biomedical Engineering Technology
Northern Alberta Institute of Technology (NAIT),Biomedical Engineering Technology
Seneca College,Building systems engineering technician
Vanier College,Building Systems Engineering Technology
Sheridan College,Chemical Engineering Technology -  Environmental
Sheridan College,Chemical Engineering Technology
Mohawk College,Chemical Engineering Technology
Seneca College,Chemical Engineering Technology
Northern Alberta Institute of Technology (NAIT),Chemical Engineering Technology
Cambrian College,Chemical Engineering Technology
College of the North Atlantic ,Chemical Process Engineering Technology (Co-op)
Lambton College,Chemical Production and Power Engineering Technician
Lambton College,Chemical Production and Power Engineering Technology - Accelerated
Seneca College,Civil Engineering Technician
Assiniboine Community College,Civil Engineering Technician
Georgian College  ,Civil Engineering Technology - Construction
Mohawk College,Civil Engineering Technology - Transportations
Mohawk College,Civil Engineering Technology
Fanshawe College,Civil Engineering Technology
Seneca College,Civil Engineering Technology
Algonquin College of Applied Arts and Technology (Ottawa),Civil Engineering Technology
 Saskatchewan Polytechnic,Civil Engineering Technology
Northern Alberta Institute of Technology (NAIT),Civil Engineering Technology
Okanagan College ,Civil Engineering Technology
Okanagan College ,Civil Engineering Technology
College of the North Atlantic - Ridge Road Campus,Civil Engineering Technology
Dawson College,Civil Engineering Technology
Conestoga College,Civil Engineering Technology
Durham College,Civil Engineering Technology
Camosun College - Interurban Campus,Civil Engineering Technology
Nova Scotia Community College,Civil Engineering Technology
College of the North Atlantic - Corner Brook Campus,Civil Engineering
Sault College,Civil Engineering
Algonquin College of Applied Arts and Technology (Ottawa),Computer Engineering Technology - Computing Science
Mohawk College,Computer Engineering Technology - Mechatronic Systems
Conestoga College,Computer Engineering Technology
St. Lawrence College of Applied Arts and Technology,Computer Engineering Technology
 Saskatchewan Polytechnic,Computer Engineering Technology
Northern Alberta Institute of Technology (NAIT),Computer Engineering Technology
Seneca College,Computer Engineering Technology
College of the North Atlantic - Ridge Road Campus,Computer Systems Engineering
New Brunswick Community College (NBCC) - Saint-John Campus,Computer Systems Option
Algonquin College of Applied Arts and Technology (Ottawa),Construction Engineering Technician
British Columbia Institute of Technology (BCIT),Electrical and Computer Engineering
Mohawk College,Electrical Engineering Technician - Power
Mohawk College,Electrical Engineering Technician - Power
Algonquin College of Applied Arts and Technology (Ottawa),Electrical Engineering Technician
Georgian College  ,Electrical Engineering Technician
Niagara College ,Electrical Engineering Technology (Co-op)
College of the North Atlantic - Ridge Road Campus,Electrical Engineering Technology - Power and Control
 Saskatchewan Polytechnic,Electrical Engineering Technology - Power systems
Mohawk College,Electrical Engineering Technology
Fanshawe College,Electrical Engineering Technology
Algonquin College of Applied Arts and Technology (Ottawa),Electrical Engineering Technology
Conestoga College,Electrical Engineering Technology
Georgian College  ,Electrical Engineering Technology
Nova Scotia Community College,Electrical Engineering Technology
University of British Columbia - Vancouver Campus,Electrical Engineering
Lambton College,Electrical Power Distribution and Control Technician
Red River College,Electrical/ Electronic Engineering Technology
Algonquin College of Applied Arts and Technology (Ottawa),Electro-Mechanical Engineering Technician 
Fanshawe College,Electro-Mechanical Engineering Technician
Sheridan College,Electromechanical Engineering Technology
Georgian College  ,Electromechanical Engineering Technology- Mechatronics
Nova Scotia Community College,Electronic Engineering Technician
Nova Scotia Community College,Electronic Engineering Technology
Sheridan College,Electronic Engineering Technology
Okanagan College ,Electronic Engineering Technology
Nova Scotia Community College,Electronic Engineering Technology
College of the North Atlantic - Corner Brook Campus,Electronic Systems Engineering Technology
Camosun College - Interurban Campus,Electronics & Computer Engineering Technology - Renewable Energy
Seneca College,Electronics Engineering Technology 
Niagara College ,Electronics Engineering Technology (Co-op)
Northern Alberta Institute of Technology (NAIT),Electronics Engineering Technology Control Systems
Humber College,Electronics Engineering Technology Control Systems
Conestoga College,Electronics Engineering Technology
Nova Scotia Community College,Energy Sustainability Engineering Technology
Conestoga College,Energy Systems Engineering Technology
Mohawk College,Energy Systems Engineering Technology
 Saskatchewan Polytechnic,Engineering Design & Drafting
College of New Caledonia,Engineering Technology - Graphics and Design
Selkirk College,Engineering
Conestoga College,Environmental Civil Engineering Technology
Conestoga College,Environmental Engineering Applications
Red River College,Environmental Engineering Technology
 Saskatchewan Polytechnic,Environmental Engineering Technology
Nova Scotia Community College,Environmental Engineering Technology
Seneca College,Fire Protection Engineering Technology
College of the North Atlantic - Ridge Road Campus,Geomatics Engineering Technology
 Saskatchewan Polytechnic,Geomatics Engineering Technology
Red River College,Geomatics Technology
Vanier College,Industrial Electronics
College of the North Atlantic - Ridge Road Campus,Industrial Engineering Technology
Nova Scotia Community College,Industrial Engineering Technology
Lambton College,Instrumentation & Control Engineering Technology - Accelerated
St. Lawrence College of Applied Arts and Technology,Instrumentation Engineering Technician - Automation and Control
St. Lawrence College of Applied Arts and Technology,Instrumentation Engineering Technologist - Automation and Control
Northern Alberta Institute of Technology (NAIT),Instrumentation Engineering Technology
 Saskatchewan Polytechnic,Instrumentation Engineering Technology
St. Lawrence College of Applied Arts and Technology,Instrumentation Engineering Technology
Fanshawe College,Manufacturing Engineering Technician
Fanshawe College,Manufacturing Engineering Technology
Northwest Community College,Manufacturing Engineering Technology
Memorial University of Newfoundland,Marine Engineering Technology
Nova Scotia Community College,Marine Engineering Technology
Centennial College,Mechanical Engineering Technology (Industrial)
Conestoga College,Mechanical Engineering Technology - Automated Manufacturing
Sheridan College,Mechanical Engineering Technology - Design and Drafting
Centennial College,Mechanical Engineering Technology - Design
Conestoga College,Mechanical Engineering Technology - Robotics and Automation
Camosun College - Interurban Campus,Mechanical Engineering Technology
Sheridan College,Mechanical Engineering Technology
Georgian College  ,Mechanical Engineering Technology
Algonquin College of Applied Arts and Technology (Ottawa),Mechanical Engineering Technology
Red River College,Mechanical Engineering Technology
Okanagan College ,Mechanical Engineering Technology
Mohawk College,Mechanical Engineering Technology
Nova Scotia Community College,Mechanical Engineering Technology
Georgian College  ,Mechanical Engineering Technology- Automotive Products Design
Seneca College,Mechanical Engineering Technology-Building Sciences
Conestoga College,Mechanical Engineering Technology-Design & Analysis
College of the North Atlantic - Ridge Road Campus,Mechanical Manufacturing Engineering Technology
Fanshawe College,Mechanical Technician - CNC/CAM
Fanshawe College,Mechanical Technician - Tool and Die
Red River College,Municipal Engineering Technology
British Columbia Institute of Technology (BCIT),"Nautical Sciences, Marine Engineer"
Northern Alberta Institute of Technology (NAIT),Network Engineering Technology
College of the North Atlantic - Ridge Road Campus,Petroleum Engineering Technology
Lambton College,Power Engineering Technology - Accelerated
Nova Scotia Community College,Power Engineering Technology
Georgian College  ,Power Engineering Technology
New Brunswick Community College (NBCC) - Saint-John Campus,Power Engineering Technology
Nova Scotia Community College,Power Engineering Technology
Northern Alberta Institute of Technology (NAIT),Power engineering
Cambrian College,Power Engineering
Sheridan College,Software Development & Network Engineering
Conestoga College,Software Engineering Technology
Red River College,Structural Engineering Technology
 Saskatchewan Polytechnic,Water Resources Engineering Technology
Conestoga College,Welding Engineering Technician - Robotics
Northern College of Applied Arts and Technology - Kirkland Lake Campus,Welding Engineering Technician
Conestoga College,Welding Engineering Technology - Inspection
Northern College of Applied Arts and Technology - Kirkland Lake Campus,Welding Engineering Technology
Fanshawe College,Adventure Expeditions and Interpretive Leadership
Sault College,Adventure Recreation and Parks
Fleming College,Applied Geology Technician
Algonquin College of Applied Arts and Technology (Ottawa),Business - Agriculture
Kwantlen Polytechnic University,Environmental Protection Technology
Niagara College ,Environmental Technician - Field and Laboratory (Co-op)
Lambton College,Environmental Technician Water & Wastewater Systems Operations
Mohawk College,Environmental Technician
Algonquin College of Applied Arts and Technology (Pembroke),Environmental Technician
Loyalist College,Environmental Technology
Fanshawe College,Environmental Technology
Camosun College - Lansdowne Campus,Environmental Technology
Assiniboine Community College,Environmental Technology
Sault College,Fish and Wildlife Conservation
Fleming College,Fish and Wildlife Technician
British Columbia Institute of Technology (BCIT),"Fish,  Wildlife and  Recreation"
Nicola Valley Institute of Technology,Forestry & Fish-Wildlife Option
Sault College,Forestry
Assiniboine Community College,GIS Environmental Technologies
Niagara College ,Greenhouse Technician (Co-op)
Niagara College ,Horticultural Technician (Co-op)
Nova Scotia Community College,Horticulture & Landscape Technology
Niagara College ,Landscape Technician (Co-op)
British Columbia Institute of Technology (BCIT),Mining and Mineral Exploration
Sault College,Natural Environment Conservation Technologist
Sault College,Natural Environment Conservation
Nova Scotia Community College,Natural Resources Environmental Technology
Portage College - Lac La Biche Campus,Natural Resources Technician
Nova Scotia Community College,Oceans Resources Fisheries & Aquaculture
Algonquin College of Applied Arts and Technology (Pembroke),Outdoor Adventure Naturalist
Northern College of Applied Arts and Technology - Kirkland Lake Campus,Water and Wastewater
Nicola Valley Institute of Technology,Environmental Resources Technology
British Columbia Institute of Technology (BCIT),Forest Ecosystem Technology
Maritime College of Forest Technology,Forest Technology
Selkirk College,Forestry
Fleming College,Urban Forestry Technician
Nova Scotia Community College,Child & Youth Care
"Eastern Academy (St. John's, NL)",Child and Youth Care with Addictions Support Worker
Holland College,Dental Assistant
Trillium College,Dental Assistant
Holland College,Early Childhood Education
Academy Canada (Corner Brook),Esthetics and Spa Management with Electrolysis
Academy Canada (St-John's - Kenmount Road),Esthetics and Spa Management with Electrolysis
Nova Scotia Community College,Funeral & Allied Health Services
St. Lawrence College of Applied Arts and Technology,Health Information Management
"Eastern Academy (St. John's, NL)",Health Wellness and Recreation
"Eastern Academy (St. John's, NL)",Home Support Worker/Personal Care Attendant
Academy Canada (St-John's - Kenmount Road),Massage Therapy
"Eastern Academy (St. John's, NL)",Massage Therapy
"Eastern Academy (St. John's, NL)",Medical Administrative Specialist
Holland College,Medical Emergency
Trillium College,Medical Lab Assistant/ Technician
Nova Scotia Community College,Medical Laboratory Technology
Herzing College,Medical Office Administration
Nova Scotia Community College,Mental Health Recovery & Promotion
Northern College of Applied Arts and Technology - Timmins Campus,Nursing
Nova Scotia Community College,Occupational Health & Safety
Academy Canada (St-John's - Harding Road),Occupational Health and Safety
Academy Canada (Corner Brook),Occupational Health and Safety
Nova Scotia Community College,Occupational Therapy / Physiotherapy Assistant
Herzing College,Personal Support Worker
Herzing College,Pharmacy Assistant
Nova Scotia Community College,Pharmacy Technician
Academy Canada (St-John's - Kenmount Road),Physiotherapy Assistant
Centennial College,Police Studies
Nova Scotia Community College,Practial Nursing
St. Lawrence College of Applied Arts and Technology,Practical Nursing
Holland College,Primary Health Care Worker
Nova Scotia Community College,Social Services
Camosun College - Interurban Campus,Sport Management
Academy Canada (St-John's - Kenmount Road),Therapeutic Recreation
Nova Scotia Community College,Therapeutic Recreation
Holland College,Youth Worker
Loyalist College,Community and Justice Services
Bow Valley College,Correctional Studies
Lethbridge College,Criminal Justice - Policing
Nova Scotia Community College,Criminal Justice
Eastern College - Halifax Campus,Criminology
Eastern College - Saint John Campus,Criminology
Eastern College - Fredericton Campus,Criminology
Eastern College - Moncton Campus,Criminology
Fleming College,Customs and Border Services Administration
Loyalist College,Customs Border Services
Niagara College ,Law Clerk (Co-op)
Durham College,Law Clerk Advanced
Humber College,Law Clerk
Fanshawe College,Law Clerk
Trillium College,Law Clerk
Bow Valley College,Law enforcement
University of New Brunswick - Fredericton Campus,Law
Red Deer College,Legal Assistant
Southern Alberta Institute of Technology (SAIT),Legal Assistant
O'Sullivan College of Montreal,Legal Techniques
Yukon College,Northern Justice and Criminology
Durham College,"Office Administration, Legal"
Humber College,Paralegal Education
Nova Scotia Community College,Paralegal Services
MacEwan University,Paralegal Studies
Eastern College - Halifax Campus,Paralegal
Eastern College - Moncton Campus,Paralegal
Eastern College - Fredericton Campus,Paralegal
Eastern College - Saint John Campus,Paralegal
Metropolitan Community College,Paralegal
Metropolitan Community College,Paralegal
Metropolitan Community College,Paralegal
Herzing College,Paralegal
Capilano University,Paralegal
Durham College,Paralegal
Oulton College ,Paralegal/Legal Assistant
Loyalist College,Police Foundations
Loyalist College,"Protection, Security and Investigation"
University of Guelph,Environmental Management
Niagara College ,Hospitality - Hotel and Restaurant Operations (Co-op)
Camosun College - Lansdowne Campus,Hospitality Management
Assiniboine Community College,Land and Water Management
Aurora College,Management
Capilano University,Tourism Management Co-op Diploma Program
Conestoga College,Baking and Pastry Arts Management
College of the North Atlantic ,Business Management Accounting
College of the North Atlantic ,Business Management Human Resource Management
Herzing College,Business Management
Fanshawe College,Construction Engineering Technology (Management)
Dalhousie University,Diploma of Technology - Business Management
Northern Alberta Institute of Technology (NAIT),Disaster and Emergency Management
Fanshawe College,Golf & Club Management 
Northern Alberta Institute of Technology (NAIT),Hospitality Management 
Durham College,"Hospitality, Hotel and Restaurant Operations Management"
Georgian College  ,"Protection, Security & Investigations"
Durham College,Special Events Management 
Trios College,Supply Chain & Logistics
Ravensberg College,Law Enforcement Foundations
Nova Scotia Community College,Addictions Community Outreach
Eastern College - Halifax Campus,Medical Administrative Specialist
Herzing College,Medical Office Administation 
Herzing College,Occupational Health and Safety
Trillium College,Pharmacy Assistant
Camosun College - Lansdowne Campus,Biology
Nova Scotia Community College,Building Systems Technician (HVAC&R)
Nova Scotia Community College,Electrical Construction & Industrial Diploma
Camosun College - Lansdowne Campus,General Science
Dawson College,Laboratory Technology - Analytical Chemistry
Georgian College  ,Marine Engineering Technology
Memorial University of Newfoundland,Marine Environmental Technology
British Columbia Institute of Technology (BCIT),"Nautical Sciences, Deck Officer"
Yukon College,Northern Science
Camosun College - Lansdowne Campus,Pre-Medicine
Camosun College - Lansdowne Campus,Psychology
Lambton College,Renovation Construction Technician
Red River College,Science Laboratory Technology 
"Willis College of Business, Technology, Healthcare      ",Addictions and Community Services Worker
Trillium College,Community and Developmental Service Worker
Mohawk College,Community and Justice Services
Herzing College,Community Services Worker
New Brunswick Community College (NBCC) - Miramichi Campus,Criminal Justice: Corrections
New Brunswick Community College (NBCC) - Miramichi Campus,Criminal Justice: Police Foundations
Academy Canada (St-John's - Kenmount Road),Criminology
Academy Canada (Corner Brook),Criminology
Fanshawe College,GIS & Urban Planning
Fanshawe College,Hospitality - Hotel and Resort Services Management
Assiniboine Community College,Hospitality Administration
MacEwan University,Information  Management/Library Technology
Academy Canada (St-John's - Kenmount Road),Law Enforcement Foundations
Academy Canada (St-John's - Kenmount Road),Paralegal Studies
Mohawk College,Police Foundations
Mohawk College,"Protection, Security and Investigation"
MacEwan University,Records
University of Victoria,Restoration of Natural Systems
Fanshawe College,Tourism & Travel
Centre de services scolaire de la Capitale,Accounting
Centre de formation professionnelle Marie-Rollet,Administrative Assistant
Centre de services scolaire de la Capitale,Secretariat
Centre de formation professionnelle Pierre-Dupuy,Accounting 5231
Centre de formation professionnelle Gabriel-Rousseau,Accounting
Centre de formation professionnelle des Portages-de-l’Outaouais - Immeuble Vision-Avenir,Accounting
Pontiac Continuing Education Centre,Accounting
Western Quebec Career Centre,Accounting
Centre de formation professionnelle Gabriel-Rousseau,Administrative Assistant
Centre de formation professionnelle Pierre-Dupuy,Admnistrative assistant 5231+5357
Centre de formation professionnelle Pierre-Dupuy,Secretarial studies 5357
Centre de formation professionnelle des Portages-de-l’Outaouais - Immeuble Vision-Avenir,Secretarial Studies
Western Quebec Career Centre,Secretarial Studies
Pontiac Continuing Education Centre,Secretarial
Centre de formation professionnelle Gabriel-Rousseau,Secretariat
Centre de formation professionnelle Fierbourg,Computer support 5385
Centre de formation professionnelle Fierbourg,Computing support 5229
