2024,What Program Did You Apply To?,What University Did You Apply To?,0,accepted
2024,Honors Computer Science,Alberta,92,accepted
2024,Brock University - Bsc Honours: Computer Science - Co-Op,Brock University,86,accepted
2024,Brock University - Bsc Honours: Computer Science,Brock University,91,accepted
2024,"B. Computer Science Honors, Co-Op, Artificial Intelligence And Machine Learning",Carleton University,91,accepted
2024,B. Computer Science Honours With Ai Specialization + Coop,Carleton University,95,accepted
2024,Carleton University - B. Computer Science Honours (Cybersecurity (Co-Op Optional)),Carleton University,96,accepted
2024,Computer Science,Carleton University,95,accepted
2024,Computer Science (Cyber Security Stream) Coop,Carleton University,98,accepted
2024,"B Computer Science Honours, Co-Op, Ai/Ml Stream",Carleton University,97,accepted
2024,B. Computer Science Honours,Carleton University,96,accepted
2024,"B Computer Science Honours, Co-Op, Ai/Ml Stream",Carleton University,96,accepted
2024,Carleton Computer Science (Co-Op),Carleton University,87,accepted
2024,Bachelor Of Computer Science Honours,Carleton University,95,accepted
2024,B. Computer Science Honours,Carleton University,96,accepted
2024,"B Computer Science Honours, Co-Op, Game Development",Carleton University,95,accepted
2024,B. Computer Science Honours (Computer Game Development (Co-Op Optional)),Carleton University,92,accepted
2024,Bachelor Of Computer Science Honours (Co-Op),Carleton University,98,accepted
2024,Computer Science With Co-Op (Honours Bachelor Of Scienc,Carleton University,96,accepted
2024,"B. Computer Science Honours, Co-Op",Carleton University,92,accepted
2024,B. Computer Science Honours Co-Op,Carleton University,91,accepted
2024,Computer Science Honours (Co-Op),Carleton University,87,accepted
2024,B. Computer Science Honours,Carleton University,96,accepted
2024,Honours Computer Science Co-Op,Carleton University,98,accepted
2024,B. Computer Science Honours,Carleton University,93,accepted
2024,"B. Computer Science Honours, Co-Op, Ai/Ml Stream",Carleton University,90,accepted
2024,"B. Computer Science Honours, Co-Op",Carleton University,91,accepted
2024,Cs Co Op,Carleton University,91,accepted
2024,B. Computer Science Honours Co-Op,Carleton University,94,accepted
2024,B. Computer Science Honours,Carleton University,90,accepted
2024,B. Computer Science Honours (Co-Op),Carleton University,92,accepted
2024,B. Computer Science Honours (Co-Op),Carleton University,91,accepted
2024,B. Computer Science Honours,Carleton University,92,accepted
2024,B. Computer Science Honours,Carleton University,87,accepted
2024,B. Computer Science Honours (Artificial Intelligence And Machine Learning (Co-Op Optional)),Carleton University,88,accepted
2024,Computer Science (Ai & Machine Learning),Carleton University,92,accepted
2024,Dal Cs,Dalhousie,91,accepted
2024,Computer Science,Dalhousie University,90,accepted
2024,Concurrent Ba (Honours) Bed Intermediate/Senior (English),Brock University,89,accepted
2024,Computer Science,University Of Ottawa,97,accepted
2024,Computer Science,University Of Ottawa,99,accepted
2024,Computer Science,University Of Ottawa,98,accepted
2024,Computer Science,University Of Ottawa,95,accepted
2024,Computer Science,University Of Ottawa,95,accepted
2024,University Of Ottawa - Up: Computer Science,University Of Ottawa,98,accepted
2024,Computer Science,University Of Waterloo,83,accepted
2024,Utsg Computer Science,University Of Toronto,94,accepted
2024,Computer Science,University Of Toronto,98,accepted
2024,Computer Science,University Of Toronto,99,accepted
2024,Computer Science,University Of Toronto,96,accepted
2024,Computer Science,University Of Toronto,98,accepted
2024,Computer Science,University Of Toronto,97,accepted
2024,Computer Science,University Of Toronto,87,accepted
2024,Computer Science,University Of Toronto,86,accepted
2024,Computer Science,University Of Toronto,99,accepted
2024,Computer Science,University Of Toronto,95,accepted
2024,Computer Science - St. George Campus,University Of Toronto,99,accepted
2024,Computer Science - St. George Campus,University Of Toronto,98,accepted
2024,Computer Science - St. George Campus,University Of Toronto,98,accepted
2024,Computer Science - St. George Campus,University Of Toronto,97,accepted
2024,Computer Science - St. George Campus,University Of Toronto,97,accepted
2024,Computer Science - St. George Campus,University Of Toronto,96,accepted
2024,Computer Science - St. George Campus,University Of Toronto,96,accepted
2024,Computer Science - St. George Campus,University Of Toronto,95,accepted
2024,Computer Science - St. George Campus,University Of Toronto,98,accepted
2024,Computer Science (Utsg),University Of Toronto,99,accepted
2024,Computer Science St George,University Of Toronto,97,accepted
2024,Utsg Cs,University Of Toronto,97,accepted
2024,Computer Science With Co-Op (Hbsc.Comp.Pgc),Lakehead University,98,accepted
2024,Computer Science,Ontario Tech University,91,accepted
2024,Computer Science (Co-Op),Ontario Tech University,97,accepted
2024,Computer Science (Co-Op Available),Toronto Metropolitan University,98,accepted
2024,Computer Science (Co-Op Available),Toronto Metropolitan University,96,accepted
2024,Computer Science (Honours) (Co-Op Available),Toronto Metropolitan University,93,accepted
2024,Computer Science (Honours Science),Trent University,85,accepted
2024,Computer Science,University Of Alberta,94,accepted
2024,"Bachelor Of Computing, Honours Co-Op Major Computer Science",University Of Guelph,98,accepted
2024,Computer Science,University Of Guelph,96,accepted
2024,Computer Science (Co-Op And Regular),University Of Guelph,93,accepted
2024,Computer Science (Co-Op),University Of Guelph,97,accepted
2024,Computer Science (Co-Op),University Of Guelph,92,accepted
2024,Guelph Cs Co Op,University Of Guelph,97,accepted
2024,Computer Science,University Of Toronto,98,accepted
2024,"Computer Science, Mathematics & Statistics",University Of Toronto,95,accepted
2024,Computer Science Coop,University Of Waterloo,97,accepted
2024,Waterloo Computer Science,University Of Waterloo,96,accepted
2024,University Of Waterloo Computer Science,University Of Waterloo,87,accepted
2024,Computer Science - Co-Op,University Of Waterloo,99,accepted
2024,(Computer Science (Bsc)),York University,87,accepted
2024,"Computer Science (Bsc, Ibsc) - Including Co-Op",York University,90,accepted
2024,"Computer Science (Bsc, Ibsc) - Including Co-Op",York University,92,accepted
2024,Computer Science + Co-Op,York University,93,accepted
2024,Computer Science Bsc (Co-Op),York University,90,accepted
2024,"York University - Computer Science (Bsc, Ibsc) - Including Co-Op",York University,88,accepted
2024,Computer Science,Mcmaster University,99,accepted
2024,Computer Science I (Co-Op),Mcmaster University,97,accepted
2024,Computer Science I (Co-Op),Mcmaster University,98,accepted
2024,Computer Science I (Co-Op),Mcmaster University,99,accepted
2024,Mcmaster University - Computer Science I (Co-Op),Mcmaster University,98,accepted
2024,Computer Science,Western University,98,accepted
2024,Cs,Western University,98,accepted
2024,Mn: Computer Science,Western University,94,accepted
2024,Computer Science,Western University,95,accepted
2024,Computer Science,Western University,96,accepted
2024,Computer Science,Western University,97,accepted
2024,Computer Science,Western University,94,accepted
2024,Computer Science,Western University,96,accepted
2024,Computer Science,Western University,98,accepted
2024,Computer Science (Computer Science),Western University,96,accepted
2024,Computer Science W/ Ivey Aeo,Western University,97,accepted
2024,Computer Science,Western University,94,accepted
2024,Western Computer Science,Western University,97,accepted
2024,Computer Science,Wilfrid Laurier University,92,accepted
2024,Computer Science,Wilfrid Laurier University,93,accepted
2024,"Waterloo Campus, Idk About Co-Op, Cs",Wilfrid Laurier University,89,accepted
2024,"Wilfrid Laurier University - Computer Science (Bsc), Waterloo Campus",Wilfrid Laurier University,95,accepted
2024,"Computer Science - (Bsc), Waterloo Campus",Wilfrid Laurier University,87,accepted
2024,Computer Science (Bsc),Wilfrid Laurier University,96,accepted
2024,"Computer Science (Bsc), Waterloo Campus",Wilfrid Laurier University,83,accepted
2024,Honours Computer Science - Bsc,Wilfrid Laurier University,91,accepted
2024,Laurier Cs,Wilfrid Laurier University,97,accepted
2024,Computer Science (Bsc),Wilfrid Laurier University,85,accepted
2024,Computer Science (Bsc),Wilfrid Laurier University,85,accepted
2024,Laurier Cs,Wilfrid Laurier University,94,accepted
2024,"Computer Science (Bsc), Waterloo Campus",Wilfrid Laurier University,88,accepted
2024,Computer Science (Ba In Combination) With Management Option,Wilfrid Laurier University,85,accepted
2024,Computer Science,York University,94,accepted
2024,"Computer Science (Bsc, Ibsc) - Including Co-Op",York University,93,accepted
2024,"Computer Science (Bsc, Ibsc) - Including Co-Op (Computer Science (Bsc))",York University,94,accepted
2024,Computer Science Bsc- Co-Op,York University,94,accepted
2024,Computing,Queens University,96,accepted
2024,Computing,Queens University,96,accepted
2024,Computing,Queens University,93,accepted
2024,Computing - Including Optional Internship (Bcmph),Queens University,93,accepted
2024,Computing - Including Optional Internship (Bcmph),Queens University,96,accepted
2024,Computing - Including Optional Internship (Bcmph),Queens University,97,accepted
2024,Computing - Including Optional Internship (Bcmph),Queens University,98,accepted
2024,Computing - Including Optional Internship (Bcmph),Queens University,97,accepted
2024,Queens Computing,Queens University,97,accepted
2024,Computing W/ Optional Internship,Queens University,92,accepted
2024,Computing- Including Optional Internship (Bcmph),Queens University,98,accepted
2024,Qd - Including Optional Internship,Queens University,97,accepted
2024,Queen'S University - Computing - Including Optional Internship,Queens University,93,accepted
2024,Queen'S University - Computing - Including Optional Internship (Bcmph) - For Choice 06,Queens University,94,accepted
2024,Software Engineering,University Of Waterloo,100,accepted
2024,Software Engineering (Co-Op Only),University Of Waterloo,87,accepted
2024,Electrical Engineering,University Of Waterloo,93,accepted
2024,Electrical Engineering Co-Op,University Of Waterloo,94,accepted
2024,Electrical Engineering Co-Op,University Of Waterloo,93,accepted
2024,Electrical Engineering Honours Co-Op,University Of Waterloo,97,accepted
2024,Honours Mechanical Engineering And Co-Op,University Of Waterloo,98,accepted
2024,Mechanical Engineering,University Of Waterloo,97,accepted
2024,Mechanical Engineering (Co-Op Only),University Of Waterloo,98,accepted
2024,Mechanical Engineering (Co-Op),University Of Waterloo,92,accepted
2024,Mechanical Engineering (Co-Opï¼‰,University Of Waterloo,94,accepted
2024,Mechanical Engineering Co-Op,University Of Waterloo,98,accepted
2024,Mechanical Engineering Honours (Co-Op),University Of Waterloo,95,accepted
2024,Mechanical Engineering Honours Co-Op,University Of Waterloo,96,accepted
2024,University Of Waterloo - Mechanical Engineering (Co-Op Only),University Of Waterloo,98,accepted
2024,Computer Engineering,University Of Waterloo,92,accepted
2024,Computer Engineering,University Of Waterloo,97,accepted
2024,Computer Engineering,University Of Waterloo,96,accepted
2024,Computer Engineering (Co-Op Only),University Of Waterloo,96,accepted
2024,Computer Engineering (Co-Op Only),University Of Waterloo,98,accepted
2024,Computer Engineering (Co-Op Only),University Of Waterloo,96,accepted
2024,Computer Engineering (Co-Op),University Of Waterloo,98,accepted
2024,Computer Engineering (Co-Op),University Of Waterloo,95,accepted
2024,Computer Engineering (Coop),University Of Waterloo,95,accepted
2024,Computer Engineering (Coop),University Of Waterloo,96,accepted
2024,Computer Engineering Co-Op,University Of Waterloo,97,accepted
2024,Computer Engineering Honours Co-Op,University Of Waterloo,95,accepted
2024,University Of Waterloo - Computer Engineering (Co-Op Only),University Of Waterloo,91,accepted
2024,Waterloo Ce - Coop,University Of Waterloo,93,accepted
2024,Engineering,Western University,98,accepted
2024,Engineering,Western University,86,accepted
2024,Carleton University - B. Engineering: Aerospace,Carleton University,91,accepted
2024,Carleton University - B. Engineering: Aerospace,Carleton University,91,accepted
2024,Bachelor Of Applied Science In Mechanical Engineering And Bachelor Of Sc. In Computing Technology Coop Program,University Of Ottawa,86,accepted
2024,Waterloo Mechanical Engineering Co-Op,University Of Waterloo,94,accepted
2024,Non-Co-Op Computer Engineering,Carleton University,97,accepted
2024,B. - Engineering: Mechanical,Carleton University,86,accepted
2024,B. Engineering: Biomedical & Mechanical W/Co-Op,Carleton University,94,accepted
2024,Civil Engineering(Cooperative Education),Carleton University,90,accepted
2024,Computer Systems Engineering Co-Op,Carleton University,85,accepted
2024,Computer Engineering Co-Op,Carleton University,94,accepted
2024,B. Engineering: Biomedical & Electrical,Carleton University,91,accepted
2024,Sustainability And Renewable Energy Engineering (With Co-Op),Carleton University,85,accepted
2024,"Bachelor Of Engineering: Engineering Physics, Co-Op",Carleton University,92,accepted
2024,Computer Engineering,Toronto Metropolitan University,90,accepted
2024,Computer Engineering,Toronto Metropolitan University,93,accepted
2024,Computer Engineering,Toronto Metropolitan University,93,accepted
2024,Computer Engineering,Toronto Metropolitan University,94,accepted
2024,Computer Engineering,Toronto Metropolitan University,96,accepted
2024,Toronto Metropolitan University - Computer Engineering (Co-Op Available),Toronto Metropolitan University,92,accepted
2024,Chemical Engineering Coop,Toronto Metropolitan University,94,accepted
2024,Electrical Engineering (Co-Op),Ontario Tech University,78,accepted
2024,Ontario Tech University - Software Engineering (Beng/Bengm) (Co-Op),Ontario Tech University,96,accepted
2024,Chemical Engineering Co-Op,University Of Ottawa,94,accepted
2024,Bachelor Of Applied Science Chemical Engineering (Co-Op),University Of Ottawa,84,accepted
2024,Chemical Engineering,University Of Ottawa,94,accepted
2024,Chemical Engineering Co-Op,University Of Ottawa,85,accepted
2024,Civil Engineering,University Of Ottawa,94,accepted
2024,Engineering,York University,85,accepted
2024,Engineering,York University,89,accepted
2024,Engineering,York University,96,accepted
2024,Engineering (Beng) - Including Co-Op,York University,94,accepted
2024,Engineering (Beng) - Including Co-Op,York University,92,accepted
2024,Electrical Engineering Co-Op,Mcmaster University,91,accepted
2024,Non-Co-Op Computer Engineering,University Of Guelph,97,accepted
2024,"Bachelor Of Computing, Honours Co-Op Major Software Engineering",University Of Guelph,98,accepted
2024,Software Engineering,University Of Guelph,96,accepted
2024,Mcmaster University - Engineering I (Co-Op),Mcmaster University,93,accepted
2024,Computer Engineering And Cs,Mcgill University,98,accepted
2024,Bachelor Of Science In Engineering,University Of Alberta,88,accepted
2024,Uo: Civil Engineering Co-Op Program,University Of Ottawa,97,accepted
2024,Physics And Electrical Engineering (Double Degree),University Of Ottawa,93,accepted
2024,Electrical Engineering,Toronto Metropolitan University,90,accepted
2024,"Bachelor Of Engineering And Co-Op (Hons), Mechatronics Engineering",Ontario Tech University,95,accepted
2024,Software Engineering (Beng/Bengm) (Co-Op),Ontario Tech University,94,accepted
2024,Engineering (Beng) - Including Co-Op,York University,91,accepted
2024,Engineering (Beng) - Including Co-Op,York University,98,accepted
2024,Engineering (Beng) - Including Co-Op,York University,89,accepted
2024,Engineering,Western University,94,accepted
2024,Engineering,Western University,94,accepted
2024,Engineering,Western University,97,accepted
2024,Engineering,Western University,96,accepted
2024,Engineering,Western University,95,accepted
2024,Engineering,Western University,96,accepted
2024,Engineering (Co-Op And Regular) (Biomedical & Chemical Engineering (Co-Op Optional)),Western University,97,accepted
2024,Engineering (Co-Op And Regular)(Biomedical & Mechatronic Engineering (Co-Op Optional)),Western University,98,accepted
2024,Mn: Engineering (Co-Op And Regular),Western University,96,accepted
2024,Softwear Engineering W/ Co-Op,Carleton University,97,accepted
2024,Software Engineering,Carleton University,96,accepted
2024,Software Engineering,Carleton University,97,accepted
2024,Engineering,University Of Calgary,96,accepted
2024,Biological Engineering (Co-Op),University Of Guelph,93,accepted
2024,Mechanical Engineering Co-Op,University Of Guelph,95,accepted
2024,Engineering,University Of British Columbia,95,accepted
2024,Electrical Engineering Co-Op,University Of Ottawa,95,accepted
2024,Electrical Engineering And Computing Technology,University Of Ottawa,92,accepted
2024,Bachelor Of Applied Science Electrical Engineering (Co-Op),University Of Ottawa,90,accepted
2024,Mechanical Engineering And Computing Technology,University Of Ottawa,93,accepted
2024,Engineering - Common First Year,Queens University,97,accepted
2024,Engineering - Common First Year - Including Optional Internship (Filed Of Interest: Electrical Engineering),Queens University,99,accepted
2024,Engineering Including Optional Internship,Queens University,99,accepted
2024,Queen'S University - Engineering - Common First Year - Including Optional Internship (Basc),Queens University,96,accepted
2024,"Applied Science, Smith Engineering",Queens University,95,accepted
2024,Common First Year Engineering At Queens,Queens University,94,accepted
2024,Engineering,Queens University,95,accepted
2024,Engineering - Common First Year,Queens University,97,accepted
2024,Engineering - Common First Year - Including Optional Internship,Queens University,96,accepted
2024,Engineering - Common First Year - Including Optional Internship (Basc),Queens University,97,accepted
2024,Engineering - Common First Year - Optional Internship,Queens University,94,accepted
2024,Engineering (Co-Op),Queens University,91,accepted
2024,Queen'S University - Engineering - Common First Year - Including Optional Internship (Basc),Queens University,97,accepted
2024,Queen'S University - Engineering - Common First Year - Including Optional Internship (Basc),Queens University,94,accepted
2024,Queens Engineering (Common First Year) + Optional Quip,Queens University,96,accepted
2024,Smith Engineering,Queens University,94,accepted
2024,Smith Engineering,Queens University,92,accepted
2024,Computer Engineering Or Electrical Engineering - Innovation,Queens University,97,accepted
2024,Computer Engineering Or Electrical Engineering - Innovation - Including Optional Internship,Queens University,93,accepted
2024,Computer Engineering Or Electrical Engineering - Innovation - Including Optional Internship (Basc),Queens University,91,accepted
2024,Computer Engineering Or Electrical Engineering - Innovation Stream,Queens University,97,accepted
2024,Queens Computer Engineering Or Electrical Engineering - Innovation - Including Optional Internship (Basc),Queens University,98,accepted
2024,Mechatronics And Robotics Engineering,Queens University,96,accepted
2024,Mechatronics And Robotics Engineering,Queens University,93,accepted
2024,Mechatronics And Robotics Engineering Including Optional Internship,Queens University,98,accepted
2024,Queen'S University - Computer Engineering Or Electrical Engineering - Innovation - Including Optional Internship (Basc),Queens University,96,accepted
2024,Honours Bachelor Of Science In Physics And Bachelor Of Applied Science In Electrical Engineering (Co-Op),University Of Ottawa,90,accepted
2024,Aerospace Engineering,Toronto Metropolitan University,87,accepted
2024,Electrical Engineering (Co-Op Available),Toronto Metropolitan University,92,accepted
2024,Undeclared Engineering,Toronto Metropolitan University,90,accepted
2024,Undeclared Engineering,Toronto Metropolitan University,92,accepted
2024,Undeclared Engineering (First Semester Studies Only),Toronto Metropolitan University,96,accepted
2024,Software Engineering (With Mandatory Co-Op),University Of Ottawa,93,accepted
2024,Software Engineering,Ontario Tech University,80,accepted
2024,Chemical Engineering,University Of Toronto,98,accepted
2024,Engineering - Common First Year - Including Optional Internship (Basc) (Math & Engineering),Queens University,95,accepted
2024,Engineering - Common First Year,Queens University,99,accepted
2024,Engineering - Common First Year - Including Optional Internship (Basc),Queens University,98,accepted
2024,Engineering - Common First Year - Including Optional Internship (Basc),Queens University,96,accepted
2024,Engineering (General),Queens University,95,accepted
2024,Queen'S University - Engineering - Common First Year,Queens University,97,accepted
2024,Mcmaster Engineering,Mcmaster University,96,accepted
2024,Engineering I Co-Op,Mcmaster University,96,accepted
2024,Engineering,Mcmaster University,97,accepted
2024,Engineering 1 - Co-Op,Mcmaster University,98,accepted
2024,Engineering 1 - Co-Op,Mcmaster University,95,accepted
2024,Engineering 1 (Co-Op),Mcmaster University,98,accepted
2024,Engineering 1 (Co-Op),Mcmaster University,97,accepted
2024,Engineering 1 Co-Op,Mcmaster University,99,accepted
2024,Engineering Co-Op,Mcmaster University,92,accepted
2024,Engineering Co-Op I,Mcmaster University,96,accepted
2024,Engineering I,Mcmaster University,97,accepted
2024,Engineering I,Mcmaster University,96,accepted
2024,Engineering I (Co-Op),Mcmaster University,99,accepted
2024,Engineering I (Co-Op),Mcmaster University,98,accepted
2024,Engineering I (Co-Op),Mcmaster University,96,accepted
2024,Engineering I (Co-Op),Mcmaster University,98,accepted
2024,Engineering I (Co-Op),Mcmaster University,97,accepted
2024,Engineering I (Co-Op),Mcmaster University,91,accepted
2024,Engineering I (Co-Op),Mcmaster University,98,accepted
2024,Engineering I (Co-Op) (Chemical Engineering And Bioengineering (Co-Op Only)),Mcmaster University,97,accepted
2024,Engineering I Co-Op,Mcmaster University,98,accepted
2024,Engineering I Co-Op,Mcmaster University,89,accepted
2024,Engineering I Co-Op,Mcmaster University,90,accepted
2024,Engineering I Co-Op,Mcmaster University,100,accepted
2024,Mcmaster University - Engineering I - Co-Op,Mcmaster University,97,accepted
2024,Engineering I Co-Op,Mcmaster University,96,accepted
2024,Mechanical Engineering,Mcgill,96,accepted
2024,Queens Engineering - Common First Year - Including Optional Internship,Queens University,96,accepted
2024,Chemical Engineering,University Of Toronto,97,accepted
2024,Computer Engineering (Including Pey Co-Op Option) - St. George Campus,University Of Toronto,98,accepted
2024,Computer Engineering (Including Pey Co-Op Option) - St. George Campus,University Of Toronto,99,accepted
2024,Computer Engineering (Pey Co-Op),University Of Toronto,96,accepted
2024,"Trackone, Undeclared Engineering (Including Pey Co-Op Option)",University Of Toronto,96,accepted
2024,Engineering Science,University Of Toronto,99,accepted
2024,Engineering Science,University Of Toronto,97,accepted
2024,Engineering Science,University Of Toronto,100,accepted
2024,Engineering Science (Including Pey Co-Op Option) - St. George Campus,University Of Toronto,99,accepted
2024,Engineering Science Pey Co Op Option,University Of Toronto,96,accepted
2024,Engineering Science With Pey Co-Op,University Of Toronto,99,accepted
2024,Engineering Science With Pey Co-Op,University Of Toronto,95,accepted
2024,Engineering Sciences Pey Co-Op,University Of Toronto,97,accepted
2024,Mechanical Engineering Pey Co-Op,University Of Toronto,96,accepted
2024,Mechanical Engineering (Co-Op),Ontario Tech University,84,accepted
2024,Materials Engineering,University Of Toronto,93,accepted
2024,Materials Engineering Co-Op,Mcgill,93,accepted
2024,General Engineering,University Of Alberta,93,accepted
2024,Civil Engineering (Including Pey Co-Op Option),University Of Toronto,98,accepted
2024,Systems Design Engineering (Co-Op),University Of Waterloo,95,accepted
2024,Honours Mathematical Science,University Of Guelph,96,accepted
2024,Laurier Bba/Fmath + Laurier Bba,Wilfrid Laurier University,93,accepted
2024,Honours Bachelor Of Science In Mathematics (Co-Op),University Of Ottawa,90,accepted
2024,University Of Waterloo - Physical Sciences (Co-Op And Regular) (Mathematical Physics (Co-Op Optional)),University Of Waterloo,93,accepted
2024,Biochemistry,University Of Ottawa,98,accepted
2024,Biochemistry,University Of Ottawa,70,accepted
2024,Life Science And Biochemistry,Queens University,96,accepted
2024,Life Sciences,Queens University,94,accepted
2024,Life Sciences And Biochemistry,Queens University,98,accepted
2024,Life Sciences And Biochemistry,Queens University,99,accepted
2024,Life Sciences And Biochemistry,Queens University,97,accepted
2024,Life Science,Mcmaster University,96,accepted
2024,Life Sciences Gateway,Mcmaster University,99,accepted
2024,Life Sciences Gateway,Mcmaster University,95,accepted
2024,Life Sciences Gateway,Mcmaster University,96,accepted
2024,Life Sciences Gateway,Mcmaster University,94,accepted
2024,Life Sciences Gateway (Biochemistry),Mcmaster University,95,accepted
2024,Honours Life Sciences (Co-Op),University Of Waterloo,90,accepted
2024,"Honours Life Sciences, Co-Op",University Of Waterloo,84,accepted
2024,Life Science,University Of Waterloo,85,accepted
2024,Life Science,University Of Waterloo,88,accepted
2024,"Life Sciences (Non-Co-Op, Biomedical Sciences)",University Of Waterloo,92,accepted
2024,"Life Sciences Gateway (Biology And Psychology, Neuroscience & Behaviour)",Mcmaster University,94,accepted
2024,Mcmaster University - Life Sciences Gateway,Mcmaster University,92,accepted
2024,Honours Life Sciences (Field Of Interest: Biochemistry) (Co-Op),University Of Waterloo,93,accepted
2024,Life Science,Queens University,91,accepted
2024,Life Science And Biochemistry,Queens University,92,accepted
2024,Life Sciences And Biochemistry,Queens University,95,accepted
2024,Life Sciences And Biochemistry,Queens University,91,accepted
2024,Life Sciences And Biochemistry - Including Optional Internship,Queens University,90,accepted
2024,Life Sciences And Biochemistry - Including Optional Internship (Bsch),Queens University,95,accepted
2024,Life Science Gateway,Mcmaster University,93,accepted
2024,Life Sciences,Mcmaster University,92,accepted
2024,Life Sciences Gateway,Mcmaster University,93,accepted
2024,Life Sciences Gateway,Mcmaster University,93,accepted
2024,Honours Health Science I,Mcmaster University,99,accepted
2024,Honours Health Sciences,Mcmaster University,95,accepted
2024,Honours Health Sciences I,Mcmaster University,97,accepted
2024,Honours Health Sciences I,Mcmaster University,96,accepted
2024,Honours Health Sciences I,Mcmaster University,98,accepted
2024,Applied Life Sciences (Non-Co-Op),Lakehead University,85,accepted
2024,Life Sciences,University Of Toronto,96,accepted
2024,Life Sciences,University Of Toronto,97,accepted
2024,Life Sciences,University Of Toronto,85,accepted
2024,Medical Sciences,Western University,92,accepted
2024,Medical Sciences (Bmsc And Bsc) (Biochemistry),Western University,95,accepted
2024,Medical Sciences (Bmsc And Bsc) (Interdisciplinary Medical Sciences),Western University,99,accepted
2024,Mn: Medical Sciences (Bmsc And Bsc),Western University,95,accepted
2024,Western University - Mn: Medical Sciences (Bmsc & Bsc),Western University,90,accepted
2024,Health Science,University Of Waterloo,96,accepted
2024,Health Science,Western University,92,accepted
2024,Health Sciences,Western University,92,accepted
2024,Health Sciences (Health Sciences With Biology),Western University,95,accepted
2024,Western University - Mn: Health Sciences,Western University,90,accepted
2024,Life Sciences (Including Psychology),University Of Toronto,93,accepted
2024,Life Sciences (Including Psychology) - St. George Campus,University Of Toronto,91,accepted
2024,Life Sciences (Including Psychology) - St. George Campus,University Of Toronto,92,accepted
2024,University Of Toronto - Life Sciences (Including Psychology),University Of Toronto,96,accepted
2024,Life Science - St. George,University Of Toronto,84,accepted
2024,Life Sciences,University Of Toronto,92,accepted
2024,Life Sciences (Co-Op And Regular),University Of Toronto,90,accepted
2024,Life Sciences And Biochemistry - Including Optional Internship (Bsch),Queens University,92,accepted
2024,Life Sciences And Biochemistry - Including Optional Internship (Bsch),Queens University,95,accepted
2024,Queen'S University - Life Sciences And Biochemistry - Including Optional Internship,Queens University,93,accepted
2024,Life Science,University Of Toronto,92,accepted
2024,Life Sciences,University Of Toronto,97,accepted
2024,"Life Sciences (Biology), Non-Co-Op - Uoft Missisauga",University Of Toronto,90,accepted
2024,Life Sciences (Co-Op And Regular),University Of Waterloo,95,accepted
2024,Life Sciences I,Mcmaster University,94,accepted
2024,Life Sciences W Co-Op,University Of Waterloo,96,accepted
2024,Honours Science,Trent University,86,accepted
2024,Bachelor Of Science,Dalhousie,92,accepted
2024,Faculty Of Science,Western University,95,accepted
2024,Medical Sciences,Western University,94,accepted
2024,"Molecular, Cellular, And Developmental Biology",University Of Alberta,87,accepted
2024,Nursing (Direct Entry),York University,93,accepted
2024,Physical And Mathematical Sciences,University Of Toronto,92,accepted
2024,Physical Sciences ( Honors Co-Op ),University Of Waterloo,91,accepted
2024,Physical Sciences (Co-Op And Regular) (Astronomy/Physics (Co-Op Optional)),University Of Waterloo,95,accepted
2024,Physical Sciences W Co-Op,University Of Waterloo,96,accepted
2024,Science - Including Optional Internship (Bsch),Queens University,94,accepted
2024,Bachelor Of Science With Major,St Francis Xavier University,98,accepted
2024,Bachelor Of Science With Major,St. Francis Xavier University,92,accepted
2024,Honors Science,University Of Waterloo,91,accepted
2024,"Honors Science, Regular",University Of Waterloo,93,accepted
2024,General Science,Western University,92,accepted
2024,Biology,York University,88,accepted
2024,Honours Bachelor Of Applied Science In Kinesiology And Diploma In Fitness And Health Promotion,University Of Guelph-Humber,85,accepted
2024,Animal Biology,University Of Guelph,93,accepted
2024,Animal Biology,University Of Guelph,90,accepted
2024,Animal Science Co-Op,University Of Guelph,92,accepted
2024,Honours Planning (Co-Op) - Environment,University Of Waterloo,85,accepted
2024,Honours Science,University Of Waterloo,94,accepted
2024,Honours Science Program - Climate Science & Policy,Trent University,90,accepted
2024,"Honours Science Program, Biomedical Science",Trent University,93,accepted
2024,Bachelor Of Arts And Science - Medical: Trent/Swansea Dual Degree,Trent University,91,accepted
2024,Biology Bsc,York University,87,accepted
2024,"Biomedical Science (Bsc, Ibsc)",York University,90,accepted
2024,Bsc Kinesiology,Trent University,84,accepted
2024,"Chemical & Physical Sciences, Astronomical Sciences",University Of Toronto,90,accepted
2024,Honours Bachelor Of Science In Biochemistry (French Immersion Stream),University Of Ottawa,95,accepted
2024,Honours Bachelor Of Science In Physics-Mathematics (Co-Op),University Of Ottawa,90,accepted
2024,Honours Bachelors Of Science In Chemistry (Co-Op),University Of Ottawa,85,accepted
2024,Uo: Biology,University Of Ottawa,93,accepted
2024,"York University, Biomedical Sciences",York University,96,accepted
2024,Zoology Bsc,University Of Guelph,88,accepted
2024,"Biology (Bsc, Ibsc) (Biology (Bsc))",York University,96,accepted
2024,Chemistry (Co-Op Unavailable),Toronto Metropolitan University,87,accepted
2024,"Physical Sciences, Honours, Co-Operative Program",University Of Waterloo,98,accepted
2024,Physical Sciences,University Of Waterloo,97,accepted
2024,Biology,Toronto Metropolitan University,91,accepted
2024,Biology Bsc,Wilfrid Laurier University,86,accepted
2024,Brock University - Bsc Honours: Medical Sciences,Brock University,92,accepted
2024,Medical Sciences,Brock University,96,accepted
2024,Biological Sciences,Brock University,75,accepted
2024,"Biological, Biomedical & Life Sciences",Mcgill University,97,accepted
2024,Life Sciences - Uoft Mississauga (Biology Of Health Sciences Stream),University Of Toronto,93,accepted
2024,Life Sciences (Health Sciences Stream) (Co-Op And Regular) - Uoft Scarborough,University Of Toronto,93,accepted
2024,University Of Toronto - Life Sciences (Health Sciences Stream) (Co-Op And Regular) - U Of T Scarborough,University Of Toronto,97,accepted
2024,Biomedical Science,University Of Ottawa,94,accepted
2024,Honours Bachelor Of Science In Biomedical Science,University Of Ottawa,92,accepted
2024,Biomedical Sciences,University Of Windsor,81,accepted
2024,Bsc Honours: Biomedical Sciences,Brock University,98,accepted
2024,"Biomedical Sciences, Honors - Non-Co-Op",University Of Waterloo,91,accepted
2024,Biomedical Science,University Of Ottawa,98,accepted
2024,Biomedical Science,University Of Ottawa,98,accepted
2024,Biomedical Science,University Of Guelph,91,accepted
2024,Biomedical Science,University Of Guelph,99,accepted
2024,Biomedical Science,University Of Guelph,90,accepted
2024,Biomedical Science,University Of Guelph,96,accepted
2024,Biomedical Sciences,University Of Guelph,92,accepted
2024,Honours Major Bio-Medical Science,University Of Guelph,97,accepted
2024,Honors Bachelors Of Science In Biopharmaceutical Sciences - Co-Op,University Of Ottawa,84,accepted
2024,Honours Bachelor Of Science In Ophthalmic Medical Technology,University Of Ottawa,96,accepted
2024,"Applied Physics, Astrophysics Stream (Co-Op)",Carleton University,89,accepted
2024,Environmental Sciences,Wilfrid Laurier University,76,accepted
2024,Honours Bachelor Of Health Sciences,University Of Ottawa,96,accepted
2024,Health Sciences,Wilfrid Laurier University,97,accepted
2024,Health Science,Wilfrid Laurier University,91,accepted
2024,"Health Sciences (Bsc), Waterloo Campus",Wilfrid Laurier University,95,accepted
2024,University Of Ottawa - Uo: Honours Bachelor Of Health Science,University Of Guelph,92,accepted
2024,Honours Bachelor Of Health Sciences,University Of Ottawa,89,accepted
2024,Honours Bachelor Of Health Sciences,University Of Ottawa,93,accepted
2024,Honours Bachelor Of Health Sciences,University Of Ottawa,97,accepted
2024,University Of Ottawa - Uo: Honours Bachelor Of Health Science,University Of Ottawa,92,accepted
2024,Health Sciences (Bhsc),Ontario Tech University,70,accepted
2024,"Faculty Of Health, B.A., Spec. Hons. Kinesiology & Health Science - Keele Campus",York University,80,accepted
2024,Kinesiology & Health Science (Bsc),York University,85,accepted
2024,Kinesiology & Health Science (Bsc),York University,94,accepted
2024,Health Sciences Co-Op,University Of Waterloo,95,accepted
2024,Health Sci Carlenton,Carleton University,91,accepted
2024,Health Sciences,University Of Ottawa,92,accepted
2024,Health Sciences,Wilfrid Laurier University,87,accepted
2024,"Honours Health Sciences, Regular",University Of Waterloo,96,accepted
2024,Waterloo Health Sciences Co-Op,University Of Waterloo,98,accepted
2024,Mn: Health Sciences,Western University,80,accepted
2024,B. Health Sciences Honours,Carleton University,92,accepted
2024,Carleton University - B. Health Sciences Honours(Health Throughout The Lifespan),Carleton University,92,accepted
2024,Medical Sciences (Bmsc & Bsc),Western University,97,accepted
2024,Medical Science,Western University,96,accepted
2024,Medical Sciences,Western University,98,accepted
2024,Medical Sciences,Western University,98,accepted
2024,Main Campus - Faculty Of Science - Medical Sciences,Western University,95,accepted
2024,Medical Sciences,Western University,94,accepted
2024,Medical Sciences,Western University,95,accepted
2024,Medical Sciences,Western University,97,accepted
2024,Medical Sciences,Western University,96,accepted
2024,Medical Sciences,Western University,97,accepted
2024,Health Sciences,Western University,96,accepted
2024,Mn: Health Sciences (Health Sciences With Biology),Western University,97,accepted
2024,Toronto Metropolitan University - Nursing At George Brown College,Toronto Metropolitan University,93,accepted
2024,Nursing @ Tmu George Brown Site,Toronto Metropolitan University,89,accepted
2024,Nursing At George Brown College,Toronto Metropolitan University,96,accepted
2024,Bachelor Of Science In Nursing - Collaborative Degree,Toronto Metropolitan University,87,accepted
2024,Nursing At George Brown College,Toronto Metropolitan University,92,accepted
2024,Toronto Metropolitan University - Nursing At George Brown College,Toronto Metropolitan University,91,accepted
2024,Nursing At Tmu,Toronto Metropolitan University,90,accepted
2024,Nursing,Toronto Metropolitan University,95,accepted
2024,Nursing,Toronto Metropolitan University,92,accepted
2024,Toronto Metropolitan University - Nursing At Tmu,Toronto Metropolitan University,92,accepted
2024,Nursing,Toronto Metropolitan University,89,accepted
2024,Nursing,Brock University,85,accepted
2024,Nursing,Ontario Tech University,93,accepted
2024,Bsc. Nursing,Laurentian University,91,accepted
2024,Bsc Nursing,Laurentian University,86,accepted
2024,Bscn Honours Nursing,Brock University,89,accepted
2024,Bscn Honours: Nursing,Brock University,80,accepted
2024,Bscn Honours: Nursing,Brock University,92,accepted
2024,Bscn Nursing - Honours,Brock University,89,accepted
2024,Honours: Nursing,Brock University,95,accepted
2024,Nursing @Tmu Main Site,Toronto Metropolitan University,94,accepted
2024,Kinesiology (Bkin),Wilfrid Laurier University,85,accepted
2024,Kinesiology (Co-Op),University Of Waterloo,94,accepted
2024,Kinesiology - Co-Op (Medical Physiology),University Of Waterloo,95,accepted
2024,Honours Public Health Co-Op,University Of Waterloo,93,accepted
2024,Mathematics Co-Op,University Of Ottawa,93,accepted
2024,Mathematics (Co-Op And Regular) - U Of T Scarborough,University Of Toronto,98,accepted
2024,Mathematics (Co-Op And Regular) - U Of T Scarborough (Mathematics/Comprehensive (Co-Op Optional)),University Of Toronto,93,accepted
2024,Mathematics And Its Applications (Co-Op Available),Toronto Metropolitan University,93,accepted
2024,"University Of Toronto - Commerce (Including Accounting, Finance, Marketing) - U Of T Mississauga",University Of Toronto,93,accepted
2024,"University Of Toronto - Commerce (Including Accounting, Finance, Marketing) - U Of T Mississauga",University Of Toronto,98,accepted
2024,"University Of Toronto - Commerce (Including Accounting, Finance, Marketing) - U Of T Mississauga (Accounting)",University Of Toronto,94,accepted
2024,"University Of Toronto - Commerce (Including Accounting, Finance, Marketing) - U Of T Mississauga (Marketing)",University Of Toronto,99,accepted
2024,Commerce (Option In Marketing) And Master Of Science In Management (Research Project),University Of Ottawa,96,accepted
2024,Bachelor Of Commerce (Honours) - Accounting And Finance,University Of Ottawa,92,accepted
2024,Commerce,Ontario Tech University,78,accepted
2024,Commerce,University Of Ottawa,93,accepted
2024,Commerce - Finance,University Of Ottawa,89,accepted
2024,Commerce: Bcom Honours - Management With Co-Op,University Of Ottawa,91,accepted
2024,Commerce Human Resources Management - Co-Op,University Of Ottawa,90,accepted
2024,Commerce (Bcom),Queens University,95,accepted
2024,Commerce,York University,85,accepted
2024,Commerce,York University,89,accepted
2024,Commerce,York University,83,accepted
2024,Commerce (Bcom),York University,87,accepted
2024,Human Resources Management (Bhrm),York University,79,accepted
2024,Laurier Economics And Financial Management (Coop) With Management Option,Wilfrid Laurier University,86,accepted
2024,Huron University College - Hr: Management & Organizational Studies (Finance & Administration),Western University,99,accepted
2024,Utsc Management (Bba) (Co-Op),University Of Toronto,99,accepted
2024,Utsc Management (Bba) (Co-Op),University Of Toronto,98,accepted
2024,Economics And Financial Management (Management Option),Wilfrid Laurier University,89,accepted
2024,Computer Science With Management Option,Wilfrid Laurier University,92,accepted
2024,Management & Organizational Studies,Western University,92,accepted
2024,Management & Organizational Studies,Western University,93,accepted
2024,Mn: Management & Organizational Studies,Western University,97,accepted
2024,Western University - Mn: Management & Organizational Studies (Finance),Western University,99,accepted
2024,Hr: Management And Organizational Studies,Western University,96,accepted
2024,Management (Co-Op And Regular),University Of Guelph,85,accepted
2024,Sport And Event Management Co-Op,University Of Guelph,94,accepted
2024,"Hospitality And Tourism Management (Co-Op And Regular),",University Of Guelph,85,accepted
2024,Bcomm (No Concentration) Honours With Co-Op,Carleton University,91,accepted
2024,Business Technology Management,Toronto Metropolitan University,87,accepted
2024,York University - Business Economics (Ba) | York University - Financial & Business Economics (Ba) | York University - Human Resources Management (Bhrm),York University,80,accepted
2024,Business Management,Toronto Metropolitan University,94,accepted
2024,Business Management (Co-Op Available),Toronto Metropolitan University,94,accepted
2024,Business Management (Co-Op Available),Toronto Metropolitan University,96,accepted
2024,Trent University - Law (Ll.B.) Business Administration (B.B.A.): Trent/Swansea Dual Degree,Trent University,96,accepted
2024,Business,University Of Guelph-Humber,81,accepted
2024,Cs/Bba,University Of Waterloo,97,accepted
2024,Bba Honours: Business Administration,Brock University,94,accepted
2024,Business,Mcmaster University,93,accepted
2024,Mac Business 1,Mcmaster University,95,accepted
2024,Mcmaster University - Business I,Mcmaster University,96,accepted
2024,Business Administration (Bba) And Computer Science (Bsc) Double Degree,Wilfrid Laurier University,95,accepted
2024,Business Administration (Bba) And Computer Science (Bsc) Double Degree,Wilfrid Laurier University,94,accepted
2024,Bmos,Western University,96,accepted
2024,Finance (Co-Op),Ontario Tech University,90,accepted
2024,Accounting And Finance (Co-Op Available),Toronto Metropolitan University,91,accepted
2024,Accounting And Finance (Co-Op Available),Toronto Metropolitan University,94,accepted
2024,Bba + Fin Math,Wilfrid Laurier University,92,accepted
2024,Business Technology Management,Toronto Metropolitan University,94,accepted
2024,Business Technology Management,Toronto Metropolitan University,93,accepted
2024,Business Technology Management,Toronto Metropolitan University,93,accepted
2024,Business Management,Toronto Metropolitan University,85,accepted
2024,Business Management,Toronto Metropolitan University,92,accepted
2024,Business Administration,Brock University,92,accepted
2024,Business Administration,Wilfrid Laurier University,94,accepted
2024,Business Administration (Bba),Wilfrid Laurier University,93,accepted
2024,Business Administration (Bba),Wilfrid Laurier University,96,accepted
2024,Bba,Wilfrid Laurier University,90,accepted
2024,Bba,Wilfrid Laurier University,90,accepted
2024,Bba,Wilfrid Laurier University,94,accepted
2024,Business Administration (Bba),Wilfrid Laurier University,93,accepted
2024,Business Administration,Wilfrid Laurier University,93,accepted
2024,Bba,Wilfrid Laurier University,93,accepted
2024,Bba,Wilfrid Laurier University,93,accepted
2024,Bba,Wilfrid Laurier University,93,accepted
2024,Business Administration,Wilfrid Laurier University,92,accepted
2024,Business Administration (Bba),Wilfrid Laurier University,94,accepted
2024,Business Administration (Bba),Wilfrid Laurier University,94,accepted
2024,Business Administration (Bba),Wilfrid Laurier University,94,accepted
2024,Business Administration (Bba),Wilfrid Laurier University,96,accepted
2024,Business Administration (Bba) Co-Op,Wilfrid Laurier University,90,accepted
2024,"Business Administration (Bba), Waterloo Campus",Wilfrid Laurier University,95,accepted
2024,"Business Administration (Bba), Waterloo Campus",Wilfrid Laurier University,94,accepted
2024,"Wilfrid Laurier University - Business Administration (Bba), Waterloo Campus",Wilfrid Laurier University,97,accepted
2024,Business Administration (Bba) + Financial Mathematics (Ba) (Co-Op) (Waterloo Campus),Wilfrid Laurier University,94,accepted
2024,"Business Administration (Bba) And Financial Mathematics (Ba) Double Degree, Waterloo Campus",Wilfrid Laurier University,94,accepted
2024,Business Administration (Bba),Wilfrid Laurier University,93,accepted
2024,Business Administration (Bba),Wilfrid Laurier University,90,accepted
2024,Business Administration (Bba),Wilfrid Laurier University,87,accepted
2024,"Business Administration (Bba) And Financial Mathematics (Ba) Double Degree, Waterloo Campus",Wilfrid Laurier University,93,accepted
2024,"Business Administration (Bba) And Financial Mathematics (Ba) Double Degree, Waterloo Campus",Wilfrid Laurier University,94,accepted
2024,Business Administration (Bba) + Financial Mathematics (Ba),Wilfrid Laurier University,95,accepted
2024,"Wilfrid Laurier University - Business Administration (Bba) And Computer Science (Bsc) Double Degree, Waterloo Campus",Wilfrid Laurier University,91,accepted
2024,Business Administration International Co-Op,Brock University,93,accepted
2024,Business Technology Management,Wilfrid Laurier University,80,accepted
2024,Business I,Mcmaster University,93,accepted
2024,Business I,Mcmaster University,95,accepted
2024,Business I,Mcmaster University,90,accepted
2024,Mcmaster Degroote Business 1,Mcmaster University,94,accepted
2024,Honours Arts And Business University Main Campus (Co-Op And Regular) (Economics (Co-Op Optional),University Of Waterloo,94,accepted
2024,Global Business And Digital Arts,University Of Waterloo,96,accepted
2024,Global Business And Digital Arts (Gbda),University Of Waterloo,93,accepted
2024,Global Business And Digital Arts Co-Op,University Of Waterloo,92,accepted
2024,Ivey Advanced Entry Opportunity,Western University,99,accepted
2024,Western Ivey Aeo,Western University,97,accepted
2024,Ivey Aeo,Western University,98,accepted
2024,Ivey Advanced Entry Opportunity (Aeo),Western University,95,accepted
2024,Ivey Aeo (W/Social Science),Western University,95,accepted
2024,Western Ivey Aeo,Western University,94,accepted
2024,Western Ivey Aeo,Western University,98,accepted
2024,Western Ivey Aeo,Western University,95,accepted
2024,"Management & Organizational Studies, Non-Co-Op, King'S College",Western University,92,accepted
2024,Bba + Financial Math Double Degree,Wilfrid Laurier University,96,accepted
2024,Financial Mathematics (Co-Op Available),Toronto Metropolitan University,94,accepted
2024,Financial Mathematics (Ba),Wilfrid Laurier University,86,accepted
2024,Accounting And Finance,Toronto Metropolitan University,96,accepted
2024,Bacc Honours: Accounting With Co-Op,Brock University,98,accepted
2024,Accounting - Co-Op,Brock University,94,accepted
2024,Brock University - Bacc Honours: Accounting,Brock University,84,accepted
2024,Accounting + Co-Op,Brock University,88,accepted
2024,Accounting Co-Op,Brock University,91,accepted
2024,Accounting Co-Op,Brock University,91,accepted
2024,Economics (Co-Op),University Of Ottawa,93,accepted
2024,Economics And Accounting,Wilfrid Laurier University,91,accepted
2024,Economics And Financial Management (Ba) With Management Option,Wilfrid Laurier University,90,accepted
2024,Economics And Data Analytics (Ba) With Management Option,Wilfrid Laurier University,85,accepted
2024,Data Science,Trent University,80,accepted
2024,Data Science,Wilfrid Laurier University,89,accepted
2024,Data Science (Bsc),York University,98,accepted
2024,Data Science,Wilfrid Laurier University,80,accepted
2024,Data Science (Bsc),Wilfrid Laurier University,89,accepted
2024,Statistics (Ba),York University,85,accepted
2024,Honours Arts And Business,University Of Waterloo,93,accepted
2024,Global Business And Digital Arts (Gbda),University Of Waterloo,89,accepted
2024,Management & Organizational Studies,Western University,99,accepted
2024,Papm (Bachelor Of Public Affairs And Policy Management),Carleton University,92,accepted
2024,Public Affairs & Policy Management,Carleton University,95,accepted
2024,Bgins (Bachelor Of Global And International Studies),Carleton University,92,accepted
2024,"Visual & Performing Arts, Arts Management And Media",University Of Toronto,91,accepted
2024,Journalism,Toronto Metropolitan University,88,accepted
2024,"University Of Guelph - Bachelor Of Creative Arts, Health And Wellness(Honours)(Theatre Studies)",University Of Guelph,92,accepted
2024,Hons International Development And Globalization,University Of Ottawa,95,accepted
2024,Juris Doctor And Commerce,University Of Ottawa,93,accepted
2024,Honours Bachelor Of Social Sciences In Political Science And Juris Doctor (Jd) (French Immersion Stream),University Of Ottawa,91,accepted
2024,Political Science Honours(French),University Of Ottawa,82,accepted
2024,"Law Degree (Llb At University Of Sussex, Uk) And Arts Degree (Ba At Laurier In Political Science)",Wilfrid Laurier University,83,accepted
2024,Political Science,Wilfrid Laurier University,92,accepted
2024,History,Western University,93,accepted
2024,Honours Bachelor Of Social Sciences In Criminology,University Of Ottawa,90,accepted
2024,Criminology And Criminal Justice,Carleton University,94,accepted
2024,Honours Bachelor Of Arts In Anthropology,Carleton University,92,accepted
2024,Political Science: International Relations & World Politics (Co-Op Optional),Carleton University,96,accepted
2024,Social Sciences,Brock University,82,accepted
2024,Social Sciences,Western University,92,accepted
2024,Urban And Regional Planning,Toronto Metropolitan University,97,accepted
2024,Honours Planning (Co-Op) - Environment,University Of Waterloo,98,accepted
2024,Environmental And Resource Science,Trent University,86,accepted
2024,Honours Bachelors Of Interaction Design,Sheridan College,65,accepted
2024,English (Honours) (Co-Op Available),Toronto Metropolitan University,97,accepted
2024,Honours Bachelor Of Arts In English,University Of Ottawa,95,accepted
2024,Psychology (Bsc),University Of Ottawa,96,accepted
2024,Theatre (French Immersion Stream),University Of Ottawa,91,accepted
2024,Concurrent Ba (Honours) Bed Intermediate/Senior,Brock University,96,accepted
2024,Brock University - Concurrent Ba (Honours) Bed Intermediate/Senior (History),Brock University,92,accepted
2024,Concurrent Bsc Honours/Bed â€“ Intermediate/Senior (Math),Brock University,90,accepted
2024,Concurrent Education/ Chemistry (Intermediate/Senior),Lakehead University,89,accepted
2024,Con Ed Arts,Queens University,95,accepted
2024,Concurrent Bachelor Of Arts/Bachelor Of Education - Intermediate/Senior,Nipissing University,96,accepted
2024,Pre-Education Direct Entry Concurrent Bachelor Of Education Program: Honours Bachelors Of Arts: Educational Studies,York University,90,accepted
2024,Queen'S University - Arts/Education (Concurrent) (Bah/Bed) (Political Studies),Queens University,94,accepted
2024,Communications And Media Studies Honours,Carleton University,93,accepted
2024,Media And Communication Studies,Western University,92,accepted
2024,Media Production & Design (Co-Op),Carleton University,89,accepted
2024,"Cities, Regions, Planning (Bes)",York University,82,accepted
2024,"Communication, Culture, Information & Technology - U Of T Mississauga",University Of Toronto,90,accepted
2024,Social Science (Criminology),Western University,95,accepted
2024,Ba Honours: History,Brock University,91,accepted
2024,Mn: Arts And Humanities (Classical Studies),Western University,95,accepted
2024,Western University - Mn: Social Science (Economics),Western University,100,accepted
2024,Arts,Mcgill University,94,accepted
2024,Arts (Economics),Queens University,88,accepted
2024,"Faculty Of Liberal Arts And Professional Studies, B.A., Hons. Political Science (International Bachelor Of Arts) - Keele Campus",York University,98,accepted
2024,"Honours Arts - Political Science, St. Jerome'S University (Co-Op)",University Of Waterloo,97,accepted
2024,Honours Arts Co-Op,University Of Waterloo,90,accepted
2024,Honours Arts Co-Op,University Of Waterloo,95,accepted
2024,"B.A., Hons. Law And Society - Keele Campus",York University,87,accepted
2024,Criminology,Toronto Metropolitan University,94,accepted
2024,Bachelor Of Arts,Dalhousie University,96,accepted
2024,"Arts Honours, Psychology (Co-Op)",University Of Guelph,98,accepted
2024,Applied Science In Psychology,University Of Guelph,92,accepted
2024,York University - Psychology (Ba),York University,93,accepted
2024,Bachelor Of Arts - Psychology (No -Coop),University Of Guelph,92,accepted
2024,"Wilfrid Laurier University - Honours Arts (Ba) Programs, All Other Arts Majors, Waterloo Campus (Film Studies)",Wilfrid Laurier University,75,accepted
2024,Classical Studies,University Of Guelph,89,accepted
2024,History Honours Co-Op,University Of Guelph,93,accepted
2024,Politics And Governance (Co-Op Available),Toronto Metropolitan University,90,accepted
2024,Psychology,York University,92,accepted
2024,Queen'S University - Arts - Including Optional Internship (Bah) (Linguistics),Queens University,94,accepted
2024,Queen'S University - Arts - Including Optional Internship (Bah) (Psychology),Queens University,94,accepted
2024,Uo: Political Science/Juris Doctor (6-Year Double Degree With French Immersion Only),University Of Ottawa,90,accepted
2024,Utm Social Science,University Of Toronto,91,accepted
2024,Social Sciences - U Of T Mississauga (Political Science),University Of Toronto,97,accepted
2024,Social Sciences & Humanities,University Of Toronto,90,accepted
2024,"Social Sciences I (Psychology, Neuroscience & Behaviour)",Mcmaster University,93,accepted
2024,Sport Media,Toronto Metropolitan University,89,accepted
2024,Hons. Political Science Concentration In International Relations And World Politics,University Of Ottawa,98,accepted
2024,Aerospace Engineering With Co-Op,Carleton University,88,accepted
2024,Non-Co-Op,Brock University,86,accepted
2024,B. Commerce,Carleton University,83,accepted
2024,Computer Engineering,Mcgill,96,accepted
2024,B. Engineering: Aerospace,Carleton University,88,accepted
2024,Computer Systems Engineering (Co-Op),Carleton University,85,accepted
2024,B. Engineering: Mechanical,Carleton University,88,accepted
2024,B. Arts Honours - All Subjects Available (Geography) - Co-Op,Carleton University,83,accepted
2024,B. Arts Honours - All Subjects Available (Political Science: Power & Political Ideas (Co-Op Optional)),Carleton University,94,accepted
2024,Criminology And Criminal Justice,Carleton University,86,accepted
2024,Co-Op,University Of Ottawa,79,accepted
2024,Honours Mathematics (Non-Co-Op),Carleton University,94,accepted
2024,B. Public Affairs & Policy Management,Carleton University,98,accepted
2024,"Bachelor Of Architectural Studies, Urbanism, Co-Op",Carleton University,86,accepted
2024,B. Science Honours - All Subjects Available (Psychology),Carleton University,88,accepted
2024,Computer Science(Co-Op),Ontario Tech University,89,accepted
2024,Mechanical Engineering,Ontario Tech University,90,accepted
2024,Mechanical Engineering (Beng/Bengm),Ontario Tech University,79,accepted
2024,Engineering,University Of Waterloo,94,accepted
2024,Nursing(Bscn),Ontario Tech University,87,accepted
2024,Data Science (Bsc) (Co-Op),Ontario Tech University,90,accepted
2024,Computer Engineering Co-Op,University Of Waterloo,98,accepted
2024,Mn: Computer Science,Western University,92,accepted
2024,Bmos + Ivey,Western University,98,accepted
2024,Mn: Management And Organisational Studies,Western University,93,accepted
2024,Ivey Aeo W Bmos And Econ,Western University,94,accepted
2024,Engineering First Year (+Co-Op),Western University,92,accepted
2024,Western University - Mn: Engineering (Co-Op And Regular) - For Choice 07,Western University,94,accepted
2024,Media And Communication Studies,Western University,96,accepted
2024,Nursing (Bscn) - Western Site,Western University,92,accepted
2024,Western University - Mn: Nursing Bscn,Western University,94,accepted
2024,Economics,Western University,95,accepted
2024,Ivey Aeo,Western University,98,accepted
2024,"Social Science, Economics",Western University,92,accepted
2024,Western University - Mn: Social Science (Political Science),Western University,95,accepted
2024,Mn: Science,Western University,94,accepted
2024,Science,Western University,92,accepted
2024,Science,Western University,96,accepted
2024,Heath Sci,University Of Windsor,82,accepted
2024,Management Economics & Finance,University Of Guelph,86,accepted
2024,Management Economics & Finance (Co-Op),University Of Guelph,87,accepted
2024,University Of Guelph - Management Economics & Finance Non Co-Op,University Of Guelph,87,accepted
2024,Bachelor Of Commerce Major Management,University Of Guelph,86,accepted
2024,Biomedical Engineering Co-Op,University Of Guelph,92,accepted
2024,Computer Engineering,University Of Guelph,93,accepted
2024,Computer Science (Co-Op And Regular),University Of Guelph,89,accepted
2024,Computer Science (Non-Co-Op),University Of Guelph,91,accepted
2024,Computer Science (Non-Coop),University Of Guelph,84,accepted
2024,Computer Science + Co-Op,University Of Guelph,93,accepted
2024,Honours Co-Op Computer Science,University Of Guelph,93,accepted
2024,Gbd University Of Guelph - Management Economics & Finance (Regular),University Of Guelph,75,accepted
2024,Landscaping Architecture,University Of Guelph,94,accepted
2024,Wildlife Biology And Conservation,University Of Guelph,88,accepted
2024,Animal Biology,University Of Guelph,88,accepted
2024,Biomedical Science,University Of Guelph,92,accepted
2024,Biomedical Science,University Of Guelph,92,accepted
2024,Biomedical Science,University Of Guelph,95,accepted
2024,Honours Biomedical Science,University Of Guelph,95,accepted
2024,Health Sciences,Queens University,97,accepted
2024,Integrated Media Non Co Op,Ocad University,92,accepted
2024,Honours Integrated Science,Mcmaster University,92,accepted
2024,Health Science,Queens University,88,accepted
2024,Mcmaster Engineering,Mcmaster University,95,accepted
2024,Nursing (Mohawk Site),Mcmaster University,87,accepted
2024,Computing,Queens University,98,accepted
2024,Computer Science (Co-Op),Toronto Metropolitan University,88,accepted
2024,Nursing,Trent University,85,accepted
2024,Co-Op Farm Waterloo,University Of Waterloo,97,accepted
2024,Computer Science,York University,91,accepted
2024,Nursing (Bscn),Humber College,85,accepted
2024,Life Science,University Of Toronto,91,accepted
2024,Ivey Aeo + Bmos,Western University,95,accepted
2024,Hhbhj,Mcmaster University,88,accepted
2024,Bsc Computer Science (With Co-Op),University Of Waterloo,95,accepted
2024,Bschon Human Kinetics,University Of Ottawa,98,accepted
2024,Mcmaster Business I,Mcmaster University,93,accepted
2024,Engineering 1,Mcmaster University,89,accepted
2024,Engineering Coop,Mcmaster University,91,accepted
2024,Engineering I (Co-Op),Mcmaster University,91,accepted
2024,General Eng + Co-Op,Mcmaster University,92,accepted
2024,Mcmaster Engineering,Mcmaster University,93,accepted
2024,Mcmaster University - Engineering I (Co-Op),Mcmaster University,95,accepted
2024,Integrated Biomedical Engineering & Health Sciences I (Ibiomed),Mcmaster University,94,accepted
2024,Ibiomed - Co-Op,Mcmaster University,95,accepted
2024,Integrated Biomedical Engineering & Health Sciences I (Ibiomed),Mcmaster University,96,accepted
2024,Integrated Biomedical Engineering & Health Sciences I (Ibiomed) (Co-Op) (Biomedical Engineering Specialization (Co-Op Only)),Mcmaster University,97,accepted
2024,Integrated Biomedical Engineering & Health Sciences I (Ibiomed) (Co-Op) (Biomedical Engineering Specialization (Co-Op Only)),Mcmaster University,98,accepted
2024,"Integrated Biomedical Engineering & Health Sciences I (Ibiomed) (Co-Op) (Health, Engineering Science & Entrepreneurship Specialization (Co-Op Only))",Mcmaster University,97,accepted
2024,Integrated Biomedical Engineering & Health Sciences I (Ibiomed) (Co-Op) Biomedical Engineering Specialization (Co-Op Only),Mcmaster University,98,accepted
2024,"Mcmaster University - Integrated Biomedical Engineering & Health Sciences I (Ibiomed) (Co-Op) (Health, Engineering Science & Entrepreneurship Specialization (Co-Op Only))",Mcmaster University,97,accepted
2024,Humanities,Mcmaster University,95,accepted
2024,Humanities 1,Mcmaster University,88,accepted
2024,Social Sciences I (Field Of Interest: Political Science),Mcmaster University,91,accepted
2024,"Business Administration (Bba),Business I,Economics I, Social Sciences I (Economics),Rotman Commerce,Business Management (Co-Op Available), Bcom",Mcmaster University,77,accepted
2024,Mcmaster University - Nursing L (Bscn) - Mcmaster,Mcmaster University,95,accepted
2024,Nursing I (Bscn) - Mcmaster,Mcmaster University,98,accepted
2024,Chemical & Physical Sciences Gateway (Mathematics & Physics),Mcmaster University,88,accepted
2024,Automation Systems Engineering Technology I Co-Op (B.Tech.),Mcmaster University,82,accepted
2024,Honours Medical Radiation Science,Mcmaster University,90,accepted
2024,Honours Medical Radiation Sciences,Mcmaster University,91,accepted
2024,Medical Radiation,Mcmaster University,96,accepted
2024,Biotechnology I Co-Op (B.Tech.),Mcmaster University,89,accepted
2024,Biotechnology I Co-Op (B.Tech.),Mcmaster University,91,accepted
2024,Honours Kinesiology,Mcmaster University,94,accepted
2024,Arts & Science,Mcmaster University,94,accepted
2024,Arts & Science I,Mcmaster University,92,accepted
2024,Math & Statistics Gateway,Mcmaster University,88,accepted
2024,Math & Stats,Mcmaster University,93,accepted
2024,Mathematics And Statistics,Mcmaster University,98,accepted
2024,Mathematics And Statistics Gateway,Mcmaster University,97,accepted
2024,Mathematics And Statistics Gateway (Mathematics & Physics),Mcmaster University,90,accepted
2024,Anatomy And Cell Biology,Mcgill,97,accepted
2024,Beng Software Engineering (Co-Op),Mcgill,96,accepted
2024,Cs,Mcgill,95,accepted
2024,Arts,Mcgill University,96,accepted
2024,"B Sc Physical, Earth, Math & Computer Sci",Mcgill University,98,accepted
2024,"B. Sc. Physical, Earth, Math & Computer Science Group",Mcgill University,98,accepted
2024,Bachelor Of Software Engineering,Mcgill University,98,accepted
2024,Civil Engineering,Mcgill University,96,accepted
2024,Mcgill Computer Science + Math,Mcgill University,96,accepted
2024,Software Engineering,Mcgill University,98,accepted
2024,Software Engineering Co-Op & Computer Engineering,Mcgill University,97,accepted
2024,Science,Ubc,94,accepted
2024,Bachelor Of Science,Ubc!,97,accepted
2024,Arts,University Of British Columbia,86,accepted
2024,Bachelor Of Arts,University Of British Columbia,93,accepted
2024,Sauder School Of Business,University Of British Columbia,98,accepted
2024,Computer Engineering Co-Op,University Of Waterloo,95,accepted
2024,Ivey Advanced Entry Opportunity,Western University,97,accepted
2024,Bachelor Of Science (Biology),University Of British Columbia,92,accepted
2024,Bachelor Of Science (Ubcv),University Of British Columbia,93,accepted
2024,Coop,University Of Windsor,70,accepted
2024,Nursing,Brock University,85,accepted
2024,Composter Eng.,Toronto Metropolitan University,96,accepted
2024,Bsc Nursing,Brock University,86,accepted
2024,Computer Engineering Co-Op,University Of Ottawa,96,accepted
2024,Gender Studies Co-Op,York University,66,accepted
2024,Engineering,Queens University,93,accepted
2024,Biomedical Mechanical Engineering - Co-Op,University Of Ottawa,90,accepted
2024,Chemical Engineering + Co-Op,University Of Ottawa,91,accepted
2024,Software Engineering,University Of Ottawa,98,accepted
2024,Software Engineering,University Of Ottawa,97,accepted
2024,Software Engineering (Co-Op),University Of Ottawa,98,accepted
2024,"Computer Science W/ Co-Op, Software Engineering Field (Carleton)",Carleton University,91,accepted
2024,Health Science,University Of Ottawa,92,accepted
2024,Health Sciences Coop,University Of Ottawa,89,accepted
2024,Honours Bachelor Of Health Sciences,University Of Ottawa,95,accepted
2024,Commerce - International Management + Co-Op,University Of Ottawa,83,accepted
2024,Biomedical Science,University Of Ottawa,90,accepted
2024,Honours Bachelor Of Science In Biomedical Science,University Of Ottawa,89,accepted
2024,Biomedical Science,University Of Ottawa,96,accepted
2024,Biology Honours With Co-Op,University Of Ottawa,93,accepted
2024,Bachelor Of Applied Science,University Of British Columbia,95,accepted
2024,Data Science (5-Year Double Degree),University Of Ottawa,97,accepted
2024,Uottawa Data Science,University Of Ottawa,92,accepted
2024,Uo: Political Science,University Of Ottawa,94,accepted
2024,Honours Bachelor Of Science In Psychology,University Of Ottawa,90,accepted
2024,Bachelor Of Social Sciences Joint Honours In Public Administ,University Of Ottawa,84,accepted
2024,Joint Honours In Public Administration And Political Science,University Of Ottawa,96,accepted
2024,Bachelor Of Business Administration,Nipissing University,83,accepted
2024,Arts - Including Optional Internship (Bah),Queens University,85,accepted
2024,"Arts - Including Optional Internship (Bah), Philosophy",Queens University,98,accepted
2024,Arts Honors,Queens University,90,accepted
2024,Bachelor Of Arts (Honours),Queens University,91,accepted
2024,Queen'S University - Arts,Queens University,92,accepted
2024,Arts,Queens University,94,accepted
2024,Bachelor Of Commerce,Queens University,93,accepted
2024,Bachelor Of Computing (Honours),Queens University,91,accepted
2024,Commerce (Bcom),Queens University,87,accepted
2024,Commerce (Bcom),Queens University,91,accepted
2024,Commerce (Bcom),Queens University,98,accepted
2024,Computing,Queens University,96,accepted
2024,Queen'S Commerce,Queens University,94,accepted
2024,Queen'S University - Commerce (Bcom),Queens University,94,accepted
2024,Queens Commerce,Queens University,95,accepted
2024,Engineering - Common First Year - Including Optional Internship (Basc),Queens University,94,accepted
2024,General Eng 1 (Possible Intership),Queens University,92,accepted
2024,Mechatronics And Robotics Engineering,Queens University,94,accepted
2024,Science/Education (Concurrent) (Bsch/Bed),Queens University,90,accepted
2024,"Health Science (Bhsch), Non-Co-Op",Queens University,96,accepted
2024,Health Sciences,Queens University,96,accepted
2024,Health Sciences,Queens University,95,accepted
2024,Health Sciences,Queens University,96,accepted
2024,Health Sciences,Queens University,99,accepted
2024,Health Sciences,Queens University,97,accepted
2024,Health Sciences - Including Optional Internship (Bhsch),Queens University,98,accepted
2024,Health Sciences - Including Optional Internship (Bhsch),Queens University,98,accepted
2024,Health Sciences (Bhsch),Queens University,95,accepted
2024,Queen'S University - Health Sciences - Including Optional Internship (Bhsch),Queens University,97,accepted
2024,Health Science,Queens University,96,accepted
2024,Queen'S University - Science - Including Optional Internship (Bsch),Queens University,90,accepted
2024,Science - Including Optional Internship (Bsch) (Biology),Queens University,91,accepted
2024,Bsc Nursing,Trent University,86,accepted
2024,Teacher Education Stream - Arts (Honours) (History) - Durham Gta Campus,Trent University,90,accepted
2024,Toronto Metropolitan University - Aerospace Engineering (Co-Op Available) - For Choice 09,Toronto Metropolitan University,94,accepted
2024,Computer Science,Toronto Metropolitan University,93,accepted
2024,Computer Science,Toronto Metropolitan University,93,accepted
2024,Computer Science (Co-Op Available),Toronto Metropolitan University,94,accepted
2024,Computer Science (Co-Op Available),Toronto Metropolitan University,95,accepted
2024,Computer Science (Honours) (Co-Op Available),Toronto Metropolitan University,90,accepted
2024,Computer Science + Co-Op,Toronto Metropolitan University,93,accepted
2024,Toronto Metropolitan University - Computer Science (Co-Op Available),Toronto Metropolitan University,98,accepted
2024,Toronto Metropolitan University - History (Co-Op Available),Toronto Metropolitan University,91,accepted
2024,Business Technology Management,Toronto Metropolitan University,93,accepted
2024,Business Management,Toronto Metropolitan University,87,accepted
2024,Biomedical Engineering,Toronto Metropolitan University,80,accepted
2024,Biomedical Engineering (Co-Op),Toronto Metropolitan University,85,accepted
2024,Biomedical Engineering (Co-Op Available),Toronto Metropolitan University,90,accepted
2024,Accounting And Finance,Toronto Metropolitan University,75,accepted
2024,Accounting And Finance,Toronto Metropolitan University,93,accepted
2024,Accounting And Finance,Toronto Metropolitan University,89,accepted
2024,Accounting And Finance (Co-Op),Toronto Metropolitan University,88,accepted
2024,Computer Engineering + Co-Op,Toronto Metropolitan University,93,accepted
2024,Chemical Engineering Co-Op,Toronto Metropolitan University,88,accepted
2024,Tmu Civil Engineering (Co-Op),Toronto Metropolitan University,87,accepted
2024,Electrical Engineering,Toronto Metropolitan University,89,accepted
2024,Electrical Engineering,Toronto Metropolitan University,92,accepted
2024,Undeclared Engineering,Toronto Metropolitan University,87,accepted
2024,Industrial Engineering (Co-Op Available),Toronto Metropolitan University,91,accepted
2024,Industrial Engineering Co-Op,Toronto Metropolitan University,81,accepted
2024,Mechanical Engineering,Toronto Metropolitan University,86,accepted
2024,Mechanical Engineering (Co-Op Available),Toronto Metropolitan University,92,accepted
2024,Mechanical Engineering,University Of Ottawa,86,accepted
2024,Images Arts: Film Studies,Toronto Metropolitan University,94,accepted
2024,Bachelor Of Arts Psychology,Toronto Metropolitan University,94,accepted
2024,Media Production,Toronto Metropolitan University,94,accepted
2024,Mechatronics,Toronto Metropolitan University,86,accepted
2024,Mechatronics Engineering,Toronto Metropolitan University,89,accepted
2024,Mechatronics Engineering (Co-Op Available),Toronto Metropolitan University,85,accepted
2024,Burpi,Toronto Metropolitan University,84,accepted
2024,Urban And Regional Planning,Toronto Metropolitan University,86,accepted
2024,Urban And Regional Planning,Toronto Metropolitan University,97,accepted
2024,Rotman Commerce,University Of Toronto,92,accepted
2024,Rotman Commerce,University Of Toronto,93,accepted
2024,Rotman Commerce,University Of Toronto,89,accepted
2024,Rotman Commerce,University Of Toronto,92,accepted
2024,Rotman Commerce,University Of Toronto,94,accepted
2024,Rotman Commerce,University Of Toronto,95,accepted
2024,Rotman Commerce,University Of Toronto,95,accepted
2024,Rotman Commerce,University Of Toronto,96,accepted
2024,Rotman Commerce,University Of Toronto,96,accepted
2024,Rotman Commerce,University Of Toronto,98,accepted
2024,Rotman Commerce,University Of Toronto,99,accepted
2024,Rotman Commerce,University Of Toronto,96,accepted
2024,Rotman Commerce,University Of Toronto,97,accepted
2024,Rotman Commerce - St. George Campus,University Of Toronto,93,accepted
2024,Rotman Commerce - St. George Campus,University Of Toronto,94,accepted
2024,Rotman Commerce - St. George Campus,University Of Toronto,99,accepted
2024,Rotman Uoft,University Of Toronto,95,accepted
2024,Computer Science - St. George Campus,University Of Toronto,96,accepted
2024,Computer Science - St. George Campus,University Of Toronto,99,accepted
2024,Humanities,University Of Toronto,96,accepted
2024,Humanities,University Of Toronto,96,accepted
2024,Humanity,University Of Toronto,91,accepted
2024,University Of Toronto - Humanities (Arts) - St. George Campus,University Of Toronto,91,accepted
2024,Social Science,University Of Toronto,93,accepted
2024,Social Sciences,University Of Toronto,92,accepted
2024,Social Sciences,University Of Toronto,93,accepted
2024,Social Sciences - St. George Campus,University Of Toronto,97,accepted
2024,Social Sciences - St. George Campus,University Of Toronto,97,accepted
2024,Social Sciences - Utsg (Trinity College),University Of Toronto,94,accepted
2024,University Of Toronto - Social Sciences - St. George Campus,University Of Toronto,85,accepted
2024,University Of Toronto - Social Sciences - St. George Campus,University Of Toronto,92,accepted
2024,Chemical Engineering,University Of Toronto,96,accepted
2024,Chemical Engineering,University Of Toronto,94,accepted
2024,Chemical Engineering (Pey Coop Option),University Of Toronto,94,accepted
2024,University Of Toronto - Chemical Engineering (Including Pey Co-Op Option) - St. George Campus,University Of Toronto,93,accepted
2024,Computer Engineering,University Of Toronto,96,accepted
2024,Computer Engineering (Including Pey Co-Op Option),University Of Toronto,97,accepted
2024,Computer Engineering Utsg (Pey),University Of Toronto,98,accepted
2024,Computer Engineering With Pey,University Of Toronto,98,accepted
2024,Electrical Engineering,University Of Toronto,97,accepted
2024,Electrical Engineering (Pey Co-Op),University Of Toronto,98,accepted
2024,Trackone Engineering,University Of Toronto,95,accepted
2024,Trackone Engineering (With Pey Co-Op),University Of Toronto,97,accepted
2024,"Trackone, Undeclared Engineering",University Of Toronto,97,accepted
2024,"Trackone, Undeclared Engineering",University Of Toronto,98,accepted
2024,"Trackone, Undeclared Engineering (Including Pey Co-Op Option)",University Of Toronto,98,accepted
2024,Engineering Science,University Of Toronto,96,accepted
2024,Engineering Science,University Of Toronto,95,accepted
2024,Engineering Science,University Of Toronto,98,accepted
2024,Engineering Science (Co-Op),University Of Toronto,98,accepted
2024,Engineering Science (Including Pey Co-Op Option),University Of Toronto,97,accepted
2024,Engineering Science (Including Pey Co-Op Option) - St. George Campus (Aerospace (Co-Op Optional)),University Of Toronto,99,accepted
2024,Engineering Science (Pey Co-Op),University Of Toronto,98,accepted
2024,Engineering Science With Pey Co-Op,University Of Toronto,97,accepted
2024,Engineering Science (Including Pey Co-Op Option) - St. George Campus,University Of Toronto,99,accepted
2024,"Life Sciences (Including Psychology), St. George.",University Of Toronto,91,accepted
2024,Mechanical Engineering (Including Pey Co-Op Option),University Of Toronto,95,accepted
2024,"Commerce (Including Accounting, Finance, Marketing)",University Of Toronto,90,accepted
2024,Mississauga Social Sciences (Economics And Political Science),University Of Toronto,98,accepted
2024,Computer Science,University Of Toronto,96,accepted
2024,Computer Science Sg,University Of Toronto,100,accepted
2024,"Computer Science, Mathematics & Statistics",University Of Toronto,94,accepted
2024,"Computer Science, Mathematics & Statistics",University Of Toronto,94,accepted
2024,"Computer Science, Mathematics, And Statistics",University Of Toronto,97,accepted
2024,"Studies In Computer Science, Mathematics And Statistics",University Of Toronto,93,accepted
2024,"Computer Science, Mathematics & Statistics",University Of Toronto Mississauga,95,accepted
2024,Physical & Mathematical Sciences,University Of Toronto,98,accepted
2024,Physical & Mathematical Sciences,University Of Toronto,90,accepted
2024,Physical & Mathematical Sciences,University Of Toronto,92,accepted
2024,Physical & Mathematical Sciences,University Of Toronto,100,accepted
2024,Physical And Mathematical Sciences,University Of Toronto,92,accepted
2024,Physical And Mathematical Sciences (Utsg),University Of Toronto,94,accepted
2024,Studies In Mathematical And Physical Sciences,University Of Toronto,97,accepted
2024,University Of Toronto - Physical & Mathematical Sciences - St. George Campus,University Of Toronto,94,accepted
2024,University Of Toronto - Physical & Mathematical Sciences - St. George Campus,University Of Toronto,99,accepted
2024,Mathematical And Physical Sciences,University Of Toronto,94,accepted
2024,Kinesiology & Physical Education,University Of Toronto,93,accepted
2024,Kinesiology,University Of Toronto,87,accepted
2024,Kinesiology,University Of Toronto,89,accepted
2024,Kinesiology & Physical Education (Bkin) - St. George Campus,University Of Toronto,87,accepted
2024,Kinesiology And Physical Education,University Of Toronto,85,accepted
2024,Paramedicine,University Of Toronto,92,accepted
2024,Management (Bba) (Co-Op And Regular),University Of Toronto,96,accepted
2024,Co-Op Management (Bba),University Of Toronto,92,accepted
2024,Co-Op Management Bba,University Of Toronto,94,accepted
2024,Materials Engineering Pey Coop,University Of Toronto,95,accepted
2024,"Civil Engineering, Co- Op, St. George",University Of Toronto,93,accepted
2024,Management And International Business (Co-Op),University Of Toronto,98,accepted
2024,Utsc Co-Op Management And International Business Honour,University Of Toronto,95,accepted
2024,Co-Op Computer Science Utsc,University Of Toronto,98,accepted
2024,Computer Science (Co-Op And Regular),University Of Toronto,97,accepted
2024,Computer Science (Co-Op And Regular),University Of Toronto,98,accepted
2024,Double Degree: Bba (Management & Finance) And Bsc (Statistics - Quantitative Finance) (Co-Op And Regular) - U Of T Scarborough,University Of Toronto,98,accepted
2024,Co-Op Mathematics,University Of Toronto,92,accepted
2024,Arts Degree (Ba) And Master'S Degree (Mba) - Global Studies,Wilfrid Laurier University,95,accepted
2024,Business Administration (Bba),Wilfrid Laurier University,90,accepted
2024,Business Administration (Bba),Wilfrid Laurier University,93,accepted
2024,"Business Administration (Bba), Waterloo Campus",Wilfrid Laurier University,88,accepted
2024,Computer Science (Milton Bsc),Wilfrid Laurier University,87,accepted
2024,Laurier Bba (Co-Op),Wilfrid Laurier University,88,accepted
2024,"Wilfrid Laurier University - Communication Studies (Ba), Waterloo Campus",Wilfrid Laurier University,75,accepted
2024,Computer Science (Bsc) With Management Option,Wilfrid Laurier University,91,accepted
2024,Health Science Co-Op,University Of Waterloo,92,accepted
2024,"Health Sciences (Bsc), Waterloo Campus",Wilfrid Laurier University,86,accepted
2024,Business Administration (Bba) And Computer Science (Bcs) At University Of Waterloo Double Degree,Wilfrid Laurier University,97,accepted
2024,Business Administration (Bba) And Mathematics (Bmath) At University Of Waterloo Double Degree,Wilfrid Laurier University,97,accepted
2024,Honours Arts And Business Co-Op,University Of Waterloo,86,accepted
2024,University Of Waterloo - Business Administration (Laurier) And Computer Science (Waterloo) Double Degree (Co-Op Only),University Of Waterloo,90,accepted
2024,Biomedical Engineering (Co-Op Only),University Of Waterloo,98,accepted
2024,Biomedical Engineering (Co-Op Only),University Of Waterloo,96,accepted
2024,Biomedical Engineering (Co-Op Only),University Of Waterloo,99,accepted
2024,Chemical Eng + Co-Op,University Of Waterloo,92,accepted
2024,Computing And Financial,University Of Waterloo,97,accepted
2024,"Computing And Financial Management, Honours, Co-Operative Program",University Of Waterloo,99,accepted
2024,University Of Waterloo - Computing And Financial Management (Co-Op Only),University Of Waterloo,90,accepted
2024,Computer Science Co-Op,Toronto Metropolitan University,96,accepted
2024,Computer Science,University Of Waterloo,99,accepted
2024,Computer Science,University Of Waterloo,98,accepted
2024,Computer Science (Co-Op),University Of Waterloo,98,accepted
2024,Computer Science (Co-Op),University Of Waterloo,98,accepted
2024,Computer Science Honours Coop,University Of Waterloo,97,accepted
2024,Computer Science Honours Coop,University Of Waterloo,99,accepted
2024,"Computer Science, Honours (Co-Op And Regular)",University Of Waterloo,94,accepted
2024,"Computer Science, Honours, Co-Operative Program",University Of Waterloo,99,accepted
2024,Honours Computer Science Co-Op,University Of Waterloo,98,accepted
2024,University Of Waterloo Computer Science,University Of Waterloo,92,accepted
2024,Waterloo Cs,University Of Waterloo,89,accepted
2024,Systems Design Engineering (Coop),University Of Waterloo,98,accepted
2024,Systems Design Engineering Honours Coop,University Of Waterloo,95,accepted
2024,"Systems Design Engineering, Honours, Co-Operative Program",University Of Waterloo,97,accepted
2024,"Systems Design Engineering, Honours, Co-Operative Program",University Of Waterloo,98,accepted
2024,Civil Engineering,University Of Waterloo,92,accepted
2024,Civil Engineering (Co-Op Only),University Of Waterloo,90,accepted
2024,Environmental Engineering Honours Co-Op,University Of Waterloo,96,accepted
2024,"Environmental Engineering, Honours Co-Operative Program",University Of Waterloo,97,accepted
2024,Management Engineering,University Of Waterloo,94,accepted
2024,Management Engineering,University Of Waterloo,97,accepted
2024,Management Engineering,University Of Waterloo,99,accepted
2024,Management Engineering,University Of Waterloo,95,accepted
2024,Management Engineering (Co-Op Only),University Of Waterloo,96,accepted
2024,Management Engineering (Co-Op Only),University Of Waterloo,96,accepted
2024,University Of Waterloo - Management Engineering (Co-Op Only),University Of Waterloo,95,accepted
2024,Geography And Aviation,University Of Waterloo,88,accepted
2024,Geography And Aviation (Regular Only),University Of Waterloo,88,accepted
2024,Health Sciences (Co-Op And Regular),University Of Waterloo,95,accepted
2024,Health Sciences (Co-Op),University Of Waterloo,92,accepted
2024,Health Sciences (Non-Specialized) (Co-Op Optional)),University Of Waterloo,95,accepted
2024,Health Sciences Co-Op,University Of Waterloo,92,accepted
2024,Health Sciences Co-Op,University Of Waterloo,97,accepted
2024,Health Sciences Honours Co-Op,University Of Waterloo,95,accepted
2024,Honours Health Sciences (Regular),University Of Waterloo,94,accepted
2024,Kinesiology (Co-Op And Regular) (Medical Physiology (Co-Op Optional)),University Of Waterloo,91,accepted
2024,Honors Math Co-Op,University Of Waterloo,94,accepted
2024,Honours Mathematics Co-Op,University Of Waterloo,93,accepted
2024,"Honours Mathematics, Co-Op",University Of Waterloo,95,accepted
2024,"Honours Mathematics, Co-Op",University Of Waterloo,98,accepted
2024,Mathematics - Honours Co-Op,University Of Waterloo,97,accepted
2024,Mathematics (Co-Op And Regular),University Of Waterloo,91,accepted
2024,Mathematics (Co-Op And Regular),University Of Waterloo,95,accepted
2024,Mathematics (Co-Op),University Of Waterloo,98,accepted
2024,Mathematics Co-Op,University Of Waterloo,92,accepted
2024,Mathematics Co-Op,University Of Waterloo,96,accepted
2024,Mathematics Coop,University Of Waterloo,94,accepted
2024,Mathematics Honours Co-Op,University Of Waterloo,96,accepted
2024,"Mathematics, Co-Op Program",University Of Waterloo,98,accepted
2024,University Of Waterloo - Mathematics (Co-Op And Regular),University Of Waterloo,92,accepted
2024,Waterloo Mathematics,University Of Waterloo,96,accepted
2024,Math/Farm,University Of Waterloo,96,accepted
2024,Math/Farm Co-Op,University Of Waterloo,90,accepted
2024,University Of Waterloo - Mathematics/Financial Analysis And Risk Management (Co-Op),University Of Waterloo,96,accepted
2024,"Honours Mechatronics Engineering, Co-Op",University Of Waterloo,98,accepted
2024,Mechatronics Engineering,University Of Waterloo,96,accepted
2024,Mechatronics Engineering,University Of Waterloo,97,accepted
2024,Mechatronics Engineering,University Of Waterloo,96,accepted
2024,Mechatronics Engineering (Co-Op Only),University Of Waterloo,95,accepted
2024,Mechatronics Engineering (Co-Op),University Of Waterloo,95,accepted
2024,Mechatronics Engineering Co-Op,University Of Waterloo,96,accepted
2024,"Mechatronics Engineering, Honours, Co-Operative Program",University Of Waterloo,95,accepted
2024,"Mechatronics Engineering, Honours, Co-Operative Program",University Of Waterloo,98,accepted
2024,Waterloo Mechatronics Co-Op: Basc,University Of Waterloo,96,accepted
2024,Mathematics/Cpa (Co-Op),University Of Waterloo,93,accepted
2024,Nanotechnology Engineering,University Of Waterloo,91,accepted
2024,Nanotechnology Engineering (Co-Op Only),University Of Waterloo,90,accepted
2024,Nanotechnology Engineering (Co-Op Only),University Of Waterloo,94,accepted
2024,"Nanotechnology Engineering, Co-Op Only",University Of Waterloo,96,accepted
2024,Honours Planning Co-Op,University Of Waterloo,84,accepted
2024,Planning,University Of Waterloo,87,accepted
2024,Planning (Co-Op Only),University Of Waterloo,86,accepted
2024,Planning (Co-Op),University Of Waterloo,92,accepted
2024,"Physical Sciences, Physics",University Of Waterloo,91,accepted
2024,Honours Physical Sciences - Regular,University Of Waterloo,98,accepted
2024,"Physical Sciences (Co-Op), Astronomy/Physics",University Of Waterloo,90,accepted
2024,Physical Sciences Co-Op,University Of Waterloo,92,accepted
2024,University Of Waterloo - Physical Sciences (Co-Op And Regular),University Of Waterloo,90,accepted
2024,University Of Waterloo - Physical Sciences (Co-Op And Regular) (Medicinal Chemistry (Co-Op Only)),University Of Waterloo,88,accepted
2024,Science And Business,University Of Waterloo,84,accepted
2024,Environmental Science (Co-Op And Regular),University Of Waterloo,90,accepted
2024,Sustainability And Financial Management (Co-Op Only),University Of Waterloo,95,accepted
2024,Software Engineering,University Of Waterloo,95,accepted
2024,Software Engineering,University Of Waterloo,97,accepted
2024,University Of Waterloo - Software Engineering,University Of Waterloo,99,accepted
2024,Uw Se And Cs (Co-Op),University Of Waterloo,98,accepted
2024,Mechanical Engineering (Co-Op),University Of Waterloo,93,accepted
2024,Computer Engineering (Co-Op Only),University Of Waterloo,97,accepted
2024,Accounting And Finance Management (Co-Op),University Of Waterloo,90,accepted
2024,Accounting And Financial Management,University Of Waterloo,92,accepted
2024,Accounting And Financial Management,University Of Waterloo,96,accepted
2024,Accounting And Financial Management (Afm) (Co-Op Only),University Of Waterloo,96,accepted
2024,Accounting And Financial Management (Co-Op Only),University Of Waterloo,95,accepted
2024,Accounting And Financial Management (Co-Op),University Of Waterloo,90,accepted
2024,Afm Co-Op,University Of Waterloo,94,accepted
2024,University Of Waterloo - Accounting And Financial Management (Co-Op Only),University Of Waterloo,84,accepted
2024,Waterloo Afm,University Of Waterloo,93,accepted
2024,Bba,York University,91,accepted
2024,Business Administration (Bba),York University,91,accepted
2024,Business Administration (Bba),York University,95,accepted
2024,Schulich,York University,93,accepted
2024,Schulich Bba,York University,92,accepted
2024,Schulich Bba,York University,93,accepted
2024,Schulich Bba,York University,94,accepted
2024,Schulich Bba,York University,94,accepted
2024,Schulich Bba,York University,95,accepted
2024,Schulich Bba,York University,96,accepted
2024,Schulich School Of Business (Bba),York University,92,accepted
2024,Business Economics (Ba),York University,78,accepted
2024,Design (Bdes),York University,85,accepted
2024,Criminology,York University,84,accepted
2024,Nursing,York University,95,accepted
2024,York University - Nursing (Direct Entry),York University,91,accepted
2024,"Computer Science (Ba, Iba) - Including Co-Op",York University,87,accepted
2024,Computer Science (Ba),York University,88,accepted
2024,York University - Statistics (Ba),York University,90,accepted
2024,Music Bfa,York University,89,accepted
2024,York University - Classics & Classical Studies (Ba: Classics),York University,91,accepted
2024,"Faculty Of Science, B.Sc., Hons. Chemistry - Keele Campus",York University,96,accepted
2024,"Biomedical Science (Bsc, Ibsc) (Biomedical Science (Ibsc))",York University,82,accepted
2024,Engineering (Beng) - Including Co-Op,York University,82,accepted
2024,York University - Engineering (Beng) - Including Co-Op,York University,81,accepted
2024,Humanities Iba,York University,96,accepted
2024,"Computer Science, Mathematics & Statistics - Uoft Mississauga",University Of Toronto,92,accepted
2024,"Computer Science, Computer Science/Bba",University Of Waterloo,95,accepted
2024,Cs,University Of Toronto,94,accepted
2024,Chemical Engineering (Including Pey Co-Op Option) - St. George Campus,University Of Toronto,93,accepted
2024,"Engineering Science (Co-Op, St. George)",University Of Toronto,96,accepted
2024,Waterloo Side Cs/Bba,University Of Waterloo,99,accepted
2024,Waterloo Cfm,University Of Waterloo,99,accepted
2024,Computer Science (Co-Op),University Of Waterloo,98,accepted
2024,Honours Computer Science Co-Op,University Of Waterloo,93,accepted
2024,Waterloo Cs,University Of Waterloo,99,accepted
2024,Mechatronics Engineering (Co-Op),University Of Waterloo,96,accepted
2024,Software Engineering,University Of Waterloo,98,accepted
2024,Accounting,University Of Waterloo,80,accepted
2024,Computer Science Co Op,Mcmaster University,89,accepted
2024,Computer Science Co-Op,Mcmaster University,95,accepted
2024,Computer Science I Co-Op,Mcmaster University,92,accepted
2024,Engineering 1,Mcmaster University,88,accepted
2024,Engineering I (Co-Op) (Electrical Engineering (Co-Op Only)),Mcmaster University,90,accepted
2024,Engineering I (Co-Op) (Mechanical Engineering (Co-Op Only)),Mcmaster University,94,accepted
2024,Mcmaster Nursing,Mcmaster University,90,accepted
2024,Health Sciences,Mcmaster University,92,accepted
2024,Honours Health Sciences I,Mcmaster University,93,accepted
2024,Honours Health Sciences I,Mcmaster University,98,accepted
2024,Health Science,Queens University,92,accepted
2024,Computer Engineering,Toronto Metropolitan University,90,accepted
2024,Honours Mathmatics - Regular,University Of Waterloo,98,accepted
2024,Co-Op,Seneca Gender Studies,100,accepted
2024,Mechanical Engineering Co-Op,Mcgill,94,accepted
2024,Cs,University Of Waterloo,97,accepted
2024,Mn: Engineering (Co-Op And Regular) (Electrical Engineering (Co-Op Optional)),Western University,90,accepted
2024,Kinesiology,Western University,93,accepted
2024,Kinesiology Mcmaster,Mcmaster University,91,accepted
2024,Lifescience,Mcmaster University,87,accepted
2024,Engineering - Common First Year - Including Optional Internship (Basc) (Electrical Engineering),Queens University,89,accepted
2024,Queen'S University - Engineering - Common First Year - Including Optional Internship (Basc) (Mechanical And Materials Engineering),Queens University,90,accepted
2024,Queens,Queens University,96,accepted
2024,Bm Tmu,Toronto Metropolitan University,78,accepted
2024,Toronto Metropolitan University - Chemical Engineering (Co-Operative),Toronto Metropolitan University,82,accepted
2024,Toronto Metropolitan University - Nursing At Tmu,Toronto Metropolitan University,78,accepted
2024,Engineering Sciences,University Of Toronto,96,accepted
2024,Health Science Co-Op,University Of Waterloo,89,accepted
2024,Kinesology(Bsc),University Of Waterloo,83,accepted
2024,Health Sciences,Queens University,99,accepted
2024,Waterloo Cs,University Of Waterloo,92,accepted
2024,Mechanical Engineering (Co-Op Only),University Of Waterloo,92,accepted
2024,York University - Business Administration (Bba),York University,94,accepted
2024,Western University - Mn: Management & Organizational Studies,Western University,94,accepted
2024,Mechanical Engineering,University Of Waterloo,94,accepted
2024,Mn: Management & Organizational Studies (Management & Legal Studies),Western University,90,accepted
2024,Mathematics And Statistics I,Mcmaster University,88,accepted
2024,Health Sciences,Western University,93,accepted
2024,Science And Aviation,University Of Waterloo,97,accepted
2024,Social Sciences,University Of Toronto Mississauga,79,accepted
2024,Electrical Engineering,University Of Toronto,92,accepted
2024,Mechatronics Engineering,University Of Waterloo,95,accepted
2024,Mechanical Engineering,University Of Toronto,96,accepted
2024,Cs,University Of Waterloo,95,accepted
2024,Computer Science,University Of Waterloo,98,accepted
2024,York University - Teacher Education: Liberal Arts & Professional Studies (Concurrent Bed: Choose From Subject List) (Spec. Hons. History),York University,93,accepted
2024,Honours Chemical Engineering (Co-Op),University Of Waterloo,94,accepted
2024,Mn: Medical Sciences (Bmsc And Bsc) (),Western University,93,accepted
2024,Computer Engineering,University Of Waterloo,92,accepted
2024,Math Cpa,University Of Waterloo,93,accepted
2024,General Engineering,Mcmaster University,90,accepted
2024,General Engineering,Queens University,90,accepted
2024,Math & Statistics (Mathematics And Computer Science),Mcmaster University,92,accepted
2024,Nanotechnology Engineering (Co-Op Only),University Of Waterloo,97,accepted
2024,Industrial Engineering With Pey Coop,University Of Toronto,95,accepted
2024,Accounting And Financial Management (Co-Op),University Of Waterloo,89,accepted
2024,Mechanical Engineering Pey Co-Op,University Of Toronto,93,accepted
2024,Commerce,Queens University,94,accepted
2024,Ibsc Computer Science Including Co-Op,York University,92,accepted
2024,Social Science 1,Mcmaster University,95,accepted
2024,Engineering I (Co-Op),Mcmaster University,93,accepted
2024,Computer Engineering (Pey Co-Op Option),University Of Toronto,97,accepted
2024,Western Bmos (No Ivey),Western University,93,accepted
2024,Honours Planning (Co-Op),University Of Waterloo,94,accepted
2024,Urban And Regional Planning,Toronto Metropolitan University,94,accepted
2024,Engineering 1 Co-Op,Mcmaster University,93,accepted
2024,Sustainability And Financial Management,University Of Waterloo,85,accepted
2024,Accounting And Financial Management (Co-Op Only),University Of Waterloo,94,accepted
2024,Accounting And Financial Management (Cooperative Program Only),University Of Waterloo,93,accepted
2024,Computer Science (Co-Op Available),Toronto Metropolitan University,89,accepted
2024,University Of Toronto - Physical & Mathematical Sciences - St. George Campus,University Of Toronto,90,accepted
2024,Commerce,Queens University,91,accepted
2024,Health Science,Carleton University,91,accepted
2024,Biomedical Sciences,University Of Ottawa,91,accepted
2024,Mcmaster University - Honours Kinesiology,Mcmaster University,92,accepted
2024,Computer Engineering Or Electrical Engineering,Queens University,88,accepted
2024,Computer Engineering,Toronto Metropolitan University,90,accepted
2024,"Computer Science, Mathematics & Statistics",University Of Toronto,86,accepted
2024,Industrial Engineering,Toronto Metropolitan University,83,accepted
2024,Materials Engineering (Including Pey Co-Op Option),University Of Toronto,94,accepted
2024,Computer Science,University Of Waterloo,94,accepted
2024,Engineering I (Co-Op) (Materials Engineering (Co-Op Only)),Mcmaster University,94,accepted
2024,Gender Studies,Brock University,97,accepted
2024,Rotman Commerce,University Of Toronto,92,accepted
2024,Nuclear Engineering (Co-Op),Ontario Tech University,97,accepted
2024,Rotman Commerce,University Of Toronto,94,accepted
2024,Life Sciences (Including Psychology) - St. George Campus,University Of Toronto,90,accepted
2024,Utsc Co-Op Cs,University Of Toronto,96,accepted
2024,Computer Science - St. George Campus,University Of Toronto,96,accepted
2024,Computer Science (Co-Op),University Of Toronto,96,accepted
2024,Waterloo Cs W/ Co-Op,University Of Waterloo,100,accepted
2024,Software Engineering (Co-Op Only),University Of Waterloo,92,accepted
2024,Statistics (Co-Op) - U Of T Scarborough,University Of Toronto,90,accepted
2024,Mathematics Co-Op,University Of Toronto,88,accepted
2024,Utsc Co-Op Computer Science,University Of Toronto,93,accepted
2024,Social Sciences,University Of Toronto,92,accepted
2024,Physical & Mathematical Sciences,University Of Toronto,90,accepted
2024,Electrical Engineering (Co-Op Only),University Of Waterloo,97,accepted
2024,Engineering I (Co-Op),Mcmaster University,93,accepted
2024,Computing And Financial Management,University Of Waterloo,96,accepted
2024,Systems Design Engineering,University Of Waterloo,95,accepted
2024,Software Engineering (Co-Op Optional),Western University,80,accepted
2024,Rotman Commerce,University Of Toronto,93,accepted
2024,Utsc Management (Bba),University Of Toronto,93,accepted
2024,Utm Commerce,University Of Toronto,93,accepted
2024,Landscaoe Architecture,University Of Guelph,90,accepted
2024,University Of Toronto - Rotman Commerce - St. George Campus,University Of Toronto,94,accepted
2024,Batchelor Of Buisness Administation,Wilfrid Laurier University,98,accepted
2024,University Of Toronto - Rotman Commerce - St. George Campus,University Of Toronto,96,accepted
2024,Uoft Chemical Engineering,University Of Toronto,96,accepted
2024,Systems Design Engineering (Co-Op Only),University Of Waterloo,96,accepted
2024,Bachelor Of Science,University Of British Columbia,95,accepted
2024,Bba,Wilfrid Laurier University,94,accepted
2024,Honors In Biopharmaceutical Sciences,University Of Ottawa,85,accepted
2024,Honors Biochemistry,Queens University,85,accepted
2024,Civil Engineering,York University,90,accepted
2024,Honours Medical Radiation Sciences,Mcmaster University,92,accepted
2024,Ivey Aeo,Western University,91,accepted
2024,Commerce (Regular And Co-Op),Carleton University,83,accepted
2024,Computer Science â€“ Honours (Regular And Co-Op),Carleton University,95,accepted
2024,Social Sciences,University Of Toronto,96,accepted
2024,Computer Engineering Co-Op,University Of Waterloo,95,accepted
2024,Electrical Engineering Co-Op,University Of Waterloo,98,accepted
2024,Toronto Metropolitan University - Computer Engineering (Co-Op Available),Toronto Metropolitan University,89,accepted
2024,Mechanical Engineering (Co-Op Only),University Of Waterloo,94,accepted
2024,All Other Majors(Physics (Co-Op Optional)),University Of Guelph,86,accepted
2024,Engineering I (Co-Op) (Software Engineering (Co-Op Only)),Mcmaster University,95,accepted
2024,Design,York University,92,accepted
2024,Honours Health Sciences I,Mcmaster University,96,accepted
2024,Civil Engineering Co-Op,Toronto Metropolitan University,81,accepted
2024,Mathematics Honours Co-Op,University Of Waterloo,92,accepted
2024,Life Sciences,University Of Toronto,92,accepted
2024,Computer Engineering (Co-Op Available),Toronto Metropolitan University,94,accepted
2024,Engineering Science,University Of Toronto,96,accepted
2024,Accounting And Financial Management (Co-Op),University Of Waterloo,92,accepted
2024,Computer Engineering Or Electrical Engineering - Innovation - Including Optional Internship (Basc) (Electrical Engineering),Queens University,92,accepted
2024,Honours Kinesiology,Mcmaster University,91,accepted
2024,Computer Engineering,University Of Ottawa,88,accepted
2024,Honours Arts And Business Coop,University Of Waterloo,85,accepted
2024,Harvard Economics,Harvard,99,accepted
2024,Computer Science Honours Co-Op,University Of Waterloo,98,accepted
2024,Digital Enterprise Management (Ccit) ((Co-Op)) Utm,University Of Toronto,78,accepted
2024,Real Estate,University Of Guelph,86,accepted
2024,Computer Science + Co-Op,Queens University,92,accepted
2024,"Biological, Biomedical & Life Sciences",Mcgill University,93,accepted
2024,Arts/Education (Concurrent) (Bah/Bed),Queens University,93,accepted
2024,Uo: Chemistry Coop,University Of Ottawa,75,accepted
2024,Health Science,Langara In Bc!!!!,71,accepted
2024,Queen'S University - Engineering - Common First Year - Including Optional Internship (Basc) [Committed],Queens University,96,accepted
2024,University Of Toronto - Computer Science - St. George Campus,University Of Toronto,96,accepted
2024,"University Of Toronto - Trackone, Undeclared Engineering (Including Pey Co-Op Option) - St. George Campus",University Of Toronto,96,accepted
2024,University Of Waterloo - Computer Engineering (Co-Op Only),University Of Waterloo,96,accepted
2024,Nursing George Brown,Toronto Metropolitan University,89,accepted
2024,"Computer Science, Mathematics & Statistics - U Of T Mississauga",University Of Toronto,93,accepted
2024,Schulich Bba,York University,93,accepted
2024,Commerce,Queens University,93,accepted
2024,Medical Sciences,Western University,92,accepted
2024,Computer Science,Western University,88,accepted
2024,"Multiple Leadership Roles, Internship, Sports Teams",Mcmaster University,96,accepted
2024,Track One Engineering,University Of Toronto,94,accepted
2024,Co-Op Computer Science,University Of Toronto,98,accepted
2024,Mechanical Engineering,Western University,94,accepted
2024,Mechatronics Engineering (Co-Op Available),Toronto Metropolitan University,93,accepted
2024,"Physical And Mathematical Sciences, Utsg",University Of Toronto,93,accepted
2024,Medical Sciences,Western University,93,accepted
2024,Life Sciences - Health Sciences Stream (Co-Op) Field Of Interest: Neuroscience,University Of Toronto,77,accepted
2024,Hh,Western University,98,accepted
2024,Life Science,University Of Waterloo,91,accepted
2024,Mechanical Engineering (Co-Op),University Of Ottawa,81,accepted
2024,"Social Sciences, Field Of Interest: Political Science",University Of Toronto,97,accepted
2024,Life Sciences - Health Sciences Stream (Regular And Co-Op),University Of Toronto,87,accepted
2024,Computer Science Honours With Co-Op,University Of Waterloo,97,accepted
2024,Co Op,University Of Waterloo,55,accepted
2024,Mechanical Engineering (Co-Op),University Of Ottawa,97,accepted
2024,Physical Sciences (Co-Op),University Of Waterloo,89,accepted
2024,Western Ivey Aeo,Western University,95,accepted
2024,Queens Computing,Queens University,79,accepted
2024,B. Global & International Studies Honours (Global Politics (Co-Op Optional)),Carleton University,91,accepted
2024,Uoft (St George) Computer Engineering Pey Co-Op,University Of Toronto,95,accepted
2024,Science,Western University,88,accepted
2024,Midwifery,Toronto Metropolitan University,91,accepted
2024,Nursing At Tmu,Toronto Metropolitan University,85,accepted
2024,Honours Bachelors Of Science Biomedical Science,Toronto Metropolitan University,85,accepted
2024,Computer Engineering (Including Pey Co-Op Option) - St. George Campus,University Of Toronto,98,accepted
2024,Honours Computer Science Co-Op,University Of Waterloo,99,accepted
2024,"Honours Software Engineering, Co-Op",University Of Waterloo,99,accepted
2024,N/A,N/A,85,accepted
2024,Environmental Engineering Co-Op,University Of Guelph,79,accepted
2024,Physics & Astronomy,York University,95,accepted
2024,Nanotechnology Engineering Honours Co-Op,University Of Waterloo,93,accepted
2024,Honors Health Sciences 1,Mcmaster University,95,accepted
2024,Rotman Commerce,University Of Toronto,90,accepted
2024,Electrical Engineering,University Of Waterloo,94,accepted
2024,Computer Science (Co-Op),University Of Waterloo,96,accepted
2024,Mac Sosci,Mcmaster University,83,accepted
2024,Software Engineering,University Of Waterloo,100,accepted
2024,Mechatronics Engineering (Co-Op Only),University Of Waterloo,97,accepted
2024,Zzz,University Of Waterloo,56,accepted
2024,Western Ivey Aeo,Western University,97,accepted
2024,Accounting/Finance,University Of Waterloo,92,accepted
2024,Computer Science (Co-Op),University Of Waterloo,99,accepted
2024,Business Administration (Bba),Wilfrid Laurier University,92,accepted
2024,English,Toronto Metropolitan University,83,accepted
2024,Bachelor Of Social Sciences Joint Honours In Economics And In Political Science (Co-Op),University Of Ottawa,95,accepted
2024,Civil Engineering,University Of Ottawa,90,accepted
2024,Health Science (Bhsc),Queens University,95,accepted
2024,None,University Of Waterloo,90,accepted
2024,Commerce,Queens University,98,accepted
2024,Western,Western University,100,accepted
2024,Gender Studies And Law Studies,Brock University,65,accepted
2024,Direct Entry - Computer Engineering,Queens University,93,accepted
2024,Hhh,Carleton University,72,accepted
2024,Ff,Toronto Metropolitan University,95,accepted
2024,Nursing,Brock University,88,accepted
2024,Fgg,Carleton University,56,accepted
2024,Studies In Psychology (Utm),University Of Toronto,87,accepted
2024,Biomedical Sciences (Co-Op Available),Toronto Metropolitan University,87,accepted
2024,All Other Majors (Neuroscience),University Of Guelph,87,accepted
2024,Arts And Science |,Mcmaster University,88,accepted
2024,Idk,Toronto Metropolitan University,87,accepted
2024,Bachelor Of Arts In History,Mcgill,95,accepted
2024,Gender Studies,York University,69,accepted
2024,Jope,Carleton University,87,accepted
