2025,Program Name,University,0,accepted
2025,Concurrent Ba Integrated Studies (Honours) Bed Junior/Intermediate,Brock,92,accepted
2025,Concurrent Ba (Honours) Bed Intermediate/Senior (English),Brock,92,accepted
2025,Concurrent Ba/Bed-Jr/Int-Integrated Studies,Brock,91,accepted
2025,Bsc Honours: Biochemistry,Brock,97,accepted
2025,Child And Youth Studies,Brock,93,accepted
2025,Concurrent Ba Child & Youth Studies (Honours) Bed Primary/Junior,Brock,90,accepted
2025,Bsc Honours: Computer Science,Brock,89,accepted
2025,Bsc Honours: Computer Science,Brock,95,accepted
2025,Bsc Honours: Computer Science,Brock,80,accepted
2025,Geography,Brock,94,accepted
2025,Bsc Honours: Mathematics & Statistics,Brock,83,accepted
2025,Bachelors Of Science,Brock,82,accepted
2025,Honours Concurrent Bsc/Bed-Intermediate/Senior - Chemistry Major,Brock,95,accepted
2025,Concurrent Bsc (Honours) Bed Intermediate/Senior (Mathematics),Brock,92,accepted
2025,Bsc Honours: Biomedical Sciences,Brock,89,accepted
2025,Bsc Honours: Biomedical Sciences,Brock,93,accepted
2025,Bsc Honours: Biomedical Sciences,Brock,88,accepted
2025,Bsc Honours: Neuroscience Co-Op,Brock,94,accepted
2025,Bacc Honours: Accounting,Brock,93,accepted
2025,Bacc Honours: Accounting,Brock,86,accepted
2025,Bacc Honours: Accounting - Co-Op,Brock,93,accepted
2025,Bacc Honours: Accounting,Brock,84,accepted
2025,Bacc Honours: Accounting,Brock,83,accepted
2025,Bacc Honours: Accounting - Co-Op,Brock,89,accepted
2025,Bba Honours: Business Administration Co-Op International Double Degree,Brock,88,accepted
2025,Bscn Honours: Nursing,Brock,95,accepted
2025,Bscn Honours: Nursing,Brock,94,accepted
2025,Bscn Honours: Nursing,Brock,93,accepted
2025,Bscn Honours: Nursing,Brock,91,accepted
2025,Bscn Honours: Nursing,Brock,96,accepted
2025,Bscn Honours: Nursing,Brock,90,accepted
2025,Bscn Honours: Nursing,Brock,95,accepted
2025,Bscn Honours: Nursing,Brock,91,accepted
2025,Concurrent Ba Integrated Studies (Honours) Bed Junior/Intermediate: Educational Studies,Brock,91,accepted
2025,Concurrent Teacher Education - Intermediate/Senior,Brock,97,accepted
2025,Psychology Ba,Brock,79,accepted
2025,Bsc Honours: Medical Sciences,Brock,90,accepted
2025,Sport Management,Brock,90,accepted
2025,Economics Honours - Financial Economics,Carleton,84,accepted
2025,Commerce (Finance (Co-Op Optional)),Carleton,84,accepted
2025,Bachelor Of Commerce - Honours,Carleton,94,accepted
2025,Bachelor Of Commerce Honours: Accounting,Carleton,91,accepted
2025,Commerce Business Analytics,Carleton,84,accepted
2025,Commerce,Carleton,94,accepted
2025,Commerce (Accounting (Co-Op Optional)),Carleton,87,accepted
2025,Engineering: Aerospace,Carleton,98,accepted
2025,Engineering: Aerospace Co-Op,Carleton,97,accepted
2025,Engineering: Aerospace Co-Op,Carleton,98,accepted
2025,Engineering: Aerospace,Carleton,91,accepted
2025,Engineering: Aerospace Co-Op,Carleton,91,accepted
2025,Engineering: Aerospace Co-Op,Carleton,91,accepted
2025,Engineering: Aerospace Co-Op,Carleton,96,accepted
2025,Engineering: Aerospace,Carleton,88,accepted
2025,Engineering: Aerospace Co-Op,Carleton,89,accepted
2025,Engineering: Civil,Carleton,90,accepted
2025,Computer Systems Engineering,Carleton,96,accepted
2025,Computer Systems Engineering (Co-Op),Carleton,92,accepted
2025,Engineering: Mechanical,Carleton,90,accepted
2025,Engineering: Mechanical,Carleton,90,accepted
2025,Engineering: Mechanical,Carleton,92,accepted
2025,Engineering: Mechanical,Carleton,95,accepted
2025,Engineering: Mechanical,Carleton,92,accepted
2025,Electrical Engineering,Carleton,99,accepted
2025,Engineering: Electrical (Co-Op),Carleton,92,accepted
2025,Electrical Engineering,Carleton,90,accepted
2025,Engineering: Electrical (Co-Op),Carleton,89,accepted
2025,Electrical Engineering,Carleton,93,accepted
2025,Engineering: Biomedical And Electrical,Carleton,90,accepted
2025,"Biomedical And Electrical Engineering, Coop",Carleton,93,accepted
2025,Engineering: Software,Carleton,85,accepted
2025,"Bachelor Of Engineering: Software, Co-Operative Education",Carleton,88,accepted
2025,Engineering: Software,Carleton,98,accepted
2025,Engineering: Software,Carleton,93,accepted
2025,Engineering: Software,Carleton,81,accepted
2025,Engineering: Software,Carleton,90,accepted
2025,Engineering: Architectural Conservation And Sustainability,Carleton,82,accepted
2025,Arts Honours,Carleton,94,accepted
2025,Arts Honours,Carleton,90,accepted
2025,Bachelor Of Arts Honours: Business Law,Carleton,86,accepted
2025,Law - Business Law,Carleton,83,accepted
2025,Health Sciences Honours,Carleton,86,accepted
2025,Science Major - Biology,Carleton,91,accepted
2025,Science Major - Biology,Carleton,91,accepted
2025,Bachelor Of Mathematics Honours: Statistics: Actuarial Science Co-Op,Carleton,93,accepted
2025,Bachelor Of Mathematics (Co-Op),Carleton,96,accepted
2025,Nursing,Carleton,91,accepted
2025,Computer Science Co-Op - Ai/Ml Specialization,Carleton,100,accepted
2025,Computer Science Honours With Co-Op,Carleton,99,accepted
2025,Computer Science Honours (Cybersecurity (Co-Op Optional)),Carleton,98,accepted
2025,Computer Science: Ai And Machine Learning,Carleton,98,accepted
2025,Computer Science Honours (Artificial Intelligence And Machine Learning (Co-Op Optional)),Carleton,97,accepted
2025,Computer Science Honours (Cs/No-Stream) + Coop,Carleton,97,accepted
2025,Computer Science Honours (Artificial Intelligence And Machine Learning (Co-Op Optional)),Carleton,95,accepted
2025,Computer Science Honours With Co-Op,Carleton,94,accepted
2025,Computer Science Honours (Software Engineering - Co-Op),Carleton,94,accepted
2025,Computer Science Honours,Carleton,94,accepted
2025,Computer Science Honours,Carleton,96,accepted
2025,Computer Science Honours,Carleton,95,accepted
2025,Computer Science Honours (Algorithms Stream) + Coop,Carleton,94,accepted
2025,Computer Science Honours,Carleton,93,accepted
2025,Computer Science Honours (Cs/Ai Stream) + Co-Op,Carleton,93,accepted
2025,Computer Science Honours Co-Op,Carleton,95,accepted
2025,Computer Science Honours With Co-Op,Carleton,92,accepted
2025,Computer Science,Carleton,94,accepted
2025,Computer Science Honours (Artificial Intelligence And Machine Learning (Co-Op Optional)),Carleton,93,accepted
2025,Computer Science Honours,Carleton,91,accepted
2025,Computer Science Honours,Carleton,85,accepted
2025,Public Affairs & Policy Management (International Policy Studies: International Relations & Conflict (Co-Op),Carleton,92,accepted
2025,"Bachelor Of Public Affairs And Policy Management Honours, Specialization In International Policy Studies (International Relations And Conflict) With Co-Op",Carleton,91,accepted
2025,Bachelor'S Of Social Work,Carleton,97,accepted
2025,Bachelor Of Science Honours: Chemistry,Carleton,87,accepted
2025,Architecture Studies,Carleton,94,accepted
2025,Aerospace Engineering - Aerodynamics And Propulsion Option,Concordia,86,accepted
2025,Bachelor Of Engineering Software Engineering,Concordia,93,accepted
2025,Cornell Dyson,Cornell,99,accepted
2025,Kineslology,Dalhousie,86,accepted
2025,Biovetrenery Sciences,Dalhousie,91,accepted
2025,Science,Dalhousie,91,accepted
2025,Science,Dalhousie,94,accepted
2025,Honours Math Coop,Dalhousie,96,accepted
2025,Medical Sciences,Dalhousie,94,accepted
2025,Dental Assisting,George Brown,87,accepted
2025,Management Economics & Finance,Guelph,84,accepted
2025,Management Economics & Finance,Guelph,92,accepted
2025,Management Economics & Finance,Guelph,88,accepted
2025,Management Economics & Finance (Regular),Guelph,86,accepted
2025,Management Economics & Finance,Guelph,86,accepted
2025,Marketing Management (Co-Op),Guelph,80,accepted
2025,Biomedical Engineering (Co-Op And Regular),Guelph,99,accepted
2025,"Commerce - Government, Economics And Management ( Co-Op )",Guelph,90,accepted
2025,Accounting (Co-Op And Regular),Guelph,92,accepted
2025,Accounting (Co-Op And Regular),Guelph,86,accepted
2025,Accounting (Regular),Guelph,86,accepted
2025,Computer Engineering (Co-Op And Regular),Guelph,96,accepted
2025,Software Engineering (Co-Op),Guelph,92,accepted
2025,Software Engineering (Regular),Guelph,84,accepted
2025,Software Engineering (Co-Op),Guelph,95,accepted
2025,Criminal Justice And Public Policy (Co-Op And Regular),Guelph,93,accepted
2025,Criminal Justice And Public Policy (Co-Op And Regular),Guelph,90,accepted
2025,Computer Science (Co-Op And Regular),Guelph,98,accepted
2025,Computer Science Co-Op,Guelph,92,accepted
2025,Computer Science (Co-Op And Regular),Guelph,91,accepted
2025,Computer Science (Co-Op And Regular),Guelph,94,accepted
2025,Computer Science (Co-Op And Regular),Guelph,90,accepted
2025,Computer Science (Co-Op And Regular),Guelph,89,accepted
2025,Computer Science (Co-Op And Regular),Guelph,88,accepted
2025,Computer Science (Co-Op And Regular),Guelph,86,accepted
2025,Computer Science (Co-Op And Regular),Guelph,94,accepted
2025,Computer Science (Co-Op And Regular),Guelph,84,accepted
2025,Business Administration,Guelph,89,accepted
2025,Family Studies And Human Development,Guelph,99,accepted
2025,"Bachelor Of Arts, Honours Major English",Guelph,89,accepted
2025,All Other Majors (Culture And Technology Studies (Co-Op Optional)),Guelph,84,accepted
2025,Political Science,Guelph,90,accepted
2025,Landscape Architecture,Guelph,92,accepted
2025,Honours Bachelor Of Applied Science In Psychology And Diploma In General Arts & Science,Guelph,95,accepted
2025,Mechanical Engineering (Co-Op And Regular),Guelph,94,accepted
2025,Mechanical Engineering (Co-Op And Regular),Guelph,95,accepted
2025,Mechanical Engineering (Co-Op And Regular),Guelph,94,accepted
2025,Mechanical Engineering (Co-Op And Regular),Guelph,90,accepted
2025,Mechanical Engineering (Co-Op And Regular),Guelph,89,accepted
2025,Bachelor Of Mathematics (Honours),Guelph,91,accepted
2025,Bachelor Of Mathematics - Mathematical Science,Guelph,92,accepted
2025,Bachelor Of Mathematics (Honours),Guelph,86,accepted
2025,Mechatronics Engineering Co-Op,Guelph,96,accepted
2025,Mechatronics Engineering (Co-Op And Regular),Guelph,94,accepted
2025,"Bachelor Of Arts, General",Guelph,83,accepted
2025,One Health,Guelph,93,accepted
2025,Psychology Ba (Co-Op And Regular),Guelph,94,accepted
2025,Psychology Ba (Co-Op And Regular),Guelph,96,accepted
2025,Bachelor Of Science (Food Science),Guelph,97,accepted
2025,"Bachelor Of Science, Honours Co-Op Major Molecular Biology And Genetics",Guelph,82,accepted
2025,"Bachelor Of Science, Honours Co-Op Major Wildlife Biology & Conservation",Guelph,82,accepted
2025,"Bachelor Of Science, Honours Co-Op Major Chemistry",Guelph,95,accepted
2025,All Other Majors (Biological & Medical Physics (Co-Op Optional),Guelph,94,accepted
2025,All Other Majors (Microbiology (Co-Op)),Guelph,93,accepted
2025,"Bachelor Of Science Honours, Biomedical Toxicology - Non-Co-Op",Guelph,89,accepted
2025,"All Other Majors (Bachelor Of Science, Honours Co-Op Major Microbiology)",Guelph,91,accepted
2025,Biochemistry,Guelph,90,accepted
2025,Chemistry (Co-Op Optional),Guelph,87,accepted
2025,All Other Majors (Nutritional & Nutraceutical Sciences,Guelph,86,accepted
2025,Science,Guelph,84,accepted
2025,All Other Majors - Biomedical Toxicology (Coop),Guelph,88,accepted
2025,All Other Majors (Molecular Biology And Genetics With Co-Op),Guelph,92,accepted
2025,All Other Majors (Biological & Medical Physics (Co-Op Optional),Guelph,82,accepted
2025,Animal Biology,Guelph,98,accepted
2025,Animal Biology,Guelph,93,accepted
2025,Animal Biology,Guelph,92,accepted
2025,Animal Biology,Guelph,92,accepted
2025,Animal Biology,Guelph,91,accepted
2025,Bio-Medical Science,Guelph,96,accepted
2025,Bio-Medical Science,Guelph,99,accepted
2025,Bio-Medical Science,Guelph,98,accepted
2025,Bio-Medical Science,Guelph,96,accepted
2025,Bio-Medical Science,Guelph,95,accepted
2025,Bio-Medical Science,Guelph,94,accepted
2025,Bio-Medical Science,Guelph,94,accepted
2025,Bio-Medical Science,Guelph,92,accepted
2025,Bio-Medical Science,Guelph,91,accepted
2025,Bio-Medical Science,Guelph,92,accepted
2025,Human Kinetics,Guelph,94,accepted
2025,Eng Systems And Computing,Guelph,89,accepted
2025,Business Administration,Guelph-Humber,83,accepted
2025,Applied Science In Early Childhood Studies,Guelph-Humber,87,accepted
2025,Honours Bachelor Of Applied Science In Justice Studies And Diploma In Police Foundations Or Community And Justice Services,Guelph-Humber,87,accepted
2025,Honours Bachelor Of Applied Arts In Media And Communication Studies And Diploma In Media Communications,Guelph-Humber,84,accepted
2025,Nursing,Lakehead,93,accepted
2025,Sociology,Lakehead,79,accepted
2025,Concurrent Education (Primary/Junior - Teach Kindergarten To Grades 6) (Thunder Bay & Orillia) (Interdisciplinary Studies With Social Justice (Orillia)),Lakehead,89,accepted
2025,Concurrent Education (Primary/Junior - Teach Kindergarten To Grades 6) (Thunder Bay & Orillia) (Geography (Arts & Sciences) (Orillia)),Lakehead,93,accepted
2025,"Concurrent Education (Intermediate/Senior), Hba English",Lakehead,93,accepted
2025,Engineering (Co-Op Available) (Thunder Bay & Barrie),Lakehead,98,accepted
2025,Engineering Co-Op,Lakehead,79,accepted
2025,Concurrent Education - Arts (Junior/Intermediate) (Psychology),Laurentian,89,accepted
2025,Bsc (Hons) Spec. Biomedical Biology,Laurentian,93,accepted
2025,Computer Science,Laurentian,88,accepted
2025,Bachelor Of Social Work With Concurrent Bed,Laurentian,98,accepted
2025,Nursing,Laurentian,87,accepted
2025,Nursing,Laurentian,93,accepted
2025,"Computer Science (Bsc), Waterloo Campus",Laurier,86,accepted
2025,Computer Science (Ba),Laurier,88,accepted
2025,Arts Degree (Ba) And Mba (Co-Op),Laurier,88,accepted
2025,Computer Science,Laurier,88,accepted
2025,Business Administration (Bba),Laurier,95,accepted
2025,Business Administration (Bba),Laurier,98,accepted
2025,Business Administration (Bba),Laurier,97,accepted
2025,Business Administration (Bba),Laurier,96,accepted
2025,Business Administration (Bba),Laurier,98,accepted
2025,Business Administration (Bba),Laurier,96,accepted
2025,"Business Administration (Bba), Waterloo Campus",Laurier,96,accepted
2025,"Business Administration (Bba), Waterloo Campus",Laurier,98,accepted
2025,"Business Administration (Bba), Waterloo Campus",Laurier,97,accepted
2025,Business Administration (Bba),Laurier,92,accepted
2025,"Business Administration (Bba), Waterloo Campus",Laurier,96,accepted
2025,"Business Administration (Bba), Waterloo Campus",Laurier,93,accepted
2025,Business Administration (Bba),Laurier,92,accepted
2025,Business Administration (Bba),Laurier,92,accepted
2025,Business Administration (Bba),Laurier,93,accepted
2025,Business Administration (Bba),Laurier,94,accepted
2025,Business Administration (Bba),Laurier,91,accepted
2025,Business Administration (Bba),Laurier,90,accepted
2025,Business Administration (Bba),Laurier,95,accepted
2025,"Business Administration (Bba), Waterloo Campus",Laurier,94,accepted
2025,"Business Administration (Bba), Waterloo Campus",Laurier,92,accepted
2025,Business Administration (Bba),Laurier,95,accepted
2025,Business Administration (Bba),Laurier,92,accepted
2025,Business Administration (Bba),Laurier,90,accepted
2025,"Business Administration (Bba), Waterloo Campus",Laurier,93,accepted
2025,"Business Administration (Bba), Waterloo Campus",Laurier,90,accepted
2025,"Business Administration (Bba), Waterloo Campus",Laurier,90,accepted
2025,"Business Administration (Bba), Waterloo Campus",Laurier,96,accepted
2025,Business Administration (Bba),Laurier,90,accepted
2025,Business Administration (Bba),Laurier,90,accepted
2025,Business Administration (Bba),Laurier,90,accepted
2025,"Business Administration (Bba), Waterloo Campus",Laurier,88,accepted
2025,Business Administration (Bba),Laurier,88,accepted
2025,"Business Administration (Bba), Waterloo Campus",Laurier,88,accepted
2025,"Business Administration (Bba), Waterloo Campus",Laurier,92,accepted
2025,"Business Administration (Bba), Waterloo Campus",Laurier,90,accepted
2025,"Business Administration (Bba), Waterloo Campus",Laurier,87,accepted
2025,Business Administration (Bba),Laurier,93,accepted
2025,Business Administration (Bba),Laurier,86,accepted
2025,Business Administration (Bba),Laurier,87,accepted
2025,Business Administration (Bba),Laurier,85,accepted
2025,"Business Administration (Bba), Waterloo Campus",Laurier,94,accepted
2025,Biology (Ba),Laurier,89,accepted
2025,"Biology (Ba), Waterloo Campus",Laurier,91,accepted
2025,"Business Administration (Bba) And Financial Mathematics And Analytics (Ba) Double Degree, Waterloo Campus",Laurier,94,accepted
2025,"Business Administration (Bba) And Financial Mathematics And Analytics (Ba) Double Degree, Waterloo Campus",Laurier,95,accepted
2025,"Business Administration (Bba) And Financial Mathematics And Analytics (Ba) Double Degree, Waterloo Campus",Laurier,95,accepted
2025,"Business Administration (Bba) And Financial Mathematics And Analytics (Ba) Double Degree, Waterloo Campus",Laurier,99,accepted
2025,"Business Administration (Bba) And Financial Mathematics And Analytics (Ba) Double Degree, Waterloo Campus",Laurier,93,accepted
2025,"Business Administration (Bba) And Financial Mathematics And Analytics (Ba) Double Degree, Waterloo Campus",Laurier,91,accepted
2025,"Business Administration (Bba) And Financial Mathematics And Analytics (Ba) Double Degree, Waterloo Campus",Laurier,93,accepted
2025,"Biochemistry And Biotechnology (Bsc), Waterloo Campus",Laurier,89,accepted
2025,Mathematics And Data Analytics (Bsc),Laurier,96,accepted
2025,Criminology (Ba),Laurier,77,accepted
2025,Computer Science,Laurier,88,accepted
2025,Computer Science (Milton Bsc),Laurier,89,accepted
2025,Economics,Laurier,89,accepted
2025,"Economics And Accounting (Ba), Waterloo Campus",Laurier,95,accepted
2025,"Economics And Accounting (Ba), Waterloo Campus",Laurier,94,accepted
2025,Economics And Accounting (Ba),Laurier,86,accepted
2025,Economics And Financial Management (Ba) With Management Option,Laurier,84,accepted
2025,"Economics And Financial Management (Ba) With Management Option, Waterloo Campus",Laurier,87,accepted
2025,"Data Science (Bsc) With Management Option, Waterloo Campus",Laurier,89,accepted
2025,Data Science (Bsc),Laurier,97,accepted
2025,Data Science (Bsc),Laurier,92,accepted
2025,Data Science (Bsc),Laurier,92,accepted
2025,Data Science (Bsc),Laurier,88,accepted
2025,"Biology (Bsc) Programs, Waterloo Campus",Laurier,91,accepted
2025,Biology (Bsc),Laurier,88,accepted
2025,Biology (Bsc),Laurier,95,accepted
2025,Biology (Bsc),Laurier,84,accepted
2025,Economics And Data Analytics,Laurier,93,accepted
2025,"Computer Science (Bsc), Waterloo Campus",Laurier,89,accepted
2025,"Computer Science (Bsc), Waterloo Campus",Laurier,95,accepted
2025,Computer Science (Bsc),Laurier,95,accepted
2025,"Computer Science (Bsc), Waterloo Campus",Laurier,95,accepted
2025,"Computer Science (Bsc), Waterloo Campus",Laurier,94,accepted
2025,Computer Science (Bsc),Laurier,92,accepted
2025,Computer Science (Bsc),Laurier,83,accepted
2025,Computer Science (Bsc),Laurier,89,accepted
2025,"Computer Science (Bsc), Waterloo Campus",Laurier,87,accepted
2025,"Computer Science (Bsc), Waterloo Campus",Laurier,91,accepted
2025,Computer Science & Psychology,Laurier,94,accepted
2025,Political Science,Laurier,83,accepted
2025,Political Science,Laurier,90,accepted
2025,"Honours Arts (Ba) Programs, All Arts Majors, Waterloo Campus (Major In Political Science)",Laurier,88,accepted
2025,Honours Arts (Ba),Laurier,89,accepted
2025,"Honours Arts (Ba) Programs, All Arts Majors, Waterloo Campus (Sociology)",Laurier,83,accepted
2025,"Honours Arts (Ba) Programs, All Arts Majors, Waterloo Campus",Laurier,83,accepted
2025,Bsc Chemistry,Laurier,95,accepted
2025,Psychology Ba Waterloo Campus,Laurier,87,accepted
2025,Ba International Education Studies,Laurier,96,accepted
2025,"Law Degree (Llb) At University Of Sussex And Arts Degree (Ba), Waterloo Campus",Laurier,89,accepted
2025,"Law Degree (Llb) At University Of Sussex And Arts Degree (Ba), Waterloo Campus",Laurier,89,accepted
2025,"Law Degree (Llb) At University Of Sussex And Arts Degree (Ba), Waterloo Campus",Laurier,91,accepted
2025,Law Degree (Llb) At University Of Sussex And Science Degree (Bsc),Laurier,84,accepted
2025,"Arts Degree (Ba) And Master'S Degree (Ma, Map Or Mipp) (English)",Laurier,93,accepted
2025,Bachelor Of Arts (Faculty Of Arts Only) & Management Option Waterloo Campus,Laurier,83,accepted
2025,Bsc Biology; Bio & Psych + Management Option Waterloo Campus,Laurier,93,accepted
2025,Biology (Bsc) With Managment Option,Laurier,89,accepted
2025,"Financial Mathematics And Analytics, Bsc",Laurier,86,accepted
2025,Health Sciences (Bsc) With Management Option,Laurier,89,accepted
2025,Health Sciences (Bsc) With Management Option,Laurier,84,accepted
2025,Psychology (Bsc),Laurier,93,accepted
2025,"Psychology (Bsc), Non-Co-Op",Laurier,81,accepted
2025,"Psychology (Bsc), Waterloo Campus",Laurier,91,accepted
2025,"Psychology (Bsc), Waterloo Campus",Laurier,90,accepted
2025,Psychology & Neuroscience Co-Op (Bsc),Laurier,93,accepted
2025,Health Sciences,Laurier,95,accepted
2025,Health Sciences,Laurier,89,accepted
2025,Health Sciences Co-Op,Laurier,94,accepted
2025,"Health Sciences (Bsc), Waterloo Campus",Laurier,87,accepted
2025,"Health Sciences (Bsc), Waterloo Campus",Laurier,93,accepted
2025,"Health Sciences (Bsc), Waterloo Campus",Laurier,92,accepted
2025,Health Sciences,Laurier,89,accepted
2025,"Health Sciences (Bsc), Waterloo Campus",Laurier,94,accepted
2025,Health Sciences,Laurier,91,accepted
2025,"Health Sciences (Bsc), Waterloo Campus",Laurier,95,accepted
2025,"Health Sciences (Bsc), Waterloo Campus",Laurier,94,accepted
2025,"Health Sciences (Bsc), Waterloo Campus",Laurier,91,accepted
2025,"Health Sciences (Bsc), Waterloo Campus",Laurier,84,accepted
2025,Health Sciences (Bsc),Laurier,93,accepted
2025,Health Sciences,Laurier,92,accepted
2025,Health Sciences,Laurier,94,accepted
2025,Health Sciences (Bsc),Laurier,86,accepted
2025,Health Sciences (Bsc),Laurier,97,accepted
2025,Health Sciences,Laurier,89,accepted
2025,Health Sciences,Laurier,84,accepted
2025,Health Sciences (Bsc),Laurier,93,accepted
2025,"Financial Mathematics And Analytics (Bsc), Waterloo Campus",Laurier,94,accepted
2025,Honours Science (Bsc) Waterloo Campus,Laurier,89,accepted
2025,"Business Administration (Bba) + Computer Science (Bcs), University Of Waterloo",Laurier,96,accepted
2025,Bba,Laurier,90,accepted
2025,"Business Administration (Bba) + Computer Science (Bcs), University Of Waterloo",Laurier,100,accepted
2025,"Business Administration (Bba) + Computer Science (Bcs), University Of Waterloo",Laurier,97,accepted
2025,"Business Administration (Bba) + Computer Science (Bcs), University Of Waterloo",Laurier,96,accepted
2025,"Business Administration (Bba) + Computer Science (Bcs), University Of Waterloo",Laurier,97,accepted
2025,"Business Administration (Bba) + Computer Science (Bcs), University Of Waterloo",Laurier,90,accepted
2025,"Computer Science And Physics (Bsc), Waterloo Campus",Laurier,94,accepted
2025,"Business Administration (Bba) + Mathematics (Bmath), University Of Waterloo",Laurier,96,accepted
2025,Bba (Waterloo Campus),Laurier,97,accepted
2025,"Business Administration (Bba) And Computer Science (Bsc) Double Degree, Waterloo Campus",Laurier,95,accepted
2025,"Business Administration (Bba) And Computer Science (Bsc) Double Degree, Waterloo Campus",Laurier,95,accepted
2025,Business Administration (Bba) And Computer Science (Bsc) Double Degree,Laurier,93,accepted
2025,"Business Administration (Bba) And Computer Science (Bsc) Double Degree, Waterloo Campus",Laurier,91,accepted
2025,"Business Administration (Bba) And Computer Science (Bsc) Double Degree, Waterloo Campus",Laurier,88,accepted
2025,"Business Administration (Bba) And Computer Science (Bsc) Double Degree, Waterloo Campus",Laurier,88,accepted
2025,Business Administration (Bba) And Computer Science (Bsc),Laurier,91,accepted
2025,"Youth And Childrens Studies (Ba) With Teaching Option, Brantford Camous",Laurier,93,accepted
2025,B.Sc.,Mcgill,97,accepted
2025,Bachelor of Arts,Mcgill,95,accepted
2025,Bachelor of Arts,Mcgill,97,accepted
2025,Bachelor of Arts,Mcgill,96,accepted
2025,Bachelor of Arts,Mcgill,96,accepted
2025,Bachelor of Commerce,Mcgill,95,accepted
2025,Bachelor of Commerce,Mcgill,97,accepted
2025,Bachelor of Commerce,Mcgill,96,accepted
2025,Bachelor of Commerce,Mcgill,97,accepted
2025,Bachelor of Commerce,Mcgill,96,accepted
2025,Bachelor of Commerce,Mcgill,91,accepted
2025,"Bachelor of Science: Biological, Biomedical and Life Sciences Group",Mcgill,96,accepted
2025,Bioengineering,Mcgill,99,accepted
2025,Bioengineering,Mcgill,98,accepted
2025,Chemical Engineering,Mcgill,96,accepted
2025,Chemical Engineering,Mcgill,95,accepted
2025,Computer Engineering,Mcgill,96,accepted
2025,Computer Engineering,Mcgill,98,accepted
2025,Computer Engineering,Mcgill,97,accepted
2025,Computer Engineering,Mcgill,96,accepted
2025,Computer Engineering,Mcgill,93,accepted
2025,Electrical Engineering,Mcgill,95,accepted
2025,Electrical Engineering,Mcgill,95,accepted
2025,Honours Math Coop,Mcgill,96,accepted
2025,Kinesiology,Mcgill,94,accepted
2025,Kinesiology,Mcgill,95,accepted
2025,Materials Engineering,Mcgill,96,accepted
2025,Materials Engineering,Mcgill,94,accepted
2025,"Physical, Earth, Math and Computer Sciences Group",Mcgill,97,accepted
2025,"Physical, Earth, Math and Computer Sciences Group",Mcgill,95,accepted
2025,"Physical, Earth, Math and Computer Sciences Group",Mcgill,93,accepted
2025,Software Engineering (Co-Op),Mcgill,94,accepted
2025,Software Engineering (Co-Op),Mcgill,98,accepted
2025,Automotive And Vehicle Engineering Technology,Mcmaster,89,accepted
2025,Business I,Mcmaster,95,accepted
2025,Business I,Mcmaster,90,accepted
2025,Business I,Mcmaster,96,accepted
2025,Business I,Mcmaster,94,accepted
2025,Business I,Mcmaster,93,accepted
2025,Business I,Mcmaster,92,accepted
2025,Business I,Mcmaster,91,accepted
2025,Business I,Mcmaster,84,accepted
2025,Business I,Mcmaster,96,accepted
2025,Business I,Mcmaster,94,accepted
2025,Business I,Mcmaster,94,accepted
2025,Business I,Mcmaster,92,accepted
2025,Business I,Mcmaster,89,accepted
2025,Business I,Mcmaster,87,accepted
2025,Business I,Mcmaster,86,accepted
2025,Business I,Mcmaster,87,accepted
2025,Business I,Mcmaster,93,accepted
2025,Business I,Mcmaster,86,accepted
2025,Business I (Finance),Mcmaster,86,accepted
2025,Business I,Mcmaster,90,accepted
2025,Integrated Business & Humanities I (Ibh),Mcmaster,95,accepted
2025,Integrated Business & Humanities I (Ibh),Mcmaster,93,accepted
2025,Integrated Business & Humanities I (Ibh),Mcmaster,93,accepted
2025,Computer Science I,Mcmaster,93,accepted
2025,Computer Science I (Co-Op),Mcmaster,96,accepted
2025,Computer Science I (Co-Op),Mcmaster,96,accepted
2025,Computer Science I (Co-Op),Mcmaster,94,accepted
2025,Computer Science I (Co-Op),Mcmaster,97,accepted
2025,Computer Science I (Co-Op),Mcmaster,96,accepted
2025,Computer Science I (Co-Op),Mcmaster,96,accepted
2025,Computer Science I (Co-Op),Mcmaster,95,accepted
2025,Computer Science I (Co-Op),Mcmaster,95,accepted
2025,Computer Science I (Co-Op),Mcmaster,95,accepted
2025,Computer Science I (Co-Op),Mcmaster,95,accepted
2025,Computer Science I (Co-Op),Mcmaster,98,accepted
2025,Computer Science I (Co-Op),Mcmaster,94,accepted
2025,Computer Science I (Co-Op),Mcmaster,92,accepted
2025,Computer Science I (Co-Op),Mcmaster,96,accepted
2025,Computer Science I (Co-Op),Mcmaster,96,accepted
2025,Computer Science 1 (Coop),Mcmaster,94,accepted
2025,Computer Science I (Co-Op),Mcmaster,92,accepted
2025,Computer Science I (Co-Op),Mcmaster,94,accepted
2025,Computer Science I (Co-Op),Mcmaster,93,accepted
2025,Computer Science I (Co-Op),Mcmaster,90,accepted
2025,Computer Science I (Co-Op),Mcmaster,89,accepted
2025,Computer Science I (Co-Op),Mcmaster,96,accepted
2025,Engineering I,Mcmaster,97,accepted
2025,Computer Science I (Co-Op),Mcmaster,96,accepted
2025,Engineering I,Mcmaster,96,accepted
2025,Engineering I,Mcmaster,96,accepted
2025,Engineering I,Mcmaster,96,accepted
2025,Engineering I,Mcmaster,93,accepted
2025,Engineering I,Mcmaster,98,accepted
2025,Engineering I,Mcmaster,94,accepted
2025,Engineering I,Mcmaster,96,accepted
2025,Engineering I,Mcmaster,95,accepted
2025,Engineering I,Mcmaster,98,accepted
2025,Engineering I (Co-Op),Mcmaster,96,accepted
2025,Engineering I (Co-Op),Mcmaster,98,accepted
2025,Engineering I (Co-Op),Mcmaster,97,accepted
2025,Engineering I (Co-Op),Mcmaster,100,accepted
2025,Engineering I (Co-Op),Mcmaster,98,accepted
2025,Engineering I (Co-Op),Mcmaster,100,accepted
2025,Engineering I (Co-Op),Mcmaster,99,accepted
2025,Engineering I (Co-Op),Mcmaster,98,accepted
2025,Engineering I (Co-Op),Mcmaster,98,accepted
2025,Engineering I (Co-Op),Mcmaster,97,accepted
2025,Engineering I (Co-Op),Mcmaster,97,accepted
2025,Engineering I (Co-Op),Mcmaster,97,accepted
2025,Engineering I (Co-Op),Mcmaster,97,accepted
2025,Engineering I (Co-Op),Mcmaster,97,accepted
2025,Engineering I (Co-Op),Mcmaster,97,accepted
2025,Engineering I (Co-Op),Mcmaster,96,accepted
2025,Engineering I (Co-Op),Mcmaster,95,accepted
2025,Engineering I (Co-Op),Mcmaster,94,accepted
2025,Engineering I (Co-Op),Mcmaster,94,accepted
2025,Engineering I (Co-Op),Mcmaster,94,accepted
2025,Engineering I (Co-Op),Mcmaster,94,accepted
2025,Engineering I (Co-Op),Mcmaster,94,accepted
2025,Engineering I (Co-Op),Mcmaster,93,accepted
2025,Engineering I (Co-Op),Mcmaster,98,accepted
2025,Engineering I (Co-Op),Mcmaster,98,accepted
2025,Engineering I (Co-Op),Mcmaster,96,accepted
2025,Engineering I (Co-Op),Mcmaster,96,accepted
2025,Engineering I (Co-Op),Mcmaster,96,accepted
2025,Engineering I (Co-Op),Mcmaster,95,accepted
2025,Engineering I (Co-Op),Mcmaster,93,accepted
2025,Engineering I (Co-Op),Mcmaster,93,accepted
2025,Engineering I (Co-Op),Mcmaster,93,accepted
2025,Engineering I (Co-Op),Mcmaster,93,accepted
2025,Engineering I (Co-Op),Mcmaster,94,accepted
2025,Engineering I (Co-Op),Mcmaster,95,accepted
2025,Engineering I (Co-Op),Mcmaster,95,accepted
2025,Engineering I (Co-Op),Mcmaster,92,accepted
2025,Engineering I (Co-Op),Mcmaster,91,accepted
2025,Engineering I (Co-Op),Mcmaster,91,accepted
2025,Engineering I (Co-Op),Mcmaster,90,accepted
2025,Engineering I (Co-Op),Mcmaster,91,accepted
2025,Engineering I (Co-Op),Mcmaster,92,accepted
2025,Engineering I (Co-Op),Mcmaster,91,accepted
2025,Engineering I (Co-Op),Mcmaster,95,accepted
2025,Environmental And Earth Sciences Gateway,Mcmaster,88,accepted
2025,Environmental And Earth Sciences Gateway,Mcmaster,87,accepted
2025,Environmental And Earth Sciences Gateway,Mcmaster,86,accepted
2025,Integrated Biomedical Engineering & Health Sciences (Co-Op),Mcmaster,96,accepted
2025,Integrated Biomedical Engineering & Health Sciences (Co-Op),Mcmaster,98,accepted
2025,Integrated Biomedical Engineering & Health Sciences (Co-Op),Mcmaster,99,accepted
2025,Integrated Biomedical Engineering & Health Sciences (Co-Op),Mcmaster,93,accepted
2025,Integrated Biomedical Engineering & Health Sciences (Co-Op),Mcmaster,99,accepted
2025,Integrated Biomedical Engineering & Health Sciences (Co-Op),Mcmaster,98,accepted
2025,Integrated Biomedical Engineering & Health Sciences (Co-Op),Mcmaster,98,accepted
2025,Integrated Biomedical Engineering & Health Sciences (Co-Op),Mcmaster,97,accepted
2025,Integrated Biomedical Engineering & Health Sciences (Co-Op),Mcmaster,96,accepted
2025,Integrated Biomedical Engineering & Health Sciences (Co-Op),Mcmaster,95,accepted
2025,Integrated Biomedical Engineering & Health Sciences (Co-Op),Mcmaster,98,accepted
2025,Integrated Biomedical Engineering & Health Sciences (Co-Op),Mcmaster,96,accepted
2025,Integrated Biomedical Engineering & Health Sciences (Co-Op),Mcmaster,100,accepted
2025,Humanities I,Mcmaster,93,accepted
2025,Humanities I,Mcmaster,87,accepted
2025,Humanities I,Mcmaster,88,accepted
2025,Integrated Science,Mcmaster,95,accepted
2025,Integrated Science,Mcmaster,97,accepted
2025,Integrated Science,Mcmaster,94,accepted
2025,Social Sciences I,Mcmaster,92,accepted
2025,Social Sciences I,Mcmaster,89,accepted
2025,Social Sciences I,Mcmaster,90,accepted
2025,Social Sciences I,Mcmaster,96,accepted
2025,Social Sciences I,Mcmaster,92,accepted
2025,Social Sciences I,Mcmaster,90,accepted
2025,Social Sciences I,Mcmaster,96,accepted
2025,Humaniti 1,Mcmaster,92,accepted
2025,Social Sciences I (Psychology),Mcmaster,90,accepted
2025,Social Sciences I,Mcmaster,87,accepted
2025,Social Sciences I,Mcmaster,86,accepted
2025,Social Sciences I,Mcmaster,82,accepted
2025,Economics I,Mcmaster,87,accepted
2025,Life Sciences Gateway,Mcmaster,97,accepted
2025,Life Sciences Gateway,Mcmaster,96,accepted
2025,Life Sciences Gateway,Mcmaster,99,accepted
2025,Life Sciences Gateway,Mcmaster,99,accepted
2025,Life Sciences Gateway,Mcmaster,98,accepted
2025,Life Sciences Gateway,Mcmaster,97,accepted
2025,Life Sciences Gateway,Mcmaster,97,accepted
2025,Life Sciences Gateway,Mcmaster,96,accepted
2025,Life Sciences Gateway,Mcmaster,96,accepted
2025,Life Sciences Gateway,Mcmaster,96,accepted
2025,Life Sciences Gateway,Mcmaster,96,accepted
2025,Life Sciences Gateway,Mcmaster,96,accepted
2025,Life Sciences Gateway,Mcmaster,95,accepted
2025,Life Sciences Gateway,Mcmaster,95,accepted
2025,Life Sciences Gateway,Mcmaster,94,accepted
2025,Life Sciences Gateway,Mcmaster,94,accepted
2025,Life Sciences Gateway,Mcmaster,98,accepted
2025,Life Sciences Gateway (Biology-Physiology Research Specialization),Mcmaster,90,accepted
2025,Life Sciences Gateway,Mcmaster,96,accepted
2025,Life Sciences Gateway,Mcmaster,94,accepted
2025,Life Sciences Gateway,Mcmaster,94,accepted
2025,Life Sciences Gateway,Mcmaster,96,accepted
2025,Life Sciences Gateway,Mcmaster,95,accepted
2025,Life Sciences Gateway,Mcmaster,94,accepted
2025,Life Sciences Gateway (Life Sciences),Mcmaster,94,accepted
2025,Life Sciences Gateway,Mcmaster,94,accepted
2025,Life Sciences Gateway,Mcmaster,94,accepted
2025,Life Sciences Gateway,Mcmaster,94,accepted
2025,Life Sciences Gateway,Mcmaster,94,accepted
2025,Life Sciences Gateway,Mcmaster,93,accepted
2025,Life Sciences Gateway,Mcmaster,93,accepted
2025,Life Sciences Gateway,Mcmaster,93,accepted
2025,Life Sciences Gateway,Mcmaster,93,accepted
2025,Life Sciences Gateway,Mcmaster,95,accepted
2025,Life Sciences Gateway,Mcmaster,91,accepted
2025,Life Sciences Gateway (Molecular Biology & Genetics),Mcmaster,92,accepted
2025,Nursing,Mcmaster,94,accepted
2025,Nursing,Mcmaster,98,accepted
2025,Nursing,Mcmaster,97,accepted
2025,Nursing,Mcmaster,96,accepted
2025,Nursing,Mcmaster,94,accepted
2025,Nursing,Mcmaster,94,accepted
2025,Nursing,Mcmaster,94,accepted
2025,Nursing,Mcmaster,93,accepted
2025,Nursing,Mcmaster,93,accepted
2025,Nursing,Mcmaster,94,accepted
2025,Nursing (Mohawk-Mcmaster),Mcmaster,94,accepted
2025,Nursing (Mohawk-Mcmaster),Mcmaster,91,accepted
2025,Honours Health Sciences I,Mcmaster,95,accepted
2025,Honours Health Sciences I,Mcmaster,99,accepted
2025,Honours Health Sciences I,Mcmaster,98,accepted
2025,Honours Health Sciences I,Mcmaster,98,accepted
2025,Honours Health Sciences I,Mcmaster,97,accepted
2025,Honours Health Sciences I,Mcmaster,96,accepted
2025,Honours Health Sciences I,Mcmaster,92,accepted
2025,Honours Health Sciences I,Mcmaster,92,accepted
2025,Honours Health Sciences I,Mcmaster,91,accepted
2025,Honours Health Sciences I,Mcmaster,99,accepted
2025,Honours Health Sciences I,Mcmaster,98,accepted
2025,Honours Health Sciences I,Mcmaster,98,accepted
2025,Honours Health Sciences I,Mcmaster,98,accepted
2025,Honours Health Sciences I,Mcmaster,98,accepted
2025,Honours Health Sciences I,Mcmaster,97,accepted
2025,Honours Health Sciences I,Mcmaster,94,accepted
2025,Honours Health Sciences I,Mcmaster,94,accepted
2025,Honours Health Sciences I,Mcmaster,94,accepted
2025,Honours Health Sciences I,Mcmaster,90,accepted
2025,Honours Health Sciences I,Mcmaster,92,accepted
2025,Chemical & Physical Sciences Gateway,Mcmaster,88,accepted
2025,Chemical & Physical Sciences Gateway,Mcmaster,93,accepted
2025,Chemical & Physical Sciences Gateway,Mcmaster,91,accepted
2025,Chemical & Physical Sciences Gateway,Mcmaster,89,accepted
2025,Chemical & Physical Sciences Gateway,Mcmaster,85,accepted
2025,Automation Systems Engineering Technology,Mcmaster,93,accepted
2025,Honours Medical Radiation,Mcmaster,95,accepted
2025,Biotechnology Co-Op,Mcmaster,92,accepted
2025,Honours Kinesiology,Mcmaster,95,accepted
2025,Honours Kinesiology,Mcmaster,95,accepted
2025,Honours Kinesiology,Mcmaster,94,accepted
2025,Honours Kinesiology,Mcmaster,94,accepted
2025,Honours Kinesiology,Mcmaster,93,accepted
2025,Honours Kinesiology,Mcmaster,92,accepted
2025,Honours Kinesiology,Mcmaster,90,accepted
2025,Honours Kinesiology,Mcmaster,98,accepted
2025,Honours Kinesiology,Mcmaster,96,accepted
2025,Honours Kinesiology,Mcmaster,85,accepted
2025,Honours Kinesiology,Mcmaster,93,accepted
2025,Honours Kinesiology,Mcmaster,92,accepted
2025,Honours Kinesiology,Mcmaster,92,accepted
2025,Arts And Science I,Mcmaster,98,accepted
2025,Honours Midwifery,Mcmaster,92,accepted
2025,Mathematics And Statistics Gateway,Mcmaster,96,accepted
2025,Mathematics And Statistics Gateway,Mcmaster,96,accepted
2025,Mathematics And Statistics Gateway,Mcmaster,96,accepted
2025,Mathematics And Statistics Gateway,Mcmaster,94,accepted
2025,Mathematics And Statistics Gateway,Mcmaster,92,accepted
2025,Mathematics And Statistics Gateway,Mcmaster,92,accepted
2025,Mathematics And Statistics Gateway,Mcmaster,91,accepted
2025,Mathematics And Statistics Gateway,Mcmaster,93,accepted
2025,Actuarial And Financial Mathmatics,Mcmaster,84,accepted
2025,Nyu Neurosci,New York University,98,accepted
2025,Concurrent Bachelor Of Arts/Bachelor Of Education - Junior/Intermediate (Child/Family Studies),Nipissing,90,accepted
2025,Bachelor Of Science In Nursing,Nipissing,94,accepted
2025,Graphic Design- Honours,Ocad,85,accepted
2025,Illustration,Ocad,96,accepted
2025,Photography,Ocad,73,accepted
2025,"Bachelor Of Arts (Hons), Political Science",Ontario Tech,93,accepted
2025,Finance (Bcom),Ontario Tech,60,accepted
2025,Computer Science (Bsc/Bscm) (Co-Op),Ontario Tech,86,accepted
2025,Computer Science (Bsc/Bscm) (Co-Op),Ontario Tech,88,accepted
2025,Computer Science (Bsc/Bscm) (Co-Op),Ontario Tech,99,accepted
2025,Electrical Engineering (Beng/Bengm) (Co-Op),Ontario Tech,96,accepted
2025,Mechanical Engineering (Beng/Bengm) (Co-Op),Ontario Tech,81,accepted
2025,Mechanical Engineering (Beng/Bengm) (Co-Op),Ontario Tech,89,accepted
2025,Mechanical Engineering (Beng/Bengm) (Co-Op),Ontario Tech,90,accepted
2025,Mechanical Engineering (Beng/Bengm) (Co-Op),Ontario Tech,88,accepted
2025,Mechanical Engineering (Beng/Bengm) (Co-Op),Ontario Tech,87,accepted
2025,Mechatronics Engineering (Beng/Bengm) (Co-Op),Ontario Tech,95,accepted
2025,Mechatronics Engineering (Beng/Bengm) (Co-Op),Ontario Tech,84,accepted
2025,Mechatronics Engineering (Beng/Bengm) (Co-Op),Ontario Tech,92,accepted
2025,Mechatronics Engineering (Beng/Bengm) (Co-Op),Ontario Tech,96,accepted
2025,Business - Technology Management (Bcom) (Co-Op),Ontario Tech,88,accepted
2025,Software Engineering (Beng/Bengm) (Co-Op),Ontario Tech,98,accepted
2025,Software Engineering (Beng/Bengm) (Co-Op),Ontario Tech,93,accepted
2025,Electrical Engineering,Ontario Tech,91,accepted
2025,Mechatronics Engineering,Ontario Tech,97,accepted
2025,Nuclear Engineering,Ontario Tech,94,accepted
2025,Educational Studies - Early Childhood Studies (Ba),Ontario Tech,89,accepted
2025,Medical Laboratory Science (Bhsc),Ontario Tech,88,accepted
2025,Nursing (Bscn),Ontario Tech,94,accepted
2025,Nursing (Bscn),Ontario Tech,97,accepted
2025,Nursing (Bscn),Ontario Tech,93,accepted
2025,Nursing (Bscn),Ontario Tech,90,accepted
2025,Nursing (Bscn),Ontario Tech,91,accepted
2025,Nuclear Engineering,Ontario Tech,96,accepted
2025,Bsc Forensic Science,Ontario Tech,88,accepted
2025,Bachelor Of Science (Hons) - Chemistry - Pharmaceutical Chemistry (Non-Co-Op),Ontario Tech,89,accepted
2025,Génie Physique,Polytechnique Montréal,92,accepted
2025,Arts (Linguistics),Queen'S,96,accepted
2025,Arts,Queen'S,97,accepted
2025,Arts,Queen'S,96,accepted
2025,Arts (Psychology),Queen'S,96,accepted
2025,Arts,Queen'S,94,accepted
2025,Arts (Economics),Queen'S,89,accepted
2025,Arts (Psychology),Queen'S,91,accepted
2025,Arts (Economics),Queen'S,92,accepted
2025,Arts (Psychology),Queen'S,94,accepted
2025,Arts (Economics),Queen'S,87,accepted
2025,Political Studies,Queen'S,90,accepted
2025,General Arts And Science,Queen'S,85,accepted
2025,Arts (Economics),Queen'S,84,accepted
2025,Concurrent Education/Arts (Music),Queen'S,98,accepted
2025,Concurrent Education/Arts,Queen'S,97,accepted
2025,Concurrent Education/Arts,Queen'S,96,accepted
2025,Concurrent Education/Arts,Queen'S,96,accepted
2025,Concurrent Education/Arts,Queen'S,92,accepted
2025,Concurrent Education/Arts,Queen'S,97,accepted
2025,Concurrent Education/Arts,Queen'S,94,accepted
2025,Smith Commerce,Queen'S,96,accepted
2025,Smith Commerce,Queen'S,91,accepted
2025,Smith Commerce,Queen'S,95,accepted
2025,Smith Commerce,Queen'S,97,accepted
2025,Smith Commerce,Queen'S,96,accepted
2025,Smith Commerce,Queen'S,94,accepted
2025,Smith Commerce,Queen'S,92,accepted
2025,Smith Commerce,Queen'S,93,accepted
2025,Smith Commerce,Queen'S,98,accepted
2025,Smith Commerce,Queen'S,97,accepted
2025,Smith Commerce,Queen'S,94,accepted
2025,Smith Commerce,Queen'S,95,accepted
2025,Smith Commerce,Queen'S,92,accepted
2025,Smith Commerce,Queen'S,88,accepted
2025,Smith Commerce,Queen'S,98,accepted
2025,Smith Commerce,Queen'S,95,accepted
2025,Computing,Queen'S,98,accepted
2025,Computing,Queen'S,97,accepted
2025,Computing,Queen'S,97,accepted
2025,Computing,Queen'S,96,accepted
2025,Computing,Queen'S,94,accepted
2025,Computing,Queen'S,94,accepted
2025,Computing,Queen'S,94,accepted
2025,Computing,Queen'S,94,accepted
2025,Computing,Queen'S,93,accepted
2025,Computing,Queen'S,93,accepted
2025,Computing,Queen'S,92,accepted
2025,Computing,Queen'S,92,accepted
2025,Computing,Queen'S,95,accepted
2025,Computing,Queen'S,92,accepted
2025,Computing,Queen'S,92,accepted
2025,Computing,Queen'S,96,accepted
2025,Computing,Queen'S,89,accepted
2025,Computing,Queen'S,87,accepted
2025,Computing,Queen'S,84,accepted
2025,Smith Engineering - Common First Year (Civil Engineering),Queen'S,87,accepted
2025,Smith Engineering - Common First Year,Queen'S,95,accepted
2025,Smith Engineering - Common First Year (Mechanical And Materials Engineering),Queen'S,94,accepted
2025,Smith Engineering - Common First Year,Queen'S,96,accepted
2025,Smith Engineering - Common First Year (Chemical Engineering),Queen'S,99,accepted
2025,Smith Engineering - Common First Year,Queen'S,98,accepted
2025,Smith Engineering - Common First Year,Queen'S,98,accepted
2025,Smith Engineering - Common First Year,Queen'S,98,accepted
2025,Smith Engineering - Common First Year,Queen'S,98,accepted
2025,Smith Engineering - Common First Year,Queen'S,97,accepted
2025,Smith Engineering - Common First Year,Queen'S,93,accepted
2025,Smith Engineering - Common First Year (Chemical Engineering),Queen'S,98,accepted
2025,Smith Engineering - Common First Year,Queen'S,98,accepted
2025,Smith Engineering - Common First Year (Geological Engineering),Queen'S,96,accepted
2025,Smith Engineering - Common First Year,Queen'S,93,accepted
2025,Smith Engineering - Common First Year,Queen'S,95,accepted
2025,Smith Engineering - Common First Year,Queen'S,88,accepted
2025,Smith Engineering - Common First Year,Queen'S,96,accepted
2025,Smith Engineering - Common First Year,Queen'S,96,accepted
2025,Smith Engineering - Common First Year,Queen'S,95,accepted
2025,Smith Engineering - Common First Year,Queen'S,97,accepted
2025,Smith Engineering - Common First Year (Civil Engineering),Queen'S,96,accepted
2025,Smith Engineering - Common First Year,Queen'S,96,accepted
2025,Smith Engineering - Common First Year,Queen'S,96,accepted
2025,Smith Engineering - Common First Year (Mechanical And Materials Engineering),Queen'S,95,accepted
2025,Smith Engineering - Common First Year,Queen'S,84,accepted
2025,Smith Engineering - Common First Year,Queen'S,96,accepted
2025,Smith Engineering - Common First Year,Queen'S,94,accepted
2025,Smith Engineering - Common First Year,Queen'S,92,accepted
2025,Smith Engineering - Common First Year,Queen'S,92,accepted
2025,Smith Engineering - Common First Year,Queen'S,95,accepted
2025,Smith Engineering - Common First Year,Queen'S,91,accepted
2025,Smith Engineering - Common First Year,Queen'S,95,accepted
2025,Smith Engineering - Common First Year (Mechanical And Materials Engineering),Queen'S,91,accepted
2025,Smith Engineering - Common First Year,Queen'S,94,accepted
2025,Smith Engineering - Common First Year,Queen'S,91,accepted
2025,Smith Engineering - Common First Year,Queen'S,95,accepted
2025,Smith Engineering - Direct Entry Computer Engineering,Queen'S,91,accepted
2025,Smith Engineering - Direct Entry Computer Engineering,Queen'S,100,accepted
2025,Smith Engineering - Direct Entry Computer Engineering,Queen'S,98,accepted
2025,Smith Engineering - Direct Entry Computer Engineering,Queen'S,89,accepted
2025,Smith Engineering - Direct Entry Computer Engineering,Queen'S,96,accepted
2025,Smith Engineering - Direct Entry Computer Engineering,Queen'S,98,accepted
2025,Smith Engineering - Direct Entry Computer Engineering,Queen'S,96,accepted
2025,Smith Engineering - Direct Entry Computer Engineering,Queen'S,96,accepted
2025,Smith Engineering - Direct Entry Computer Engineering,Queen'S,92,accepted
2025,Smith Engineering - Direct Entry Mechatronics And Robotics Engineering,Queen'S,100,accepted
2025,Smith Engineering - Direct Entry Mechatronics And Robotics Engineering,Queen'S,98,accepted
2025,Smith Engineering - Direct Entry Mechatronics And Robotics Engineering,Queen'S,97,accepted
2025,Smith Engineering - Direct Entry Mechatronics And Robotics Engineering,Queen'S,95,accepted
2025,Smith Engineering - Direct Entry Mechatronics And Robotics Engineering,Queen'S,93,accepted
2025,Smith Engineering - Direct Entry Mechatronics And Robotics Engineering,Queen'S,96,accepted
2025,Concurrent Education/Science,Queen'S,98,accepted
2025,Concurrent Education/Science,Queen'S,99,accepted
2025,Concurrent Education/Science,Queen'S,94,accepted
2025,Concurrent Education/Science,Queen'S,92,accepted
2025,Concurrent Education/Science,Queen'S,92,accepted
2025,Health Sciences,Queen'S,99,accepted
2025,Health Sciences,Queen'S,99,accepted
2025,Health Sciences,Queen'S,98,accepted
2025,Health Sciences,Queen'S,97,accepted
2025,Health Sciences,Queen'S,96,accepted
2025,Health Sciences,Queen'S,96,accepted
2025,Health Sciences,Queen'S,96,accepted
2025,Health Sciences,Queen'S,99,accepted
2025,Health Sciences,Queen'S,98,accepted
2025,Health Sciences,Queen'S,97,accepted
2025,Health Sciences,Queen'S,90,accepted
2025,Health Sciences,Queen'S,97,accepted
2025,Health Sciences,Queen'S,93,accepted
2025,Kinesiology,Queen'S,85,accepted
2025,Kinesiology,Queen'S,94,accepted
2025,Life Sciences And Biochemistry,Queen'S,95,accepted
2025,Life Sciences And Biochemistry,Queen'S,100,accepted
2025,Life Sciences And Biochemistry,Queen'S,97,accepted
2025,Life Sciences And Biochemistry,Queen'S,96,accepted
2025,Life Sciences And Biochemistry,Queen'S,96,accepted
2025,Life Sciences And Biochemistry,Queen'S,96,accepted
2025,Life Sciences And Biochemistry,Queen'S,95,accepted
2025,Life Sciences And Biochemistry,Queen'S,96,accepted
2025,Life Sciences And Biochemistry,Queen'S,96,accepted
2025,Life Sciences And Biochemistry,Queen'S,96,accepted
2025,Life Sciences And Biochemistry,Queen'S,94,accepted
2025,Life Sciences And Biochemistry,Queen'S,93,accepted
2025,Life Sciences And Biochemistry,Queen'S,92,accepted
2025,Life Sciences And Biochemistry,Queen'S,84,accepted
2025,Life Sciences And Biochemistry,Queen'S,93,accepted
2025,Life Sciences And Biochemistry,Queen'S,91,accepted
2025,Life Sciences And Biochemistry,Queen'S,94,accepted
2025,Nursing,Queen'S,95,accepted
2025,Nursing,Queen'S,93,accepted
2025,Nursing,Queen'S,90,accepted
2025,Nursing,Queen'S,95,accepted
2025,Nursing,Queen'S,93,accepted
2025,Nursing,Queen'S,93,accepted
2025,Nursing,Queen'S,91,accepted
2025,Science (Astrophysics),Queen'S,94,accepted
2025,Science (Biotechnology),Queen'S,94,accepted
2025,Statistics,Queen'S,93,accepted
2025,Life Science And Biochemistry,Queen'S,91,accepted
2025,Science,Queen'S,96,accepted
2025,Bachelor Of Science (Honours) In Biochemistry,Queen'S,93,accepted
2025,Science,Queen'S,83,accepted
2025,Aerospace Engineering,Tmu,93,accepted
2025,Aerospace Engineering,Tmu,92,accepted
2025,Aerospace Engineering (Co-Op Available),Tmu,92,accepted
2025,Computer Science (Co-Op Available),Tmu,98,accepted
2025,Computer Science,Tmu,90,accepted
2025,Computer Science (Co-Op Available),Tmu,91,accepted
2025,Computer Science (Co-Op Available),Tmu,89,accepted
2025,Computer Science (Co-Op Available),Tmu,97,accepted
2025,Computer Science (Co-Op Available),Tmu,87,accepted
2025,Computer Science (Honours),Tmu,86,accepted
2025,Computer Science (Co-Op Available),Tmu,88,accepted
2025,Geographic Analysis Co-Op,Tmu,96,accepted
2025,Architectural Science,Tmu,92,accepted
2025,Architectural Science (Co-Op Available),Tmu,98,accepted
2025,Architectural Science,Tmu,96,accepted
2025,History,Tmu,82,accepted
2025,Business Technology Management,Tmu,88,accepted
2025,Business Technology Management,Tmu,82,accepted
2025,Biomedical Engineering (Co-Op Available),Tmu,92,accepted
2025,Biomedical Engineering (Co-Op Available),Tmu,89,accepted
2025,Accounting And Finance,Tmu,93,accepted
2025,Accounting And Finance (Regular),Tmu,93,accepted
2025,Accounting And Finance,Tmu,89,accepted
2025,Accounting And Finance (Regular),Tmu,86,accepted
2025,Accounting And Finance (Regular),Tmu,93,accepted
2025,Biomedical Sciences (Co-Op Available),Tmu,99,accepted
2025,Biomedical Sciences (Co-Op Available),Tmu,98,accepted
2025,Biomedical Sciences (Co-Op Available),Tmu,90,accepted
2025,Biomedical Sciences (Co-Op Available),Tmu,94,accepted
2025,Biomedical Sciences (Co-Op Available),Tmu,90,accepted
2025,Biomedical Sciences,Tmu,90,accepted
2025,Biomedical Sciences (Co-Op Available),Tmu,89,accepted
2025,Biomedical Sciences (Co-Op Available),Tmu,89,accepted
2025,Biomedical Sciences (Co-Op Available),Tmu,91,accepted
2025,Biology (Honours),Tmu,84,accepted
2025,Biology (Honours),Tmu,89,accepted
2025,Biology (Honours) (Co-Op Available),Tmu,86,accepted
2025,Creative Industries,Tmu,70,accepted
2025,Computer Engineering (Co-Op Available),Tmu,98,accepted
2025,Computer Engineering (Co-Op Available),Tmu,96,accepted
2025,Computer Engineering (Co-Op Available),Tmu,96,accepted
2025,Computer Engineering (Co-Op Available),Tmu,94,accepted
2025,Computer Engineering (Co-Op Available),Tmu,92,accepted
2025,Computer Engineering (Co-Op Available),Tmu,85,accepted
2025,Chemical Engineering (Co-Operative),Tmu,96,accepted
2025,Chemical Engineering (Co-Op),Tmu,88,accepted
2025,Civil Engineering,Tmu,90,accepted
2025,Civil Engineering (Co-Op Available),Tmu,92,accepted
2025,Civil Engineering,Tmu,88,accepted
2025,Chemistry Non-Co-Op,Tmu,88,accepted
2025,Chemistry (Co-Op Available),Tmu,89,accepted
2025,Child And Youth Care,Tmu,93,accepted
2025,Child And Youth Care,Tmu,95,accepted
2025,Performance Production,Tmu,90,accepted
2025,Performance Production,Tmu,70,accepted
2025,Early Childhood Studies,Tmu,95,accepted
2025,Early Childhood Studies,Tmu,80,accepted
2025,Electrical Engineering (Co-Op Available),Tmu,96,accepted
2025,Electrical Engineering (Co-Op Available),Tmu,94,accepted
2025,Electrical Engineering (Co-Op Available),Tmu,92,accepted
2025,Undeclared Engineering,Tmu,96,accepted
2025,Undeclared Engineering,Tmu,94,accepted
2025,Undeclared Engineering,Tmu,92,accepted
2025,Economics And Finance (Co-Op Available),Tmu,91,accepted
2025,Economics And Finance (Co-Op Available),Tmu,89,accepted
2025,Professional Communication,Tmu,87,accepted
2025,Professional Communication,Tmu,95,accepted
2025,Professional Communication,Tmu,75,accepted
2025,Professional Communication,Tmu,87,accepted
2025,Medical Physics (Co-Op Available),Tmu,89,accepted
2025,Mechanical Engineering (Co-Op Available),Tmu,96,accepted
2025,Mechanical Engineering (Co-Op Available),Tmu,95,accepted
2025,Mechanical Engineering,Tmu,90,accepted
2025,Nursing At George Brown College,Tmu,94,accepted
2025,Nursing At George Brown College,Tmu,93,accepted
2025,Nursing At George Brown College,Tmu,97,accepted
2025,Nursing At George Brown College,Tmu,90,accepted
2025,Nursing At George Brown College,Tmu,84,accepted
2025,Nursing At George Brown College,Tmu,93,accepted
2025,Nursing At Centennial College,Tmu,89,accepted
2025,Nursing At Centennial College,Tmu,91,accepted
2025,Nursing At Tmu,Tmu,96,accepted
2025,Nursing At Tmu,Tmu,91,accepted
2025,Nursing At Tmu,Tmu,96,accepted
2025,Nursing At Tmu,Tmu,92,accepted
2025,Nursing At Tmu,Tmu,88,accepted
2025,Nursing At Tmu,Tmu,95,accepted
2025,Nursing At Tmu,Tmu,93,accepted
2025,Nursing At Tmu,Tmu,90,accepted
2025,Nursing At Tmu,Tmu,91,accepted
2025,Image Arts - Film,Tmu,95,accepted
2025,New Media,Tmu,91,accepted
2025,Politics And Governance (Co-Op Available),Tmu,90,accepted
2025,Politics And Governance (Co-Op Available),Tmu,90,accepted
2025,Politics And Governance,Tmu,82,accepted
2025,Psychology (Co-Op Available),Tmu,94,accepted
2025,Psychology (Co-Op Available),Tmu,93,accepted
2025,Psychology (Honours),Tmu,87,accepted
2025,Psychology (Honours),Tmu,85,accepted
2025,Accounting & Finance (Co-Op),Tmu,94,accepted
2025,Accounting & Finance (Co-Op),Tmu,92,accepted
2025,Accounting & Finance (Co-Op),Tmu,89,accepted
2025,Accounting & Finance (Co-Op),Tmu,91,accepted
2025,Accounting & Finance (Co-Op),Tmu,86,accepted
2025,Accounting & Finance (Co-Op),Tmu,93,accepted
2025,Business Management (Co-Op),Tmu,97,accepted
2025,Business Management (Co-Op),Tmu,98,accepted
2025,Business Management (Co-Op),Tmu,92,accepted
2025,Business Technology Management (Co-Op),Tmu,94,accepted
2025,Business Technology Management (Co-Op),Tmu,89,accepted
2025,Media Production,Tmu,88,accepted
2025,Media Production,Tmu,70,accepted
2025,Media Production,Tmu,91,accepted
2025,Social Work,Tmu,80,accepted
2025,Sociology,Tmu,95,accepted
2025,Mechatronics Engineering (Co-Op Available),Tmu,93,accepted
2025,Mechatronics Engineering (Co-Op Available),Tmu,96,accepted
2025,Undeclared Arts,Tmu,84,accepted
2025,Urban And Regional Planning,Tmu,98,accepted
2025,Urban And Regional Planning,Tmu,90,accepted
2025,Urban And Regional Planning,Tmu,90,accepted
2025,Urban And Regional Planning,Tmu,91,accepted
2025,Urban And Regional Planning,Tmu,94,accepted
2025,Urban And Regional Planning,Tmu,94,accepted
2025,Commerce (Bcom: Finance),Tmu,90,accepted
2025,Criminology,Trent,62,accepted
2025,Biomedical Science (Honours Science),Trent,95,accepted
2025,Biomedical Science (Honours Science),Trent,81,accepted
2025,Biomedical Science (Honours Science),Trent,91,accepted
2025,Chemical Engineering (Dual Degree),Trent,82,accepted
2025,Bachelor Of Science In Nursing,Trent,94,accepted
2025,Bachelor Of Science In Nursing,Trent,91,accepted
2025,Nursing,Trent,90,accepted
2025,Bachelor Of Science In Nursing,Trent,93,accepted
2025,Business Administration (Bba),Trent,84,accepted
2025,Durham Campus - Artificial Intelligence (Honours Arts) - Co-Op,Trent,88,accepted
2025,Medical Professional Stream,Trent,95,accepted
2025,Bachelor Of Arts And Science - Medical: Trent/Swansea Dual Degree,Trent,96,accepted
2025,Bachelor Of Arts And Science - Medical: Trent/Swansea Dual Degree,Trent,95,accepted
2025,Teacher Education Stream - Arts (Honours) (Child & Youth Studies),Trent,93,accepted
2025,Bsc Psychology,Trent,79,accepted
2025,Political Studies (Honours Arts) - Co-Op,Trent,90,accepted
2025,Forensics & Honours Science,Trent,91,accepted
2025,Forensics & Honours Science,Trent,88,accepted
2025,Forensics & Honours Science,Trent,75,accepted
2025,Teacher Education Stream - Arts (Honours) (Women'S Studies),Trent,91,accepted
2025,Honours Science - Teacher Ed Stream,Trent,95,accepted
2025,Teacher Education Stream - Science (Honours) - Mathematics,Trent,96,accepted
2025,Forensic Biology,Trent,86,accepted
2025,Forensic Biology,Trent,88,accepted
2025,Computer Science & Forensics,Trent,80,accepted
2025,Trent/Swansea Dual Degree B.A Criminology/ Ll.B. Law,Trent,96,accepted
2025,Teacher Education Stream - Arts (Honours) (Psychology),Trent,93,accepted
2025,Applied Science (Engineering),Ubc,96,accepted
2025,Applied Science (Engineering),Ubc,96,accepted
2025,Applied Science (Engineering),Ubc,98,accepted
2025,Applied Science (Engineering),Ubc,98,accepted
2025,Applied Science (Engineering),Ubc,98,accepted
2025,Applied Science (Engineering),Ubc,96,accepted
2025,Bachelor of Applied Science,Ubc,98,accepted
2025,Bachelor of Applied Science,Ubc,95,accepted
2025,Bachelor of Applied Science,Ubc,98,accepted
2025,Bachelor of Applied Science,Ubc,92,accepted
2025,Bachelor of Applied Science,Ubc,96,accepted
2025,Bachelor of Applied Science,Ubc,93,accepted
2025,Bachelor of Applied Science (Okanagan),Ubc,93,accepted
2025,Bachelor of Arts,Ubc,98,accepted
2025,Bachelor of Arts (Okanagan),Ubc,93,accepted
2025,Bachelor of Arts (Vancouver),Ubc,96,accepted
2025,Bachelor of Science,Ubc,93,accepted
2025,Bachelor of Science,Ubc,95,accepted
2025,Bachelor of Science,Ubc,97,accepted
2025,Bachelor of Science,Ubc,96,accepted
2025,Bachelor of Science,Ubc,97,accepted
2025,Bachelor of Science,Ubc,96,accepted
2025,Bachelor of Science (Vancouver),Ubc,99,accepted
2025,Bachelor of Science in Applied Biology (Vancouver),Ubc,90,accepted
2025,Sauder School of Business (Commerce),Ubc,96,accepted
2025,Sauder School of Business (Commerce),Ubc,97,accepted
2025,Sauder School of Business (Commerce),Ubc,92,accepted
2025,Arts and Science - Poli Sci,Ubc,92,accepted
2025,Engineering Foundational/Qualifying Year,University Of Alberta,96,accepted
2025,Computer Engineering,University Of Illinois Urbana Champaign,99,accepted
2025,Mechanical Engineering (Minor In Economics),University Of Pennsylvania (Jerome Fisher M&T Program),96,accepted
2025,Rotman Commerce,Uoft - Sg,97,accepted
2025,Rotman Commerce,Uoft - Sg,96,accepted
2025,Rotman Commerce,Uoft - Sg,96,accepted
2025,Rotman Commerce,Uoft - Sg,96,accepted
2025,Rotman Commerce,Uoft - Sg,96,accepted
2025,Rotman Commerce,Uoft - Sg,93,accepted
2025,Rotman Commerce,Uoft - Sg,99,accepted
2025,Rotman Commerce,Uoft - Sg,98,accepted
2025,Rotman Commerce,Uoft - Sg,98,accepted
2025,Rotman Commerce,Uoft - Sg,97,accepted
2025,Rotman Commerce,Uoft - Sg,95,accepted
2025,Rotman Commerce,Uoft - Sg,94,accepted
2025,Rotman Commerce,Uoft - Sg,92,accepted
2025,Rotman Commerce,Uoft - Sg,91,accepted
2025,Rotman Commerce,Uoft - Sg,90,accepted
2025,Rotman Commerce,Uoft - Sg,95,accepted
2025,Rotman Commerce,Uoft - Sg,95,accepted
2025,Rotman Commerce,Uoft - Sg,94,accepted
2025,Rotman Commerce,Uoft - Sg,92,accepted
2025,Rotman Commerce,Uoft - Sg,98,accepted
2025,Rotman Commerce,Uoft - Sg,97,accepted
2025,Rotman Commerce,Uoft - Sg,95,accepted
2025,Rotman Commerce,Uoft - Sg,92,accepted
2025,Rotman Commerce,Uoft - Sg,89,accepted
2025,Rotman Commerce,Uoft - Sg,89,accepted
2025,Computer Science,Uoft - Sg,99,accepted
2025,Computer Science,Uoft - Sg,98,accepted
2025,Computer Science,Uoft - Sg,98,accepted
2025,Computer Science,Uoft - Sg,98,accepted
2025,Computer Science,Uoft - Sg,96,accepted
2025,Computer Science,Uoft - Sg,96,accepted
2025,Computer Science,Uoft - Sg,95,accepted
2025,Computer Science,Uoft - Sg,96,accepted
2025,Computer Science,Uoft - Sg,98,accepted
2025,Computer Science,Uoft - Sg,94,accepted
2025,Computer Science,Uoft - Sg,98,accepted
2025,Computer Science,Uoft - Sg,98,accepted
2025,Computer Science,Uoft - Sg,98,accepted
2025,Computer Science,Uoft - Sg,98,accepted
2025,Computer Science,Uoft - Sg,97,accepted
2025,Computer Science,Uoft - Sg,97,accepted
2025,Computer Science,Uoft - Sg,96,accepted
2025,Computer Science,Uoft - Sg,96,accepted
2025,Computer Science,Uoft - Sg,96,accepted
2025,Computer Science,Uoft - Sg,95,accepted
2025,Computer Science,Uoft - Sg,83,accepted
2025,Computer Science,Uoft - Sg,100,accepted
2025,Computer Science,Uoft - Sg,99,accepted
2025,Computer Science,Uoft - Sg,96,accepted
2025,Computer Science,Uoft - Sg,95,accepted
2025,Computer Science,Uoft - Sg,94,accepted
2025,Computer Science,Uoft - Sg,92,accepted
2025,Humanities,Uoft - Sg,97,accepted
2025,Humanities,Uoft - Sg,93,accepted
2025,Humanities,Uoft - Sg,87,accepted
2025,Humanities,Uoft - Sg,90,accepted
2025,Social Sciences,Uoft - Sg,94,accepted
2025,Social Sciences,Uoft - Sg,97,accepted
2025,Social Sciences,Uoft - Sg,96,accepted
2025,Social Sciences,Uoft - Sg,94,accepted
2025,Social Sciences: Criminology,Uoft - Sg,86,accepted
2025,Social Sciences,Uoft - Sg,92,accepted
2025,Social Sciences,Uoft - Sg,92,accepted
2025,Social Sciences,Uoft - Sg,91,accepted
2025,Social Sciences,Uoft - Sg,96,accepted
2025,Chemical Engineering,Uoft - Sg,94,accepted
2025,Chemical Engineering,Uoft - Sg,95,accepted
2025,Computer Engineering (Including Pey Co-Op Option),Uoft - Sg,99,accepted
2025,Computer Engineering (Including Pey Co-Op Option),Uoft - Sg,96,accepted
2025,Computer Engineering (Including Pey Co-Op Option),Uoft - Sg,96,accepted
2025,Computer Engineering (Including Pey Co-Op Option),Uoft - Sg,94,accepted
2025,Computer Engineering (Including Pey Co-Op Option),Uoft - Sg,98,accepted
2025,Computer Engineering (Including Pey Co-Op Option),Uoft - Sg,96,accepted
2025,Computer Engineering (Including Pey Co-Op Option),Uoft - Sg,95,accepted
2025,Computer Engineering (Including Pey Co-Op Option),Uoft - Sg,95,accepted
2025,Computer Engineering (Including Pey Co-Op Option),Uoft - Sg,94,accepted
2025,Computer Engineering (Including Pey Co-Op Option),Uoft - Sg,94,accepted
2025,Electrical Engineering (Including Pey Co-Op Option),Uoft - Sg,97,accepted
2025,Electrical Engineering (Including Pey Co-Op Option),Uoft - Sg,93,accepted
2025,"Trackone, Undeclared Engineering (Including Pey Co-Op Option)",Uoft - Sg,99,accepted
2025,"Trackone, Undeclared Engineering (Including Pey Co-Op Option)",Uoft - Sg,95,accepted
2025,"Trackone, Undeclared Engineering (Including Pey Co-Op Option)",Uoft - Sg,96,accepted
2025,"Trackone, Undeclared Engineering (Including Pey Co-Op Option)",Uoft - Sg,95,accepted
2025,Mineral Engineering (Including Pey Co-Op Option),Uoft - Sg,91,accepted
2025,Industrial Engineering (Including Pey Co-Op Option),Uoft - Sg,94,accepted
2025,Industrial Engineering (Including Pey Co-Op Option),Uoft - Sg,95,accepted
2025,Engineering Science (Including Pey Co-Op Option),Uoft - Sg,99,accepted
2025,Engineering Science (Including Pey Co-Op Option),Uoft - Sg,98,accepted
2025,Engineering Science (Including Pey Co-Op Option),Uoft - Sg,96,accepted
2025,Engineering Science (Including Pey Co-Op Option),Uoft - Sg,98,accepted
2025,Engineering Science (Including Pey Co-Op Option),Uoft - Sg,98,accepted
2025,Engineering Science (Including Pey Co-Op Option),Uoft - Sg,97,accepted
2025,Engineering Science (Including Pey Co-Op Option),Uoft - Sg,97,accepted
2025,Engineering Science (Including Pey Co-Op Option),Uoft - Sg,96,accepted
2025,Engineering Science (Including Pey Co-Op Option),Uoft - Sg,96,accepted
2025,Engineering Science (Including Pey Co-Op Option),Uoft - Sg,98,accepted
2025,Engineering Science (Including Pey Co-Op Option),Uoft - Sg,92,accepted
2025,Engineering Science (Including Pey Co-Op Option),Uoft - Sg,98,accepted
2025,Engineering Science (Including Pey Co-Op Option),Uoft - Sg,95,accepted
2025,Engineering Science (Including Pey Co-Op Option),Uoft - Sg,94,accepted
2025,Engineering Science (Including Pey Co-Op Option),Uoft - Sg,99,accepted
2025,Engineering Science (Including Pey Co-Op Option),Uoft - Sg,98,accepted
2025,Engineering Science (Including Pey Co-Op Option),Uoft - Sg,97,accepted
2025,Engineering Science (Including Pey Co-Op Option),Uoft - Sg,95,accepted
2025,Engineering Science (Including Pey Co-Op Option),Uoft - Sg,96,accepted
2025,Engineering Science (Including Pey Co-Op Option),Uoft - Sg,100,accepted
2025,Engineering Science (Including Pey Co-Op Option),Uoft - Sg,90,accepted
2025,Engineering Science (Including Pey Co-Op Option),Uoft - Sg,97,accepted
2025,Architectural Studies (Ba),Uoft - Sg,94,accepted
2025,Architectural Studies (Ba),Uoft - Sg,95,accepted
2025,Architectural Studies (Ba),Uoft - Sg,91,accepted
2025,Architectural Studies (Ba),Uoft - Sg,94,accepted
2025,Life Sciences,Uoft - Sg,96,accepted
2025,Life Sciences,Uoft - Sg,92,accepted
2025,Life Sciences,Uoft - Sg,96,accepted
2025,Life Sciences,Uoft - Sg,95,accepted
2025,Life Sciences,Uoft - Sg,94,accepted
2025,Life Sciences (Including Psychology),Uoft - Sg,94,accepted
2025,Life Sciences,Uoft - Sg,92,accepted
2025,Life Sciences,Uoft - Sg,92,accepted
2025,Life Sciences,Uoft - Sg,91,accepted
2025,Life Sciences,Uoft - Sg,90,accepted
2025,Life Sciences,Uoft - Sg,90,accepted
2025,Life Sciences,Uoft - Sg,89,accepted
2025,Life Sciences,Uoft - Sg,92,accepted
2025,Life Sciences,Uoft - Sg,90,accepted
2025,Life Sciences,Uoft - Sg,94,accepted
2025,Life Sciences,Uoft - Sg,95,accepted
2025,Life Sciences,Uoft - Sg,96,accepted
2025,Life Sciences (Including Psychology),Uoft - Sg,92,accepted
2025,Mechanical Engineering (Including Pey Co-Op Option),Uoft - Sg,98,accepted
2025,Mechanical Engineering (Including Pey Co-Op Option),Uoft - Sg,96,accepted
2025,Materials Eng,Uoft - Sg,95,accepted
2025,Mechanical Engineering (Including Pey Co-Op Option),Uoft - Sg,95,accepted
2025,Mechanical Engineering (Including Pey Co-Op Option),Uoft - Sg,90,accepted
2025,Mechanical Engineering (Including Pey Co-Op Option),Uoft - Sg,91,accepted
2025,Physical & Mathematical Sciences,Uoft - Sg,99,accepted
2025,Physical & Mathematical Sciences,Uoft - Sg,98,accepted
2025,Physical & Mathematical Sciences,Uoft - Sg,96,accepted
2025,Physical & Mathematical Sciences,Uoft - Sg,96,accepted
2025,Physical & Mathematical Sciences,Uoft - Sg,94,accepted
2025,Physical & Mathematical Sciences,Uoft - Sg,94,accepted
2025,Physical & Mathematical Sciences,Uoft - Sg,93,accepted
2025,Physical & Mathematical Sciences,Uoft - Sg,93,accepted
2025,Physical & Mathematical Sciences,Uoft - Sg,92,accepted
2025,Physical & Mathematical Sciences,Uoft - Sg,89,accepted
2025,Physical & Mathematical Sciences,Uoft - Sg,89,accepted
2025,Physical & Mathematical Sciences,Uoft - Sg,99,accepted
2025,Physical & Mathematical Sciences,Uoft - Sg,87,accepted
2025,Physical & Mathematical Sciences,Uoft - Sg,92,accepted
2025,Physical & Mathematical Sciences,Uoft - Sg,84,accepted
2025,Kinesiology & Physical Education (Bkin),Uoft - Sg,97,accepted
2025,Kinesiology & Physical Education (Bkin),Uoft - Sg,92,accepted
2025,Kinesiology & Physical Education (Bkin),Uoft - Sg,86,accepted
2025,Kinesiology & Physical Education (Bkin),Uoft - Sg,85,accepted
2025,Kinesiology & Physical Education (Bkin),Uoft - Sg,84,accepted
2025,Bba (Co-Op),Uoft - Sg,95,accepted
2025,Materials Engineering (Including Pey Co-Op Option),Uoft - Sg,93,accepted
2025,Materials Engineering (Including Pey Co-Op Option),Uoft - Sg,93,accepted
2025,Materials Engineering (Including Pey Co-Op Option),Uoft - Sg,92,accepted
2025,Chemical Engineering (Including Pey Co-Op),Uoft - Sg,96,accepted
2025,Civil Engineering (Including Pey Co-Op Option),Uoft - Sg,97,accepted
2025,Civil Engineering (Including Pey Co-Op Option),Uoft - Sg,94,accepted
2025,Civil Engineering (Including Pey Co-Op Option),Uoft - Sg,93,accepted
2025,Civil Engineering (Including Pey Co-Op Option),Uoft - Sg,93,accepted
2025,Civil Engineering (Including Pey Co-Op Option),Uoft - Sg,93,accepted
2025,Life Sciences (Health Stream),Uoft - Sg,87,accepted
2025,Co-Oop Bba Management + Bsc Statistics - Quantitative Finance,Uoft - Sg,97,accepted
2025,Co-Oop Bba Management + Bsc Statistics - Quantitative Finance,Uoft - Sg,95,accepted
2025,Basc Civil Engineering And Bsc Computing Technology,Uottawa,96,accepted
2025,Basc Civil Engineering And Bsc Computing Technology,Uottawa,90,accepted
2025,Basc Civil Engineering And Bsc Computing Technology,Uottawa,94,accepted
2025,Basc Mechanical Engineering And Basc Computing Technology,Uottawa,96,accepted
2025,Basc Mechanical Engineering And Basc Computing Technology,Uottawa,95,accepted
2025,Basc Mechanical Engineering And Basc Computing Technology,Uottawa,94,accepted
2025,Basc Mechanical Engineering And Basc Computing Technology,Uottawa,83,accepted
2025,Computer Engineering,Uottawa,98,accepted
2025,Computer Engineering Co-Op,Uottawa,92,accepted
2025,Computer Engineering Co-Op,Uottawa,92,accepted
2025,Computer Engineering Co-Op,Uottawa,92,accepted
2025,Computer Engineering,Uottawa,90,accepted
2025,Computer Engineering,Uottawa,90,accepted
2025,Computer Engineering,Uottawa,92,accepted
2025,Honours Bachelor Of Commerce (Business Technology Management) And Masters Of Science In Management,Uottawa,94,accepted
2025,Honours Bcomm + Msc In Mgmt & French Immersion,Uottawa,95,accepted
2025,Basc Chemical Engineering,Uottawa,80,accepted
2025,Basc Chemical Engineering,Uottawa,96,accepted
2025,Basc Chemical Engineering,Uottawa,96,accepted
2025,Basc Chemical Engineering,Uottawa,89,accepted
2025,Basc Biomedical Mechanical Engineering And Bsc Computing Technology,Uottawa,96,accepted
2025,Basc Biomedical Mechanical Engineering And Bsc Computing Technology,Uottawa,94,accepted
2025,Civil Engineering,Uottawa,96,accepted
2025,Civil Engineering Co-Op,Uottawa,90,accepted
2025,Civil Engineering,Uottawa,90,accepted
2025,Basc Electrical Engineering And Bsc Computing Technology,Uottawa,93,accepted
2025,Basc Electrical Engineering And Bsc Computing Technology,Uottawa,97,accepted
2025,Basc Electrical Engineering,Uottawa,84,accepted
2025,Basc Electrical Engineering,Uottawa,92,accepted
2025,Bachelor Of Science Electrical Engineering Co-Op,Uottawa,85,accepted
2025,Basc Software Engineering (Coop),Uottawa,95,accepted
2025,Basc Software Engineering,Uottawa,96,accepted
2025,Basc Software Engineering,Uottawa,98,accepted
2025,Basc Software Engineering,Uottawa,92,accepted
2025,Basc Software Engineering,Uottawa,86,accepted
2025,B.Sc.A. Génie Logiciel,Uottawa,95,accepted
2025,Mechanical Engineering,Uottawa,98,accepted
2025,Mechanical Engineering (Co-Op),Uottawa,92,accepted
2025,Mechanical Engineering (Co-Op),Uottawa,96,accepted
2025,Mechanical Engineering,Uottawa,90,accepted
2025,Mechanical Engineering (Co-Op),Uottawa,89,accepted
2025,Mechanical Engineering (Co-Op),Uottawa,86,accepted
2025,Mechanical Engineering (Co-Op),Uottawa,86,accepted
2025,Honours Bachelor Of Commerce And Juris Doctor,Uottawa,94,accepted
2025,Honours Bachelor Of Human Kinetics,Uottawa,73,accepted
2025,Honours Bachelor Of Human Kinetics,Uottawa,76,accepted
2025,Honours Bachelor Of Health Sciences,Uottawa,86,accepted
2025,Honours Bachelor Of Health Sciences,Uottawa,97,accepted
2025,Honours Bachelor Of Health Sciences,Uottawa,95,accepted
2025,Honours Bachelor Of Health Sciences,Uottawa,94,accepted
2025,Honours Bachelor Of Health Sciences,Uottawa,96,accepted
2025,Honours Bachelor Of Health Sciences,Uottawa,96,accepted
2025,Honours Bachelor Of Health Sciences,Uottawa,95,accepted
2025,Honours Bachelor Of Health Sciences,Uottawa,90,accepted
2025,Honours Bachelor Of Health Sciences,Uottawa,87,accepted
2025,Honours Bachelor Of Health Sciences (With French Immersion),Uottawa,94,accepted
2025,Honours Bachelor Of Health Sciences,Uottawa,91,accepted
2025,Honours Bachelor Of Science In Nursing - Algonquin Ottawa Campus,Uottawa,93,accepted
2025,Honours Bachelor Of Science In Nursing - Algonquin Ottawa Campus,Uottawa,91,accepted
2025,Honours Bachelor Of Science In Nursing - Main Campus,Uottawa,93,accepted
2025,Honours Bachelor Of Science In Nursing - Main Campus,Uottawa,95,accepted
2025,Bachelor Of Science Joint Honours In Computer Science And In Mathematics Coop Program,Uottawa,97,accepted
2025,Honours Bsc Computer Science Co-Op,Uottawa,98,accepted
2025,Honours Bsc Computer Science Co-Op,Uottawa,95,accepted
2025,Honours Bsc Computer Science,Uottawa,98,accepted
2025,Honours Bsc Computer Science,Uottawa,99,accepted
2025,Honours Bsc Computer Science,Uottawa,98,accepted
2025,Honours Bsc Computer Science Co-Op,Uottawa,97,accepted
2025,Honours Bsc Computer Science,Uottawa,97,accepted
2025,Honours Bsc Computer Science,Uottawa,91,accepted
2025,Honours Bsc Computer Science Co-Op,Uottawa,95,accepted
2025,Honours Bsc Computer Science,Uottawa,94,accepted
2025,Honours Bsc Computer Science Co-Op,Uottawa,94,accepted
2025,Honours Bsc Computer Science Co-Op,Uottawa,93,accepted
2025,Honours Bsc Computer Science,Uottawa,93,accepted
2025,Honours Bsc Computer Science,Uottawa,89,accepted
2025,Honours Bsc Computer Science Co-Op,Uottawa,90,accepted
2025,Honours Bsc Computer Science,Uottawa,90,accepted
2025,Honours Bsc Computer Science Co-Op,Uottawa,90,accepted
2025,Honours Bsc Computer Science,Uottawa,84,accepted
2025,Honours Bsc Computer Science,Uottawa,85,accepted
2025,Honours Bachelor Of Commerce (Healthcare Analytics) Coop Program,Uottawa,95,accepted
2025,Honours Bachelor Of Commerce (Option In Accounting),Uottawa,96,accepted
2025,Honours Bachelor Of Commerce (Option In Accounting),Uottawa,93,accepted
2025,Honours Bachelor Of Commerce In Accounting,Uottawa,91,accepted
2025,Honours Bachelor Of Commerce In Accounting Co-Op,Uottawa,91,accepted
2025,Honours Bachelor Of Commerce In Accounting Co-Op,Uottawa,87,accepted
2025,Honours Bachelor Of Commerce (Option In Accounting),Uottawa,84,accepted
2025,Honours Bachelor Of Commerce In Accounting,Uottawa,85,accepted
2025,Honours Bachelor Of Commerce (Option In Finance) Co-Op,Uottawa,92,accepted
2025,Honours Bachelor Of Commerce (Option In Finance),Uottawa,92,accepted
2025,Honours Bachelor Of Commerce (Option In Finance),Uottawa,85,accepted
2025,Honours Bachelor Of Commerce (International Management) (Co- Op),Uottawa,96,accepted
2025,Honours Bachelor Of Science In Human Kinetics,Uottawa,85,accepted
2025,Honours Bachelor Of Science In Biopharmaceutical Chemistry Coop,Uottawa,91,accepted
2025,Honours Bsc Biomedical Science,Uottawa,94,accepted
2025,Honours Bsc Biomedical Science,Uottawa,86,accepted
2025,Honours Bsc Biomedical Science,Uottawa,96,accepted
2025,Honours Bsc Biomedical Science,Uottawa,94,accepted
2025,Honours Bsc Biomedical Science,Uottawa,94,accepted
2025,Honours Bsc Biomedical Science,Uottawa,94,accepted
2025,Honours Bsc Biomedical Science,Uottawa,93,accepted
2025,Honours Bsc Biomedical Science,Uottawa,91,accepted
2025,Honours Bsc Biomedical Science,Uottawa,89,accepted
2025,Honours Bsc Biomedical Science,Uottawa,95,accepted
2025,Honours Bsc Biomedical Science,Uottawa,94,accepted
2025,Honours Bsc Biomedical Science,Uottawa,85,accepted
2025,Honours Bsc Biomedical Science (French Immersion Stream),Uottawa,93,accepted
2025,Honours Bsc Biomedical Science,Uottawa,85,accepted
2025,Honours Bsc Biomedical Science,Uottawa,90,accepted
2025,Honours Bsc Biomedical Science,Uottawa,85,accepted
2025,Honours Bsc Biomedical Science,Uottawa,91,accepted
2025,Honours Bsc Biochemistry,Uottawa,91,accepted
2025,Honours Bachelors Of Biochemistry Co-Op,Uottawa,91,accepted
2025,Honours Bachelors Of Biochemistry Co-Op,Uottawa,91,accepted
2025,Honours Bachelors Of Biochemistry Co-Op,Uottawa,89,accepted
2025,Honours Bachelors Of Biochemistry Co-Op,Uottawa,85,accepted
2025,Honours Bsc Biology Co-Op,Uottawa,94,accepted
2025,Honours Bsc Biology Co-Op,Uottawa,94,accepted
2025,Honours Bsc Biology Co-Op,Uottawa,89,accepted
2025,Honours Bsc Biology,Uottawa,90,accepted
2025,Honours Bsc Biology,Uottawa,90,accepted
2025,Honours Bsc Chemistry,Uottawa,88,accepted
2025,Honours Bsc Financial Mathematics And Economics Co-Op,Uottawa,91,accepted
2025,Honours Bsc Mathematics Co-Op,Uottawa,92,accepted
2025,Honours Bsc Mathematics Co-Op,Uottawa,86,accepted
2025,Honours Bsc Physics-Mathematics,Uottawa,94,accepted
2025,Honours Bsc Statistics,Uottawa,91,accepted
2025,Honours Ba In English (Co-Op),Uottawa,99,accepted
2025,Joint Honours Ba In Communication And Political Science,Uottawa,90,accepted
2025,Honours Bsc Mathematics And Honours Bsc Computer Science (Data Science),Uottawa,97,accepted
2025,Honours Bsc Mathematics And Honours Bsc Computer Science (Data Science),Uottawa,96,accepted
2025,Honours Bsc Mathematics And Honours Bsc Computer Science (Data Science),Uottawa,87,accepted
2025,Business Technology Management,Uottawa,93,accepted
2025,Honours Bachelor Of Social Sciences In Conflict Studies And Human Rights (Co Op),Uottawa,92,accepted
2025,Honours Bachelor Of Social Sciences In Conflict Studies And Human Rights,Uottawa,79,accepted
2025,Honours Bsocsc Criminology (French Immersion Stream),Uottawa,92,accepted
2025,Criminology,Uottawa,78,accepted
2025,Honours Bsocsc Political Science (Co-Op),Uottawa,92,accepted
2025,Honours Bsocsc Political Science (Co-Op),Uottawa,92,accepted
2025,Honours Bsocsc Political Science (Co-Op),Uottawa,87,accepted
2025,Honours Bsocsc Political Science (Co-Op),Uottawa,88,accepted
2025,Honours Bsocsc Political Science (Co-Op),Uottawa,90,accepted
2025,Honours Ba Psychology,Uottawa,90,accepted
2025,Honours Ba Psychology,Uottawa,94,accepted
2025,Honours Ba Psychology,Uottawa,75,accepted
2025,Honours Ba Psychology,Uottawa,90,accepted
2025,Honours Bsc Psychology,Uottawa,91,accepted
2025,Honours Bsc Psychology,Uottawa,88,accepted
2025,Honours Bsc Psychology,Uottawa,88,accepted
2025,Joint Honours Bsocsc In Economics And Political Science,Uottawa,84,accepted
2025,Joint Honours Bsocsc In Economics And Political Science,Uottawa,84,accepted
2025,Joint Honours Bsocsc In Economics And Political Science (Coop),Uottawa,95,accepted
2025,Bachelor Of Social Sciences Joint Honours In History And In Political Science Coop Program French Immersion Stream,Uottawa,96,accepted
2025,Joint Honours Ba In History And Political Science,Uottawa,82,accepted
2025,Joint Honours Bsc In Mathematics And Economics,Uottawa,98,accepted
2025,Joint Honours Bsocsc In Public Administration And Political Science Co-Op French Immersion,Uottawa,90,accepted
2025,Joint Honours Bsocsc In Public Administration And Political Science Co-Op French Immersion,Uottawa,98,accepted
2025,Joint Honours Bsocsc In Public Administration And Political Science Co-Op,Uottawa,92,accepted
2025,Joint Honours Bsocsc In Public Administration And Political Science Co-Op,Uottawa,90,accepted
2025,Joint Honours Bsocsc In Public Administration And Political Science,Uottawa,82,accepted
2025,Joint Honours Bsocsc In Public Administration And Political Science (Co-Op),Uottawa,92,accepted
2025,Joint Honours Bsocsc In Public Administration And Political Science Co-Op,Uottawa,81,accepted
2025,"Communication, Culture, Information & Technology",Utm,95,accepted
2025,"Communication, Culture, Information & Technology",Utm,96,accepted
2025,Commerce,Utm,95,accepted
2025,"Commerce (Including Accounting, Finance, Marketing)",Utm,90,accepted
2025,"Commerce (Including Accounting, Finance, Marketing)",Utm,84,accepted
2025,Commerce,Utm,92,accepted
2025,Commerce,Utm,86,accepted
2025,"Commerce (Including Accounting, Finance, Marketing)",Utm,86,accepted
2025,"Commerce (Including Accounting, Finance, Marketing)",Utm,86,accepted
2025,Bba,Utm,95,accepted
2025,Management,Utm,90,accepted
2025,Humanities,Utm,97,accepted
2025,English,Utm,73,accepted
2025,Forensic Science,Utm,93,accepted
2025,Forensic Science,Utm,92,accepted
2025,Forensic Science,Utm,92,accepted
2025,Forensic Science,Utm,88,accepted
2025,Life Sciences,Utm,99,accepted
2025,Life Sciences,Utm,92,accepted
2025,Life Sciences,Utm,95,accepted
2025,Life Sciences,Utm,93,accepted
2025,Life Sciences,Utm,93,accepted
2025,Life Sciences,Utm,90,accepted
2025,Life Sciences,Utm,97,accepted
2025,Life Sciences,Utm,95,accepted
2025,Life Sciences,Utm,89,accepted
2025,Life Sciences - Biotechnology,Utm,83,accepted
2025,Molecular Biology/Life Sciences,Utm,80,accepted
2025,Psychology Bsc,Utm,91,accepted
2025,"Social Science (Criminology, Law & Society)",Utm,86,accepted
2025,"Social Science (Criminology, Law & Society)",Utm,86,accepted
2025,Social Science (History/Political Science),Utm,77,accepted
2025,Chemical & Physical Sciences,Utm,94,accepted
2025,Chemical & Physical Sciences,Utm,82,accepted
2025,Chemical & Physical Sciences,Utm,89,accepted
2025,Commerce,Utm,96,accepted
2025,"Computer Science, Mathematics & Statistics",Utm,97,accepted
2025,"Computer Science, Mathematics & Statistics",Utm,96,accepted
2025,"Computer Science, Mathematics & Statistics",Utm,95,accepted
2025,"Computer Science, Mathematics & Statistics",Utm,95,accepted
2025,"Computer Science, Mathematics & Statistics",Utm,95,accepted
2025,"Computer Science, Mathematics & Statistics",Utm,92,accepted
2025,"Computer Science, Mathematics & Statistics",Utm,98,accepted
2025,"Computer Science, Mathematics & Statistics",Utm,98,accepted
2025,"Computer Science, Mathematics & Statistics",Utm,93,accepted
2025,"Computer Science, Mathematics & Statistics",Utm,92,accepted
2025,"Computer Science, Mathematics & Statistics",Utm,93,accepted
2025,Psychology & Health Studies + Co-Op,Utsc,94,accepted
2025,Co-Op Bba (Management & Finance) And Co-Op Bsc (Statistics - Quantitative Finance),Utsc,91,accepted
2025,Life Sciences (Co-Op),Utsc,93,accepted
2025,Life Sciences,Utsc,90,accepted
2025,Life Sciences (Co-Op And Regular),Utsc,91,accepted
2025,Life Sciences,Utsc,79,accepted
2025,Management (Bba) (Co-Op And Regular) (Strategic Management (Co-Op Optional)),Utsc,94,accepted
2025,Management (Bba) (Co-Op And Regular),Utsc,94,accepted
2025,Managment With Coop,Utsc,94,accepted
2025,Managment With Coop,Utsc,90,accepted
2025,Managment With Coop,Utsc,90,accepted
2025,Physical & Environmental Sciences,Utsc,94,accepted
2025,Physical & Environmental Sciences,Utsc,90,accepted
2025,Physical & Environmental Sciences (Biochemistry(Co-Op Optional)),Utsc,90,accepted
2025,Social Sciences And Humanities (Co-Op And Regular),Utsc,82,accepted
2025,Social Sciences&Humanities(Public Policy) Non-Co-Op,Utsc,78,accepted
2025,Management And International Business (Bba) (Co-Op),Utsc,96,accepted
2025,Computer Science,Utsc,95,accepted
2025,Computer Science,Utsc,94,accepted
2025,Computer Science (Co-Op And Regular),Utsc,98,accepted
2025,Computer Science (Co-Op),Utsc,97,accepted
2025,Computer Science (Co-Op),Utsc,96,accepted
2025,Computer Science,Utsc,96,accepted
2025,Computer Science (Co-Op And Regular),Utsc,98,accepted
2025,Computer Science (Co-Op),Utsc,95,accepted
2025,Computer Science (Co-Op And Regular),Utsc,94,accepted
2025,Computer Science,Utsc,95,accepted
2025,Computer Science (Co-Op),Utsc,97,accepted
2025,Computer Science (Co-Op),Utsc,97,accepted
2025,Computer Science (Co-Op And Regular),Utsc,97,accepted
2025,Computer Science (Co-Op),Utsc,96,accepted
2025,Computer Science (Co-Op),Utsc,96,accepted
2025,Computer Science (Co-Op And Regular),Utsc,95,accepted
2025,Computer Science,Utsc,95,accepted
2025,Computer Science (Co-Op),Utsc,93,accepted
2025,Computer Science (Co-Op),Utsc,93,accepted
2025,Life Sciences (Health Sciences Stream),Utsc,96,accepted
2025,Life Sciences (Health Sciences Stream) (Co-Op And Regular),Utsc,96,accepted
2025,Life Sciences (Health Sciences Stream),Utsc,93,accepted
2025,Life Sciences (Health Sciences Stream) (Co-Op And Regular),Utsc,93,accepted
2025,Life Sciences (Health Science Stream) (Co-Op),Utsc,93,accepted
2025,Life Sciences (Health Sciences Stream),Utsc,91,accepted
2025,Life Sciences (Health Science Stream) (Co-Op),Utsc,87,accepted
2025,Double Degree: Management & Finance (Bba) And Statistics – Quantitative Finance (Bsc) Co-Op,Utsc,95,accepted
2025,Double Degree: Management & Finance (Bba) And Statistics – Quantitative Finance (Bsc) Co-Op,Utsc,94,accepted
2025,Double Degree: Management & Finance (Bba) And Statistics – Quantitative Finance (Bsc) Co-Op,Utsc,90,accepted
2025,Statistics - Co-Op,Utsc,98,accepted
2025,Statistics - Co-Op,Utsc,92,accepted
2025,Engineering (Co-Op),Uvic,93,accepted
2025,Honours Arts - English: Literature And Rhetoric,Waterloo,97,accepted
2025,Arts,Waterloo,94,accepted
2025,Honours Arts Main Campus (Co-Op ),Waterloo,93,accepted
2025,Honours Arts (English Literature And Rhetoric),Waterloo,83,accepted
2025,Honours Arts University Main Campus (Co-Op And Regular) Major Of Interest-Psychology,Waterloo,90,accepted
2025,Honours Arts University Main Campus (Psychology Co-Op),Waterloo,91,accepted
2025,Honours Art Co-Op,Waterloo,91,accepted
2025,Honours Arts And Business Co-Op,Waterloo,93,accepted
2025,Honours Arts And Business Co-Op,Waterloo,89,accepted
2025,Honours Arts And Business Co-Op,Waterloo,88,accepted
2025,Honours Arts And Business,Waterloo,94,accepted
2025,Business Administration (Laurier) And Mathematics (Waterloo) Double Degree (Co-Op Only),Waterloo,96,accepted
2025,Business Administration (Laurier) And Mathematics (Waterloo) Double Degree (Co-Op Only),Waterloo,94,accepted
2025,Business Administration (Laurier) And Mathematics (Waterloo) Double Degree (Co-Op Only),Waterloo,98,accepted
2025,Business Administration (Laurier) And Mathematics (Waterloo) Double Degree (Co-Op Only),Waterloo,97,accepted
2025,Business Administration (Laurier) And Mathematics (Waterloo) Double Degree (Co-Op Only),Waterloo,96,accepted
2025,Business Administration (Laurier) And Mathematics (Waterloo) Double Degree (Co-Op Only),Waterloo,93,accepted
2025,Business Administration (Laurier) And Mathematics (Waterloo) Double Degree (Co-Op Only),Waterloo,91,accepted
2025,Business Administration (Laurier) And Computer Science (Waterloo) Double Degree (Co-Op Only),Waterloo,99,accepted
2025,Business Administration (Laurier) And Computer Science (Waterloo) Double Degree (Co-Op),Waterloo,96,accepted
2025,Business Administration (Laurier) And Computer Science (Waterloo) Double Degree (Co-Op Only),Waterloo,98,accepted
2025,Business Administration (Laurier) And Computer Science (Waterloo) Double Degree (Co-Op Only),Waterloo,97,accepted
2025,Business Administration (Laurier) And Computer Science (Waterloo) Double Degree (Co-Op Only),Waterloo,96,accepted
2025,Business Administration (Laurier) And Computer Science (Waterloo) Double Degree (Co-Op Only),Waterloo,96,accepted
2025,Business Administration (Laurier) And Computer Science (Waterloo) Double Degree (Co-Op Only),Waterloo,90,accepted
2025,Biomedical Engineering (Co-Op Only),Waterloo,98,accepted
2025,Biomedical Engineering (Co-Op Only),Waterloo,98,accepted
2025,Biomedical Engineering (Co-Op Only),Waterloo,96,accepted
2025,Biomedical Engineering (Co-Op Only),Waterloo,95,accepted
2025,Chemical Engineering (Co-Op Only),Waterloo,98,accepted
2025,Chemical Engineering (Co-Op Only),Waterloo,98,accepted
2025,Chemical Engineering (Co-Op Only),Waterloo,93,accepted
2025,Chemical Engineering (Co-Op Only),Waterloo,93,accepted
2025,Chemical Engineering (Co-Op Only),Waterloo,96,accepted
2025,Chemical Engineering (Co-Op Only),Waterloo,92,accepted
2025,Chemical Engineering (Co-Op Only),Waterloo,92,accepted
2025,Computing And Financial Management (Co-Op Only),Waterloo,98,accepted
2025,Computing And Financial Management (Co-Op Only),Waterloo,96,accepted
2025,Computing And Financial Management (Co-Op Only),Waterloo,98,accepted
2025,Computer Science,Waterloo,100,accepted
2025,Computer Science (Co-Op And Regular),Waterloo,98,accepted
2025,Computer Science (Co-Op),Waterloo,99,accepted
2025,Computer Science,Waterloo,99,accepted
2025,Computer Science,Waterloo,99,accepted
2025,Computer Science (Co-Op Only),Waterloo,98,accepted
2025,Computer Science,Waterloo,98,accepted
2025,Computer Science (Co-Op And Regular),Waterloo,98,accepted
2025,Computer Science,Waterloo,98,accepted
2025,Computer Science (Co-Op And Regular),Waterloo,98,accepted
2025,Computer Science (Co-Op And Regular),Waterloo,96,accepted
2025,Computer Science (Co-Op And Regular),Waterloo,94,accepted
2025,Computer Science (Co-Op And Regular),Waterloo,100,accepted
2025,Computer Science (Co-Op And Regular),Waterloo,99,accepted
2025,Computer Science (Co-Op And Regular),Waterloo,99,accepted
2025,Computer Science (Co-Op And Regular),Waterloo,99,accepted
2025,Computer Science (Co-Op And Regular),Waterloo,98,accepted
2025,Computer Science (Co-Op),Waterloo,98,accepted
2025,Computer Science (Co-Op And Regular),Waterloo,98,accepted
2025,Computer Science (Co-Op),Waterloo,97,accepted
2025,Computer Science (Co-Op And Regular),Waterloo,97,accepted
2025,Computer Science,Waterloo,97,accepted
2025,Computer Science,Waterloo,97,accepted
2025,Computer Science (Co-Op),Waterloo,97,accepted
2025,Computer Science,Waterloo,96,accepted
2025,Computer Science (Co-Op),Waterloo,96,accepted
2025,Computer Science (Co-Op And Regular),Waterloo,95,accepted
2025,Computer Science (Co-Op And Regular),Waterloo,95,accepted
2025,Computer Science (Co-Op And Regular),Waterloo,94,accepted
2025,Computer Science,Waterloo,98,accepted
2025,Computer Science (Co-Op And Regular),Waterloo,96,accepted
2025,Computer Science (Co-Op And Regular),Waterloo,99,accepted
2025,Computer Science (Co-Op And Regular),Waterloo,95,accepted
2025,Computer Science (Co-Op),Waterloo,93,accepted
2025,Computer Science (Co-Op And Regular),Waterloo,98,accepted
2025,Computer Science (Co-Op),Waterloo,96,accepted
2025,Systems Design Engineering (Co-Op Only),Waterloo,99,accepted
2025,Systems Design Engineering (Co-Op Only),Waterloo,99,accepted
2025,Systems Design Engineering (Co-Op Only),Waterloo,96,accepted
2025,Systems Design Engineering (Co-Op Only),Waterloo,95,accepted
2025,Systems Design Engineering (Co-Op Only),Waterloo,98,accepted
2025,Systems Design Engineering (Co-Op Only),Waterloo,97,accepted
2025,Civil Engineering (Co-Op Only),Waterloo,98,accepted
2025,Civil Engineering (Co-Op Only),Waterloo,96,accepted
2025,Civil Engineering (Co-Op Only),Waterloo,95,accepted
2025,Civil Engineering (Co-Op Only),Waterloo,93,accepted
2025,Civil Engineering (Co-Op Only),Waterloo,96,accepted
2025,Civil Engineering (Co-Op Only),Waterloo,94,accepted
2025,Civil Engineering (Co-Op Only),Waterloo,92,accepted
2025,Architectural Engineering (Co-Op Only),Waterloo,98,accepted
2025,Architectural Engineering (Co-Op Only),Waterloo,97,accepted
2025,Architectural Engineering (Co-Op Only),Waterloo,92,accepted
2025,Environment And Business,Waterloo,81,accepted
2025,Environmental Engineering Honours Co-Op,Waterloo,92,accepted
2025,Management Engineering (Co-Op),Waterloo,97,accepted
2025,Management Engineering,Waterloo,94,accepted
2025,Management Engineering,Waterloo,94,accepted
2025,Management Engineering,Waterloo,95,accepted
2025,Management Engineering,Waterloo,95,accepted
2025,Management Engineering,Waterloo,91,accepted
2025,Management Engineering,Waterloo,92,accepted
2025,"Honours Environment, Resources And Sustainability, Co-Op",Waterloo,81,accepted
2025,Geography And Aviation,Waterloo,92,accepted
2025,Geography And Aviation,Waterloo,90,accepted
2025,Geography And Aviation,Waterloo,92,accepted
2025,Geography And Aviation (Regular Only),Waterloo,90,accepted
2025,Health Sciences (Co-Op),Waterloo,98,accepted
2025,Health Science,Waterloo,96,accepted
2025,Health Sciences (Co-Op And Regular),Waterloo,94,accepted
2025,Health Science (Regular),Waterloo,93,accepted
2025,Health Sciences (Co-Op),Waterloo,94,accepted
2025,Health Science,Waterloo,90,accepted
2025,Health Sciences (Co-Op And Regular),Waterloo,94,accepted
2025,Health Sciences (Co-Op),Waterloo,92,accepted
2025,Health Sciences (Co-Op And Regular),Waterloo,92,accepted
2025,Health Sciences (Regular),Waterloo,90,accepted
2025,Health Sciences (Co-Op),Waterloo,92,accepted
2025,"Honours Global Business And Digital Arts, Co-Op",Waterloo,95,accepted
2025,Honours Global Business And Digital Arts,Waterloo,94,accepted
2025,"Honours Global Business And Digital Arts, Co-Op",Waterloo,97,accepted
2025,"Honours Global Business And Digital Arts, Co-Op",Waterloo,96,accepted
2025,"Honours Global Business And Digital Arts, Co-Op",Waterloo,86,accepted
2025,"Honours Kinesiology, Co-Op",Waterloo,85,accepted
2025,"Honours Kinesiology, Co-Op",Waterloo,92,accepted
2025,Honours Kinesiology Regular,Waterloo,88,accepted
2025,Life Sciences (Co-Op And Regular) (Biomedical Sciences),Waterloo,96,accepted
2025,Life Sciences Honours Regular,Waterloo,86,accepted
2025,Life Sciences (Co-Op And Regular) (Biomedical Sciences),Waterloo,97,accepted
2025,Life Sciences (Co-Op And Regular),Waterloo,95,accepted
2025,Life Sciences (Co-Op And Regular),Waterloo,95,accepted
2025,Life Sciences,Waterloo,90,accepted
2025,Life Science Co-Op,Waterloo,89,accepted
2025,Life Sciences (Co-Op And Regular),Waterloo,89,accepted
2025,Life Sciences (Co-Op And Regular),Waterloo,96,accepted
2025,Life Sciences (Co-Op And Regular) (Biomedical Sciences),Waterloo,95,accepted
2025,Life Sciences Honours Regular,Waterloo,92,accepted
2025,Life Sciences (Co-Op And Regular),Waterloo,91,accepted
2025,"Life Sciences, Honours",Waterloo,95,accepted
2025,Life Sciences (Biomedical Sciences),Waterloo,95,accepted
2025,Life Sciences (Co-Op And Regular),Waterloo,91,accepted
2025,Life Sciences (Biomedical Sciences),Waterloo,92,accepted
2025,Life Sciences (Co-Op And Regular),Waterloo,96,accepted
2025,"Life Sciences, Honours",Waterloo,88,accepted
2025,Life Science Co-Op,Waterloo,87,accepted
2025,Life Science Co-Op,Waterloo,88,accepted
2025,"Life Sciences, Honours",Waterloo,80,accepted
2025,Life Science (Co-Op) (Biology),Waterloo,88,accepted
2025,Life Sciences (Co-Op And Regular) (Biomedical Sciences),Waterloo,92,accepted
2025,Mathematics (Co-Op And Regular),Waterloo,98,accepted
2025,Mathematics (Co-Op And Regular),Waterloo,96,accepted
2025,Mathematics (Co-Op And Regular),Waterloo,96,accepted
2025,Mathematics (Co-Op),Waterloo,96,accepted
2025,Mathematics,Waterloo,94,accepted
2025,Mathematics (Co-Op),Waterloo,99,accepted
2025,Mathematics (Co-Op And Regular),Waterloo,100,accepted
2025,Mathematics (Co-Op),Waterloo,98,accepted
2025,Mathematics,Waterloo,98,accepted
2025,Mathematics (Co-Op),Waterloo,97,accepted
2025,Mathematics (Co-Op),Waterloo,97,accepted
2025,Mathematics (Co-Op),Waterloo,96,accepted
2025,Mathematics (Co-Op),Waterloo,94,accepted
2025,Mathematics (Co-Op),Waterloo,94,accepted
2025,Mathematics,Waterloo,93,accepted
2025,Mathematics (Co-Op And Regular),Waterloo,93,accepted
2025,Mathematics (Co-Op),Waterloo,92,accepted
2025,Mathematics (Co-Op And Regular),Waterloo,92,accepted
2025,Mathematics (Co-Op And Regular),Waterloo,91,accepted
2025,Mathematics (Co-Op),Waterloo,93,accepted
2025,Mathematics,Waterloo,92,accepted
2025,Mathematics (Co-Op And Regular),Waterloo,91,accepted
2025,Mathematics (Co-Op And Regular),Waterloo,98,accepted
2025,Mathematics/Business Administration (Co-Op And Regular) (Information Technology Management (Co-Op Optional)),Waterloo,96,accepted
2025,Mathematics/Financial Analysis And Risk Management (Regular/Co-Op),Waterloo,96,accepted
2025,Mathematics/Financial Analysis And Risk Management (Regular/Co-Op),Waterloo,94,accepted
2025,Mathematics/Financial Analysis And Risk Management (Regular/Co-Op),Waterloo,92,accepted
2025,Mathematics/Financial Analysis And Risk Management,Waterloo,94,accepted
2025,Mathematics/Financial Analysis And Risk Management (Regular/Co-Op),Waterloo,95,accepted
2025,Mathematics/Financial Analysis And Risk Management (Co-Op),Waterloo,94,accepted
2025,Mechatronics Engineering (Co-Op Only),Waterloo,96,accepted
2025,Mechatronics Engineering (Co-Op Only),Waterloo,98,accepted
2025,Mechatronics Engineering (Co-Op Only),Waterloo,98,accepted
2025,Mechatronics Engineering (Co-Op Only),Waterloo,98,accepted
2025,Mechatronics Engineering (Co-Op Only),Waterloo,98,accepted
2025,Mechatronics Engineering (Co-Op Only),Waterloo,97,accepted
2025,Mechatronics Engineering (Co-Op Only),Waterloo,97,accepted
2025,Mechatronics Engineering (Co-Op Only),Waterloo,96,accepted
2025,Mechatronics Engineering (Co-Op Only),Waterloo,96,accepted
2025,Mechatronics Engineering (Co-Op Only),Waterloo,95,accepted
2025,Mechatronics Engineering (Co-Op Only),Waterloo,93,accepted
2025,Mechatronics Engineering (Co-Op Only),Waterloo,93,accepted
2025,Mechatronics Engineering (Co-Op Only),Waterloo,92,accepted
2025,Mechatronics Engineering (Co-Op Only),Waterloo,100,accepted
2025,Mechatronics Engineering (Co-Op Only),Waterloo,94,accepted
2025,Mechatronics Engineering (Co-Op Only),Waterloo,94,accepted
2025,Mechatronics Engineering (Co-Op Only),Waterloo,97,accepted
2025,Mechatronics Engineering (Co-Op Only),Waterloo,95,accepted
2025,Mechatronics Engineering (Co-Op Only),Waterloo,96,accepted
2025,Mechatronics Engineering (Co-Op Only),Waterloo,97,accepted
2025,Mechatronics Engineering (Co-Op Only),Waterloo,95,accepted
2025,Mechatronics Engineering (Co-Op Only),Waterloo,90,accepted
2025,Mechatronics Engineering (Co-Op Only),Waterloo,98,accepted
2025,Mathematics/Cpa,Waterloo,95,accepted
2025,Mathematics/Cpa,Waterloo,94,accepted
2025,Mathematics/Cpa (Co-Op Only),Waterloo,95,accepted
2025,Nanotechnology Engineering (Co-Op Only),Waterloo,92,accepted
2025,Nanotechnology Engineering (Co-Op Only),Waterloo,94,accepted
2025,Nanotechnology Engineering (Co-Op Only),Waterloo,94,accepted
2025,Nanotechnology Engineering (Co-Op Only),Waterloo,94,accepted
2025,Nanotechnology Engineering (Co-Op Only),Waterloo,93,accepted
2025,Nanotechnology Engineering (Co-Op Only),Waterloo,88,accepted
2025,Nanotechnology Engineering (Co-Op Only),Waterloo,95,accepted
2025,Planning (Co-Op),Waterloo,98,accepted
2025,Planning (Co-Op),Waterloo,95,accepted
2025,Planning (Co-Op),Waterloo,94,accepted
2025,Planning (Co-Op),Waterloo,93,accepted
2025,Planning (Co-Op),Waterloo,91,accepted
2025,Planning (Co-Op),Waterloo,96,accepted
2025,Planning (Co-Op),Waterloo,91,accepted
2025,Planning (Co-Op),Waterloo,91,accepted
2025,Planning (Co-Op),Waterloo,86,accepted
2025,Physical Sciences Honours Co-Op,Waterloo,99,accepted
2025,Physical Sciences Honours Co-Op,Waterloo,94,accepted
2025,Physical Sciences (Co-Op And Regular),Waterloo,94,accepted
2025,Physical Sciences (Co-Op And Regular) (Astronomy/Physics (Co-Op Optional)),Waterloo,93,accepted
2025,Physical Sciences (Co-Op And Regular) (Mathematical Physics (Co-Op Optional),Waterloo,95,accepted
2025,Physical Sciences (Co-Op And Regular),Waterloo,94,accepted
2025,Physical Sciences (Physics & Astronomy) (Co-Op),Waterloo,93,accepted
2025,Physical Sciences,Waterloo,89,accepted
2025,Physical Sciences (Co-Op And Regular) (Biological And Medical Physics (Co-Op Optional)),Waterloo,96,accepted
2025,Physical Sciences Honours Co-Op,Waterloo,92,accepted
2025,Physical Sciences (Co-Op And Regular) (Astronomy/Physics (Co-Op Optional)),Waterloo,98,accepted
2025,Physical Sciences (Co-Op And Regular) (Chemistry (Co-Op Optional)),Waterloo,96,accepted
2025,Physical Sciences Honours Co-Op,Waterloo,94,accepted
2025,Physical Sciences (Co-Op),Waterloo,92,accepted
2025,Physical Sciences,Waterloo,94,accepted
2025,Physical Sciences,Waterloo,90,accepted
2025,Physical Sciences Honours Co-Op,Waterloo,95,accepted
2025,Physical Sciences,Waterloo,86,accepted
2025,Physical Sciences (Astronomy/Physics),Waterloo,80,accepted
2025,Architecture (Co-Op Only),Waterloo,94,accepted
2025,Honours Science (Regular Only),Waterloo,96,accepted
2025,"Honours Health Sciences, Regular",Waterloo,93,accepted
2025,"Honours Health Sciences, Co-Op",Waterloo,93,accepted
2025,Science And Business (Co-Op And Regular),Waterloo,95,accepted
2025,Science And Business,Waterloo,94,accepted
2025,"Science And Business, Regular",Waterloo,88,accepted
2025,Science And Business,Waterloo,84,accepted
2025,Science And Business,Waterloo,84,accepted
2025,Sustainability And Financial Management (Co-Op Only),Waterloo,95,accepted
2025,Sustainability And Financial Management (Co-Op Only),Waterloo,90,accepted
2025,Software Engineering (Co-Op Only),Waterloo,99,accepted
2025,Software Engineering (Co-Op Only),Waterloo,98,accepted
2025,Software Engineering (Co-Op Only),Waterloo,98,accepted
2025,Software Engineering (Co-Op Only),Waterloo,98,accepted
2025,Software Engineering (Co-Op Only),Waterloo,98,accepted
2025,Software Engineering (Co-Op Only),Waterloo,97,accepted
2025,Software Engineering (Co-Op Only),Waterloo,97,accepted
2025,Software Engineering (Co-Op Only),Waterloo,96,accepted
2025,Software Engineering (Co-Op Only),Waterloo,96,accepted
2025,Software Engineering (Co-Op Only),Waterloo,96,accepted
2025,Software Engineering (Co-Op Only),Waterloo,98,accepted
2025,Software Engineering (Co-Op Only),Waterloo,89,accepted
2025,Software Engineering (Co-Op Only),Waterloo,91,accepted
2025,Software Engineering (Co-Op Only),Waterloo,98,accepted
2025,Software Engineering (Co-Op Only),Waterloo,97,accepted
2025,Software Engineering (Co-Op Only),Waterloo,98,accepted
2025,Software Engineering (Co-Op Only),Waterloo,98,accepted
2025,Software Engineering (Co-Op Only),Waterloo,98,accepted
2025,Software Engineering (Co-Op Only),Waterloo,97,accepted
2025,Software Engineering (Co-Op Only),Waterloo,96,accepted
2025,Science And Aviation,Waterloo,92,accepted
2025,Science And Aviation (Regular Only),Waterloo,88,accepted
2025,Electrical Engineering (Co-Op Only),Waterloo,96,accepted
2025,Electrical Engineering (Co-Op Only),Waterloo,95,accepted
2025,Electrical Engineering (Co-Op Only),Waterloo,98,accepted
2025,Electrical Engineering (Co-Op Only),Waterloo,98,accepted
2025,Electrical Engineering (Co-Op Only),Waterloo,97,accepted
2025,Electrical Engineering (Co-Op Only),Waterloo,98,accepted
2025,Electrical Engineering (Co-Op Only),Waterloo,98,accepted
2025,Electrical Engineering (Co-Op Only),Waterloo,98,accepted
2025,Electrical Engineering (Co-Op Only),Waterloo,93,accepted
2025,Electrical Engineering (Co-Op Only),Waterloo,91,accepted
2025,Electrical Engineering (Co-Op Only),Waterloo,89,accepted
2025,Electrical Engineering (Co-Op Only),Waterloo,96,accepted
2025,Electrical Engineering (Co-Op Only),Waterloo,96,accepted
2025,Electrical Engineering (Co-Op Only),Waterloo,96,accepted
2025,Geological Engineering Honours Co-Op,Waterloo,90,accepted
2025,Mechanical Engineering (Co-Op),Waterloo,96,accepted
2025,Mechanical Engineering (Co-Op),Waterloo,94,accepted
2025,Mechanical Engineering (Co-Op),Waterloo,92,accepted
2025,Mechanical Engineering (Co-Op),Waterloo,97,accepted
2025,Computer Engineering (Co-Op Only),Waterloo,98,accepted
2025,Computer Engineering (Co-Op Only),Waterloo,98,accepted
2025,Computer Engineering (Co-Op Only),Waterloo,98,accepted
2025,Computer Engineering (Co-Op Only),Waterloo,98,accepted
2025,Computer Engineering (Co-Op Only),Waterloo,98,accepted
2025,Computer Engineering (Co-Op Only),Waterloo,96,accepted
2025,Computer Engineering (Co-Op Only),Waterloo,95,accepted
2025,Computer Engineering (Co-Op Only),Waterloo,93,accepted
2025,Computer Engineering (Co-Op Only),Waterloo,97,accepted
2025,Computer Engineering (Co-Op Only),Waterloo,99,accepted
2025,Computer Engineering (Co-Op Only),Waterloo,97,accepted
2025,Computer Engineering (Co-Op Only),Waterloo,91,accepted
2025,Computer Engineering (Co-Op Only),Waterloo,98,accepted
2025,Computer Engineering (Co-Op Only),Waterloo,97,accepted
2025,Computer Engineering (Co-Op Only),Waterloo,96,accepted
2025,Computer Engineering (Co-Op Only),Waterloo,96,accepted
2025,Computer Engineering (Co-Op Only),Waterloo,98,accepted
2025,Computer Engineering (Co-Op Only),Waterloo,98,accepted
2025,Computer Engineering (Co-Op Only),Waterloo,96,accepted
2025,Computer Engineering (Co-Op Only),Waterloo,95,accepted
2025,Accounting And Financial Management (Co-Op Only),Waterloo,96,accepted
2025,Accounting And Financial Management (Co-Op Only),Waterloo,91,accepted
2025,Accounting And Financial Management,Waterloo,99,accepted
2025,Accounting And Financial Management,Waterloo,95,accepted
2025,Accounting And Financial Management (Co-Op Only),Waterloo,94,accepted
2025,Accounting And Financial Management,Waterloo,94,accepted
2025,Accounting And Financial Management,Waterloo,94,accepted
2025,Accounting And Financial Management,Waterloo,94,accepted
2025,Accounting And Financial Management (Co-Op Only),Waterloo,92,accepted
2025,Accounting And Financial Management (Co-Op Only),Waterloo,94,accepted
2025,Accounting And Financial Management (Co-Op Only),Waterloo,90,accepted
2025,Accounting And Financial Management (Co-Op Only),Waterloo,86,accepted
2025,Accounting And Financial Management (Co-Op Only),Waterloo,93,accepted
2025,Accounting And Financial Management (Co-Op Only),Waterloo,93,accepted
2025,Legal Studies,Waterloo,86,accepted
2025,Ivey Aeo,Western,100,accepted
2025,Ms,Western,98,accepted
2025,Ivey Aeo,Western,98,accepted
2025,Ivey Aeo (With Computer Science),Western,95,accepted
2025,Ivey Aeo,Western,94,accepted
2025,Ivey Aeo,Western,96,accepted
2025,Ivey Aeo,Western,97,accepted
2025,Ivey Aeo,Western,96,accepted
2025,Ivey Aeo,Western,94,accepted
2025,Ivey Aeo,Western,98,accepted
2025,Ivey Aeo,Western,95,accepted
2025,Ivey Aeo,Western,94,accepted
2025,Arts And Humanities,Western,96,accepted
2025,Arts And Humanities (English Language And Literature),Western,89,accepted
2025,Computer Science,Western,94,accepted
2025,Computer Science (Computer Science),Western,98,accepted
2025,Computer Science,Western,99,accepted
2025,Computer Science,Western,99,accepted
2025,Computer Science,Western,97,accepted
2025,Computer Science,Western,97,accepted
2025,Computer Science,Western,97,accepted
2025,Computer Science (Field Of Interest: Data Science),Western,96,accepted
2025,Computer Science (Computer Science),Western,96,accepted
2025,Computer Science (Computer Science),Western,95,accepted
2025,Computer Science (Computer Science),Western,98,accepted
2025,Computer Science,Western,97,accepted
2025,Computer Science,Western,95,accepted
2025,Computer Science,Western,94,accepted
2025,Computer Science,Western,94,accepted
2025,Computer Science,Western,92,accepted
2025,Computer Science,Western,98,accepted
2025,Computer Science,Western,92,accepted
2025,Computer Science,Western,90,accepted
2025,Cs + Aeo,Western,96,accepted
2025,Computer Science,Western,92,accepted
2025,Computer Science,Western,91,accepted
2025,Computer Science,Western,90,accepted
2025,Management & Organizational Studies (Management And Legal Studies),Western,97,accepted
2025,Management & Organizational Studies (Finance),Western,94,accepted
2025,Management & Organizational Studies (Finance),Western,94,accepted
2025,Management & Organizational Studies,Western,95,accepted
2025,Management & Organizational Studies,Western,95,accepted
2025,Management & Organizational Studies,Western,96,accepted
2025,Management & Organizational Studies,Western,97,accepted
2025,Management & Organizational Studies (Finance),Western,97,accepted
2025,Management & Organizational Studies (Finance),Western,96,accepted
2025,Management & Organizational Studies (Finance),Western,96,accepted
2025,Management & Organizational Studies,Western,95,accepted
2025,Management & Organizational Studies,Western,94,accepted
2025,Management & Organizational Studies,Western,98,accepted
2025,Management & Organizational Studies,Western,94,accepted
2025,Management & Organizational Studies,Western,93,accepted
2025,Management & Organizational Studies,Western,98,accepted
2025,Management & Organizational Studies W/ Ivey Aeo,Western,97,accepted
2025,Management & Organizational Studies W/ Ivey Aeo,Western,96,accepted
2025,Management & Organizational Studies,Western,94,accepted
2025,Management & Organizational Studies W/ Ivey Aeo,Western,99,accepted
2025,Management & Organizational Studies (Finance) W/ Ivey Aeo,Western,96,accepted
2025,Management & Organizational Studies W/ Ivey Aeo,Western,95,accepted
2025,Management & Organizational Studies,Western,96,accepted
2025,Management And Organizational Studies (Commercial Aviation Management) – Flight,Western,91,accepted
2025,Engineering (Co-Op And Regular),Western,96,accepted
2025,Engineering (Co-Op And Regular) (Mechanical Engineering),Western,96,accepted
2025,Engineering (Co-Op And Regular),Western,95,accepted
2025,Engineering (Co-Op),Western,94,accepted
2025,Engineering,Western,98,accepted
2025,Engineering (Co-Op And Regular),Western,98,accepted
2025,Engineering (Co-Op),Western,97,accepted
2025,Engineering (Co-Op And Regular) (Mechanical Engineering (Co-Op Optional)),Western,94,accepted
2025,Engineering - Mechatronic Systems Engineering (Co-Op Optional),Western,90,accepted
2025,Engineering,Western,94,accepted
2025,Engineering,Western,98,accepted
2025,Engineering,Western,94,accepted
2025,Engineering,Western,92,accepted
2025,Engineering (Co-Op And Regular) (Mechanical Engineering),Western,92,accepted
2025,Engineering (Co-Op And Regular),Western,92,accepted
2025,Engineering,Western,90,accepted
2025,Engineering,Western,88,accepted
2025,Engineering,Western,90,accepted
2025,Engineering,Western,93,accepted
2025,Engineering,Western,90,accepted
2025,Engineering,Western,96,accepted
2025,Engineering,Western,94,accepted
2025,Engineering,Western,92,accepted
2025,Engineering,Western,92,accepted
2025,Engineering,Western,97,accepted
2025,Engineering,Western,92,accepted
2025,Engineering,Western,95,accepted
2025,Engineering (Co-Op And Regular) + Ivey,Western,95,accepted
2025,Family Studies And Human Development,Western,90,accepted
2025,Media And Communication Studies,Western,88,accepted
2025,Childhood And Youth Studies,Western,97,accepted
2025,Bmus,Western,93,accepted
2025,Fanshawe Collaborative Nursing,Western,92,accepted
2025,Nursing Bscn (Western Site),Western,96,accepted
2025,Nursing Bscn (Western Site),Western,95,accepted
2025,Nursing Bscn (Western Site),Western,93,accepted
2025,Nursing Bscn (Western Site),Western,93,accepted
2025,Nursing Bscn (Western Site),Western,91,accepted
2025,Nursing Bscn (Western Site),Western,94,accepted
2025,Nursing Bscn (Western Site),Western,93,accepted
2025,Social Science,Western,93,accepted
2025,Social Science,Western,95,accepted
2025,Social Science,Western,96,accepted
2025,Social Science (Economics),Western,92,accepted
2025,Social Science,Western,95,accepted
2025,Social Science,Western,94,accepted
2025,Social Science,Western,91,accepted
2025,Social Science,Western,92,accepted
2025,Social Science,Western,91,accepted
2025,Kineslology,Western,85,accepted
2025,Kinesiology (Bsc),Western,92,accepted
2025,Kinesiology (Bsc),Western,92,accepted
2025,Kinesiology,Western,92,accepted
2025,Kinesiology,Western,90,accepted
2025,Science (Astrophysics),Western,99,accepted
2025,Science (Animal Behaviour),Western,93,accepted
2025,Science,Western,92,accepted
2025,Science,Western,90,accepted
2025,Science,Western,95,accepted
2025,Science,Western,92,accepted
2025,Science,Western,92,accepted
2025,Science (Genetics & Biochemistry),Western,91,accepted
2025,Science (Genetics & Biochemistry),Western,90,accepted
2025,Medical Sciences,Western,95,accepted
2025,Medical Sciences,Western,96,accepted
2025,Medical Sciences,Western,99,accepted
2025,Medical Sciences,Western,97,accepted
2025,Medical Sciences (Bmsc And Bsc),Western,97,accepted
2025,Medical Sciences,Western,97,accepted
2025,Medical Sciences,Western,97,accepted
2025,Medical Sciences,Western,96,accepted
2025,Medical Sciences (Biochemistry),Western,96,accepted
2025,Medical Sciences (Bmsc And Bsc) (Medical Biophysics),Western,96,accepted
2025,Medical Sciences,Western,95,accepted
2025,Medical Sciences,Western,94,accepted
2025,Medical Sciences,Western,93,accepted
2025,Medical Sciences (Bmsc And Bsc),Western,97,accepted
2025,Medical Sciences,Western,97,accepted
2025,Medical Sciences,Western,95,accepted
2025,Medical Sciences (Bmsc And Bsc) (Physiology & Pharmacology),Western,99,accepted
2025,Medical Sciences (Bmsc And Bsc),Western,97,accepted
2025,Medical Sciences,Western,99,accepted
2025,Medical Sciences (Bmsc And Bsc),Western,99,accepted
2025,Medical Sciences,Western,97,accepted
2025,Medical Sciences,Western,96,accepted
2025,Medical Sciences,Western,95,accepted
2025,Medical Sciences (Bmsc And Bsc),Western,95,accepted
2025,Medical Sciences (Bmsc And Bsc),Western,94,accepted
2025,Medical Sciences (Bmsc And Bsc),Western,94,accepted
2025,Medical Sciences,Western,97,accepted
2025,Medical Sciences,Western,94,accepted
2025,Medical Sciences,Western,90,accepted
2025,Medical Sciences,Western,96,accepted
2025,Medical Sciences,Western,93,accepted
2025,Medical Sciences,Western,98,accepted
2025,Medical Sciences,Western,97,accepted
2025,Medical Sciences,Western,96,accepted
2025,Medical Sciences,Western,94,accepted
2025,Medical Sciences,Western,94,accepted
2025,Medical Sciences,Western,94,accepted
2025,Medical Sciences,Western,99,accepted
2025,Medical Sciences,Western,94,accepted
2025,Medical Sciences,Western,94,accepted
2025,Medical Sciences,Western,92,accepted
2025,Medical Sciences,Western,90,accepted
2025,Medical Sciences,Western,90,accepted
2025,Medical Sciences (Bmsc And Bsc),Western,88,accepted
2025,Medical Sciences,Western,92,accepted
2025,Medical Sciences,Western,91,accepted
2025,Medical Sciences,Western,91,accepted
2025,Medical Sciences,Western,94,accepted
2025,Health Sciences,Western,96,accepted
2025,Health Sciences (Health Sciences),Western,100,accepted
2025,Health Sciences (Health Sciences With Biology),Western,95,accepted
2025,Health Sciences,Western,95,accepted
2025,Health Sciences,Western,94,accepted
2025,Health Sciences,Western,97,accepted
2025,Health Sciences,Western,97,accepted
2025,Health Science (Major In Bio),Western,96,accepted
2025,Health Sciences,Western,94,accepted
2025,Health Sciences,Western,94,accepted
2025,Health Sciences,Western,94,accepted
2025,Health Sciences,Western,94,accepted
2025,Health Sciences,Western,93,accepted
2025,Health Sciences,Western,94,accepted
2025,Health Sciences,Western,93,accepted
2025,Health Sciences,Western,92,accepted
2025,Health Sciences,Western,92,accepted
2025,Management & Organizational Studies,Western - Huron,98,accepted
2025,Management And Organizational Studies - Business Intelligence,Western - Huron,90,accepted
2025,Management & Organizational Studies (Finance & Administration),Western - Huron,93,accepted
2025,Social Science/Major Of Interest-Psychology,Western - Huron,90,accepted
2025,Social Sciences,Western - Huron,94,accepted
2025,Mechatronics Engineering,Windsor,95,accepted
2025,Nursing,Windsor,96,accepted
2025,Nursing,Windsor,90,accepted
2025,Nursing,Windsor,91,accepted
2025,Schulich Bba,York,97,accepted
2025,Schulich Bba,York,96,accepted
2025,Schulich Bba,York,95,accepted
2025,Schulich Bba,York,95,accepted
2025,Schulich Bba,York,93,accepted
2025,Schulich Bba,York,93,accepted
2025,Schulich Bba,York,98,accepted
2025,Schulich Bba,York,96,accepted
2025,Schulich Bba,York,96,accepted
2025,Schulich Bba,York,95,accepted
2025,Schulich Bba,York,91,accepted
2025,Schulich Bba,York,91,accepted
2025,Schulich Bba,York,86,accepted
2025,Schulich Bba,York,96,accepted
2025,Schulich Bba,York,92,accepted
2025,Schulich Bba,York,92,accepted
2025,Schulich Bba,York,92,accepted
2025,Schulich Bba,York,91,accepted
2025,Schulich Bba,York,91,accepted
2025,Schulich Bba,York,90,accepted
2025,Schulich Bba,York,90,accepted
2025,Schulich Bba,York,93,accepted
2025,Mathematics (Bsc),York,97,accepted
2025,Teacher Education: Educational Studies (Concurrent Bed),York,90,accepted
2025,Faculty Of Liberal Arts And Professional Studies Bachelor Of Commerce (Accounting),York,91,accepted
2025,Commerce,York,91,accepted
2025,Commerce,York,88,accepted
2025,Teacher Education: Liberal Arts & Professional Studies (Concurrent Bed),York,92,accepted
2025,Human Resource Management,York,89,accepted
2025,Information Technology (Ba),York,82,accepted
2025,Law & Society (Ba),York,83,accepted
2025,Criminology (Ba),York,83,accepted
2025,Psychology (Ba) Keele Campus,York,93,accepted
2025,Psychology (Ba),York,91,accepted
2025,Psychology (Ba),York,87,accepted
2025,Psychology (Bsc),York,95,accepted
2025,Psychology (Bsc),York,90,accepted
2025,Kinesiology & Health Science (Ba),York,89,accepted
2025,Kinesiology & Health Science (Ba),York,76,accepted
2025,Kinesiology & Health Science (Bsc),York,97,accepted
2025,Kinesiology & Health Science (Bsc),York,98,accepted
2025,Kinesiology & Health Science (Bsc),York,93,accepted
2025,Kinesiology & Health Science (Bsc),York,87,accepted
2025,Kinesiology & Health Science (Bsc) - Keele Campus,York,86,accepted
2025,Kinesiology & Health Science (Bsc),York,90,accepted
2025,Biology (Biomedical Science) - Keele Campus,York,92,accepted
2025,Kinesiology & Health Science - Keele Campus,York,92,accepted
2025,Health Studies (Bhs),York,91,accepted
2025,Neuroscience Bsc: Psychology,York,91,accepted
2025,Neuroscience Bsc: Psychology,York,84,accepted
2025,Cities Regions And Planning,York,88,accepted
2025,Nursing (Direct Entry),York,90,accepted
2025,Nursing (Direct Entry),York,94,accepted
2025,Nursing (Direct Entry),York,90,accepted
2025,Nursing (Direct Entry),York,89,accepted
2025,Nursing (Direct Entry),York,91,accepted
2025,Nursing (Direct Entry),York,91,accepted
2025,Nursing (Direct Entry),York,91,accepted
2025,Computer Science For Software Development (Basc),York,92,accepted
2025,Computer Science For Software Development (Basc),York,92,accepted
2025,First Year Engineering Core Program,York,92,accepted
2025,First Year Engineering Core Program,York,86,accepted
2025,First Year Engineering Core Program,York,83,accepted
2025,Statistics,York,80,accepted
2025,Teacher Education: Science (Concurrent Bed: Chemistry),York,95,accepted
2025,"Computer Science (Ba, Iba) - Including Co-Op",York,88,accepted
2025,Biology (Bsc),York,89,accepted
2025,Biology (Bsc),York,84,accepted
2025,Earth & Atmospheric Science (Bsc),York,94,accepted
2025,Earth & Atmospheric Science (Bsc),York,94,accepted
2025,Biochemistry (Bsc),York,90,accepted
2025,Computer Science (Bsc) - Including Co-Op,York,91,accepted
2025,Computer Science (Bsc) - Including Co-Op,York,92,accepted
2025,"Computer Science (Bsc, Ibsc) - Including Co-Op",York,92,accepted
2025,"Computer Science (Bsc, Ibsc) - Including Co-Op",York,94,accepted
2025,Computer Science (Bsc) - Including Co-Op,York,94,accepted
2025,Biomedical Science - Keele Campus,York,93,accepted
2025,"Biomedical Science (Bsc, Ibsc)",York,92,accepted
2025,Biomedical Science - Keele Campus,York,86,accepted
2025,Biomedical Sciences,York,88,accepted
2025,Biomedical Sciences,York,88,accepted
2025,Biomedical Sciences,York,84,accepted
2025,Engineering (Beng) - Including Co-Op,York,92,accepted
2025,Engineering (Beng) - Including Co-Op,York,95,accepted
2025,Engineering (Beng) - Including Co-Op,York,90,accepted
2025,Engineering (Beng) - Including Co-Op,York,95,accepted
2025,Engineering (Beng) - Including Co-Op,York,92,accepted
2025,Engineering (Beng) - Including Co-Op,York,96,accepted
2025,Engineering (Beng) - Including Co-Op,York,92,accepted
2025,Engineering (Beng) - Including Co-Op,York,91,accepted
2025,Engineering (Beng) - Including Co-Op,York,87,accepted
2025,Engineering (Beng) - Including Co-Op,York,92,accepted
2025,Political Science (Ba),York,83,accepted
2025,Neuroscience,York,90,accepted
2025,Neuroscience,York,94,accepted
2025,Glendon Campus - Psychology (Bsc) / Psychologie (B.Sc.),York,95,accepted
2025,Ethics And Political Philosophy (Ba),York,97,accepted
2025,Glendon Campus - Communications (Ba) / Communications (B.A.) (Communications (Ba)/Communications (B.A.)),York,77,accepted
