,,,,,,,,,,,,,,,,,,,,,
1,,OUAC/OCAS Program Code,What program did you apply to?,What university did you apply to?,"Were you accepted, rejected, waitlisted or deferred?",Grade 11 Final Average,Grade 12 Midterm Average,Grade 12 Predicted Final Average,Grade 12 Final Average,Acceptance Average,Any other exam and/or test scores you submitted:,Mention any notable extra curricular activities or special circumstances to your application?,What date did you apply?,What date did you receive the offer/rejection/deferral?,Did you receive any scholarship or financial aid offer?,Country of Citizenship,Country of Residence,Province/State/Territory of Residence,Reddit username,Discord username,"Any additional comments? (If deferred, mention to which program here)"
,,,,,,,,,,,,,,,,,,,,,
2,,N/A,Honors Computer Science,Alberta,Accepted,90.2,96.3,,,91.6,5 on AP Calculus,,06-Oct-23,10-Oct-23,,Canada,Canada,Ontario,,,
3,,BG,Brock University - BSc Honours: Computer Science - Co-Op,Brock University,Accepted,80,86,,,86,,,15-Nov-23,29-Nov-23,,Canada,Canada,Ontario,yeee_fham_2,,
4,,BG,Brock University - BSc Honours: Computer Science,Brock University,Accepted,79,88,89,91,91,,,15-Nov-23,28-Nov-23,"Yes, 7,800 - apparently I had low-90s for computer science haha",Canada,Canada,Ontario,,,
5,,COD,"B. Computer Science Honors, Co-op, Artificial intelligence and machine learning",Carleton University,Accepted,74,84,,90,91,,,07-Nov-23,26-Feb-24,13.5k,Canada,Canada,Ontario,Albatrossthis4513,,
6,,COD,B. Computer Science honours with AI specialization + Coop,Carleton University,Accepted,98,93,90,,95 (?),N/a,"Not for cs application but I did submit my resume for the shopify devdegree, still waiting",31-Oct-23,15-Dec-23,$3000/year renewable,Canada and Vietnam,Canada,New Brunswick,vincent_ngu,No discord but insta: vince.nguyen6 snap: vinny.nguyen,Also applied for mech eng but put CS above on ouac rankings and it says I'm eligible for the program also
7,,COD,Carleton University - B. Computer Science Honours (Cybersecurity (co-op optional)),Carleton University,Accepted,89,90,93,,96,,"Coding Club executive, Worked as a lifeguard for 2 years",27-Nov-23,03-Jun-24,$13500 scholarship,Canada,Canada,Ontario,riflestance,unmark,
8,,COD,Computer Science,Carleton University,Accepted,94,93,,,95.1,,,29-Oct-23,17-Nov-23,I got a $4000 scholarship (renewable) & a $1500 scholarship from the department,Canada,Canada,Ontario,justsomeonestressed,,Good luck to everyone!
9,,COD,Computer Science (Cyber security stream) Coop,Carleton University,Accepted,97.5,91,89,,97.5,,,11-Oct-23,16-Nov-23,yes,Canada,Canada,Ontario,u/Weird_Storage_6495,,
10,,COD,"B Computer Science Honours, Co-op, AI/ML Stream",Carleton University,Accepted,96,99.4,97,,,,No supp app needed,31-Oct-23,16-Nov-23,"I received 2, one for 12,000 over 4 years (average above 80 required) and one for 1,500 for academic achievements.",Canada,Canada,Ontario,NeedHelpSOSplz,,
11,,COD,B. Computer Science Honours,Carleton University,Accepted,96,96,,,96,,,01-Nov-23,17-Nov-23,"$16,000 (Renewable $4,000/year) + Bachelor of Computer Science Entrance Award $1,500",Canada,Canada,Ontario,Remote_Trouble810,ovadux,
12,,COD,"B Computer Science Honours, Co-op, AI/ML Stream",Carleton University,Accepted,96,95.66,,,96,,,21-Oct-23,16-Nov-23,,Canada,Canada,Ontario,yeeeeeeeeeeteeeeeee,,
13,,COD,Carleton Computer Science (co-op),Carleton University,Accepted,95,92,,,85-88,,,09-Nov-23,16-Nov-23,,Canada,Canada,,,,
14,,COD,Bachelor of Computer Science Honours,Carleton University,Accepted,94.2,96.5,,,94.8,,,,16-Nov-23,Regular entrance scholarship,Canada,Canada,Ontario,,,
15,,COD,B. Computer Science Honours,Carleton University,Accepted,95,94,97,,96,,Nope,12-Nov-23,17-Nov-23,,Canada,Canada,Ontario,Linkz_86,_linktsu,Ez
16,,COD,"B Computer Science Honours, Co-op, Game development",Carleton University,Accepted,92,95,,,,,no,06-Nov-23,17-Nov-23,,Canada,Canada,Ontario,,,"3 gr. 12 final, Average 95"
17,,COD,B. Computer Science Honours (Computer Game Development (co-op optional)),Carleton University,Accepted,92.5,92.25,,,,,,,17-Nov-23,Entrance Scholarship: $3000 and Entrance Award: $1500,Canada,Canada,Ontario,,,
18,,COD,Bachelor of Computer Science Honours (Co-op),Carleton University,Accepted,97.5,97.5,97,,97.5,,,15-Nov-23,17-Nov-23,"Entrance scholarship $16 000, Bachelor of Computer Science entrance award $1 500",Canada,Canada,Ontario,polarbearinthesnow,,
19,,COD,Computer science with co-op (Honours Bachelor of Scienc,Carleton University,Accepted,97,96,,,,,No supplemental application,06-Oct-23,16-Nov-23,$16000 ($4000x4- renewable entrance scholarship) plus $1500 (Bachelor of Computer Science entrance scholarship),Canada,Canada,Ontario,,,Submitting on behalf of my son who is not on Reddit
20,,COD,"B. Computer Science Honours, Co-op",Carleton University,Accepted,92.25,93.4,,,92.5,,No,10-Nov-23,17-Nov-23,"$16,000 renewable + $1,500 award",Canada,Canada,Ontario,,,
21,,COD,B. Computer Science Honours Co-Op,Carleton University,Accepted,88,91,,,,,no,05-Nov-23,16-Nov-23,$8000 ($2000 each year) + $1000 entrance award,Canada,Canada,Ontario,william5553,wkang.,
22,,COD,Computer Science Honours (Co-op),Carleton University,Accepted,81,93,95,,85-88%,,,20-Oct-23,17-Nov-23,$3000 x 4 years,Canada,Canada,Ontario,,,
23,,COD,B. Computer Science Honours,Carleton University,Accepted,96.3,97,97,,96.3,,,15-Oct-23,17-Nov-23,16K entrance and 1.5K for the program,Canada,Canada,Ontario,,,
24,,COD,Honours Computer Science Co-op,Carleton University,Accepted,90.5,97.75,98,,,,,26-Oct-23,17-Nov-23,"$16,000 ",Canada,Canada,Ontario,a231as,,
25,,COD,B. Computer Science Honours,Carleton University,Accepted,94,94,96,,93.2,,,20-Nov-23,28-Nov-23,$16000 scholarship plus $1500 entrance scholarship.,Canada,Canada,Ontario,cfwes,,
26,,COD,"B. Computer Science Honours, Co-op, AI/ML Stream",Carleton University,Accepted,87.6,91,,,90,,No,24-Nov-23,27-Nov-23,,Pakistan,Canada,Ontario,AtypicalColors,juncoflirds,
27,,COD,"B. Computer Science Honours, Co-Op",Carleton University,Accepted,91,91,,,N/A,,,11-Nov-23,27-Nov-23,"$16,000 renewable + $1,500 award",Canada,Canada,Ontario,u/hazeldabest,,
28,,COD,cs co op,Carleton University,Accepted,91,97,,,91,,,07-Nov-23,15-Nov-23,,Canada,Canada,Ontario,comercialmeal551,,
29,,COD,B. Computer Science Honours Co-op,Carleton University,Accepted,92.5,96,,,94.2,,,15-Oct-23,17-Nov-23,Yes,Canada,Canada,Ontario,humourless9,,
30,,COD,B. Computer Science Honours,Carleton University,Accepted,90,90,95,,90,,,,01-Dec-23,,Canada,Canada,Ontario,u/BigDeathgripsFan,,
31,,COD,B. Computer Science Honours (Co-op),Carleton University,Accepted,86,92,,,92,,,03-Dec-23,06-Dec-23,$3000 x 4,Canada,Canada,Ontario,u/renivistah,,
32,,COD,B. Computer Science Honours (Co-op),Carleton University,Accepted,84,93,94,,91.3,,I applied for early admissions,05-Nov-23,17-Nov-23,"$12,000 Entrance Scholarship and $1,500 Bachelor of Computer Science Entrance Award",Canada,Canada,Ontario,Shehraan1,triples3289,No
33,,COD,B. Computer Science Honours,Carleton University,Accepted,92,93,93,,92,,,19-Dec-23,20-Dec-23,"Yes, $3,000 scholarship for have at least a 90 admission average and an additional 1,000 for being one of the top students",Canada,Canada,Ontario,hanys_4,,
34,,COD,B. Computer Science Honours,Carleton University,Accepted,87,94,97.5,9.5,87,,,,27-Nov-23,,Canada,Canada,Ontario,idk,,
35,,COD,B. Computer Science Honours (Artificial Intelligence and Machine Learning (co-op optional)),Carleton University,Accepted,95,88,90,,88,,,30-Sep-23,27-Nov-23,,Canada,Canada,Ontario,BigMathematician575,coloringbook#5534,
36,,COD,Computer Science (AI & Machine Learning),Carleton University,Accepted,91,92,94,,92,,,16-Jan-24,18-Jan-24,"Yes, $3,000 per year with an additional 1,500. Total 13,500.",Canada,Canada,Ontario,culprittt,,
37,,DHCS,Dal Cs,Dalhousie,Accepted,91.5,91,91,91,91,,,06-Nov-24,19-Dec-23,,Canada,Canada,Ontario,elijahrus250_,,
38,,N/A,Computer Science,Dalhousie University,Accepted,94,92.8,94,,High 80s/Low 90s,,N/A,20-Oct-23,23-Nov-23,N/A,Canada,Canada,Ontario,u/Riley3141,,"Applied early, got accepted pretty early. They used my Grade 11 marks, along with the Grade 12 marks that they had."
39,,BAI,Concurrent BA (Honours) BEd Intermediate/Senior (English),Brock University,Accepted,87,89,90.3,,"Bio - 91%, Law - 91, English - 96%, Philosophy - 91%, Adv. Function - 86%, World History - 89%",n/a,Varsity Volleyball - Gr. 11 & 12,26-Oct-23,22-Nov-23,"Brock Scholars Award in the amount of $7,600",Canada,Canada,Ontario,xuhni,n/a,n/a
40,,ORC,Computer Science,University of Ottawa,Accepted,96.5,96.83,,,96.83,,,26-Oct-23,20-Feb-24,,Canada,Canada,Ontario,Frosty-Ad-1716,,
41,,ORC,Computer Science,University of Ottawa,Accepted,91,97,98.75,,98.75,,,19-Oct-23,22-Feb-24,$5000 i think if i maintain 80 avg or something like that,Canada,Canada,Ontario,ComercialMeal551,,
42,,ORC,Computer Science,University of Ottawa,Accepted,98.3,96,,,98.5,,,25-Sep-23,20-Feb-24,3k,Canada,Canada,Ontario,j-bear5741,,ranked 8 on ouac
43,,ORC,Computer Science,University of Ottawa,Accepted,89,94.6,,,94.6,,,,13-Mar-24,,Canada,Canada,Ontario,Don’t have,,
44,,ORC,Computer Science,University of Ottawa,Accepted,89,94.6,,,94.6,,,,13-Mar-24,,Canada,Canada,Ontario,Don’t have,,
45,,ORC,University of Ottawa - UP: Computer science,University of Ottawa,Accepted,97.4,97.5,98.5,,98.5,,,,21-Feb-24,$3000 entrance,Canada,Canada,Ontario,Lopsided_lie3977,,Posting on behalf of my son
46,,OUAC,Computer Science,University Of Waterloo,Accepted,65,78,73,31.5,83,2,"Shoe Shining, Underwater Basket Weaving",26-Mar-24,26-Mar-24,$250 300 and a house,Zimbabwe,Trinidad and Tobago,Trinidad and Tobago,sunset-dreams,Donut have that,"nah, get ratioed"
47,,TAD,UTSG Computer Science,University of Toronto,Accepted,89,93,94,,94,CCC senior 52/45 and CSMC 45,"SHAD, YearBook Club, Math Club",15-Nov-23,15-Apr-24,N/A,Canada,Canada,Ontario,FGD9998,,
48,,TAD,Computer Science,University of Toronto,Accepted,97,97.5,98.5,,98,No,Uh clubs,15-Dec-23,22-Feb-24,Nuuu WHYYYYY,Canada,Canada,Ontario,sussyJun,susjun,Thx
49,,TAD,Computer Science,University of Toronto,Accepted,97.5,98.1,,,98.9,,,01-Jan-24,01-Jan-24,,Canada,Canada,Ontario,No acc,,
50,,TAD,Computer Science,University of Toronto,Accepted,95.6,96.6,95.6,96.6,95.6,None,Lifeguard and stuff,17-Nov-23,22-Feb-24,Nope,Canada,Canada,Ontario,4w40,Obama#1824,Yurt
51,,TAD,Computer Science,University of Toronto,Accepted,94,98,98,,98,,Internship,21-Nov-23,19-Mar-24,No,Canada,Canada,Ontario,DeepGas4538,,
52,,TAD,Computer Science,University of Toronto,Accepted,95.75,96.8,96.8,,97.16,"AP CS A 5, AP STAT 4","AIME, 1 intern, school cs club co-pres for 3 years",03-Nov-23,15-Apr-24,100k international scholar,China,Canada,Ontario,no reddit,un.motivated,with membership to Trinity College
53,,TAD,Computer Science,University of Toronto,Accepted,87,80,85,,87,,Football,07-Dec-23,01-May-24,no,Canada,Canada,Ontario,dont use (i touch grass),dont use (i touch grass),go outside pls
54,,TAD,Computer Science,University of Toronto,Accepted,83,87,85,,86,,i did my 50 hours volunteering at random events with friends,01-Nov-23,24-Apr-24,no,Canada,Canada,Ontario,lil bro think im obese with a neck beard,,
55,,TAD,Computer Science,University of Toronto,Accepted,96.7,98.3,,,98.8,AP Calculus BC (5),"Math Contests (Canadian Champion in CSMC (as well as lots of other honor rolls in Waterloo contests such as CSMC/Fermat/Hypatia and Euclid), 4x AIME Qualification, Qualified for Repechage in COMC)",30-Nov-23,22-Feb-24,10k Toronto Scholor Award,Canada,Canada,Ontario,EpicDuc,,
,,,,,,,,,,,AP Computer Science A (5),,,,,,,,,,
,,,,,,,,,,,SAT (1570),,,,,,,,,,
56,,TAD,Computer Science,University of Toronto,Accepted,94,96.4,,,95,,,,19-Feb-24,"100,000",Canada,INDIA,Ontario,u/DEATHSTARED1,,
57,,TAD,Computer Science - St. George Campus,University of Toronto,Accepted,99.33,97.86,99.33,,99.33 (unsure how they consider intl marks),Class 10 avg: 98,Partnered with Perimeter Institute (with funding) and a huge different university for my non profit,15-Jan-24,23-Feb-24,,India,India,,Adventurous-Line-108,,
,,,,,,,,,,,SAT 1570,,,,,,,,,,
,,,,,,,,,,,"AP Calculus BC (5), AP Chemistry (5), AP Physics C: M (5), AP Physics C: E&M (4)",,,,,,,,,,
58,,TAD,Computer Science - St. George Campus,University of Toronto,Accepted,98.3,96,99,,98.5,,,25-Sep-23,22-Feb-24,$3000 by University College,Canada,Canada,Ontario,j-bear5741,,well written supplementary application
59,,TAD,Computer Science - St. George Campus,University of Toronto,Accepted,97.7,99.4,99,,98.5,,did not need to mention,08-Jan-24,19-Mar-24,10k,Canada,Canada,Ontario,n/a,electricraven99,Good luck to everyone!
60,,TAD,Computer Science - St. George Campus,University of Toronto,Accepted,89,96.6,96,,96.6,,Only been in Canadian institution since grade 11. Previously hopped around 4 schools for 1.5 years due to moving countries.,13-Nov-23,19-Mar-24,"100K scholarship - 40k first year, 20k consecutive if I meet terms and conditions",Bermuda and Australia,Bermuda,,YeetYeetImASheeep,thetexta,Love the work you're doing
61,,TAD,Computer Science - St. George Campus,University of Toronto,Accepted,96.5,97,,,97,na,,26-Oct-23,19-Mar-24,,Canada,Canada,Ontario,Frosty-Ad-1716,xera_phix,
62,,TAD,Computer Science - St. George Campus,University of Toronto,Accepted,96.4,94.3,,96,95.6,,"ICDC, League of Legends Sweat, Working at tuition",10-Nov-23,15-Apr-24,,Canada,Canada,Ontario,Linkz_86,_linktsu,"idk how i got in, but im still taking uw ce"
63,,TAD,Computer Science - St. George Campus,University of Toronto,Accepted,95,95.5,96,,95.5,,Yes,,15-Apr-24,No,Canada,Canada,Ontario,N/A,,
64,,TAD,Computer Science - St. George Campus,University of Toronto,Accepted,94,95,96.5,,95,n/a,"Cross Country, Track and Field, Alpha Education Shadows of Racism video award winner, TDSB Entrepreneurship Startup Ecommerce web-development.",21-Nov-23,15-Apr-24,Standard 95%+ entrance scholarship.,Canada,Canada,Ontario,Utagawashii,,
65,,TAD,Computer Science - St. George Campus,University of Toronto,Accepted,98,97.6,97.6,,98,,,25-Dec-23,15-Mar-24,no,Canada,Canada,British Columbia,NA,,
66,,TAD,Computer Science (UTSG),University of Toronto,Accepted,98,99,,,98.67,,,,18-Mar-24,,Canada,Canada,Ontario,n/a,,
67,,TAD,Computer science St george,University of Toronto,Accepted,92.5,95.6,96.7,97,96.7,No,Shad,18-Nov-23,19-Apr-24,No,Canada,Canada,Ontario,don’t use,Hutaowfp,Gaming
68,,TAD,UTSG CS,University of Toronto,Accepted,95,97,97.17,,96.83,,dm,23-Oct-23,19-Mar-24,no,Canada,Canada,Ontario,SecretaryQuirky3195,davehooda,
69,,AG,Computer science With Co-op (HBSC.COMP.PGC),Lakehead University,Accepted,96,97,98,,,,,03-Nov-23,23-Nov-23,Expect to receive free tuition based on 95+ average,Canada,Canada,Ontario,Posting on behalf of my son,,Georgian/lakehead diploma/ degree program
70,,DSD,Computer Science,Ontario Tech University,Accepted,84,90.8,92,,91.3,,,01-Oct-23,17-Nov-23,2000,Canada,Canada,Ontario,level99mafiaboss,Raman#7837,
71,,DCD,Computer Science (Co-op),Ontario Tech University,Accepted,93,96.66,97,,96.66,,,01-Nov-23,16-Nov-23,,Canada,Canada,Ontario,u/Yub_by,shoooub,
72,,SAB,Computer Science (Co-op available),Toronto Metropolitan University,Accepted,96.5,98,98,,97.83,,,05-Nov-23,23-Nov-23,,Canada,Canada,Ontario,u/Adventurous_Doubt_31,oliverkm,"if you're reading this, good luck and keep up the work!"
73,,SAB,Computer Science (Co-op available),Toronto Metropolitan University,Accepted,95.7,98,98,,96.5,,No supp app,02-Oct-23,07-Nov-23,,Canada,Canada,Ontario,don't use,,
74,,SAB,Computer Science (Honours) (Co-op Available),Toronto Metropolitan University,Accepted,78,93,,,93,,,,09-Jan-24,,Canada,Canada,,sxwish,syx6,
75,,RCM,Computer Science (Honours Science),Trent University,Accepted,86,79,85,,85,,,04-Dec-23,11-Dec-23,"1,500$ per year entrance",Canada,Canada,Ontario,Youtubechannels10,,
76,,N/A,Computer Science,University of Alberta,Accepted,91.5,92.8,93.8,,94.2,,,08-Oct-23,11-Oct-23,,Canada,Canada,British Columbia,Massive_Hope_5748,,
77,,GBS,"Bachelor of Computing, Honours Co-op Major Computer Science",University of Guelph,Accepted,96.5,98,98,,97.83,,,,13-Dec-23,,Canada,Canada,Ontario,u/Adventurous_Doubt_31,oliverkm,
78,,GCT,Computer Science,University of Guelph,Accepted,80,95.8,99,,95.8,,,28-Dec-23,09-Jan-24,"$2,000 ",Canada,Canada,Ontario,sluggieeeeee,,
79,,GCT,Computer Science (Co-op and Regular),University of Guelph,Accepted,94.7,93,,,93,no,no,14-Nov-23,12-Dec-23,,Vietnam,Canada,Ontario,inuryu,,Just apply early you guys
80,,GCT,Computer Science (Co-op),University of Guelph,Accepted,95.5,96.25,96,,97,,,21-Dec-23,12-Dec-23,"$2,000 ",Canada,Canada,Ontario,03en7an,,
81,,GCT,Computer Science (Co-op),University of Guelph,Accepted,95,91,96,,92,,,,05-Feb-24,"$1,000 ",Canada,Canada,Ontario,N/A,,
82,,GCT,guelph cs co op,University of Guelph,Accepted,91,97,97.5,,97,,,,12-Dec-23,,Canada,Canada,,comercialmeal551,,
83,,TMZ,Computer Science,University of Toronto,Accepted,98.3,96,99,,97.8,,,30-Sep-23,25-Jan-24,10k + 3k,Canada,Canada,Ontario,don't have one,,
84,,TMZ,"Computer Science, Mathematics & Statistics",University of Toronto,Accepted,94,95.25,,,95.25,N/A,N/A,13-Nov-23,25-Jan-24,$10k in UofT Scholar and $3k entrance scholarship,Canada,Canada,Ontario,CoivexSectiCrux,,
85,,WCS,Computer science COOP,University Of Waterloo,Accepted,94,96.125,,,97,"CSMC 35, Hypatia","Varsity sports, founded robotics club, programming workshop mentor, lot of excs",30/10/2023,07/05/2024,2000 prez scholarship,Canada,Canada,Ontario,Cloudy_fire_15,Same as reddit,
86,,WCS,Waterloo Computer Science,University Of Waterloo,Accepted,91,96.5,80,,96.5,"62/75 CCC senior 2024, 84 euclid 2024, 73 euclid 2023, 38/40 hypatia, 46/60 csmc","exec of math/cs club, section leader for band, gold award for national music festival, in charity organization that got 10k annual rev",01/10/2023,07/05/2024,,Canada,Canada,Ontario,n/a,suoe,im the goat!
87,,WCS,University of Waterloo Computer Science,University Of Waterloo,Accepted,94,89,99,76,87,74 on Euclid,Professional chef,30-Oct-23,22-Dec-23,2k,Canada,Canada,Ontario,_brui,rider7,:thumbsup:
88,,WCS,Computer Science - Co-op,University Of Waterloo,Accepted,98,99,99,,99.3,"Top 100 CCC, High grade on Euclid",Fortnite Pro (270k Earned),01-Nov-23,28-Dec-23,"$2,000 ",Canada,Canada,Ontario,u/Andrewninja4,muffinzera,
89,,YSG,(Computer Science (BSc)),York University,Accepted,81.17,87,90,,87.33,,,08/11/2023,01/05/2024,No,Canada,Canada,Ontario,Unlikely_Lemon_3855,,
90,,YSG,"Computer Science (BSc, iBSc) - including Co-op",York University,Accepted,87.3,89.7,,,89.7,,,24-Nov-23,22-Mar-24,$1500 entrance scholarship,Pakistan,Canada,Ontario,AtypicalColors,,
91,,YSG,"Computer Science (BSc, iBSc) - including Co-op",York University,Accepted,88.75,92.5,,,not sure what they used (~90+?),,,12-Jan-24,20-Feb-24,"$1,500 entrance scholarship",Canada,Canada,Ontario,I'm a reddit lurker (no acc),,First offer!
92,,YSG,Computer Science + Co-op,York University,Accepted,87,94,93,,93 (hopefully),,,01-Dec-23,06-Dec-23,"$6,000 ",Canada,Canada,Ontario,emr444,,
93,,YSG,Computer Science Bsc (Co-op),York University,Accepted,80,93.25,,93.25,90,Did well on the boost application.,,,22-Mar-24,,Canada,Canada,Ontario,yurr8393,,
94,,YSG,"York University - Computer Science (BSc, iBSc) - including Co-op",York University,Accepted,90,88,90,,88,,,,21-Feb-24,,Canada,Canada,Ontario,ohhhnat,,
95,,MC,Computer Science,McMaster University,Accepted,91,97.5,98.75,,98.75,,"Video supp app, talk about starting non profit, student body president, entrepreneurship and lifeguarding. I have no idea if that even made a difference tho.",07-Nov-23,07-Mar-24,,Canada,Canada,Ontario,ComercialMeal551,,
96,,MCC,Computer Science I (Co-op),McMaster University,Accepted,95,96,97,,97,,"Robotics Software Lead (3161); Volunteering at FRC events, Leadership programs in school (Organizing events and helping grade 9s with transitioning into highschool)",17-Oct-23,07-Mar-24,,Iran,Canada,Ontario,Subject-Ad7478,regularpooria,"Hardest supplimentry application by far, and the most accurate one to get to know you."
97,,MCC,Computer Science I (Co-op),McMaster University,Accepted,98,97.5,98,,98,,,04-Dec-23,07-Mar-24,"$3,000 ",Canada,Canada,Ontario,user937275,,
98,,MCC,Computer Science I (Co-op),McMaster University,Accepted,98,99,,,99,,,,07-Mar-24,,Canada,Canada,Ontario,u/Delicious_Net_2346,,
99,,MCC,McMaster University - Computer Science I (Co-op),McMaster University,Accepted,96,99,99,,98,no,Data Science Internship,01-Dec-23,27-Jan-24,yes,india,india,kerala,Marshmellow1820,doorthethird,
100,,ECS,Computer Science,Western University,Accepted,98.3,0,,,98.3,,,01-Oct-23,10-Nov-23,3500 jscholarship of distinction (given for 92+ average),Canada,Canada,Ontario,,,got the acceptance before first sem midterms
101,,ECS,CS,Western University,Accepted,97.17,97.83,,,97.83,,,08-Oct-23,10-Nov-23,"$3,500 ",Canada,Canada,Ontario,r3volutionarykiwi,,
102,,ECS,MN: Computer Science,Western University,Accepted,93.8,94.3,96,,94.3,,"No, no supp app for UWO this year",22-Oct-23,10-Nov-23,"$3,500 for Scholarship of Distinction (95+ avg), maybe also $8,000 for Scholarship of Excellence (top 250 averages) if I accept",Canada,Canada,Ontario,mangdani282,mangdani282,
103,,ECS,Computer Science,Western University,Accepted,95,91,,,95,,,,10-Nov-23,"$3,500 ",Canada,Canada,Ontario,,,
104,,ES,Computer Science,Western University,Accepted,91,95.6,97,,95.6,,no,05-Oct-23,14-Dec-23,3.5k,Canada,Canada,Ontario,Local_Club906,@chrome.0,
105,,ECS,Computer Science,Western University,Accepted,95.5,94,95,,97,,,12-Nov-23,14-Dec-23,,Canada,Canada,Ontario,Tricky-Eggplant-8467,,
106,,ECS,Computer Science,Western University,Accepted,93.8,95.2,,,94.3,,,08-Dec-23,14-Dec-23,"$3,500 ",Canada,Canada,Ontario,TheNefariousReaper,HIME#7505,"If you're a high-80s to low-90s student, Western CS is a good safe/target program"
107,,ECS,Computer Science,Western University,Accepted,94,95.5,96,,96.2,,,15-Nov-23,29-Nov-23,,Canada,Canada,British Columbia,No_Youth4870,,
108,,ECS,Computer Science,Western University,Accepted,96,98,99,,97.5,,,07-Nov-23,21-Dec-23,No,Canada,Canada,Ontario,No,,
109,,ECS,Computer Science (Computer Science),Western University,Accepted,94.2,96.3,97.5,,96.3,,,,10-Nov-23,yes,Canada,Canada,Ontario,suoeshoplifting_real,,i forgot to do the supp app
110,,ECS,Computer Science w/ Ivey AEO,Western University,Accepted,93.5,96.5,97.5,,97,,"DECA Provincial Officer, Interact Rotary President",14-Jan-24,16-Jan-24,$3500 Scholarship of Distinction for CS,Canada,Canada,Ontario,abcandd-,,
111,,,Computer Science,Western University,Accepted,91.5,92.8,93.8,,94.2,,,28-Nov-23,23-Dec-23,3500$ Scholarship,Canada,Canada,British Columbia,Massive_Hope_5748,,
112,,ES,Western Computer Science,Western University,Accepted,91,97,97.5,,97,,,,13-Dec-23,,Canada,Canada,,comercialmeal551,,
113,,UCN,Computer Science,Wilfrid Laurier University,Accepted,79,87,92,,92,,"Robots club executive, Head of coding club, Head of chess club, Hosa general member",17-Nov-23,01-Dec-23,scholarship of 2.5k,Canada,Canada,Ontario,"I don't have an account, I just browse",Angadxo,
114,,UFA,Computer Science,Wilfrid Laurier University,Accepted,93,93,,,93,No,No,18-Nov-23,25-Nov-23,$3K,Canada,Canada,Ontario,N/A,N/A,
115,,UFA,"Waterloo Campus, idk about co-op, CS",Wilfrid Laurier University,Accepted,84.75,90,94,,89,,Did a CE Intership @ UW + President/Exec in all the tech clubs at my school,03-Jan-24,10-Jan-24,"$2,500 ",Canada,Canada,Ontario,Don't have a reddit account,not.alex.,
116,,UFA,"Wilfrid Laurier University - Computer Science (BSc), Waterloo Campus",Wilfrid Laurier University,Accepted,89.6,98,99,,95.3,,,14-Jan-24,20-Jan-24,"$2500 initially, total scholarship determined after second semester finals.",Canada,Canada,Ontario,taqqwaaaa,taqqwaaaa,
117,,UFA,"Computer Science - (BSc), Waterloo Campus",Wilfrid Laurier University,Accepted,86,87,93,,87,n/a,"Submitted ABS, nothing that crazy, 1 co pres position and 2 clubs founded, food bank volunteer position",09-Sep-23,04-Jan-24,$2500 entrace scholarship,Canada,Canada,Ontario,u/waIking-on-sunshine,,I don't know if this is related but I submitted the ABS 2 days before i got my offer!
118,,UFA,Computer science (Bsc),Wilfrid Laurier University,Accepted,90,97,95,,95.6,N/A,N/A,15-Nov-23,16-Jan-24,No Scholarship (Idk why),Canada,Canada,Ontario,n/a,n/a,n/a
119,,UFA,"Computer Science (BSc), Waterloo Campus",Wilfrid Laurier University,Accepted,77,83,88,,83,,Quite good ECs,15-Dec-23,06-Feb-24,,Canada,Canada,Ontario,broham896,,
120,,UFA,Honours Computer Science - BSc,Wilfrid Laurier University,Accepted,84,90.83,92,,90.83,,No,02-Nov-23,04-Nov-23,2500$ Entrance Scholarship,Canada,Canada,Ontario,level99mafiaboss,Raman#7837,None
121,,UFA,Laurier cs,Wilfrid Laurier University,Accepted,89,97,100,,97,none,doesn't need,04-Nov-23,17-Nov-23,$2500 scholarship,Canada,Canada,Ontario,Valuable-Isopod504,Sgsksgeidv#9649,none
122,,UFA,Computer Science (BSc),Wilfrid Laurier University,Accepted,83,85,91.3,,Competitive average in the mid 80s,,,18-Nov-23,24-Nov-23,$2500 entrance scholarship,Canada,Canada,Ontario,,,
123,,UFA,Computer Science (BSc),Wilfrid Laurier University,Accepted,88.75,85,86,,85,,,08-Nov-23,09-Nov-23,,Canada,Canada,Ontario,,,
124,,UFA,Laurier CS,Wilfrid Laurier University,Accepted,83,97,,,93-95 (gr 11 marks included),,Lots of really good ecs,17-Nov-23,18-Nov-23,$3000 dollars,Canada,Canada,Ontario,,,
125,,UFA,"Computer Science (BSc), Waterloo Campus",Wilfrid Laurier University,Accepted,95,88,90,,88,,,30-Sep-23,30-Nov-23,,Canada,Canada,Ontario,BigMathematician575,coloringbook#5534,
126,,UML,Computer Science (BA in Combination) with Management Option,Wilfrid Laurier University,Accepted,81,86,,,Mid 80s,,,20-Nov-23,23-Nov-23,"$2,500 ",Canada,Canada,Ontario,unicorns4life1321,kumjunhyeon,how tf did i get in 💀💀
127,,YPK,Computer science,York University,Accepted,95,94,95,,94,,,,01-Mar-24,,Canada,Canada,Ontario,Bob Wilson,,
128,,YSG,"Computer Science (BSc, iBSc) - including Co-op",York University,Accepted,94.7,93,,,93,no,no,14-Nov-23,29-Jan-24,"$2,000 ",Vietnam,Canada,Ontario,inuryu,,
129,,YSG,"Computer Science (BSc, iBSc) - including Co-op (Computer Science (BSc))",York University,Accepted,92,88,,,94,,,28-Nov-23,29-Jan-24,"Lassonde Entrance Scholarship : $2,000.00",Canada,Canada,Ontario,N/A,,
,,,,,,,,,,,,,,,"York University Automatic Entrance Scholarship : $2,500.00",,,,,,
130,,YSG,Computer Science BSC- Co-op,York University,Accepted,89,93.5,95,,93.67,,,22-Nov-23,31-Jan-24,Yes,Canada,Canada,Ontario,u/AnousAlma,,AnousAlma#9881
131,,QD,Computing,Queens University,Accepted,94,95.5,96,,96.2,,,15-Nov-23,13-Dec-23,,Canada,Canada,British Columbia,No_Youth4870,,
132,,QD,Computing,Queens University,Accepted,95.4,96.5,,,96.5,,,28-Oct-23,24-Jan-24,,Canada,Canada,Ontario,dont have one,,
133,,QD,Computing,Queens University,Accepted,95,91,,,~93?,,,,24-Jan-24,,Canada,Canada,Ontario,N/A,,
134,,QD,Computing - including optional internship (BCmpH),Queens University,Accepted,94.7,93,,,93,no,no,14-Nov-23,06-Dec-23,,Vietnam,Canada,Ontario,InuRyu,,no
135,,QD,Computing - including optional internship (BCmpH),Queens University,Accepted,96,96,,,96,,,01-Nov-23,06-Dec-23,,Canada,Canada,Ontario,Remote_Trouble810,ovadux,
136,,QD,Computing - including optional internship (BCmpH),Queens University,Accepted,96,96.4,97.5,,97,,accepted before i completed supp app,16-Nov-23,06-Dec-23,,Canada,Canada,Ontario,,,
137,,QD,Computing - including optional internship (BCmpH),Queens University,Accepted,97.5,97.5,97,,97.5,,,24-Nov-23,06-Dec-23,$7000 for first year,Canada,Canada,Ontario,--,,
138,,QD,Computing - including optional internship (BCmpH),Queens University,Accepted,95,97,97,,97,,no,06-Nov-23,23-Jan-24,,Canada,Canada,Ontario,mm,,
139,,QD,queens computing,Queens University,Accepted,91,97,98,,97,,,22-Jan-24,22-Jan-24,,Canada,Canada,Ontario,comercialmeal551,,
140,,QD,Computing w/ optional internship,Queens University,Accepted,94,93,,,91.8,,,29-Oct-23,24-Jan-24,Received grants totaling to $5000,Canada,Canada,Ontario,justsomeonestressed,,
141,,QD,Computing- including optional internship (BCmpH),Queens University,Accepted,97.4,97.4,98,,98.5,,,,18-Jan-24,,Canada,Canada,Ontario,Lopsided_lie3977,,Posting on behalf of my son
142,,QD,QD - Including optional internship,Queens University,Accepted,95,96,97,,97,No Supp required,No Supp required,17-Oct-23,07-Mar-24,None,Iran,Canada,Ontario,Subject-Ad7478,regularpooria,they told to keep a 70% average??? isn't that too low?
143,,QD,Queen's University - Computing - including optional internship,Queens University,Accepted,87,94,93,,93,,,01-Dec-23,29-Feb-24,"$4,005 ",Canada,Canada,Ontario,emr444,,
144,,QD,Queen's University - Computing - including optional internship (BCmpH) - For Choice 06,Queens University,Accepted,99,95,94,,94,,"school district's student council representing 135k+ students, 2 part time jobs, multiple varsity sports, bunch of tutoring for underprivileged students (students in india, students in toronto who are from low-income families, etc)",01-Dec-23,20-Feb-24,,Canada,Canada,Ontario,entropuy,yivwon,
145,,WSO,Software Engineering,University Of Waterloo,Accepted,100,100,100,100,100,CSMC,"SHAD at uWaterloo 2021, MUN President, Spark President",16-Nov-23,08-Mar-24,Don't Know,Canada,Canada,Ontario,MotorMelodic7822,,Good Luck!!!!!
146,,WSO,Software Engineering (Co-op only),University Of Waterloo,Accepted,92,85,89,,87,Nope,"2 paid swe internships (1 abroad, the other in Canada)",13-Dec-23,12-Mar-24,$1000 Merit Scholarship,Canada,Canada,Ontario,Dont have reddit,rawrosauraus,gambling paid off
,,,,,,,,,,,,shad,,,,,,,,,
,,,,,,,,,,,,qsys,,,,,,,,,
,,,,,,,,,,,,started/ran a near 6 figure startup,,,,,,,,,
,,,,,,,,,,,,"contributed significantly to open-source work/projects for Python, MBDyn, and Chromium",,,,,,,,,
,,,,,,,,,,,,made my own language,,,,,,,,,
,,,,,,,,,,,,did a bunch of more side projects,,,,,,,,,
,,,,,,,,,,,,also had personal extenuating circumstances approved for consideration in my application,,,,,,,,,
147,,.,.,.,Accepted,99,99,,,.,.,.,01/01/2024,01/01/2024,.,Canada,Canada,Ontario,.,.,.
148,,WWF,Electrical Engineering,University Of Waterloo,Accepted,89.5,97,95,,93.4,,"Wrote Research paper on Exoplanet, Head at astro club at school and gold medal at science fair.",12-Jan-24,19-Apr-24,idk,Canada,Canada,Ontario,SepAts11,,
149,,WWF,Electrical Engineering Co-op,University Of Waterloo,Accepted,93,94,94,,93.6,,"Good AIF, rlly good EC’s",31-Oct-23,19-Apr-24,e,Canada,Canada,Ontario,mighty_nile3100,,
150,,WWF,Electrical Engineering Co-op,University Of Waterloo,Accepted,92,91.6,,,93,,Basic ECs but i'm good at bullshitting and connecting them altogether.,16-Feb-24,19-Apr-24,2000$ presidential,Canada,Canada,Ontario,superiormonkey,,i need a roomie
,,,,,,,,,,,,"(writing articles, volunteer tutoring, building musical instrument for teens, skiing, working as a clinic assistant)",,,,,,,,,
151,,WWF,Electrical Engineering Honours Co-op,University Of Waterloo,Accepted,96.3,97,97,,97,AP CALC 5/5,"robotics team,",15-Jan-24,12-Mar-24,President's scholarship,Canada,Canada,Ontario,...,,
152,,WWH,Honours Mechanical Engineering and Co-Op,University Of Waterloo,Accepted,91,97,97,97,98,"Ap diploma with distinction Ap calc, econ, comp sci A and principles, physics C , top 25 in fermat twice, 30 on CCC senior, 55 on COMC",SHAD 2023,09-Dec-23,13-Mar-24,standard $2000,Canada,Canada,British Columbia,I really dont use reddit man,primeeuler,If u want proof I can send some photos if u want but i honestly dont care too much
,,,,,,,,,,,,Air Cadets for four years,,,,,,,,,
,,,,,,,,,,,,Founded the school STEM club,,,,,,,,,
,,,,,,,,,,,,Executive in the school Science club (seperate clubs),,,,,,,,,
,,,,,,,,,,,,UBC Physics Olympics (HS) team,,,,,,,,,
,,,,,,,,,,,,Adopt-a-street volunteering 200 hours,,,,,,,,,
,,,,,,,,,,,,Youth Debate League (non-profit) social media manager,,,,,,,,,
,,,,,,,,,,,,Standard First Aid and Bronze Medallion training,,,,,,,,,
,,,,,,,,,,,,Student Council volunteer,,,,,,,,,
153,,WWH,Mechanical Engineering,University Of Waterloo,Accepted,94.5,96.5,96.75,96.75,96.67,No,"School orchestras for 3 yrs (section leader 1yr). Flowboat 1 yr. Robotics club executive 1 yr. EV club. Summer Job. Use the ""Additional Information"" section in Part B of the AIF to expand on your excs. They word it to make it sound like its for special circumstances but you can put anything you want.",15-Jan-24,12-Mar-24,No,Canada,Canada,Ontario,Downtown-Sherbert520,,
154,,WWH,Mechanical Engineering (Co-op only),University Of Waterloo,Accepted,96,97.5,,,97.5,did the csmc but it was mid lol,imo ecs were kinda mid but they were pretty niche and I was able to talk passionately about them,11-Oct-23,12-Mar-24,,Canada,Canada,Ontario,Specialist_Rent9074,,
155,,WWH,Mechanical Engineering (Co-op),University Of Waterloo,Accepted,91,93,94,,92.33,,"Curling Captain, Track CoCaptain, Piano for 8+ years, Guitarist, Rep Basketball, Work experience (tutoring, summer camp), 150 hours, engineers without borders, HOSA",07-Nov-23,12-Mar-24,,Canada,Canada,Ontario,AggravatingMovie3001,,
156,,WWH,Mechanical Engineering (Co-op）,University Of Waterloo,Accepted,94,92,94,,94,,"Shad 2023, Waterloo Problem Solving Sumer Camp 2022, UBC Geering Up engineering 2023",04-Jan-24,13-Mar-24,President entrance scholarship,China,Canada,British Columbia,N/A,,
157,,WWH,Mechanical Engineering Co-op,University Of Waterloo,Accepted,96,98.3,97.5,,98.3,,,17-Oct-23,12-Mar-24,,Canada,Canada,Ontario,N/A,,Super excited and relieved
158,,WWH,Mechanical Engineering Honours (Co-op),University Of Waterloo,Accepted,98,93,90,,95 (?),No,"Extracurriculars from school I did over the last two years, no engineering related ec's",31-Oct-23,13-Mar-24,$2000 entrace scholarship,Canada and Vietnam,Canada,New Brunswick,vincent-ngu don't use it alot though,No discord but I got insta: vince.nguyen6 and snap: vinny.nguyen,Feel free to dm me if you got any questions 🙏
159,,WWH,Mechanical Engineering Honours Co-op,University Of Waterloo,Accepted,95.31,92.7,93.32,,96.14 (They deflated it a few percent from this since my school’s pass/fail was 60% not 50%),11 AP tests,- President of Engineering Club.,13-Jan-24,31-Mar-24,President’s Scholarship,Canada,Canada,Ontario,CommissionRecent886,armaniarghavani,"I took 11 AP courses, 1 in grd 10, 4 in grd 11, 6 in grd 12. My grade 11 course counted as grade 12 since they were college level courses."
,,,,,,,,,,,,- Founder of my school’s renewable wind energy challenge team.,,,,,,,,,
,,,,,,,,,,,,- Recruitment Officer for school’s Women in Engineering Club.,,,,,,,,,
,,,,,,,,,,,,- International distinction in Shotokan Karate.,,,,,,,,,
,,,,,,,,,,,,- 1st Place in California for a Wind Turbine Challenge (KidWind Challenge) (1st in 2023 and 2024),,,,,,,,,
,,,,,,,,,,,,- 6th Place nationally in the US for the KidWind Challenge (2023 and competing in May 2024),,,,,,,,,
,,,,,,,,,,,,- 2nd Place in California for College Physics (Health Occupations Students of American State Leadership Conference),,,,,,,,,
,,,,,,,,,,,,- Developed a Fuzzy logic model to predict impact on cost and schedule of engineering projects using various inputs (Submitting for publication soon),,,,,,,,,
,,,,,,,,,,,,- Developed a Fuzzy logic model that predicts whether you should keep or sell stocks based on the stocks changes over various time increments.,,,,,,,,,
,,,,,,,,,,,,- Working on a research paper on a renewable hydrogen fuel cell car engine.,,,,,,,,,
,,,,,,,,,,,,- Wrote a research paper on the extent to which anime and philosophy are linked.,,,,,,,,,
,,,,,,,,,,,,- Varsity Volleyball Captain,,,,,,,,,
160,,WWH,University of Waterloo - Mechanical Engineering (Co-op only),University Of Waterloo,Accepted,96,97,96,,97-98,"No, surprisingly I did no Waterloo physics or math competitions which I thought were basically required to get in",,10-Oct-23,12-Mar-24,Just the general - if you keep above 95% you can get something like $4500,Canada,Canada,Ontario,Tootertwader,,
161,,WWJ,Computer Engineering,University Of Waterloo,Accepted,93,91,92,,92,,Robotics,31-Oct-23,13-Mar-24,Yes,Canada,Canada,Alberta,YYC123,,
162,,WWJ,Computer Engineering,University Of Waterloo,Accepted,93,97,97,,97,N/A,Literally just played volleyball and badminton,20-Dec-23,12-Mar-24,NA,Canada,Canada,Ontario,Maptacular,Clanmitts,No clue how I got in. My schools 2023 adjustment factor is 19. How you write your AIF is much more important that what you are writing about.
163,,WWJ,Computer Engineering,University Of Waterloo,Accepted,96,95.5,,,95.5,,"SHAD, TKS, SAC - explained them well",14-Dec-23,12-Mar-24,2k conditional,Canada,Canada,Ontario,n/a,insta: @hxreshgoyal,
164,,WWJ,Computer Engineering (Co-op only),University Of Waterloo,Accepted,96,96.7,95,,96,,"studco coprez, cs club co-lead, tech startup club co-lead, FRC, math club exec, soccer, FTC volunteer mentor",12-Oct-23,12-Mar-24,I don't think so,Canada,Canada,Ontario,N/A,vector06,
165,,WWJ,Computer Engineering (Co-op only),University Of Waterloo,Accepted,97,97,,,98,AP CALC AB,Piano: Since age 4,13-Jan-24,13-Mar-24,"Yes, $2000 standard issue",Canada,Canada,British Columbia,driedH2O,spiltmilkis,I prefer discord contact
,,,,,,,,,,,,"STEM Club: Treasurer, 3 years",,,,,,,,,
,,,,,,,,,,,,"Coding Club: Design Director, 1 year",,,,,,,,,
,,,,,,,,,,,,"Music Council Executive: Field Studies Coordinator, 1 year",,,,,,,,,
,,,,,,,,,,,,"Section Leader: Violin II, Flute, 3 years",,,,,,,,,
,,,,,,,,,,,,"Sea Cadets: Senior instructor, almost 7 years",,,,,,,,,
,,,,,,,,,,,,"Tutoring: All grades of math chem and physics, 1 year",,,,,,,,,
166,,WWJ,Computer Engineering (Co-op only),University Of Waterloo,Accepted,95.75,95,96,,96,n/a,good extracurriculars,07-Nov-23,12-Mar-24,don't think so,Canada,Canada,Ontario,no account,,yipee
167,,WWJ,Computer Engineering (Co-op),University Of Waterloo,Accepted,96,94.75,98,98,98.13,,"DECA ICDC qualifier, Robotics Clubs, Part-time tutoring job",14-Jan-24,12-Mar-24,,Canada,Canada,Ontario,Krix_TM,,Gl to everyone!!!
168,,WWJ,Computer Engineering (Co-Op),University Of Waterloo,Accepted,96.3,94.2,,94.8,94.8,,"- DECA ICDC, Top 20 FBLA & Exec, Model UN, Vex Robotics Team Lead",10 Jan 2024,12-Mar-24,Not yet....,Canada,Canada,Ontario,Linkz_86,Linksu,Idk how i did it but still ...... i'm in !!!!!!!
169,,WWJ,Computer Engineering (Coop),University Of Waterloo,Accepted,97,95,92,,95,,SHAD; DECA executive; CS club exec; School Champion medal in Hypatia and Fermat; Badminton team; 120 Volunteer Hours at a Non profit,15-Jan-24,12-Mar-24,Not as of yet,Canada,Canada,Ontario,Prefer not to share,,
170,,WWJ,Computer Engineering (COOP),University Of Waterloo,Accepted,95,96,97,,96.5,,Involvement in Robotics,26-Jan-24,12-Mar-24,No,Canada,Canada,Ontario,???,,
171,,WWJ,Computer Engineering Co-op,University Of Waterloo,Accepted,95,97.2,97,97,97.2,,"robotics, part time job, concertmaster of orchestra, multiple school clubs",15-Jan-24,13-Mar-24,2k,Canada,Canada,British Columbia,InterestingDeer9998,,
172,,WWJ,Computer Engineering Honours Co-Op,University Of Waterloo,Accepted,96,95,95,,95,"CCC Distinction, AP Comp Sci 5/5","Part time job, REP hockey player, exec of computer engineering, programming, and chess club, varsity badminton, programming interpreter project, plus volunteering at McMaster University",29-Dec-23,12-Mar-24,University of Waterloo President’s Scholarship of Distinction,Canada,Canada,Ontario,_Leg3ndary,leg3ndary,Now just waiting on CS :)
173,,WWJ,University of Waterloo - Computer Engineering (Co-op only),University Of Waterloo,Accepted,91.8,91.2,93,,91.2,CEMC Mathematical Problem Solving Course - Standard of excellence,"Special Circumstance: Had to withdraw from English in sem 1, and took it an asynchronous format",15-Jan-24,13-Mar-24,$2000 conditional scholarship (maintain 90+ avg),Canada,Canada,Alberta,ButtonIndividual5235,,
,,,,,,,,,,,,,,,,,,,,,
,,,,,,,,,,,,ECs:,,,,,,,,,
,,,,,,,,,,,,"Breakfast Club Founder (15k funding, helped feed over 300 students)",,,,,,,,,
,,,,,,,,,,,,,,,,,,,,,
,,,,,,,,,,,,Alberta Science Olympics Gold Champion,,,,,,,,,
,,,,,,,,,,,,,,,,,,,,,
,,,,,,,,,,,,"Software Developer Job (Contracted and originally worked as an intern myself at this company. I have mentored over 20 undergraduate interns, done work in ML and application software, and did presentations in front of individuals such as the former vice president of intel)",,,,,,,,,
,,,,,,,,,,,,,,,,,,,,,
,,,,,,,,,,,,(UNPAID)Web and Tech Department Manager @ a non-profit,,,,,,,,,
,,,,,,,,,,,,,,,,,,,,,
,,,,,,,,,,,,"Broadcasting Club Lead Hardware Engineer (helped found the school course, conducted broadcasts at schools without tech)",,,,,,,,,
,,,,,,,,,,,,,,,,,,,,,
,,,,,,,,,,,,(UNPAID) Mobile Applications Intern @ student-led startup,,,,,,,,,
,,,,,,,,,,,,,,,,,,,,,
,,,,,,,,,,,,Student Senator on district level,,,,,,,,,
,,,,,,,,,,,,,,,,,,,,,
,,,,,,,,,,,,UWaterloo Mathematical Problem Solving course standard of excellence certificate,,,,,,,,,
,,,,,,,,,,,,,,,,,,,,,
,,,,,,,,,,,,Loran Provincial Finalist (not national),,,,,,,,,
,,,,,,,,,,,,,,,,,,,,,
,,,,,,,,,,,,Schulich Nomniee,,,,,,,,,
,,,,,,,,,,,,,,,,,,,,,
,,,,,,,,,,,,Computer Technology Medium Blogger,,,,,,,,,
,,,,,,,,,,,,,,,,,,,,,
,,,,,,,,,,,,Esports Club Leader,,,,,,,,,
,,,,,,,,,,,,,,,,,,,,,
,,,,,,,,,,,,NHL Youth Advisory Board Member,,,,,,,,,
,,,,,,,,,,,,,,,,,,,,,
,,,,,,,,,,,,Google Developer Groups Machine Learning Mentor,,,,,,,,,
,,,,,,,,,,,,,,,,,,,,,
,,,,,,,,,,,,YIC Top 10 Team (helped develop a hearing aid prototype with funding),,,,,,,,,
,,,,,,,,,,,,,,,,,,,,,
,,,,,,,,,,,,CodeNinjas Volunteer Instructor,,,,,,,,,
,,,,,,,,,,,,,,,,,,,,,
,,,,,,,,,,,,Kaggle Contributor with over 3000 views on various datasets (I also have a public machine learning model which predicts house prices in my area with 91% accuracy),,,,,,,,,
,,,,,,,,,,,,,,,,,,,,,
,,,,,,,,,,,,Youreka University Club Graphic Designer,,,,,,,,,
,,,,,,,,,,,,,,,,,,,,,
,,,,,,,,,,,,Mental Health Club co-founder,,,,,,,,,
174,,WWJ,Waterloo CE - Coop,University Of Waterloo,Accepted,93,92.8,95,95,92.8,N/A,"Good ECs, dm on reddit and i'll send a list iyw",08-Nov-23,19-Apr-24,Yes,Canada,Canada,Ontario,moistpotato4skin,dookybutt,
175,,EE,Engineering,Western University,Accepted,98.3,0,,,98.3,,,01-Oct-23,10-Nov-23,$3500 scholarship of distinction (given for 92+ average),Canada,Canada,Ontario,,,got the acceptance before any gr 12 marks
176,,EE,Engineering,Western University,Accepted,93.5,86.3,,,,,Nope,02-Nov-23,10-Nov-23,,Canada,Canada,,,,didn’t expect an offer this early
177,,CEA,Carleton University - B. Engineering: Aerospace,Carleton University,Accepted,93,91,93,,91,,,14-Nov-23,22-Dec-23,$3000 over 4 years,Canada,Canada,Ontario,deltajet3,delta#6475,
178,,CEA,Carleton University - B. Engineering: Aerospace,Carleton University,Accepted,79,91.4,,,91.40%,N/A,N/A,22/11/2023,01/05/2024,"Yes, 12 thousand dollar CAD + Guaranteed Residency",Canada,Canada,Ontario,"I don't have, sorry",N/A,FUN :D
179,,OBC,Bachelor of Applied Science in Mechanical Engineering and Bachelor of Sc. in Computing Technology COOP Program,University of Ottawa,Accepted,82,86,,,Chem - 85 English - 85 Kinesiology - 84 Calc - 85 MHF4U - 94 and Physics - 81,no,no,24/11/2023,02/05/2024,No,Canada,Canada,Ontario,MediocreKoala1090,,
,,,,,,,,,,,,,,,,,,,,,
180,,,Waterloo Mechanical Engineering Co-op,University Of Waterloo,Accepted,91,94,,,94,,,,09/05/2024,,Canada,Canada,Ontario,AccomplishedSwan577,,
181,,CEC,Non-Co-op Computer Engineering,Carleton University,Accepted,95,94,,,97,,,02-Nov-23,22-Nov-23,$16000 - $4000 renewable every year for 4 years,Canada,Canada,Ontario,Turbulent_Ad_349,,
182,,CED,B. - Engineering: Mechanical,Carleton University,Accepted,90,86,90,,86,,"nothing for carelton, no supp app",07-Nov-22,15-Nov-22,12k over 4 years,Canada,Canada,Ontario,u/ihavexxlpp,,
183,,CEJ,B. Engineering: Biomedical & Mechanical w/Co-Op,Carleton University,Accepted,97,94,95,,94,,,04-Dec-23,05-Dec-23,$4000 academic scholarship,Canada,Canada,Ontario,alizaa1,,
184,,CEB,Civil engineering(cooperative education),Carleton University,Accepted,90,90,85,,90,,,20-Oct-23,21-Nov-23,12 thousand,India,Canada,Ontario,Sudden_bandit,,
185,,CEC,computer systems engineering co-op,Carleton University,Accepted,90,91,94,,75-85%,,nope,20-Nov-23,22-Nov-23,just the enterance scholarship,Canada,Canada,Ontario,.,,
186,,CEC,Computer Engineering Co-op,Carleton University,Accepted,94.7,91.25,94,,90-94.9,,,18-Oct-23,20-Nov-23,$3000/year,Canada,Canada,Ontario,,,
187,,CEG,B. Engineering: Biomedical & Electrical,Carleton University,Accepted,88,86,91,,91,,no,05-Nov-23,25-Nov-23,Yes,Canada,Canada,Ontario,u/WxT_,blondedkv,"These were the I THINK marks they used: ENG4U - 97, SPH4U - 94, TEJ3M1 - 96, SCH3U - 89, DCO3OC - 89, MCR3U - 81"
188,,CEK,Sustainability and Renewable Energy Engineering (with CO-OP),Carleton University,Accepted,92.67,92,95,,82-86%,,,27-Oct-23,20-Nov-23,,Canada,Canada,Ontario,olalos,,
189,,CEP,"Bachelor of Engineering: Engineering Physics, Co-op",Carleton University,Accepted,89,92,92,,Around 90-93,,No,27-Nov-23,29-Nov-23,No,Canada,Canada,Ontario,bayonet1405,,
190,,SCE,Computer Engineering,Toronto Metropolitan University,Accepted,89,90.6,90,,90,,,11-Nov-23,05-Dec-23,,Canada,Canada,Ontario,moochelle_,moochellelol,Feel free to DM if anything
191,,SCE,Computer Engineering,Toronto Metropolitan University,Accepted,92.5,93,,,93,,,,05-Dec-23,,Canada,Canada,Ontario,,,
192,,SCE,Computer Engineering,Toronto Metropolitan University,Accepted,91,94,94,,92.6,,,05-Nov-23,14-Dec-23,,Canada,Canada,Ontario,,,
193,,SCE,Computer Engineering,Toronto Metropolitan University,Accepted,93.9,94.5,96,,94.5,N/A,N/A,06-Nov-23,15-Dec-23,,Canada,Canada,Ontario,Dont have one,,im happy
194,,SCE,Computer Engineering,Toronto Metropolitan University,Accepted,95,95,,,95.67,,,,16-Dec-23,,Canada,Canada,Ontario,n/a,,
195,,SCE,Toronto Metropolitan University - Computer Engineering (Co-op available),Toronto Metropolitan University,Accepted,92,90,93,,92,,,21-Nov-23,07-Dec-23,,Canada,Canada,Ontario,u/carrotedsquare,milkman99999,
196,,SCF,Chemical engineering COOP,Toronto Metropolitan University,Accepted,93,92.75,,,93.5,,,07-Nov-23,07-Dec-23,,Canada,Canada,Ontario,na,,
197,,DCE,Electrical Engineering (co-op),Ontario Tech University,Accepted,90,95,,,Mid 70s,,,,24-Nov-23,,Canada,Canada,,,,
198,,DCW,Ontario Tech University - Software Engineering (BEng/BEngM) (Co-op),Ontario Tech University,Accepted,92,95.5,95,,95.5,,"heads of 2 clubs, part of school environmental team, robots club, and more",16-Nov-23,16-Nov-23,,Canada,Canada,Ontario,chimp_2020,,
199,,OEE,Chemical engineering CO-OP,University of Ottawa,Accepted,93,92.75,,,93.5,,,07-Nov-23,21-Nov-23,,Canada,Canada,Ontario,,,
200,,OEE,Bachelor of Applied Science Chemical Engineering (Co-op),University of Ottawa,Accepted,94.1,93.75,,,Low to mid 80s,,No,05-Nov-23,22-Nov-23,$3000 entrance scholarship,Canada,Canada,Ontario,,,
201,,OEE,Chemical Engineering,University of Ottawa,Accepted,93,92.75,,,93.5,,,07-Nov-23,21-Nov-23,$2000 scholarship,Canada,Canada,Ontario,,,
202,,OEE,Chemical Engineering co-op,University of Ottawa,Accepted,97,98,,,Mid 80s,,,,21-Nov-23,Yes,Canada,Canada,,.,,
203,,OHE,civil engineering,University of Ottawa,Accepted,93.4,93.5,,,,,,,22-Nov-23,$2000 admission scholarship,Canada,Canada,Ontario,,,"Conditional acceptance- need 78 average, 70 in science/math courses"
204,,YT,Engineering,York University,Accepted,84,83,85,87,idk,nope,nope,,20-Dec-06,,Canada,Canada,,r3r,,
205,,YT,Engineering,York University,Accepted,87,91.3,96,,89.16,,,,15-Dec-23,,Canada,Canada,Ontario,N/A,,
206,,YT,Engineering,York University,Accepted,94.67,96.5,,,96.5,,,,08-Dec-23,,Canada,Canada,Ontario,i dont use reddit,,
207,,YT,Engineering (BEng) - including Co-op,York University,Accepted,93,94,95,,94,,,21-Nov-23,09-Dec-23,4500 entrance scholarship,Canada,Canada,Ontario,bussingbussy,,
208,,YT,Engineering (BEng) - including Co-op,York University,Accepted,91,94,95,,92? (don't have marks for all req'd courses so just filled in other gr 12 courses),,"Nothing insane; founded a club, did some volunteering, participated in various things",23-Nov-23,08-Dec-23,Entrance scholarship,Canada,Canada,Ontario,-,dolfies,
209,,ENG,Electrical Engineering Co-op,McMaster University,Accepted,91,88,92,,"ADVANCED FUNCTIONS GR 12, ADVANCED FUNCTIONS GR 11, PHILOSOPHY, CHEMISTRY, COMPUTER ENGINEERING, ENGLISH",,,08-Dec-23,27-Dec-23,,Canada,Canada,Ontario,DD,DDDD,DDD
210,,GBL,Non-Co-op Computer Engineering,University of Guelph,Accepted,95,94,,,97,,,02-Nov-23,12-Dec-23,$2000 Entrance Scholarship,Canada,Canada,Ontario,Turbulent_Ad_349,,
211,,GBS,"Bachelor of Computing, Honours Co-op Major Software Engineering",University of Guelph,Accepted,96.5,98,,,97.85,,,,12-Dec-23,,Canada,Canada,Ontario,u/Adventurous_Doubt_31,oliverkm,
212,,GBS,Software Engineering,University of Guelph,Accepted,80,95.8,99,,95.8,,,28-Dec-23,08-Jan-24,"$2,000 ",Canada,Canada,Ontario,sluggieeeeee,,
213,,MEC,McMaster University - Engineering I (Co-op),McMaster University,Accepted,92.5,94.4,94,,93.4,,"Provincial Hockey, School dragon boat fundraising team, Competitive Baseball, Basketball, Middle school home and school volunteering",24-Oct-23,17-Dec-23,Not yet,Canada,Canada,New Brunswick,flyen_ryan,,
214,,N/A,Computer Engineering and CS,McGill University,Accepted,94.8,97.5,,,97.5,,,,19-Jan-24,,Canada,Canada,British Columbia,Zealousideal_Might31,,
215,,N/A,Bachelor of Science in Engineering,University of Alberta,Accepted,88,89,90,,88,No,No supplemental apps,25-Nov-23,29-Nov-23,No,Canada,Canada,Ontario,.,,
216,,OHE,UO: Civil Engineering Co-op Program,University of Ottawa,Accepted,96.5,96.6,96,,96.6,,,05-Nov-23,22-Nov-23,$3000 entrance scholarship,"China, Canadian Permanent Resident",Canada,Ontario,u/arquebuses,,This was a safety lol
217,,OSE,Physics and Electrical Engineering (Double degree),University of Ottawa,Accepted,93,94,95,,93,,,29-Oct-23,21-Nov-23,Entry 2K Scholarship,Canada,Canada,Ontario,mighty_nile3100,,
218,,EE,Electrical Engineering,Toronto Metropolitan University,Accepted,90,95,95,,90,,,,07-Dec-23,,Canada,Canada,,None,,
219,,DCO,"Bachelor of Engineering and Co-op (Hons), Mechatronics Engineering",Ontario Tech University,Accepted,97,94,95,,95,,,04-Dec-23,05-Dec-23,$4000 academic scholarship,Canada,Canada,Ontario,alizaa1,,Yay
220,,DCW,Software Engineering (BEng/BEngM) (Co-op),Ontario Tech University,Accepted,96,93,94,,94,,,30-Nov-23,01-Dec-23,"$4,000 first year entrance scholarship",Canada,Canada,Ontario,Rectified_Ninja,,
221,,YT,Engineering (BEng) - including Co-op,York University,Accepted,85,92,95,,90.75% (IB 33/45),IB score 35/45,,20-Dec-23,22-Jan-24,$2500 entrance scholarship,Canada,Canada,Nova Scotia,AKmaster101,theamaster,
222,,YT,Engineering (BEng) - including Co-op,York University,Accepted,96.7,97.3,,98,98,,im and internation student but studying in canada,13-Jan-24,21-Feb-24,$2500 entrance scholarship,Jordan,Canada,Ontario,n/a,,
223,,YT,Engineering (BEng) - including Co-op,York University,Accepted,87.5,93,96,,89,,,05-Nov-23,24-Jan-24,"$1,500 ",Canada,Canada,Ontario,Shehraan1,,
224,,EE,Engineering,Western University,Accepted,85,92,93,,94,,,,15-Dec-23,,Canada,Canada,Ontario,N,,
225,,EE,Engineering,Western University,Accepted,91.5,92.8,93.8,,94.2,,,28-Nov-23,23-Dec-23,3500$ Scholarship,Canada,Canada,British Columbia,Massive_Hope_5748,,
226,,EE,Engineering,Western University,Accepted,95.5,94,95,,97,,,12-Nov-23,14-Dec-23,,Canada,Canada,Ontario,Tricky-Eggplant-8467,,
227,,EE,Engineering,Western University,Accepted,94,95.5,96,,96.2,,,15-Nov-23,29-Nov-23,,Canada,Canada,British Columbia,No_Youth4870,,
228,,EE,Engineering,Western University,Accepted,92,98.7,,,94.67,,,26-Sep-23,14-Dec-23,"Standard Entrance Scholarship ($2,500)",Canada,Canada,Ontario,n/a,,
229,,EE,Engineering,Western University,Accepted,96.5,95.66,97.5,,96.4,,,21-Oct-23,14-Dec-23,$2500 Entrance Scholarship,Canada,Canada,Ontario,yeeeeeeeeeeteeeeeee,,
230,,EE,Engineering (Co-op and Regular) (Biomedical & Chemical Engineering (co-op optional)),Western University,Accepted,96.5,97.5,96,,97.3,,,15-Oct-23,14-Dec-23,"3,500",Canada,Canada,Ontario,kae_06,,
231,,EE,Engineering (Co-op and Regular)(Biomedical & Mechatronic Engineering (co-op optional)),Western University,Accepted,97.29,98.67,96.89,,97.67,,,07-Nov-23,21-Dec-23,"$3,500 ",Canada,Canada,Ontario,ijusthadicecream,,
232,,EE,MN: Engineering (Co-op and Regular),Western University,Accepted,92,95,96,,95.66,,,,14-Dec-23,,Canada,Canada,Ontario,SugarPhysical444,,
233,,CES,Softwear Engineering w/ Co-op,Carleton University,Accepted,94.67,96.67,,,96.67,,,,21-Nov-23,16k,Canada,Canada,,.,,
234,,CES,Software Engineering,Carleton University,Accepted,94.75,94.75,96.5,0,95.83,,No supp app,12-Oct-23,21-Nov-23,$16000 scholarship ($4000 over 4 years),Canada,Canada,Ontario,MetalStriker,,
235,,CES,Software Engineering,Carleton University,Accepted,96,96,96,,96.7,,Nope,,21-Nov-23,,Canada,Canada,Ontario,,,
236,,N/A,Engineering,University of Calgary,Accepted,94,94,93,,96,,,07-Nov-23,30-Nov-23,,Canada,Canada,Ontario,u/WillumFromCanada,,UCalgary so underrated
237,,GMB,Biological Engineering (CO-OP),University of Guelph,Accepted,92.57,92.75,,,93.33,,,15-Jan-24,05-Feb-24,,Canada,Canada,Ontario,na,,
238,,ENG,Mechanical Engineering Co-op,University of Guelph,Accepted,94,98.25,97.3,,95,,,,05-Feb-24,$1000 entrance scholarship,Canada,Canada,Ontario,N/A,,
239,,N/A,Engineering,University of British Columbia,Accepted,94,95,,,95,,,,15-Jan-24,,Canada,Canada,Ontario,N/A,,Skill issue
240,,,Electrical Engineering Co-op,University of Ottawa,Accepted,96,92,94,,95,,,01-Nov-23,29-Nov-23,,Canada,Canada,Ontario,casksteven,casksteven,
241,,OID,Electrical engineering and Computing Technology,University of Ottawa,Accepted,92,93,92,,92,No,,11-Nov-23,05-Dec-23,3000,Burundi,Canada,Ontario,Icashar,,
242,,OIE,Bachelor of Applied Science Electrical Engineering (Co-op),University of Ottawa,Accepted,90.4,91.25,90,,90.1,,,22-Nov-23,06-Dec-23,$2000 Entrance Scholarship,Canada,Canada,Ontario,,,
243,,OJB,Mechanical engineering and Computing Technology,University of Ottawa,Accepted,92,93,92,,93,,,11-Nov-23,05-Dec-23,3000,Burundi,Canada,Ontario,Icash,,
244,,QE,Engineering - Common First Year,Queens University,Accepted,97,98,,,97,,,24-Nov-23,06-Dec-23,principals scholarship $7000,Canada,Canada,Ontario,n/a,,
245,,QE,Engineering - Common First Year - including optional internship (filed of interest: Electrical Engineering),Queens University,Accepted,98,99,,,98.6,,,10-Nov-23,06-Dec-23,no,Canada,Canada,Ontario,],,
246,,QE,Engineering including optional internship,Queens University,Accepted,97.25,99.25,98.5,,99.25,n/a,n/a,07-Nov-23,06-Dec-23,"Yes, President’s scholarship ($7,000)",Canada,Canada,Ontario,i do not have a reddit account but my discord should be messageable if needed,sodaslosher,
247,,QE,Queen's University - Engineering - Common First Year - including optional internship (BASc),Queens University,Accepted,92.5,95.8,95.33,,95.8,N/A,None cause there was no supplemental,20-Oct-23,06-Dec-23,maybe idk,Canada,Canada,Ontario,N/A,nullif_ed,
248,,QE,"Applied Science, Smith Engineering",Queens University,Accepted,94,95,,,95,,,17-Nov-23,06-Mar-24,Unknown,Canada,Canada,Ontario,No,,
249,,QE,Common first year engineering at queens,Queens University,Accepted,93.8,93.6,94,,93.6,,,31-Oct-23,10-Apr-24,,Canada,Canada,Ontario,u/mighty_nile3100,,
250,,QE,Engineering,Queens University,Accepted,95.5,97,,,"ENG4U0 - 98, MHF4U - 98, SCH4U - 95",,,10-Oct-23,06-Mar-24,Need to check,Canada,Canada,Ontario,tootertwader,,First choice! I think I'm gonna commit here
251,,QE,Engineering - Common First Year,Queens University,Accepted,95,96,97,,97,,I don't think Queen's cares lmao,09-Nov-23,06-Mar-24,Solus hasn't updated yet so I don't know,Canada,Canada,Ontario,I don't have a reddit account I'm sorry,13taylorswift,
252,,QE,Engineering - Common First Year - including optional internship,Queens University,Accepted,94,95,97,,96.4,,,,14-Mar-24,"$8,500 ",Canada,Canada,,Turbulent_Ad_349,,
253,,QE,Engineering - Common First Year - including optional internship (BASc),Queens University,Accepted,98,97.5,98,,97.33,,,30-Oct-23,06-Dec-23,"$7,000 ",Canada,Canada,Ontario,user937275,,
254,,QE,Engineering - Common first year - optional internship,Queens University,Accepted,92.57,92.75,,,93.6,,,07-Dec-23,06-Mar-24,not yet,Canada,Canada,Ontario,na,,
255,,QE,Engineering (Co-op),Queens University,Accepted,95,92,92,,91,,,11-Dec-23,29-Feb-24,,Canada,Canada,Ontario,jacobwong8,,Senioritis can kick in now
256,,QE,Queen's University - Engineering - Common First Year - including optional internship (BASc),Queens University,Accepted,92,96,96,,97,,Chancellor's scholarship nominee,06-Nov-23,14-Feb-24,,Canada,Canada,Ontario,na,,
257,,QE,Queen's University - Engineering - Common First Year - including optional internship (BASc),Queens University,Accepted,94.75,93.666,,,93.666,,,23-Oct-23,06-Mar-24,,Canada,Canada,Ontario,IllBarracuda662,,
258,,QE,Queens engineering (common first year) + optional QUIP,Queens University,Accepted,98,93,95,,95-97 (?),N/a,N/a,31-Oct-23,11-Jan-24,None,Canada and vietnam,Canada,New Brunswick,vincent_ngu,No discord but I got insta: vince.nguyen6 and snap: vinny.nguyen,
259,,QE,Smith Engineering,Queens University,Accepted,96,94,94,,94,,,,06-Mar-24,,Canada,Canada,Ontario,u/WillumFromCanada,,
260,,QE,Smith Engineering,Queens University,Accepted,92.667,92.25,,,92.25,,NA queens,,06-Mar-24,,Canada,Canada,Ontario,egginasuit,,
261,,QEC,Computer Engineering or Electrical Engineering - Innovation,Queens University,Accepted,96,96.83,,,96.83,,,26-Oct-23,06-Mar-24,,Canada,Canada,Ontario,Frosty-Ad-1716,,
262,,QEC,Computer Engineering or Electrical Engineering - Innovation - including optional internship,Queens University,Accepted,87,94,93,,93,,,01-Dec-23,29-Feb-24,"$4,005 ",Canada,Canada,Ontario,emr444,,
263,,QEC,Computer Engineering or Electrical Engineering - Innovation - including optional internship (BASc),Queens University,Accepted,85,92,95,,90.75,,,07-Nov-23,28-Feb-24,,Canada,Canada,Nova Scotia,AKmaster101,theamaster,
264,,QEC,Computer Engineering or Electrical Engineering - Innovation Stream,Queens University,Accepted,96.5,96.83,,,96.83,,,26-Oct-23,29-Feb-24,,Canada,Canada,Ontario,Frosty-Ad-1716,xera_phix,
265,,QEC,Queens Computer Engineering or Electrical Engineering - Innovation - including optional internship (BASc),Queens University,Accepted,97.67,99.75,99.5,,98.5,,no app,23-Oct-23,30-Nov-23,about $13000 in total listed on SOLUS,Canada,Canada,Ontario,StupidRat274,scauper,
266,,QEM,Mechatronics and Robotics Engineering,Queens University,Accepted,96,96,96,,96.17,,,03-Oct-23,06-Mar-24,,Canada,Canada,Ontario,03en7an,,
267,,QEM,Mechatronics and Robotics Engineering,Queens University,Accepted,88,93,93,,93,No,No,17-Nov-23,18-Jan-24,Yes,Colombia but have PR,Canada,Ontario,Ok-Okra3145,N/A,
268,,QEM,Mechatronics and Robotics Engineering including optional internship,Queens University,Accepted,97,98,97,,98,,,15 Oct 0023,30-Nov-23,,Canada,Canada,Ontario,U/practical-side-4828,,
269,,QEX,Queen's University - Computer Engineering or Electrical Engineering - Innovation - including optional internship (BASc),Queens University,Accepted,95.5,95.6,95.6,95.6,96.3,N.A,None was needed,15-Nov-23,06-Dec-23,N/A,Canada,Canada,Ontario,4w40,Obama#1824,It was my sixth choice so I felt kinda bad.
270,,OSE,Honours Bachelor of Science in Physics and Bachelor of Applied Science in Electrical Engineering (Co-op),University of Ottawa,Accepted,90.4,91.25,90,,90.1,,,22-Nov-23,06-Dec-23,$2000 Entrance Scholarship,Canada,Canada,Ontario,,,
271,,SAA,Aerospace Engineering,Toronto Metropolitan University,Accepted,86,89,,,87,,,07-Nov-23,16-Jan-24,,Canada,Canada,Ontario,ilovemybftheobb,,
272,,SEJ,Electrical Engineering (Co-op available),Toronto Metropolitan University,Accepted,85,92,,,92,,,21-Nov-23,19-Dec-23,No,Canada,Canada,Ontario,casualmobilegamer,,
273,,SEU,Undeclared Engineering,Toronto Metropolitan University,Accepted,87.75,90,,,,no,no,,06-Dec-23,,Canada,Canada,Ontario,N/A,,
274,,SEU,Undeclared Engineering,Toronto Metropolitan University,Accepted,92,90,90,,92,,,05-Nov-23,14-Dec-23,,Canada,Canada,Ontario,Bornspecialist1051,,
275,,SEU,Undeclared Engineering (First Semester Studies Only),Toronto Metropolitan University,Accepted,97.5,96.7,,,96.5,,,15-Dec-23,17-Dec-23,,Canada,Canada,Ontario,niconiconii,,
276,,OJA,Software Engineering (with mandatory co-op),University of Ottawa,Accepted,91,92,92,,93,Nope,,11-Nov-23,13-Feb-24,Entrance scholarship + french studies =4000$,Canada,Canada,Ontario,Icash,,
277,,SEW,Software engineering,Ontario Tech University,Accepted,79.7,82,,,"Physics - 79 (11) , math 67 (11) , chem 77 (11) ,",,,,12-Nov-23,,Canada,Canada,Ontario,Discoman335,,
278,,TB,Chemical Engineering,University of Toronto,Accepted,97.5,96,95,,98.5,,,22-Oct-23,12-Dec-23,,Canada,Canada,Ontario,,,
279,,QE,Engineering - Common First Year - including optional internship (BASc) (Math & Engineering),Queens University,Accepted,97,97,97,,"100, 98, 99, 95, 98, 95",,OFSAA - Cross Country,01-Nov-23,24-Jan-24,"2,000",Canada,Canada,Ontario,violet,,
,,,,,,,,,,,,Mathletes,,,,,,,,,
280,,QE,Engineering - Common First Year,Queens University,Accepted,97.7,99,,,99.4,,No supplementary,16-Oct-23,06-Dec-23,$7000 principals scholarship,Canada,Canada,Ontario,I don't have a reddit account,,
281,,QE,Engineering - Common First Year - including optional internship (BAsc),Queens University,Accepted,96,97.75,97,,97.6,,,22-Nov-23,24-Jan-24,,Canada,Canada,Ontario,Specialist_Rent9074,,
282,,QE,Engineering - Common First Year - including optional internship (BASc),Queens University,Accepted,94.9,91,94,,95.8,,,07-Nov-23,24-Jan-24,,Canada,Canada,Ontario,n/a,,
283,,QE,Engineering (general),Queens University,Accepted,96.7,93.3,96.5,,95,,,,18-Jan-24,,Canada,Canada,Ontario,NA,,
284,,QE,Queen's University - Engineering - Common First Year,Queens University,Accepted,97.5,96.7,,,96.7,,,11-Dec-23,23-Jan-23,$7000 entrance scholarship,Canada,Canada,Ontario,niconiconii,,
285,,ME,McMaster Engineering,McMaster University,Accepted,93,95.8,96,,95.8,,,25-Oct-23,07-Mar-24,3000 dollars,Canada,Canada,Ontario,demarderozanisapp,GlendonQuagmire,
286,,ME/MEC,Engineering I Co-op,McMaster University,Accepted,90.83,95,96.5,,96.5,none,UWaterloo CEMC Math Award (Hypatia & CSMC 2023),16-Oct-23,12-Dec-23,International Award ($10000),Vietnam,Canada,Prince Edward Isalnd,mark_lee06,markle16,none :)
,,,,,,,,,,,,,,,Academic Award ($3000),,,,,,
287,,MEC,engineering,McMaster University,Accepted,91,95.75,96,,96.75,,,,08-Mar-24,3000,Canada,Canada,Ontario,prefer not to say,,
288,,MEC,Engineering 1 - Co-op,McMaster University,Accepted,96,97,,,97.8,,,30-Oct-23,07-Mar-23,"$10,500 ",Canada,Canada,Ontario,u/yeeeeeeeeeeteeeeeee,,
289,,MEC,Engineering 1 - Co-op,McMaster University,Accepted,96.25,94.5,,,94.75,,-FRC Robotics Team Member,26-Jan-24,07-Mar-24,7.5 K,Canada,Canada,Ontario,N/A,,
,,,,,,,,,,,,-STEM Coordinator at local community hub,,,,,,,,,
290,,MEC,Engineering 1 (Co-op),McMaster University,Accepted,96,98.25,97.5,,98.25,,,10-Oct-23,07-Mar-24,$3000 Entrance Scholarship,Canada,Canada,Ontario,N/A,,
291,,MEC,Engineering 1 (Co-op),McMaster University,Accepted,97.5,96.7,,,97.3,,,11-Dec-23,07-Mar-24,3k,Canada,Canada,Ontario,niconiconii,,
292,,MEC,Engineering 1 CO-OP,McMaster University,Accepted,97.7,99.4,99,,98.6,,"Competitive Swim, Spirit of Math (grade 2-11), Assistant Teacher, Guitar, Clubs, etc",08-Jan-24,07-Mar-24,16.5k = 7500 deans excellence + 6000 dean research experience + 3000 mcmaster excellence,Canada,Canada,Ontario,n/a,electricraven99,
293,,MEC,Engineering Co-op,McMaster University,Accepted,73,91.8,92,,91.8,no,no,30-Nov-23,07-Mar-24,no,Canada,Canada,Ontario,Brui05,,
294,,MEC,Engineering Co-op I,McMaster University,Accepted,93,95,,,95.6,,,,08-Mar-24,,Canada,Canada,Ontario,InvestigatorOpen9238,,
295,,MEC,Engineering I,McMaster University,Accepted,96.5,96.83,,,96.83,,,26-Oct-23,08-Mar-24,,Canada,Canada,Ontario,Frosty-Ad-1716,xera_phix,
296,,MEC,Engineering I,McMaster University,Accepted,95,96.3,96,96,96.3,n/a,Pretty good interview,01-Dec-23,07-Mar-24,Engineering Award of Excellence - 3k,Canada,Canada,Ontario,Healthy_Telephone998,isti9861,1st Choice
297,,MEC,Engineering I (Co-op),McMaster University,Accepted,98,99,,,99,,,,07-Mar-24,,Canada,Canada,Ontario,u/Delicious_Net_2346,,
298,,MEC,Engineering I (Co-op),McMaster University,Accepted,97.28,98.67,96.67,96.67,97.83,NA,NA,07-Nov-23,07-Mar-24,$5000 Engineering Entrance Award,Canada,Canada,Ontario,ijusthadicecream,,
299,,MEC,Engineering I (Co-op),McMaster University,Accepted,93,95.5,95,,95.5,,,27-Nov-23,07-Mar-24,$3k,Canada,Canada,Ontario,Responsible-Ad5090,,
300,,MEC,Engineering I (Co-op),McMaster University,Accepted,98,97.5,98,,97.5,,,04-Dec-23,07-Mar-24,"$3,000 ",Canada,Canada,Ontario,user937275,,
301,,MEC,Engineering I (Co-Op),McMaster University,Accepted,93,95,96,,"91, 96 (predicted), 97, 98(predicted), 97 (predicted)",,,,07-Mar-24,,Canada,Canada,Ontario,Redundant_pigeon22,,"Predicted marks are based on my midterms right now, got accepted without those though."
302,,MEC,Engineering I (Co-op),McMaster University,Accepted,91,91,91,,91,IB 38/45 -> converted 91,,,14-Feb-24,no,Canada,Canada,British Columbia,u/bluninja1234,0x4132,
303,,MEC,Engineering I (Co-op),McMaster University,Accepted,96,97.5,97,,97.5,,i forget,10-Nov-23,07-Mar-24,3k excellence award,Canada,Canada,Ontario,Specialist_Rent9074,,
304,,MEC,Engineering I (Co-op) (Chemical Engineering and Bioengineering (co-op only)),McMaster University,Accepted,98,98,97,,97,,,15-Oct-23,07-Mar-24,"$3,000 ",Canada,Canada,Ontario,practical-side-4828,,Free Choice
305,,MEC,Engineering I Co-Op,McMaster University,Accepted,94.75,97.5,97,0,97.5,N/A,- Started a Hackathon at my school,18-Nov-23,07-Mar-24,$3000 McMaster Award of Excellence,Canada,Canada,Ontario,u/MetalStriker,,Thought I bombed the interview but we got in
,,,,,,,,,,,,"- Made it to DECA Provincials, DECA Training Advisor",,,,,,,,,
,,,,,,,,,,,,- Leader of my school's Computer Science Club,,,,,,,,,
,,,,,,,,,,,,- I am a Math Tutor,,,,,,,,,
306,,MEC,Engineering I Co-op,McMaster University,Accepted,87.75,89.7,,,89,,"Co-Editor of yearbook, job",30-Dec-23,07-Mar-24,no,Canada,Canada,Ontario,n/a,,
307,,MEC,Engineering I CO-OP,McMaster University,Accepted,86,90,90,90,90,,,06-Dec-23,07-Mar-24,,Canada,Canada,Ontario,xenilia,,
308,,MEC,Engineering I CO-OP,McMaster University,Accepted,95.5,97,,,"ENG4U0 - 98, MHF4U - 98, SCH4U - 95, MDM4U - 100",,,10-Oct-23,07-Mar-24,"Yes, $3000 scholarship and free choice for second year",Canada,Canada,Ontario,tootertwader,,
309,,MEC,McMaster University - Engineering I - Co-op,McMaster University,Accepted,94,95,97,,97.3,,,,18-Mar-24,"$3,000 ",Canada,Canada,Ontario,Turbulent_Ad_349,,
310,,MEC,Engineering I Co-op,McMaster University,Accepted,96,95,,,96,IB predicted: 37,,,13-Feb-24,"Total of 21,000 in financial aid and awards.",Nigeria,Canada,New Brunswick,This-Cause-9284v,,
311,,MECH,Mechanical Engineering,McGill,Accepted,94,96,97,,96.4,,,,02-Apr-24,,Canada,Canada,Ontario,Turbulent_Ad_349,,
312,,QE,Queens Engineering - Common First Year - including optional internship,Queens University,Accepted,93.88,90.75,,,95.5,N/A,N/A,,24-Jan-24,Haven't applied yet,Canada,Canada,Ontario,Ricea23199,ricea,"Took french in grade 11/12, which I'm terrible at, because I knew it wouldn't affect top 6. It did, however, lower my overall average quite a bit. Top 6 are: 94 (adv. functions), 95 (gr. 11 chem), 95 (gr. 12 bio), 95 (english), 97 (calc), 97 (grade 12 physics)"
313,,TB,Chemical Engineering,University of Toronto,Accepted,92.75,97,,,97,,School Marchingcorps concertmaster,30-Nov-23,08-Feb-24,no,Canada,Canada,Ontario,u/islandking929,,
314,,TCS,Computer Engineering (including PEY Co-op option) - St. George Campus,University of Toronto,Accepted,98.6,97,97,,97.5,,,01-Dec-23,08-Feb-24,Dean's Merit Scholarship ($5000),Canada,Canada,Ontario,londonfog_ss,,
315,,TCS,Computer Engineering (including PEY Co-op option) - St. George Campus,University of Toronto,Accepted,98.17,99,,,99,,,17-Nov-23,08-Feb-24,Uoft Scholar,Canada,Canada,Ontario,Substantial_Lead727,no,first round
316,,TCS,Computer Engineering (PEY Co-op),University of Toronto,Accepted,96,96,,,96,,,12-Nov-23,08-Feb-24,,Canada,Canada,Ontario,Ixiarts,,
317,,TEO,"TrackOne, Undeclared Engineering (including PEY Co-op option)",University of Toronto,Accepted,95.8,97.2,96.4,,96.4,,,07-Nov-23,08-Feb-24,no,Canada,Canada,Ontario,Maleficent-Minute-16,,
318,,TK,Engineering Science,University of Toronto,Accepted,98.8,100,99.2,,99.2,,"Swim Instructor, won a few U of T hackathons",26-Oct-23,08-Feb-24,5000,Canada,Canada,Ontario,specific-fig-5284,,"good luck people, stick to the grind and itll pay off 🫡"
319,,tk,Engineering Science,University of Toronto,Accepted,96,96.2,,,Top 5: 97.4%,SAT: 1530 IB predicted score: 42,"Sports accomplishments, raised a lot of money for charity, regional student gov, founded a club, volunteering",01-Dec-23,08-Feb-23,no,Canada,Canada,Ontario,ok_age8127,,
320,,TK,Engineering Science,University of Toronto,Accepted,99.7,100,100,100,100,NA,"Canada Wide Science Fair, Flowboat,",01-Dec-23,08-Feb-24,,Canada,Canada,Ontario,MartzDon86,,
321,,TK,Engineering Science (including PEY Co-op option) - St. George Campus,University of Toronto,Accepted,98.75,98.83,98.75,,98.83,"AP CS A - 5/5, AP Physics 1 - 5/5, AP Calculus BC - 5/5","2x Club Executive, Volunteer Leader at Entrepreneurial Organization, Intern at Software Company, Provincial Swimming, 9x Math Contest Awards (Honour Roll/Distinction)",31-Oct-23,08-Feb-24,"$10,000 for University of Toronto Scholar",Canada,Canada,Ontario,None sorry,_b.r.,"Already completed the following in grades 10 and 11: ICS4U (98), MHF4U (99), MCV4U (100), SPH4U (99). Consider completing grade 12 courses earlier :)"
322,,TK,Engineering Science PEY Co Op option,University of Toronto,Accepted,95,96,97,,95.5,N/a,"Student leader, club captain of tutoring, robotics, work",30-Nov-23,08-Feb-24,No,Canada,Canada,Ontario,Sunrise_mist,,
323,,TK,Engineering Science with PEY Co-op,University of Toronto,Accepted,98.1,96.75,,97.25,99%,"finished Grade 12 Physics, Calc and Advanced in Grade 11 (IB)",,01-Dec-23,08-Feb-24,"$10,000 ",Canada,Canada,Ontario,u/National-Coconut7866,,good luck! :)
324,,TK,Engineering Science with PEY Co-op,University of Toronto,Accepted,96,96,95,,95.4,,,28-Nov-23,08-Feb-24,,Canada,Canada,Ontario,N/A,,
325,,TK,Engineering Sciences PEY Co-op,University of Toronto,Accepted,96,96,,,97.4,,,01-Dec-24,08-Feb-24,,Canada,Canada,Ontario,N/a,,
326,,TM,Mechanical Engineering PEY Co-op,University of Toronto,Accepted,94,93,96,,96,,,01-Dec-23,08-Feb-24,,Canada,Canada,Ontario,karenliu565,,
327,,DCN,Mechanical Engineering (Co-op),Ontario Tech University,Accepted,84,79,82,,84,,"DECA (2 years), Swim Team Captain (2 years), Swim Instructor (2 years), Soccer Captain (2 years). Special circumstances: missed one month of school in Grade 11 due to health issues.",26-Oct-23,08-Feb-24,No,Canada,Canada,Ontario,instagram:__anniezh,__anniezh,
328,,TTM,Materials Engineering,University of Toronto,Accepted,90,93,90,,93,,,02-Dec-23,08-Feb-24,,Canada,Canada,Ontario,AnxiousOcean01,,
329,,,Materials Engineering Co-op,McGill,Accepted,93.2,92.8,95,95,92.8,AP CSA: 3 AP Lang: 4 AP Lit: n/a AP Chem: n/a AP CalcAB: n/a,Didn’t ask,08-Dec-23,18-Jan-24,I wish. Still applying to their internal scholarships.,Canada,Canada,Manitoba,-,-,:)
330,,,General Engineering,University of Alberta,Accepted,92.3,92.8,95,95,92.8,AP CSA: 3 AP Lang: 4,"Robotics, debate, mentoring/tutoring.",08-Oct-23,17-Oct-23,I wish.,Canada,Canada,Manitoba,-,-,
331,,TV,Civil Engineering (including PEY Co-op option),University of Toronto,Accepted,98.2,97,97,,98,,"Tutored math and French, graduated Spirit of Math w/ honors, pres. of Vinyl Club and Book Club at school",01-Dec-23,08-Feb-24,$10 000 dean's merit award,Canada,Canada,Ontario,notrosina,,
332,,,Systems Design Engineering (Co-op),University Of Waterloo,Accepted,94.6,99.5,97,,95.2,,,15-Jan-24,12-Mar-24,5000$ (grade percentile scholarship),Canada,Canada,Alberta,Stockstuffidk,,
333,,GMH,Honours Mathematical Science,University of Guelph,Accepted,92,97,96,0,96,nope,,24-Nov-23,06-Feb-24,$2k entrance,Canada,Canada,Ontario,nope,nope,nope
334,,WM,"Honours Mathematics, Co-op",University Of Waterloo,Accepted,36,38,,,37,"TOEFL 110, AP: CS A 5, Calc BC 5, Physics C Mechanics 5, Physics C EM 4","Euclid 91 in Grade 11, CCC Senior 45, AIME 13, CS Club Founder&President, FRC China Region Offseason Winner (Programmer and Core member), Euclid 86 in Grade 10",18-Dec-23,01-Feb-24,"$2000 ""President Scholarship""","China, but Canada Permanent Resident",China,Out of Canada,u/Difficult-Code-1589,williamli0623,"I'm in an IBDP school and our school doesn't have an average out of 100. All of the scores I mentioned are in the form of 42 (6 IB subjects, each scored out of 7). I'm predicted 37 out of 42, 39 out of 45, and my midyear report is 38 out of 42, 40 out of 45. I hope this information can help those international students whose are in IB."
335,,UBF + UB,Laurier BBA/FMath + Laurier BBA,Wilfrid Laurier University,Accepted,87,92,93,,93,,,17-Nov-23,07-Feb-24,"$3,000 if I maintain 90+ avrg",Canada,Canada,Ontario,kriddik,,
336,,OUW,Honours Bachelor of Science in Mathematics (Co-op),University of Ottawa,Accepted,90.4,91.25,90,,90.1,,,22-Nov-23,06-Dec-23,$2000 Entrance Scholarship,Canada,Canada,Ontario,,,
337,,WPS,University of Waterloo - Physical Sciences (Co-op and Regular) (Mathematical Physics (co-op optional)),University Of Waterloo,Accepted,95.43,92,95,,93,,,26-Oct-23,30-Nov-23,,Canada,Canada,Ontario,I don't have one :3,_chant.er.elle_,"Waterloo is my dream school, but my program of choice is Waterloo Mathematics. But can't wait to see you all at Waterloo !!!!"
338,,OUQ,Biochemistry,University of Ottawa,Accepted,97,98,,,.,,,,21-Nov-23,Yes,Canada,Canada,,.,,
339,,OUQ,Biochemistry,University of Ottawa,Accepted,97,93,96,,70% or more,,,18-Nov-23,20-Nov-23,"$3,000 ",Canada,Canada,Ontario,,,
340,,QL,Life science and Biochemistry,Queens University,Accepted,93,95,95,,96,n/a,n/a,03-Dec-23,18-Jan-24,n/a,Canada,Canada,Ontario,no,no,no
341,,QL,Life Sciences,Queens University,Accepted,93,95,96,,94,,Pres 3 Clubs,15-Nov-23,18-Jan-24,,Canada,Canada,Ontario,no,,
342,,QL,Life Sciences and Biochemistry,Queens University,Accepted,98,97.4,98,98,97.8,N/A,N/A,15-Oct-23,06-Dec-23,"$7,000 ",Canada,Canada,Ontario,NoFunction4655,,
343,,QL,Life Sciences and Biochemistry,Queens University,Accepted,98.3,98.5,,,98.7,,,23-Oct-23,06-Dec-23,Principal's Scholarship - $7000,Canada,Canada,Ontario,mortalitymk,,
344,,QL,Life Sciences and Biochemistry,Queens University,Accepted,96,96,,,97,,,15-Dec-23,24-Jan-24,,Canada,Canada,Ontario,n/a,,
345,,MLS,life science,McMaster University,Accepted,91,95.75,,,95.75,,,,08-Mar-24,1000,Canada,Canada,Ontario,..,,
346,,MLS,Life Sciences Gateway,McMaster University,Accepted,98.3,98.5,,98.5,98.7,,,23-Oct-23,08-Mar-24,McMaster Award of Excellence,Canada,Canada,Ontario,u/mortalitymk,,
347,,MLS,Life Sciences Gateway,McMaster University,Accepted,92,95,,,95,,,10-Dec-23,08-Mar-24,,Canada,Canada,Ontario,N/A,,
348,,MLS,Life Sciences Gateway,McMaster University,Accepted,92,96.3333,96.6666,,96.5,No,Didn’t do much,19-Dec-23,08-Mar-24,"$1,000 ",Canada,Canada,Ontario,Resident-Calendar-40,ammarbaby,No
349,,MLS,Life Sciences Gateway,McMaster University,Accepted,90,94.33,,,94.33(3 required courses),,,15-Sep-23,08-Mar-24,$1000 scholarship,Canada,Canada,Ontario,MacBHScOrBust,,MAC HEALTH SCI UPPP NEXT MFFFF
350,,MLS,Life Sciences Gateway (Biochemistry),McMaster University,Accepted,89,94.83,,,94.83,,no,,08-Mar-24,1k,Canada,Canada,Ontario,dont have,,
351,,WLS,Honours Life Sciences (Co-op),University Of Waterloo,Accepted,85,90,88,,90,,,23-Oct-23,26-Jan-24,,Canada,Canada,Ontario,PsychologyBrave9749,,
352,,WLS,"Honours Life Sciences, Co-op",University Of Waterloo,Accepted,87,80,89,,84,,,29-Oct-23,29-Feb-24,,Canada,Canada,Ontario,Temporary_Banana_286,,so shocked cause wtf
353,,WLS,Life Science,University Of Waterloo,Accepted,86,88,,,85,Good AIF,,05-Nov-23,29-Feb-24,1k,Canada,Canada,Ontario,,,
354,,WLS,Life Science,University Of Waterloo,Accepted,86,89,,,88.3,aif,,07-Nov-23,29-Feb-24,1k scholarship i think,Canada,Canada,Ontario,,,
355,,WLS,"Life Sciences (Non-Co-op, Biomedical Sciences)",University Of Waterloo,Accepted,88,92,,,92,,,03-Nov-23,26-Jan-24,,Canada,Canada,Ontario,Asterixius,serenaras,
356,,MLS,"Life Sciences Gateway (Biology and Psychology, Neuroscience & Behaviour)",McMaster University,Accepted,91,94,,,94,,,09-Oct-23,08-Mar-24,Science Achievement Award,Canada,Canada,Ontario,Oddball_X,,
357,,MLS,McMaster University - Life Sciences Gateway,McMaster University,Accepted,88,92.16,92,,92.16,,,10-Nov-23,08-Mar-24,unsure,Canada,Canada,Ontario,dumbiirds,,
358,,WLS,Honours Life Sciences (field of interest: biochemistry) (Co-op),University Of Waterloo,Accepted,94.1,93.75,,,93.17,,Didn’t do the AIF,05-Nov-23,01-Dec-23,eligible for the $2k entrance scholarship,Canada,Canada,Ontario,,,
359,,QL,Life science,Queens University,Accepted,83,91,94,,91,,,10-Oct-23,06-Mar-24,no,Canada,Canada,Ontario,n/a,n/a,nope
360,,QL,Life Science and Biochemistry,Queens University,Accepted,92.83,91.75,94,,91.75,,,19-Nov-23,06-Mar-24,,Canada,Canada,Ontario,rez1028,,
361,,QL,Life Sciences and Biochemistry,Queens University,Accepted,95,93,,,95,,,,06-Mar-24,,Canada,Canada,Ontario,don't have sorry,,
362,,QL,Life Sciences and Biochemistry,Queens University,Accepted,89,89,92,,91,,,07-Nov-23,06-Mar-24,No,Canada,Canada,Ontario,xXUnkownUserXx,,
363,,QL,Life Sciences and Biochemistry - including optional internship,Queens University,Accepted,92.25,90,93,,90.5,,,12-Oct-23,06-Mar-24,no,Canada,Canada,Ontario,-,,
364,,QL,Life Sciences and Biochemistry - including optional internship (BScH),Queens University,Accepted,92,95,95,,95,,,25-Nov-23,06-Mar-24,,Canada,Canada,Ontario,N/A,,
365,,MLS,Life Science Gateway,McMaster University,Accepted,88.9,93.33,94,,93.33,,,,03/05/2024,,Canada,Canada,Ontario,prettycherry1507,,
366,,MLS,Life Sciences,McMaster University,Accepted,92,92,,,92,,,25/10/2023,10/05/2024,,Canada,Canada,Ontario,.,,
367,,MLS,Life Sciences Gateway,McMaster University,Accepted,94.4,93,92,,93,N/A,N/A,03/11/2023,03/05/2024,N/A,Canada,Canada,Ontario,Original_Okra_127,N/A,Choice 2/7 on OUAC
368,,MLS,Life Sciences Gateway,McMaster University,Accepted,72,93.167,,,93.167,,,21/12/2023,03/05/2024,dont think so,Canada,Canada,Ontario,i think its like klutzy_penalty or sum idk.,,na. it was my second choice. still waiting for mac life sci!!
369,,MNS,Honours Health Science I,McMaster University,Accepted,98.3,98.5,,,98.7,,,23/10/2023,09/05/2024,McMaster Award of Excellence - $3000,Canada,Canada,Ontario,u/mortalitymk,,
370,,MNS,Honours Health Sciences,McMaster University,Accepted,77.75,94.5,95,,95.25,,,26-Nov-23,01-Apr-24,),Canada,Canada,Ontario,u/iwanttosleep_0,,for acceptance average i included my top 4 marks (prereqs) because I got the acceptance before midterms came out.
371,,MNS,Honours Health Sciences I,McMaster University,Accepted,96,95,96,,97,IB Program,,06/10/2023,09/05/2024,1000,Canada,Canada,Ontario,n/a,,
372,,MNS,Honours Health Sciences I,McMaster University,Accepted,98,96,96,,96,,Lab assistant at Western’s Schulich School of Medicine & Dentistry working on a project that tested out a latency reversal agent patented by the lab on a chronic (individuals who have been living with HIV for 2+ years) cohort of samples.,08/11/2023,09/05/2024,"Not yet (no letter yet, just the offer on mosaic)",Canada,Canada,Ontario,no reddit account 😅,otatopami#3576,
373,,MNS,Honours Health Sciences I,McMaster University,Accepted,98.3,98.1,,,98,,I didn't really talk about any ecs in my essays because it didn't apply to the essay question,05/11/2023,09/05/2024,McMaster Award of Excellence $3000,Canada,Canada,Ontario,don't really use reddit,,
374,,AA,Applied Life Sciences (Non-Co-Op),Lakehead University,Accepted,73,81,85,,85,,,15-Jan-23,10-Feb-24,,Canada,Canada,Ontario,AcceptableArgument43,,
375,,TLG,Life Sciences,University of Toronto,Accepted,94,94,,,96,,IB Program,,22-Feb-24,,China,Canada,Ontario,theofficialzhang,,
376,,TLG,Life Sciences,University of Toronto,Accepted,96,95,96,,97,IB program,,06-Oct-23,22-Feb-24,1000,Canada,Canada,Ontario,n/a,,
377,,TLG,Life Sciences,University of Toronto,Accepted,81,83,92,,85,,,,20-Mar-24,,Canada,Canada,,myt3arsr1cochet,,
378,,ESM,Medical Sciences,Western University,Accepted,92,92,,,91.67,,,21/12/2023,16/05/2024,2500,Canada,Canada,Ontario,nah,,
379,,ESM,Medical Sciences (BMSc and BSc) (Biochemistry),Western University,Accepted,89,94.83,,,94.83,,,,08-Mar-24,,Canada,Canada,Ontario,dont have,,
380,,ESM,Medical Sciences (BMSc and BSc) (Interdisciplinary Medical Sciences),Western University,Accepted,98,99,99,,99,IB French: level 7 IB SL Math AA: level 6,No,19-Oct-23,14-Dec-23,Entry Scholarship ($3500),Canada,Canada,Ontario,ssaarraa276,,
381,,ESM,MN: Medical Sciences (BMSc and BSc),Western University,Accepted,92,95,,,95,,,10-Dec-23,08-Mar-24,,Canada,Canada,Ontario,N/A,,
382,,ESM,Western University - MN: Medical Sciences (BMSc & BSc),Western University,Accepted,84,90,91,,90,,,31/01/2024,24/04/2024,"$3,500 ",Canada,Canada,Alberta,Dangerous-Builder-58,,
383,,EW,Health Science,University Of Waterloo,Accepted,85,96.12,,,96.12,,,,20-Apr-24,,Canada,Canada,Ontario,25LL7,,
384,,EW,Health Science,Western University,Accepted,88,92,91,,92,,n/a,06/11/2023,16/04/2024,,Canada,Canada,Ontario,n/a,,
385,,EW,Health Sciences,Western University,Accepted,92,92,,,92,,,10/12/2023,16/05/2024,2500,Canada,Canada,Ontario,n,,
386,,EW,Health Sciences (Health Sciences with Biology),Western University,Accepted,89,94.83,,,94.83,,,,08-Mar-24,,Canada,Canada,Ontario,dont have,,
387,,EW,Western University - MN: Health Sciences,Western University,Accepted,84,90,91,,90,,,31/01/2024,24/04/2024,"$3,500 ",Canada,Canada,Alberta,Dangerous-Builder-58,,
388,,TLG,Life Sciences (including Psychology),University of Toronto,Accepted,90,93,94,94,93,,,01-Nov-23,22-Feb-24,,Canada,Canada,Ontario,Yoomiex,,
389,,TLG,Life Sciences (including Psychology) - St. George Campus,University of Toronto,Accepted,89,89,92,,91,,Lots of school leadership roles and a high-commitment rep sport,15-Dec-23,22-Feb-24,No,Canada,Canada,Ontario,xXUnkownUserXx,,
390,,TLG,Life Sciences (including Psychology) - St. George Campus,University of Toronto,Accepted,94.4,90,92,,92.3,N/A,N/A,03-Nov-23,19-Mar-24,N/A,Canada,Canada,Ontario,N/A,N/A,Choice 4/7 on OUAC & admitted to University College
391,,TLG,University of Toronto - Life Sciences (including Psychology),University of Toronto,Accepted,86,97,96,,96,n/a,no supp,16-Nov-23,22-Feb-24,N/A,Canada,Canada,Ontario,u/tigeroth10,tigeroth10,
392,,TLG,Life Science - St. George,University of Toronto,Accepted,81,87,85,,84,,,,21-Mar-24,,Canada,Canada,Ontario,myt3arsr1cochet,cowboyliketraitorjoes,
393,,TML,Life Sciences,University of Toronto,Accepted,92,94,96,,92,,,,22-Feb-24,,Canada,Canada,Ontario,Even_Fee_1772,,
394,,TSL,Life Sciences (co-op and regular),University of Toronto,Accepted,87,85,,,90,,,,25-Jan-24,,Canada,Canada,Ontario,Consistent-Car-9998,,
395,,QL,Life Sciences and Biochemistry - including optional internship (BScH),Queens University,Accepted,94.4,90,92,,92.3,N/A,N/A,03-Nov-23,06-Mar-24,N/A,Canada,Canada,Ontario,N/A,N/A,Choice 1/7 on OUAC
396,,QL,Life Sciences and Biochemistry - including optional internship (BScH),Queens University,Accepted,89,94.83,,,94.83,,,,06-Mar-24,,Canada,Canada,Ontario,dont have,,
397,,QL,Queen's University - Life Sciences and Biochemistry - including optional internship,Queens University,Accepted,90,93,94,94,93,,,21-Dec-23,06-Mar-24,,Canada,Canada,Ontario,Yoomiex,,
398,,TML,Life Science,University of Toronto,Accepted,90,93,,,92,,,11-Dec-23,25-Jan-24,"$3,000 ",Canada,Canada,Ontario,Yoomiex,,U of T Mississauga
399,,TML,Life Sciences,University of Toronto,Accepted,96,95,96,,97,,IB program,06-Oct-23,25-Jan-24,$10k UofT scholar + automatic $3k,Canada,Canada,Ontario,dont have reddit,,
400,,TML,"Life Sciences (Biology), Non-Co-op - UOFT Missisauga",University of Toronto,Accepted,78,90.5,,,90.5,,No :(,11-Dec-23,22-Jan-24,NO :´(,Canada,Canada,Ontario,,,"IF I CAN DO IT, YOU CAN DO IT. LOL MY GRADE 11 AVG WAS NOT THE BEST AND I STILL GOT IN?!!! I HAD 2 68s in BIOLOGY AND FUNCTIONS IN GRADE 11!!!! Also, leave the rest to Allah, and do your best. <3"
401,,WLS,Life Sciences (Co-op and Regular),University Of Waterloo,Accepted,98,93,96,,95,,,24-Nov-23,30-Nov-23,2000 entrance scholarship,Canada,Canada,Ontario,n/a (don't have reddit acc),,
402,,MLS,Life Sciences I,McMaster University,Accepted,91,94,93.5,93.5,88 92 93 94 97 97,Ielts 7.5,Fundraiser for Certified Listener,25-Nov-21,30-May-24,Entrance scholarship,Vietnam,Canada,Ontario,bigheadsmallbrain,,"For health sci, the supp app is all that matter"
,,,,,,,,,,,,Volunteer at Ecosource to donate for Food bank,,,,,,,,,
,,,,,,,,,,,,Volunteer at a hospital in Vietnam,,,,,,,,,
,,,,,,,,,,,,Volunteer to enhance mental health of kids with cancer,,,,,,,,,
403,,WLS,Life Sciences w Co-op,University Of Waterloo,Accepted,96,97,,,96,,,21-Dec-23,26-Jan-24,,Canada,Canada,Ontario,n/a,,we got this!
404,,RSX,Honours Science,Trent University,Accepted,83,89,92,,86,,,04-Nov-23,24-Nov-23,6000$ total,Canada,Canada,Ontario,Shot-Shopping8400,,
405,,N/A,Bachelor of Science,Dalhousie,Accepted,92,96,95,,92,,,16-Oct-23,03-Nov-23,,Canada,Canada,Ontario,,,
406,,,Faculty of Science,Western University,Accepted,98,98,Hoping for above a 95.,,I got early acceptance based on my 11th grade marks. (I believe it was 92%+),I got a 5 on an AP exam.,No.,30-Sep-23,10-Nov-23,"Yes, $3500 in scholarship money, and I'm planning to apply for OSAP (Ontario financial aid).",Canada,Canada,Ontario,,,
407,,MNS,Medical Sciences,Western University,Accepted,97,94,95,,94,,President of 4 councils,03-Nov-23,14-Dec-23,3000,Canada,Canada,Ontario,na,,
408,,N/a,"Molecular, Cellular, and Developmental Biology",University of Alberta,Accepted,88,91,,,87,"AP Chemistry & AP Lang (both 4s), AP scholar",I lost 2 people to kidnapping back home so my grades dropped in grade 11,10-Oct-23,13-Oct-23,No,Canada,Canada,Alberta,accentedlemons,,i do not want to stay in alberta. help me.
409,,YHW,Nursing (Direct Entry),York University,Accepted,91,93,94,0,93,n/a,Nope,06-Oct-23,06-Dec-23,"Yes: York University Automatic Entrance Scholarship : $2,500.00",Canada,Canada,Ontario,Shot_Techician_2972,,
410,,TPG,Physical and Mathematical Sciences,University of Toronto,Accepted,54.5,92.2,,92.2,92.2,,"varsity football, basketball, soccer. Currently taking gap year",10-Nov-23,09-Feb-24,no,Canada,Canada,Manitoba,Bone_opolis,,
411,,WPS,Physical Sciences ( Honors Co-op ),University Of Waterloo,Accepted,92.5,92.25,90.75,91,90.75,,"SHAD, Club Soccer, Yearbook, missed 2 weeks of school from injury",10-Jan-24,23-Feb-24,,Canada,Canada,Ontario,dont have one sorry,,
,,,Field of Interest : Medicinal Chemistry,,,,,,,,,,,,,,,,,,
412,,WPS,Physical Sciences (Co-op and Regular) (Astronomy/Physics (co-op optional)),University Of Waterloo,Accepted,88,92,94,,"Adv Func 94, Physics 85, Chemistry 86, English 92, Earth & Space Sci 96, Law 95",,,06-Nov-23,26-Jan-24,No,Canada,Canada,Ontario,NaiveDate94,,
413,,WPS,Physical Sciences w Co-op,University Of Waterloo,Accepted,96,97,,,96,,,15-Jan-24,26-Jan-24,,Canada,Canada,Ontario,n/a,,
414,,QS,Science - including optional internship (BScH),Queens University,Accepted,92.5,92.75,,,93.5,,,07-Nov-23,24-Jan-24,,Canada,Canada,Ontario,na,,
415,,,Bachelor of Science with Major,St Francis Xavier University,Accepted,95,97,96,,98,,,,28-Oct-23,,Canada,Canada,Ontario,,,
416,,N/A,Bachelor of Science with Major,St. Francis Xavier University,Accepted,92,96,95,,92,,,04-Oct-23,17-Oct-23,"Yes, $7000 over 4 years",Canada,Canada,Ontario,,,
417,,WS,Honors Science,University Of Waterloo,Accepted,88,91.1,,,91.1,nope,,10-Nov-23,29-Nov-23,,Canada,Canada,Ontario,dumbiirds,,
418,,WS,"Honors Science, Regular",University Of Waterloo,Accepted,97,95.6,90,,I haven't completed my required courses yet,None,"Nah, got accepted without having to submit AIF",21-Nov-23,01-Dec-23,I am eligible for a $2000 scholarship once my top 6 admission average including required courses is calculated.,India,Canada,Ontario,Ill_Dentist_8359,None,None
419,,ES,General Science,Western University,Accepted,94,91,,,92,,,17-Nov-23,14-Dec-23,,Canada,Canada,Ontario,N/A,,
420,,YSB,Biology,York University,Accepted,86,88,90,,88,,,21-Nov-23,07-Dec-23,"$1,500 ",Canada,Canada,Ontario,,,
421,,GHK,Honours Bachelor of Applied Science in Kinesiology AND Diploma in Fitness and Health Promotion,University of Guelph-Humber,Accepted,83,80,88,,85,,,17-Nov-23,12-Dec-23,"$2,000 ",Canada,Canada,Ontario,luvwoc,,
422,,GZA,Animal Biology,University of Guelph,Accepted,86.4,92.6,,,92.8,,,,05-Feb-24,$1000 entrance scholarship,Canada,Canada,Ontario,DryCockroach3951,,
423,,GZA,Animal Biology,University of Guelph,Accepted,86,85,92,,90,,,21-Nov-23,06-Feb-24,"$1,000 entrance scholarship",Canada,Canada,Ontario,,,
424,,GPA,Animal Science Co-op,University of Guelph,Accepted,87,92,,,92,,,,13-Dec-23,$1000 Entrance Scholarship,Canada,Canada,Ontario,DryCockroach3951,,
425,,WP,Honours Planning (Co-Op) - Environment,University Of Waterloo,Accepted,86.7,85,,,85,,,17-Nov-23,24-Jan-24,,Canada,Canada,Ontario,xXERNEUS,,shocked honestly
426,,WS,Honours Science,University Of Waterloo,Accepted,91.5,92.8,93.8,,94.2,,,10-Nov-23,18-Dec-23,2500$,Canada,Canada,British Columbia,Massive_Hope_5748,,
427,,RCK,Honours Science Program - Climate Science & Policy,Trent University,Accepted,89,90,85,,90,,,05-Dec-23,07-Dec-23,$2500 entrance,Canada,Canada,Ontario,I don't actually have a Reddit account - I usually just browse as a guest :),plant_powered,good luck everyone <3
428,,RBS,"Honours Science Program, Biomedical Science",Trent University,Accepted,88.2,92.3,95,,93,,,,07-Dec-23,$10k scholarship,Canada,Canada,Ontario,none,,
429,,RMD,Bachelor of Arts and Science - Medical: Trent/Swansea Dual Degree,Trent University,Accepted,88,91,94,,91,,,27-Nov-23,01-Dec-23,2.6 K / year for 4 years,Canada,Canada,Ontario,N/A,,
430,,YSB,Biology BSc,York University,Accepted,86,87,,,87,,,05-Nov-23,06-Dec-23,$6000 span of 4 years (i think),Canada,Canada,Ontario,,,
431,,YSW,"Biomedical Science (BSc, iBSc)",York University,Accepted,78,90.5,,,90.5,,,11-Dec-23,15-Dec-24,$1500 Entry Scholarship,Canada,Canada,Ontario,,,You got this!!!!
432,,RK,BSc Kinesiology,Trent University,Accepted,84,84,85,,84,,,01-Nov-23,23-Nov-23,$4000 over 4 years,Canada,Canada,Ontario,,,
433,,TMW,"Chemical & Physical Sciences, Astronomical Sciences",University of Toronto,Accepted,88,90,92,,90,,,26-Oct-23,15-Jan-24,,Canada,Canada,Ontario,u/dazedtoaster158,,
434,,OUQ,Honours Bachelor of Science in Biochemistry (French Immersion Stream),University of Ottawa,Accepted,96,95,,,"only have two finished courses so far (history + adv func), av 95%",nope,nope,22-Nov-23,06-Dec-23,3000$ entrance + 1000$ french bursary,Canada,Canada,Ontario,no thank you,,
435,,OUY,Honours Bachelor of Science in Physics-Mathematics (Co-op),University of Ottawa,Accepted,90.4,91.25,90,,90.1,,,13-Jan-24,19-Jan-24,$2000 Entrance Scholarship,Canada,Canada,Ontario,No,,
436,,OUS,Honours Bachelors of Science in Chemistry (co-op),University of Ottawa,Accepted,84,82,87,,85,,,17-Nov-23,22-Nov-23,No,Canada,Canada,Ontario,I don't have a reddit account,,I applied for biochem at uott too and got an offer for that (hoping i'll get into chem eng tho!!!)
437,,OUR,UO: Biology,University of Ottawa,Accepted,93,93,90,,93,,"School badminton team, provincial champion.",29-Oct-23,27-Nov-23,Entrance scholarship $2000,Canada,Canada,Nova Scotia,ChiliOil_Ramen,junibus,(I also got accepted into Queens- should I fill out the form again lol)
,,,,,,,,,,,,Back stage crew for school musicals.,,,French studies bursary of $1000 (renewable each year).,,,,,,
,,,"(Honours, co-op, French immersion stream)",,,,,,,,,,,,,,,,,,
438,,YSW,"York University, Biomedical Sciences",York University,Accepted,93,96,95,,96,,,,15-Jan-24,,Canada,Canada,,I use guest,,
439,,GZ,Zoology BSc,University of Guelph,Accepted,86,89,,,88.3,spf,,07-Nov-23,05-Feb-24,,Canada,Canada,Ontario,,,my number 1 choice!!
440,,YSB,"Biology (BSc, iBSc) (Biology (BSc))",York University,Accepted,86,96,,,96,,No supp app,16-Nov-23,07-Dec-23,"Faculty of Science Entrance Scholarship : $2,000.00",Canada,Canada,Ontario,u/Tigeroth10,,
,,,,,,,,,,,,,,,,,,,,,
,,,,,,,,,,,,,,,"York University Automatic Entrance Scholarship : $2,500.00",,,,,,
441,,SCH,Chemistry (Co-op unavailable),Toronto Metropolitan University,Accepted,87,87,86,,87,,,07-Nov-23,23-Nov-23,,Canada,Canada,Ontario,theihateenglishclub,,
442,,WPS,"Physical Sciences, Honours, Co-operative Program",University Of Waterloo,Accepted,96,97.75,97,,97.6,no,"they just saw my grades, aif not submitted",05-Nov-23,29-Nov-23,,Canada,Canada,Ontario,Specialist_Rent9074,,"please ignore my shitposts on my reddit account i just do a little trolling, these are my actual stats tho"
443,,WPS,Physical Sciences,University Of Waterloo,Accepted,93,97.1,98,,97.3,,,,01-Nov-23,,Canada,Canada,Ontario,N/A,,
444,,,Biology,Toronto Metropolitan University,Accepted,91,88,,,91%,,No,11-Oct-23,09-Nov-23,,Canada,Canada,Ontario,,,
445,,,Biology BSc,Wilfrid Laurier University,Accepted,86,87,,,86,,yes,06-Nov-23,10-Nov-23,$2.5k scholarship,Canada,Canada,Ontario,,,
446,,BSH,Brock University - BSc Honours: Medical Sciences,Brock University,Accepted,91.5,89.7,91,,92,,,12-Oct-23,17-Oct-23,"7,900",Canada,Canada,Ontario,Inaraboleynmarquez,inara_boleyn,
447,,BSH,Medical sciences,Brock University,Accepted,91,95.5,94,,95.5,,,20-Nov-23,02-Dec-23,13k,Canada,Canada,Ontario,NA,,
448,,BS,Biological Sciences,Brock University,Accepted,90,93,93,,mid 70s,no,no,04-Jan-24,09-Jan-24,"Yes 13, 400 scholars award",Canada,Canada,Ontario,vancantan,n/a,
449,,N/A (Montreal),"Biological, Biomedical & Life Sciences",McGill University,Accepted,96,97,,,97.4,,,15-Nov-23,07-Feb-24,,Canada,Canada,Ontario,N/a,,
450,,TML,Life sciences - UofT Mississauga (Biology of Health sciences stream),University of Toronto,Accepted,95,94,94,,93,(If English proficiency counts) CAEL: 80/90,,,25-Jan-24,Entrance scholarship: $3000,Canada,Hong Kong,Ontario,Rsymiht,,"I have a Canadian citizenship but came to Canada starting from grade 11, studied in private school, might be different circumstances from others"
451,,TXD,Life Sciences (Health Sciences Stream) (co-op and regular) - UofT Scarborough,University of Toronto,Accepted,95,94,94,,93,(If English proficiency counts) CAEL: 80/90,,,26-Jan-24,Entrance scholarship: $2000,Canada,Hong Kong,Ontario,Rsymiht,,"Has Canadian citizenship but resided in Hong Kong, came to Canada since grade 11"
452,,TXD,University of Toronto - Life Sciences (Health Sciences Stream) (co-op and regular) - U of T Scarborough,University of Toronto,Accepted,86,96,97,,97,,no supp,16-Nov-23,25-Jan-24,$2000 Entrance Scholarship,Canada,Canada,Ontario,u/tigeroth10,tigeroth10,
453,,ouac,Biomedical science,University of Ottawa,Accepted,94,95,96,,94?,,,,11-Jan-24,,Canada,Canada,Ontario,mmillkis,,
454,,OUN,Honours Bachelor of Science in Biomedical Science,University of Ottawa,Accepted,93,91.2,,,Haven't finished them yet,,,15-Jan-24,19-Jan-24,$2000 (Condition- maintain 80% average),Canada,Canada,Ontario,Bright_Share5518,,They my offer was based on my grade 11
455,,NSD,Biomedical Sciences,University of Windsor,Accepted,82,81,85,,81,,,19-Nov-23,21-Nov-23,,Canada,Canada,Ontario,Bro,,
456,,BIM,BSc Honours: Biomedical Sciences,Brock University,Accepted,92,95.7,97,,98,AP Chemistry (SCH4UP),Accepted before submitting supplementary,21-Nov-23,12-Nov-23,"$8,100 entrance scholarship",Canada,Canada,Ontario,,,
457,,WLS,"Biomedical Sciences, Honors - Non-Co-Op",University Of Waterloo,Accepted,88,91.1,,,91.1,nope,,10-Nov-23,29-Nov-23,,Canada,Canada,Ontario,dumbiirds,,yipee!
458,,OUN,Biomedical Science,University of Ottawa,Accepted,97,98,,,.,,,,21-Nov-23,Yes,Canada,Canada,,.,,
459,,OUN,Biomedical Science,University of Ottawa,Accepted,98,97.75,95,,97.75,,,19-Nov-23,22-Nov-23,$3k scholarship,Canada,Canada,Ontario,OutrageousCoast3564,,
460,,GZB,Biomedical Science,University of Guelph,Accepted,88,91.1,,,91.1,,naur,10-Nov-23,05-Feb-24,1k scholarship,Canada,Canada,Ontario,dumbiirds,,yippay!
461,,GZB,Biomedical Science,University of Guelph,Accepted,98.3,98.5,,,98.7,,,23-Oct-23,12-Dec-23,Entrance Scholarship - $2000,Canada,Canada,Ontario,mortalitymk,,
462,,GZB,Biomedical Science,University of Guelph,Accepted,86,88,92,,90,,,21-Nov-23,05-Feb-24,"$1,000 entrance scholarship",Canada,Canada,Ontario,N/A,,
463,,GZB,Biomedical Science,University of Guelph,Accepted,96.8,96,95,,96,,,19-Oct-23,05-Feb-24,"$2,000 ",Canada,Canada,Ontario,u/ceoofcelerity,,
464,,GZB,Biomedical Sciences,University of Guelph,Accepted,88.2,95.7,96,,92,,,,05-Feb-24,$1000 entrance scholarship,India,Canada,Ontario,Don't have Reddit,,
465,,GZB,Honours Major Bio-Medical Science,University of Guelph,Accepted,97,93,95,,97,,,04-Dec-23,12-Dec-23,Yes,Canada,Canada,Ontario,u/barnowl456,snowyowl456,no!
466,,OUM,Honors Bachelors of Science in Biopharmaceutical Sciences - CO-OP,University of Ottawa,Accepted,88,91.1,,,low 80s,,nope,10-Nov-23,21-Nov-23,"yes, 1000 entry",Canada,Canada,Ontario,dumbiirds,,damn that was fast
467,,OUP,Honours Bachelor of Science in Ophthalmic Medical Technology,University of Ottawa,Accepted,96.33,90,,,96,"in IB, did not submit",did not have supp app,06-Nov-23,22-Nov-23,$3000 scholarship,Canada,Canada,Ontario,,,aaaaaaa
468,,CT,"Applied Physics, Astrophysics stream (co-op)",Carleton University,Accepted,89,86,90,,89,,,30-Oct-23,08-Nov-23,$12 000 ($3000/year) + $1500 first yr,Canada,Canada,Ontario,u/dazedtoaster158,,honestly no clue how they calculated my final avg at 90+ for scholarships but I'll take the W lmfao
469,,UES,Environmental Sciences,Wilfrid Laurier University,Accepted,90,93,93,,mid 70s,n,,04-Jan-24,16-Jan-24,"yes, 3000/ year entrance",Canada,Canada,Ontario,vancantan,,
470,,OKC,Honours Bachelor of Health Sciences,University of Ottawa,Accepted,96.33,95.5,,,96,"in IB, did not submit",did not have supp app,06-Nov-23,22-Nov-23,$3000 scholarship,Canada,Canada,Ontario,,,aaaaaaa
471,,USH,Health Sciences,Wilfrid Laurier University,Accepted,96.8,96,97,,96.8,,"No, I didn't complete the ABS form.",06-Nov-23,09-Nov-23,"Yes, Presidential Entrance Scholarship of $4,000.",Canada,Canada,Ontario,ceoofcelerity,,"i didn't expect an offer so early, but i'm very happy nonetheless!"
472,,USH,Health Science,Wilfrid Laurier University,Accepted,91,88,,,91%,,Didn't even have time to complete their supp app lmao,11-Oct-23,18-Oct-23,,Canada,Canada,Ontario,,,getting an offer a week after applying is crazy i think laurier was desperate
473,,USH,"Health Sciences (BSc), Waterloo Campus",Wilfrid Laurier University,Accepted,88.2,95,94,,95,AP Chemistry (SCH4UP),Got accepted before I submitted it,12-Nov-23,17-Nov-23,,Canada,Canada,,,,
474,,OKC,University of Ottawa - UO: Honours Bachelor of Health Science,University of Guelph,Accepted,91.5,89.7,91,,92,,Not sure if anything was looked at seeing as I had no supplementary,12-Oct-23,26-Oct-23,1000 for normal program and 1000 for french immersion,Canada,Canada,Ontario,I don't have a reddit account,inara_boleyn,
475,,OKC,Honours Bachelor of Health Sciences,University of Ottawa,Accepted,89,88,,,89,,,,20-Nov-23,Yes,Canada,Canada,Ontario,Vizaky,,
476,,OKC,Honours Bachelor of Health Sciences,University of Ottawa,Accepted,92.875,92.5,,,93.16,,,11-Nov-23,22-Nov-23,nope,Canada,Canada,Ontario,"i just lurk, no username",,"not my top choice, but not a safety either :D"
477,,OKC,Honours Bachelor of Health Sciences,University of Ottawa,Accepted,96,95,96,,97,,IB program,29-Nov-23,06-Dec-23,3k,Canada,Canada,Ontario,dont have reddit,,
478,,OKC,University of Ottawa - UO: Honours Bachelor of Health Science,University of Ottawa,Accepted,91.5,89.7,91,,92,,,12-Oct-23,03-Nov-23,,Canada,Canada,Ontario,Inaraboleynmarquez,inara_boleyn,
479,,DHS,Health Sciences (BHSc),Ontario Tech University,Accepted,94,91,,,70,,,03-Dec-23,04-Dec-23,NO,Canada,Canada,Ontario,Cultural_Traffic_598,,
480,,YHC,"Faculty of Health, B.A., Spec. Hons. Kinesiology & Health Science - Keele Campus",York University,Accepted,71,80,81,,80,,,16-Dec-23,05-Jan-24,parenta,Canada,Canada,Ontario,u/philiacat011,,stressed tf out
481,,YHD,Kinesiology & Health Science (BSc),York University,Accepted,83,80,88,,85,,,28-Oct-23,06-Dec-23,$1000 entrance,Canada,Canada,Ontario,luvwoc,,YIPEEEE!!
482,,YHD,Kinesiology & Health Science (BSc),York University,Accepted,92,87,91,,94,,,05-Nov-23,07-Dec-23,$1500 entrance,Canada,Canada,Ontario,foratte,,
483,,WF,health sciences co-op,University Of Waterloo,Accepted,93,94,95,,95,ib,didnt even do aif,13-Nov-23,29-Jan-24,"yes, entrance",china,Canada,Ontario,one_comment_7978,,
484,,N/A,Health Sci Carlenton,Carleton University,Accepted,86,90,90,92,N/A,N/A,"Rock Band, Funk Band, HOSA and MEDLIFE",09-Jan-24,18-Jan-06,Yes,Canada,Canada,Ontario,Beneficial-Vanilla62,N/A,N/A
485,,OKC,Health Sciences,University of Ottawa,Accepted,90,92,,,92,,,13-Dec-23,21-Nov-23,"$2,000 ",Canada,Canada,Ontario,Yoomiex,,
486,,USH,Health Sciences,Wilfrid Laurier University,Accepted,94.3,93.8,,,Mid 80s,,"No, I didn’t submit the ABS form",13-Nov-23,16-Nov-23,"$3,000 Entrance Scholarship",Canada,Canada,Ontario,Actual-Kitchen2070,,Laurier received my application yesterday and gave me an offer in less than 24 hours without the ABS form
487,,WF,"Honours Health Sciences, Regular",University Of Waterloo,Accepted,96.8,96,95,,96,,Nope just briefly filled out the AIF.,06-Jan-24,29-Jan-24,Not yet but I am currently eligible for the Presidential Scholarship!,Canada,Canada,Ontario,u/ceoofcelerity,,
488,,WF,Waterloo Health Sciences Co-op,University Of Waterloo,Accepted,97,96,97,,98,Waterloo,,02-Nov-23,29-Jan-24,Waterloo presidents scholarship (2000$),Canada,Canada,Ontario,Don’t have one,Don’t have one,Waterloo Aif completed as well
489,,,MN: Health Sciences,Western University,Accepted,95,92,97,,Min 80%,,,04-Oct-23,10-Nov-23,Yes,Canada,Canada,Ontario,Efficient-artist,,So grateful got in early!
490,,CHS,B. Health Sciences Honours,Carleton University,Accepted,86.4,89.66,92,,,,No,14-Oct-23,14-Nov-23,,Canada,Canada,Ontario,theyawners,,sooo early
491,,CHS,Carleton University - B. Health Sciences Honours(Health throughout the lifespan),Carleton University,Accepted,91.5,89.7,92,,92,,,12-Oct-23,26-Oct-23,"12,000",Canada,Canada,Ontario,Inaraboleynmarquez,inara_boleyn,
492,,ESM,Medical Sciences (BMSc & BSc),Western University,Accepted,97.7,97.7,97,,,,,20-Oct-23,13-Nov-23,"$3,500 ",Canada,Canada,Nova Scotia,,,
493,,ESM,Medical Science,Western University,Accepted,95.33,95.17,94.53,,95.57,,,12-Oct-23,10-Nov-23,,Canada,Canada,Ontario,Much_Ad5966,,
494,,ESM,Medical Sciences,Western University,Accepted,98,98,,,98.3,,,23-Oct-23,10-Nov-23,Automatic Entrance Scholarship - Western Scholarship of Distinction,Canada,Canada,Ontario,mortalitymk,,
495,,EW,Medical sciences,Western University,Accepted,96,91,,,98,None,N/A,20-Oct-23,11-Nov-23,Above 92 average : 2500$,Canada,Canada,Ontario,,,
496,,ESM,Main Campus - Faculty of Science - Medical Sciences,Western University,Accepted,96,95,,,only have history and adv func done so far with 95 average between the two,,,22-Nov-23,14-Dec-23,2500$ entrance scholarship,Canada,Canada,Ontario,no thank you,,
497,,ESM,Medical Sciences,Western University,Accepted,93.8,93.5,,,93.8,,,22-Nov-23,14-Dec-23,"$3,500 ",Canada,Canada,Ontario,Actual-Kitchen,,
498,,ESM,Medical Sciences,Western University,Accepted,93,95,96,,95,IB exam,,10-Nov-23,14-Dec-23,yes,China,Canada,Ontario,one_comment_7978,,nope :)
499,,ESM,Medical Sciences,Western University,Accepted,96,95,96,,97,,IB program,06-Oct-23,14-Dec-23,3.5k,Canada,Canada,Ontario,dont have reddit,,
500,,ESM,Medical Sciences,Western University,Accepted,95,96,97,,96,n/a,n/a,29-Oct-23,14-Dec-23,"$3,500 ",Canada,Canada,Ontario,Technical-Base-3722,,
501,,ESM,Medical Sciences,Western University,Accepted,97,97,,,97,,,,14-Dec-23,"$3,500 ",Canada,Canada,,Artistic-Stretch5442,,
502,,EW,Health Sciences,Western University,Accepted,95,96,97,,96,n/a,n/a,29-Oct-23,14-Dec-23,"$3,500 ",Canada,Canada,Ontario,Technical-Base-3722,,
503,,EW,MN: Health Sciences (Health Sciences with Biology),Western University,Accepted,94.56,98.67,95,,97 (not sure i calculated this right tho lol),,,20-Nov-23,14-Dec-23,Scholarship of Distinction ($2500 first year + $1000 opt. study abroad),Canada,Canada,Ontario,sorry i dont have reddit but ill include my discord username below,mydogiscuter,
504,,SNG,Toronto Metropolitan University - Nursing at George Brown College,Toronto Metropolitan University,Accepted,91,93,94,,93,,,06-Oct-23,13-Dec-23,"Automatic enterence scholorship : $1,500",Canada,Canada,Ontario,Shot_Technician_2972,,
505,,SNG,Nursing @ TMU George Brown Site,Toronto Metropolitan University,Accepted,94,91,,,High 80's,,,03-Dec-23,14-Dec-23,,Canada,Canada,Ontario,Cultural_Traffic_598,,
506,,SNG,Nursing at George Brown College,Toronto Metropolitan University,Accepted,94.56,98.67,95,,95.67 (not sure i calculated right),,,15-Jan-24,27-Jan-24,,Canada,Canada,Ontario,dont have sorry,mydogiscuter,
507,,SNG,Bachelor of Science in Nursing - Collaborative Degree,Toronto Metropolitan University,Accepted,77,89,87,,87,,,02-Nov-23,26-Apr-24,,Canada,Canada,Ontario,dont have account,,
508,,SNG,Nursing at George Brown College,Toronto Metropolitan University,Accepted,90,92,94,,91.75,No,No,10-Nov-23,23-Feb-24,No,Canada,Canada,Ontario,tricky-Eggplant-8467,,
509,,SNG,Toronto Metropolitan University - Nursing at George Brown College,Toronto Metropolitan University,Accepted,84,84,,,91,,,13-Nov-23,21-Feb-24,,Canada,Canada,Ontario,-,,
510,,SNX,Nursing at TMU,Toronto Metropolitan University,Accepted,82,89,85,,very high 80s to low 90s,Non,Grade-Only,19/11/2023,08/05/2024,Automatic Award Entrance,China,Canada,Ontario,Dry_Inflation6890,,"I literally thought I am going get REJECTED for TMU Nursing at main site (My top 1 choices), since it is very compective and required high mark. I already accpeted the centennial collab one, BUT TMU actually give me an OFFER ( still crying bc i can't belive it). So yep, I cancel the centennial one and I am going to my TOP1 choices TMU !!!!"
511,,SNX,Nursing,Toronto Metropolitan University,Accepted,95.5,94.6,94,,Between 94-96,,,07-Nov-23,22-Feb-24,,Canada,Canada,Ontario,Laevenii,,
512,,SNX,Nursing,Toronto Metropolitan University,Accepted,87,94,92,,92,,,06/11/2023,08/05/2024,Entrance Scholarship,Canada,Canada,Ontario,I dont have reddit,,
513,,SNX,Toronto Metropolitan University - Nursing at TMU,Toronto Metropolitan University,Accepted,84,88,,,92.5,,,13/11/2023,06/05/2024,,Canada,Canada,Ontario,-,,
514,,SNX,Nursing,Toronto Metropolitan University,Accepted,90,89,90,91,89,No,No,27-Feb-23,18-Jan-24,Yes,Canada,Canada,Ontario,None,None,
515,,BNS,Nursing,Brock University,Accepted,82,85,94,,85,,,,11-Jan-24,Yes,-,-,-,-,,
516,,DHN,Nursing,Ontario Tech University,Accepted,91,93,,,93,N/A,N/A,14-Jan-24,29-Jan-24,,Canada,Canada,Ontario,funclejesus,,
517,,LNE,Bsc. Nursing,Laurentian University,Accepted,91,90,87,,91,N/A,N/A,07-Dec-23,08-Dec-23,"not yet, haven't even received the email yet. Just saw it on the portal",Canada,Canada,Ontario,ChemicalPear9647,cassiee_.,so weird i got accepted the day after applications but haven't even received an email!! I saw it in the laurentian portal!
518,,LNE,BSc Nursing,Laurentian University,Accepted,85,84,86,,,,,22-Oct-23,01-Nov-23,6000 over 4 yrs,Canada,Canada,Ontario,,,
519,,BNS,BScN Honours Nursing,Brock University,Accepted,83,87,85,,"97, 90,91,92,78,76",I did Casper but Brock doesn’t need it. I score the third quartile,,19-Nov-23,24-Nov-23,Yes,China,Canada,Ontario,@Dry_inflation6890,Baetaennie,
520,,BNS,BScN Honours: Nursing,Brock University,Accepted,79,86,88,,80,,,,16-Feb-24,No,Canada,Canada,Ontario,Fresh_Dog2626,,
521,,BNS,BScN Honours: Nursing,Brock University,Accepted,88,91,92,,92,,,02-Jan-24,03-Jan-23,Brock Scholars Award,Canada,Canada,Ontario,mikewasowskit,,
522,,BNS,BscN Nursing - Honours,Brock University,Accepted,94,91,,,High 80's,,,03-Dec-23,05-Dec-23,Yes,Canada,Canada,Ontario,Cultural_Traffic_598,,
523,,BNS,Honours: Nursing,Brock University,Accepted,96,93,,,Based on Grade 11 Marks.,,N/A,03-Nov-23,06-Nov-23,"Yes, the entrance scholarship valued at $3,400 for 4 years ($13,600).",Canada,Canada,Ontario,y2nshi,y2nshi,
524,,SNX,Nursing @TMU main site,Toronto Metropolitan University,Accepted,94,95,,,94,no,no,26-Oct-23,30-Nov-23,"I think it will apply for final top 6 next year, it did not specify in this offer letter",China,Canada,Ontario,Kalaini_,,"I didn't know it was sent this early, everyone please have hope!"
525,,UKP,Kinesiology (BKin),Wilfrid Laurier University,Accepted,83,80,88,,85,,,17-Nov-23,24-Nov-23,"$2,500 ",Canada,Canada,Ontario,luvwoc,toekeo,"lol I'm actually so surprised, I didn't even submit the ABS form yet..."
526,,WK,Kinesiology (Co-op),University Of Waterloo,Accepted,94,95,,,94,no,no,26-Oct-23,30-Nov-23,It need final average for top 6,China,Canada,Ontario,Kalaini_,,
527,,WK,Kinesiology - Co-op (Medical Physiology),University Of Waterloo,Accepted,96.8,96,97,,95,,took ENG4U online in summer school in the summer of grade 11 going into grade 12.,20-Oct-23,30-Nov-23,Currently eligible for President’s Scholarship of Distinction (Final admission average calculated in May),Canada,Canada,Ontario,u/ceoofcelerity,,
528,,WHE,Honours Public Health Co-Op,University Of Waterloo,Accepted,90,93,96,,93,no,no,20-Nov-23,29-Nov-23,"2,000",Canada,Canada,Ontario,urnurseme,,
529,,OUW,Mathematics CO-OP,University of Ottawa,Accepted,93,92.75,,,93.3,,,,21-Nov-23,,Canada,Canada,,,,
530,,TXS,Mathematics (co-op and regular) - U of T Scarborough,University of Toronto,Accepted,96,97.75,,,97.6,,,05-Nov-23,25-Jan-24,$10k uoft scholar + $3k renewable,Canada,Canada,Ontario,u/Specialist_Rent9074,,
531,,TXS,Mathematics (co-op and regular) - U of T Scarborough (Mathematics/Comprehensive (co-op optional)),University of Toronto,Accepted,94.7,93,,,93,no,no,14-Nov-23,26-Jan-24,yes,Vietnam,Canada,Ontario,inuryu,,
532,,SEA,Mathematics and its Applications (Co-op available),Toronto Metropolitan University,Accepted,94.7,93,,,93,no,no,14-Nov-23,16-Jan-24,,Vietnam,Canada,Ontario,inuryu,,
533,,TME,"University of Toronto - Commerce (including Accounting, Finance, Marketing) - U of T Mississauga",University of Toronto,Accepted,91,93,,,93,,,,25-Jan-24,,Canada,Canada,Ontario,Smart-Stay2463,,
534,,TME,"University of Toronto - Commerce (including Accounting, Finance, Marketing) - U of T Mississauga",University of Toronto,Accepted,97,98.5,98,,98,,,08-Dec-23,26-Jan-24,Yes. $15000,Canada,Canada,Ontario,Commerce_Admission,,
535,,TME,"University of Toronto - Commerce (including Accounting, Finance, Marketing) - U of T Mississauga (Accounting)",University of Toronto,Accepted,94,94,94,,94,,,16-Nov-23,25-Jan-24,$12k,Canada,Canada,Ontario,Numerous-Nature3306,,
536,,TME,"University of Toronto - Commerce (including Accounting, Finance, Marketing) - U of T Mississauga (Marketing)",University of Toronto,Accepted,99,98.5,99,,99.25,,,20-Oct-23,25-Jan-24,"awarded the Presidents Scholarship ($15,000) and Entrance Scholarship ($3,000)",Canada,Canada,Ontario,I do not have Reddit,,
537,,OCT,Commerce (Option in Marketing) and Master of Science in Management (Research Project),University of Ottawa,Accepted,96,96.6,,,96,,,08-Nov-23,22-Nov-23,$3000 Admission Scholarship,Canada,Canada,Ontario,-,,
538,,OTC,Bachelor of Commerce (Honours) - Accounting and Finance,University of Ottawa,Accepted,81,93,,,92,,,20-Oct-23,20-Nov-23,1000,Other,Canada,Ontario,no thank u,,
539,,DCC,Commerce,Ontario Tech University,Accepted,65,75,77,,78,,,24-Nov-23,21-Jan-24,,Canada,Canada,Ontario,available-king-8786,,
540,,OTC,Commerce,University of Ottawa,Accepted,95,93,,,,,,21-Nov-23,21-Nov-23,"$4,000 ",Canada,Canada,,,,
541,,,Commerce - Finance,University of Ottawa,Accepted,94,92.75,94,94,like 80s,,no,10-Oct-23,22-Nov-23,I think so....,Canada,Canada,Ontario,,,-
542,,OTU,Commerce: BCom Honours - Management with Co-op,University of Ottawa,Accepted,91.16,91.16,92,,91.16,,,20-Nov-23,22-Nov-23,"$1,000 per year x 4",Canada,Canada,Ontario,Ill_cap_7085,luke._.123,
543,,OTQ,Commerce Human Resources Management - CO-OP,University of Ottawa,Accepted,90,0,0,,90,,,11-Oct-23,21-Nov-23,2k,Canada,Canada,Ontario,jpa,Jacob Park#1484,
544,,QC,Commerce (BCom),Queens University,Accepted,93,95,,,95,,"Club + school volleyball: 5 years +captain, self run business reselling",07-Dec-23,17-Jan-24,,Canada,Canada,British Columbia,Ornery-Buy-6136,,
545,,YFB,Commerce,York University,Accepted,88,82,90,,85,,,02-Oct-23,06-Dec-23,"$1,500 ",Canada,Canada,Ontario,user2392,,
546,,YFB,Commerce,York University,Accepted,87,85,90,,89,,no,29-Oct-23,08-Dec-23,"York University Automatic Entrance Scholarship : $1,500",Canada,Canada,Ontario,not on reddit,N/A,
547,,YFB,Commerce,York University,Accepted,87,86,85,,low 80s,,,26-Dec-23,07-Dec-23,1500 automatic entrance scholarship,none,Canada,Ontario,Cylinder23,,
548,,YFB,Commerce (Bcom),York University,Accepted,86.5,87,88,,87,,,05-Dec-23,15-Dec-23,yes. 1500 dollars.,Canada,Canada,Ontario,Ilikeleague2,,
549,,YFL,Human Resources Management (BHRM),York University,Accepted,91,89.25,90,,mid-to-high 70s,,,10-Nov-23,08-Dec-23,2500,Canada,Canada,Ontario,jatatoo,,
550,,UDH,Laurier Economics and Financial Management (Coop) With Management Option,Wilfrid Laurier University,Accepted,87,86,88,,86%,Optional Supplementary Application,N/A,24-Nov-23,03-Nov-23,$2500 Entrance Scholarship,Canada,Canada,Ontario,Known-Lingonberry-60,N/A,N/A
551,,EHD,Huron University College - HR: Management & Organizational Studies (Finance & Administration),Western University,Accepted,95.25,98.6,,,98.6,,,08-Oct-23,01-Feb-24,"$3,500 ",Canada,Canada,Ontario,n/a,north6,Received Ivey Offer
552,,TSM,UTSC Management (BBA) (Co-Op),University of Toronto,Accepted,97.85,99,98.6,99.35,99.35,Supp App,,15-Nov-23,25-Jan-24,"U of T Scholar ($10,000), Principal's Entrance Award ($3000/year)",Canada,Canada,Ontario,Canada_CH,,
553,,TSM,UTSC Management (BBA) (Co-Op),University of Toronto,Accepted,97,98.5,98,,98,,,08-Dec-23,26-Jan-24,Yes. $15000,Canada,Canada,Ontario,Commerce_Admission,,
554,,UDH,Economics and Financial Management (management option),Wilfrid Laurier University,Accepted,83,89,91,,89,n/a,ABS form,01-Dec-23,07-Feb-24,$2500 Entrance Scholarship,Canada,Canada,Ontario,syy_2kk,,
555,,UMN,Computer Science with Management Option,Wilfrid Laurier University,Accepted,91,92,94,,92,,,14-Nov-23,18-Nov-23,"$3,000 entrance.",Canada,Canada,Ontario,culprittt,,
556,,ED,Management & Organizational Studies,Western University,Accepted,90.625,91.25,93,,92,Doulingo English Test- 150,,12-Dec-23,12-Dec-23,,India,Canada,Ontario,u/TheGreatT20,,Have not applied to Ivey yet. Will send in application next week
557,,ED,Management & Organizational Studies,Western University,Accepted,92,93,,,93,,,,14-Dec-23,,Canada,Canada,Ontario,Smart-Stay2463,,
558,,ED,MN: Management & Organizational Studies,Western University,Accepted,96,97,,,97,,,13-Nov-23,14-Dec-23,"$3500, $2500 in first year, + $1000 for optional study abroad",Canada,Canada,Ontario,NA,,didn't complete Ivey supp app yet
559,,ED,Western University - MN: Management & Organizational Studies (Finance),Western University,Accepted,97.625,99,99,,99,I did not submit my IVEY yet,nope,06-Oct-23,14-Dec-23,2500$ Entrance Scholarship,Canada,Canada,Ontario,u/Canada_CH,,
560,,EHD,HR: Management and Organizational Studies,Western University,Accepted,94,95.5,96,,96.2,,,20-Nov-23,20-Dec-23,,Canada,Canada,British Columbia,No_Youth4870,,
561,,GBF,Management (Co-op and Regular),University of Guelph,Accepted,95,89,93,,low-mid 80s,,,26-Nov-23,12-Dec-23,"$1,000 ",Canada,Canada,Ontario,supremebingewatcher,,feel free to message me :)
562,,GBX,Sport and Event Management Co-op,University of Guelph,Accepted,96,95,96,,94.5,,2k Plus Volunteer Hours.,15-Nov-23,12-Dec-23,1000 entrance scholarship,Canada,Canada,Ontario,GuelphMSouthend; Did get banned tho,,Hope I get 2k scholarship once I finish school for entry.
563,,GHT,"Hospitality and Tourism Management (Co-op and Regular),",University of Guelph,Accepted,87.5,82,,,80-86,,,25-Sep-23,12-Dec-23,"$1,000 ",France,Canada,Ontario,status-extent5761,eloiseee#7174,
564,,CC,BComm (no concentration) Honours with Co-Op,Carleton University,Accepted,91.16,91.16,92,,91.16,,,20-Nov-23,21-Nov-23,"$3,000 per year x 4 PLUS Dean's Scholarship of Excellence valued at $2,000",Canada,Canada,Ontario,Ill_Cap_7085,luke._.123,
565,,SSB,Business Technology Management,Toronto Metropolitan University,Accepted,81,84,87,86.6,"Advanced Function - 75 , English - 84 , Accounting - 84 , Business International - 88 , Finace - 95 , Business leadership - 94",No,Co-op accounting 165 volunteer hours,28-Nov-22,14-Mar-23,,Canada,Canada,Ontario,Jay,Jay1892,No
566,,"YBH, YBK, YFL",York University - Business Economics (BA) | York University - Financial & Business Economics (BA) | York University - Human Resources Management (BHRM),York University,Accepted,70.375,81.5,80,,"MHF4U - 67%, ENG4U - 80% rest of U courses are next sem",,,18-Dec-23,08-Jan-24,,Canada,Canada,Ontario,imfinishedmate,exodisium,RYERSON TIME
567,,SBE,Business Management,Toronto Metropolitan University,Accepted,92,94,94,,94,,,,23-Nov-23,,Canada,Canada,Ontario,theo_b_20,,
568,,SBE,Business Management (Co-op available),Toronto Metropolitan University,Accepted,92,93,90,,93.8,,,28-Nov-23,01-Dec-23,,Canada,Canada,Ontario,Ok-Net-1143,,
569,,SBE,Business Management (Co-op available),Toronto Metropolitan University,Accepted,85,96,92,92,96,,,04-Nov-23,12-Feb-23,,Canada,Canada,Ontario,Dry_Department3410,,
570,,RND,Trent University - Law (LL.B.) Business Administration (B.B.A.): Trent/Swansea Dual degree,Trent University,Accepted,96,94,96,,96,,,13-Jan-24,18-Jan-24,"$10,000 ",Canada,Canada,Ontario,u/raynbows13,,
571,,GDB,Business,University of Guelph-Humber,Accepted,86,81,85,,81,,,18-Oct-23,20-Dec-23,Yes,Canada,Canada,Ontario,subsaudry,,
572,,,CS/BBA,University Of Waterloo,Accepted,97,96,98,,97,CCC 65. Euclid 56,Hpl Soccer Creator of investment club,09-Nov-23,09-Mar-24,"$2,000 ",Canada,Canada,British Columbia,N/A,N/A,Thank you
573,,BN,BBA Honours: Business Administration,Brock University,Accepted,92,94,94,,94,,,,20-Nov-23,"Brock Scholars Award in the amount of $7,600",Canada,Canada,Ontario,theo_b_20,,
574,,MB,Business,McMaster University,Accepted,91,93,,,93,,,,26-Jan-24,,Canada,Canada,Ontario,Smart-Stay2463,,
575,,MB,Mac business 1,McMaster University,Accepted,94,94.5,,,95.3,,,27-Oct-23,26-Jan-24,5000,Canada,Canada,Ontario,n.a,n.a,
576,,MB,McMaster University - Business I,McMaster University,Accepted,94,94,95,,95.5,,didn't do suppapp,16-Nov-23,30-Jan-24,cant check cuz applicant portal wont load ;-;,Canada,Canada,Ontario,Numerous-Nature3360,,
577,,UXA,Business Administration (BBA) and Computer Science (BSc) Double Degree,Wilfrid Laurier University,Accepted,96,93,96,,95,,,03-Nov-23,09-Nov-23,,Canada,Canada,Ontario,Apprehensive_Gap_335,Skyline#2319,
578,,UXA,Business Administration (BBA) and Computer Science (BSc) Double Degree,Wilfrid Laurier University,Accepted,93.3,94,94,0,94,,,03-Nov-23,14-Nov-23,3k condtional entrance scholarship,Canada,Canada,Ontario,,,
579,,ED,BMOS,Western University,Accepted,91,94,96,,95.5,N/A,,01-Nov-23,12-Dec-23,3000 dollar scholarship,Canada,Canada,Ontario,dismal_chicken2425 😭,,
580,,DCF,Finance (Co-op),Ontario Tech University,Accepted,76,88.5,92,,89.5,N/A,N/A,03-Jan-24,03-Jan-24,"$1,000 ",Canada,Canada,Ontario,u/TheLostMintedDenied,.lecraft,I applied on the 3rd of January at around 12pm. I got the offer in the same day 6 hours later. I know Ontario Tech isn't the best for Finance but my parents forced me to apply there. I wasn't surprised about the early acceptance honestly.
581,,SBO,Accounting and Finance (Co-op available),Toronto Metropolitan University,Accepted,88,91,93,,91,,No Supp app,31-Oct-23,14-Dec-23,No,Canada,Canada,Ontario,Apprehensive-Carrot3,,
582,,SBO,Accounting and Finance (Co-op available),Toronto Metropolitan University,Accepted,93,94,93,,94,,,16-Nov-23,15-Dec-23,yes,Canada,Canada,Ontario,Numerous-Nature3306,,"require 80% overall with 75% in advanced func, calc, eng to keep offer"
583,,UBF,BBA + Fin math,Wilfrid Laurier University,Accepted,88,88.5,92,,92,,,02-Nov-23,08-Feb-24,$3000 entrance,Canada,Canada,Ontario,u/Neither_Quantity9668,,No.
584,,SBB,Business Technology Management,Toronto Metropolitan University,Accepted,89.875,95.33,,,Got in with a 93.83% Top 6,,,22-Oct-23,09-Nov-23,,Canada,Canada,Ontario,,,
585,,SBB,Business Technology Management,Toronto Metropolitan University,Accepted,92,95,93,,,,,03-Nov-23,07-Nov-23,,Canada,Canada,Ontario,skwithdaglizzy,,
586,,SBB,Business Technology Management,Toronto Metropolitan University,Accepted,83,93,,,92.6,,,15-Nov-23,01-Dec-23,,Canada,Canada,Ontario,,None,
587,,SBE,Business Management,Toronto Metropolitan University,Accepted,87,86,83,,Low to high 80s,,,24-Nov-23,29-Nov-23,No,None,Canada,Ontario,Cylinder23,,
,,,Co-op available,,,,,,,,,,,,,,,,,,
588,,SBE,Business Management,Toronto Metropolitan University,Accepted,92,93,,,92,,,05-Nov-23,08-Nov-23,,Canada,Canada,Ontario,,,
589,,,Business Administration,Brock University,Accepted,92,93,,,92,,,05-Nov-23,07-Nov-23,,Canada,Canada,Ontario,,,
590,,UB,Business Administration,Wilfrid Laurier University,Accepted,92,95,93,,94,,,03-Nov-23,08-Nov-23,,Canada,Canada,Ontario,skwithdaglizzy,,
591,,UB,Business Administration (BBA),Wilfrid Laurier University,Accepted,92,93,,,93.4,,,05-Nov-23,14-Nov-23,,Canada,Canada,Ontario,,,
592,,UB,Business Administration (BBA),Wilfrid Laurier University,Accepted,94.7,94.5,,,95.8 (Top 5 3U/M),,No ABS,16-Nov-23,18-Nov-23,4000 per year if you keep 95-100% final avg,Canada,Canada,Ontario,Numerous-Nature3306,,
593,,UB,BBA,Wilfrid Laurier University,Accepted,94,94,95,,Above 90%,,"Didn't even have to submit the sup app, was accepted 2 days after applying",25-Oct-23,27-Oct-23,,Canada,Canada,Ontario,,,
594,,UB,BBA,Wilfrid Laurier University,Accepted,96,96,97,,above 90%,,,01-Nov-23,09-Nov-23,,Canada,Canada,Ontario,,,i got in b4 grade 12 midterms came out
595,,UB,BBA,Wilfrid Laurier University,Accepted,87,94.5,95,95,94.5,,,17-Nov-23,24-Nov-23,3000,Canada,Canada,Ontario,Added discord,ibi#1483,
596,,UB,Business Administration (BBA),Wilfrid Laurier University,Accepted,95,89,93,,93 (predicted),,,26-Nov-23,01-Dec-23,"President's Gold Scholarship; $4,000 per yr conditional upon final grades",Canada,Canada,Ontario,supremebingewatcher,,
597,,UB,Business Administration,Wilfrid Laurier University,Accepted,83,93,96.5,,93,,,17-Nov-23,04-Dec-23,No,Canada,Canada,Ontario,Defiant Squirrel,Drew37,Idk my exact username but I’m not lying
598,,UB,BBA,Wilfrid Laurier University,Accepted,89,88,92,,93,N/A,N/A,05-Nov-23,14-Nov-23,3000$ - Merit Entrance Award,Canada,Canada,Ontario,Ketsiaa,wedontfwari,"My grades are a little off since when I applied I had 2 grade 12 marks done over the summer. Consequently, my acceptance was based upon those 2 marks (90 and 95) then my top 4 grade 11 for a 93% average at the time of the offer."
599,,UB,BBA,Wilfrid Laurier University,Accepted,88,90.6,93,94,92.7,no,no,09-Oct-23,09-Nov-23,3000$,Canada,Canada,Ontario,Danielkmle,none,
600,,UB,BBA,Wilfrid Laurier University,Accepted,92,93,,,93,,,,11-Dec-23,,Canada,Canada,Ontario,Smart-Stay2463,,
601,,UB,Business Administration,Wilfrid Laurier University,Accepted,90.625,91.25,93,,92,Doulingo Egnlish Test- 150,"On a student visa, recently got my permanent residency but haven't updated my status on OUAC/ university websites",01-Dec-23,13-Dec-23,5000 dollar entrance scholarship. Will go down to 3000 or so once I update status to permenant residence,India,Canada,Ontario,u/TheGreatT20,,
602,,UB,Business Administration (BBA),Wilfrid Laurier University,Accepted,91,89.25,90,,94,,,10-Nov-23,14-Dec-23,"3,000",Canada,Canada,Ontario,jatatoo,,
603,,UB,Business Administration (BBA),Wilfrid Laurier University,Accepted,92,91,90,,93.8,,,28-Nov-23,14-Dec-23,Entrance scholarship $3000,Canada,Canada,Ontario,Ok-Net-1143,,
604,,UB,Business Administration (BBA),Wilfrid Laurier University,Accepted,93,94.3,93,,94,,,20-Oct-23,13-Nov-23,Yes - grades based,Canada,Canada,Ontario,```,```,
605,,UB,Business Administration (BBA),Wilfrid Laurier University,Accepted,96,96.6,,,96,,,13-Nov-23,28-Dec-23,$4000 renewable - President's Gold Scholarship,Canada,Canada,Ontario,-,,
606,,UB,Business Administration (BBA) Co-op,Wilfrid Laurier University,Accepted,84,93.3,94.5,,90.5,,No,10-Nov-23,13-Dec-23,$3000 entrance scholarship,Canada,Canada,Ontario,u/Upstairs_Leading4669,,
607,,UB,"Business Administration (BBA), Waterloo Campus",Wilfrid Laurier University,Accepted,94,94,,,95,,,,08-Nov-23,,Canada,Canada,,stanflam,,
608,,UB,"Business Administration (BBA), Waterloo Campus",Wilfrid Laurier University,Accepted,88,94,96,,94,,,10-Dec-23,14-Dec-23,"$3,000 ",Canada,Canada,Ontario,contentpersimmon 3726,,
609,,UB,"Wilfrid Laurier University - Business Administration (BBA), Waterloo Campus",Wilfrid Laurier University,Accepted,92.5,96,93,,97,,,24-Nov-23,28-Nov-23,President's Gold Scholarship,Canada,Canada,Ontario,vassena1,,
610,,UBF,Business Administration (BBA) + Financial Mathematics (BA) (Co-op) (Waterloo Campus),Wilfrid Laurier University,Accepted,93,90.3,94,,94,Waterloo FLC ranked top 10 in Canada,"Interviewed by the Prime Minister, Received Several Awards from Mayors and the Lieutenant Governor",07-Nov-23,14-Dec-23,less than 5k per year,Canada,Canada,Ontario,u/luke681yt,doggobound,my friend who didnt do the ABS form got in (same top6 avg as me) so its not competitive
611,,UBF,"Business Administration (BBA) and Financial Mathematics (BA) Double Degree, Waterloo Campus",Wilfrid Laurier University,Accepted,88,94,96,,94,,,10-Dec-23,14-Dec-23,"3,000",Canada,Canada,Ontario,ContentPersimmon3726,,
612,,UB,Business Administration (BBA),Wilfrid Laurier University,Accepted,92,96,,,93,,,12-Oct-23,14-Nov-23,"$3,000 ",Canada,Canada,Ontario,hqfgxxi,,
613,,UB,Business Administration (BBA),Wilfrid Laurier University,Accepted,76,88,92,,89.5,N/A,N/A,03-Jan-24,07-Feb-24,"$3,000 ",Canada,Canada,Ontario,u/TheLostMintedDenied,.lecraft,I don't even know I got into BBA. I didn't submit the ABS form but it appears everyone is getting BBA offers.
614,,UB,Business Administration (BBA),Wilfrid Laurier University,Accepted,86,87,93,,87.3,nope,"Submitted ABS, nothing that crazy, 1 co pres position and 2 clubs founded, food bank volunteer position",21-Dec-23,07-Feb-24,president scholarship $4k/year * 4 years,Canada,Canada,Ontario,waIking-on-sunshine,,No idea how I got the scholarship but its a calm 4k year so im not bout to bring it up
615,,UBF,"Business Administration (BBA) and Financial Mathematics (BA) Double Degree, Waterloo Campus",Wilfrid Laurier University,Accepted,92,93,,,93,,,,05-Jan-24,,Canada,Canada,Ontario,Smart-Stay2463,,
616,,UBF,"Business Administration (BBA) and Financial Mathematics (BA) Double Degree, Waterloo Campus",Wilfrid Laurier University,Accepted,90.5,91.25,93,,93.5,Doulingo English Test- 150,Nope,,06-Feb-24,Entrance Scholarship of 3000 dollars,India,Canada,Ontario,u/TheGreatT20,,
617,,BBA + BA,Business Administration (BBA) + Financial Mathematics (BA),Wilfrid Laurier University,Accepted,92,94,94,,95,,,,14-Feb-24,"Yes, President’s Gold Scholarship valued at $4,000 per year over 5 years. ($20,000)",Canada,Canada,Ontario,theo_b_20,,
618,,UXA,"Wilfrid Laurier University - Business Administration (BBA) and Computer Science (BSc) Double Degree, Waterloo Campus",Wilfrid Laurier University,Accepted,91.4,91,91,92,91,,,24-Nov-23,17-Dec-23,2500$,Canada,Canada,Ontario,elijahrus250_,,My school did not submit my midterm marks so i got admitted off of last year grades which were all of my grade 11 marks plus 3 4U courses which were 92 91 and 95
619,,BND,Business Administration International Co-op,Brock University,Accepted,89.6,92.6,93,,93,,,10-Nov-23,10-Nov-23,18000,Canada,Canada,Ontario,devli123,,
620,,BTM,Business technology management,Wilfrid Laurier University,Accepted,80,80,80,,80,,,,29/02/2024,,Vietnam,Canada,Ontario,Ppp,,
621,,MB,Business I,McMaster University,Accepted,89.6,92.6,93,,93,,Presidents of too many things.,10-Nov-23,26-Jan-24,,Canada,Canada,Ontario,devli123,,
622,,MB,Business I,McMaster University,Accepted,92,93,,,94.83,,,05-Nov-23,06-Mar-24,"$5,000 ",Canada,Canada,Ontario,N/A,,
623,,MB,Business I,McMaster University,Accepted,87,85,93,,90,,,22-Dec-23,06-Mar-24,,Canada,Canada,Ontario,N/A,,
624,,MB,McMaster DeGroote Business 1,McMaster University,Accepted,87,92,,94,94,,,17-Nov-23,07-Mar-24,"$2,500 ",Canada,Canada,Ontario,kriddik,kriddik,
625,,WAB,Honours Arts and Business University Main Campus (Co-op and Regular) (Economics (co-op optional),University Of Waterloo,Accepted,90,94,94,,For now it is 94,None,Non-profit organization Grandparent's Diary,05-Nov-23,30-Nov-23,University of Waterloo President’s Scholarship,China,Canada,Ontario,No reddit,,
626,,WGB,Global Business and Digital Arts,University Of Waterloo,Accepted,96,96.6,,,96,No,No,11-Nov-23,30-Nov-23,$5000 President's Scholarship of Distinction,Canada,Canada,Ontario,-,,
627,,WGB,Global Business and Digital Arts (GBDA),University Of Waterloo,Accepted,90,93,,,93,,,04-Oct-23,29-Nov-23,$2000 President's Scholarship,Canada,Canada,Ontario,-,,
628,,WGB,Global Business and Digital Arts Co-op,University Of Waterloo,Accepted,91,92,,,92,,club prez // tutoring // hackathons,14-Dec-23,26-Jan-24,,Canada,Canada,Ontario,n/a,,
629,,AEO,Ivey Advanced Entry Opportunity,Western University,Accepted,95.25,98.6,98,,98.6,,,10-Jan-24,16-Jan-24,"$3,500 ",Canada,Canada,Ontario,n/a,north6,Previously accepted to BMOS
630,,AEO,Western Ivey AEO,Western University,Accepted,96,96.5,97,,97,,,15-Jan-24,08-Feb-24,,Canada,Canada,Ontario,-,,
631,,AEO,Ivey AEO,Western University,Accepted,96.5,97.5,97,,97.5,,"Executive of School Council, Co-President of school’s Mental Health Committee, Head position at former workplace, Family Business, and Volunteer at local Hospice.",08-Dec-24,14-Feb-24,10k scholarship from the program for my first 2 years.,Canada,Canada,Ontario,No_tangerine5288,,
632,,AEO,Ivey Advanced Entry Opportunity (AEO),Western University,Accepted,94,95.14,95.14,,95.14,,"DECA club copres, small business with under 1k rev, wrote a lot abt learning from diverse perspectives n stuff",10/01/2024,08/05/2024,3.5k scholarship of distinction (92-100% admission avg),Canada,Canada,Ontario,rather not!,rather not!,don't stress 05's
633,,AEO,Ivey AEO (w/Social Science),Western University,Accepted,94,94,93,,94.7,,"club presidency, summer camp counselor, model un, mock trials, youth nonprofit",15-Jan-24,21-Feb-24,$2500 scholarship from social science offer earlier,Canada,Canada,Ontario,u/milk_prodigy,,all the averages besides acceptance average are rough estimates cuz i forgot/never bothered calculating them
634,,AEO,Western Ivey AEO,Western University,Accepted,92.6,93.8,,,93.8,,"two essays were on 1. starting+managing a school club 2. long-term piano teacher (+ deca, mock trial, camp volunteer, gr9 orientation leader, volleyball) (+debate, deca, and mock trial awards)",15/01/2024,03/05/2024,$3500 main campus admission scholorship,Canada,Canada,Ontario,u/Such_Peach_6754,,
635,,AEO,Western Ivey AEO,Western University,Accepted,95,96,95,,98,,,04/01/2024,08/02/2024,3500,Canada,Canada,British Columbia,jjzyise,,
636,,AEO,Western Ivey AEO,Western University,Accepted,90,91,92,,95,Predicted 38/45 for IB (765 HL),DM on reddit or discord if you have questions about anything!,15/01/2024,26/02/2024,$2500 for social science,Canada,Canada,Alberta,u/smile_writes,5w3ra,Average is AFTER 4% boost given to Alberta students! My average was usually mid 80s but my top 6 was low 90s before boost. I think my essays really helped me.
637,,EKD,"Management & Organizational Studies, Non-Co-op, King's College",Western University,Accepted,91,92,,,,,,10-Nov-23,22-Nov-23,,Canada,Canada,Ontario,jatatoo,,
638,,,BBA + Financial Math Double Degree,Wilfrid Laurier University,Accepted,94.6,95.5,96,,based on gr11 marks,,,06-Nov-23,10-Nov-23,,Canada,Canada,Ontario,,,this is the bba + math DD at laurier only. NOT the bba + math DD at laurier and waterloo.
639,,,Financial Mathematics (Co-op available),Toronto Metropolitan University,Accepted,92.2,91.7,,,93.7,,,30-Oct-23,07-Nov-23,,Canada,Canada,Ontario,yus3n,,
640,,UAM,Financial Mathematics (BA),Wilfrid Laurier University,Accepted,78,88,90,,mid 80s,Ap language and composition,,31-Oct-23,04-Nov-23,$2500 entrance scholarship,Canada,Canada,Ontario,coolswaggypanties,,
641,,SBO,Accounting and Finance,Toronto Metropolitan University,Accepted,95.25,98.6,96.3,,,,Safety School,08-Oct-23,07-Nov-23,,Canada,Canada,Ontario,,north6,don't give up; you are almost there!
642,,BK,BAcc Honours: Accounting with Co-op,Brock University,Accepted,97.625,99,99,,97.625,,,06-Oct-23,01-Nov-23,"Yes, the entrance scholarship valued at $3,400 for 4 years ($13,600).",Canada,Canada,Ontario,,,
643,,BK,Accounting - Co-op,Brock University,Accepted,94.7,94.5,93,,94.5,,,16-Nov-23,17-Nov-23,Yes $7600 to be divided over the span of 4 years for an average of 90-94%,Canada,Canada,Ontario,Numerous-Nature3306,,
644,,BK,Brock University - BAcc Honours: Accounting,Brock University,Accepted,80.4,86,87,,84.2,,,26-Dec-23,02-Jan-24,$400 * 4,China,Canada,Ontario,BillyXu3057,,
645,,BK,Accounting + Co-op,Brock University,Accepted,88,0,94,,88,,,07-Oct-23,31-Oct-23,"$3,600 over 4 years",Canada,Canada,Ontario,,,Put 0 for gr 12 midterm avg cause i havent received it yet
646,,BK,Accounting Co-op,Brock University,Accepted,92,91,93,,91,,,26-Oct-23,30-Oct-23,7600,Canada,Canada,Ontario,,,
647,,BK,Accounting CO-OP,Brock University,Accepted,90.5,88.6,90.5,,Early Acceptance: 90.6 As of rn: 88.2,No,"Volleyball, Softball, Coached Flag-Football, 100+ volunteering hours",21-Oct-23,01-Nov-23,Entrance Scholarship $7600,Canada,Canada,Ontario,Hotfan-161,,
648,,OXE,Economics (Co-Op),University of Ottawa,Accepted,89,88,91,,93,N/A,N/A,04-Nov-23,22-Nov-23,2000$ - Merit Entrance Award,Canada,Canada,Ontario,Ketsiaa,wedontfwari,My acceptance average consisted of grade 12 courses I had taken ahead of time and my top grade 11 courses.
649,,UDA,Economics and accounting,Wilfrid Laurier University,Accepted,91,92,94,,91,,,,26-Oct-23,3000,Canada,Canada,Ontario,,,
650,,UDH,Economics and Financial Management (BA) with Management Option,Wilfrid Laurier University,Accepted,90,82,,,90,,Multiple part time jobs and executive positions.,28-Oct-23,08-Nov-23,Yes,Canada,Canada,Ontario,PathNo8567,,
651,,UEE,Economics and Data Analytics (BA) with Management Option,Wilfrid Laurier University,Accepted,92,89,94,,Low-mid 80s,,,07-Nov-23,10-Nov-23,2500 entrance scholarship,Canada,Canada,Ontario,,,
652,,RDT,Data science,Trent University,Accepted,81,86,89,,80,No,No,21-Oct-23,07-Dec-23,,Canada,Canada,Ontario,No,,
653,,UDS,Data science,Wilfrid Laurier University,Accepted,84,87,90,,89,,,01-Nov-23,06-Nov-23,,Canada,Canada,Ontario,Ray56,,
654,,YYY,Data Science (BSc),York University,Accepted,94.4,98.25,97,,97.8,,No supplemental,11-Dec-23,15-Dec-23,,Canada,Canada,Ontario,DeepGas4538,,
655,,UDS,Data Science,Wilfrid Laurier University,Accepted,95.5,94,,,80,,,12-Nov-23,16-Nov-23,,Canada,Canada,Ontario,Tricky-Eggplant-8467,,
656,,UDS,Data science (Bsc),Wilfrid Laurier University,Accepted,84,88,91,,High 80’s,,,06-Nov-23,15-Oct-23,3000$,Canada,Canada,Ontario,Fragrant-Skin599,Ray56 (yalla_1),
657,,YPN,Statistics (BA),York University,Accepted,91,89.25,90,,high 70s to mid-80s,,,10-Nov-23,08-Dec-23,entrance 2000 and faculty entrance 2500,Canada,Canada,Ontario,jatatoo,,
658,,WAB,Honours Arts and Business,University Of Waterloo,Accepted,92,93,,,93,,,05-Nov-23,30-Nov-23,,Canada,Canada,Ontario,Glad_Trust6833,,
659,,WGB,Global Business and Digital Arts (GBDA),University Of Waterloo,Accepted,99,89,93,,89,,,06-Nov-23,30-Nov-23,,Canada,Canada,Ontario,entropuy,yivwon,
660,,ED,Management & Organizational Studies,Western University,Accepted,95.25,98.6,96.3,,98.6,,No supp app,08-Oct-23,10-Nov-23,"$3,500 ",Canada,Canada,Ontario,,north6,Main Campus
661,,,PAPM (Bachelor of Public Affairs and Policy Management),Carleton University,Accepted,89.5,91.5,89,,91.5,,,22-Oct-23,09-Nov-23,3000,Canada,Canada,Ontario,,,
662,,CPX,Public Affairs & Policy Management,Carleton University,Accepted,93,95,,,95,,,25-Oct-23,21-Nov-23,$3000 renewable entrance scholarship,Canada,Canada,Ontario,,,
663,,,BGInS (Bachelor of Global and International Studies),Carleton University,Accepted,89,91.5,89,,91.5,,,22-Oct-23,09-Nov-23,3000,Canada,Canada,Ontario,,,
664,,TUC,"Visual & Performing Arts, Arts Management and Media",University of Toronto,Accepted,88.38,95,92.5,,91.2,,"They were all tailored to the program of my choice, but I also mentioned a few leadership related activities (Ex. Student council member). Note: I didn't do any clubs or activities for my grade 12 year, only grade 11.",01-Nov-23,25-Jan-24,1k entrance scholarship,Canada,Canada,British Columbia,Woemmmer,Woemmmer,"At this time filling out the form, I was accepted to two campuses of UofT, while the main campus still had me under review (likely cycling my application to the next round). Only one campus offered me the entrance scholarship, while the other didn't."
,,,,,,,,,,,,,,,,,,,,,"Oh, I also have a withdrawn course on my transcript. (It was an online class I ditched). Happy I got my offer literally the week before first sem final grades come out. Honestly think I bombed my English from a 92 to an 80"
665,,SJT,Journalism,Toronto Metropolitan University,Accepted,85,80,86,,88,,,29-Oct-23,23-Nov-23,,Canada,Canada,Ontario,Temporary_Banana_286,,
666,,GCA,"University of Guelph - Bachelor of Creative Arts, Health and Wellness(Honours)(Theatre Studies)",University of Guelph,Accepted,91.5,89.7,91,,92,,"No, but it should be noted that I did not do the profile form.",12-Oct-23,12-Dec-23,1000 dollars,Canada,Canada,Ontario,Inaraboleynmarquez,inara_boleyn,
667,,OXI,Hons International Development and Globalization,University of Ottawa,Accepted,95.3,94.8,95.5,,94.8,,,30-Oct-23,22-Nov-23,Yes,Canada,Canada,Ontario,Anonymous,,
668,,OJM,Juris Doctor and Commerce,University of Ottawa,Accepted,95,93,,,,,,21-Nov-23,21-Nov-23,"$4,000 ",Canada,Canada,Ontario,,,
669,,OYF,Honours Bachelor of Social Sciences in Political Science and Juris Doctor (JD) (French Immersion Stream),University of Ottawa,Accepted,91,91,,,91,,,27-Oct-23,22-Nov-23,$2000 entrance; $1000 French Immersion,Canada,Canada,Ontario,,,
670,,OXL,Political Science honours(French),University of Ottawa,Accepted,80,80,78,,82,,,03-Oct-23,13-Oct-23,French Studies Bursary (4000$),Canada,Canada,Alberta,Axka,,
671,,ULA,"Law Degree (LLB at University of Sussex, UK) and Arts Degree (BA at Laurier in Political Science)",Wilfrid Laurier University,Accepted,96,95,96,,Low 80s,IB (if that counts),,10-Oct-23,18-Oct-23,3000,Canada,Canada,Ontario,u/Raynbows13,,got my acceptance in <24 hours from when my grades were uploaded!
672,,,Political Science,Wilfrid Laurier University,Accepted,89.5,91.5,89,,91.5,,,22-Oct-23,27-Oct-23,,Canada,Canada,Ontario,,,
673,,EKO,History,Western University,Accepted,88,95,,,My top 6: 93,,,08-Nov-23,16-Nov-23,,Canada,Canada,Ontario,,,UWO: King's University College
674,,OXD,Honours Bachelor of Social Sciences in Criminology,University of Ottawa,Accepted,85.2,87,88,90,,,Supp apps not required,02-Nov-23,21-Nov-23,Entrance Scholarship for an 85-89 average,Canada,Canada,Ontario,zapantahelper,,
675,,CH,Criminology and Criminal Justice,Carleton University,Accepted,93,95,96.5,,94.5,,,09-Oct-23,24-Nov-23,4K,Canada,Canada,Ontario,WranglerNew4454,,
676,,CH,Honours Bachelor of Arts in Anthropology,Carleton University,Accepted,92,92,92,,92,,,13-Nov-23,20-Nov-23,"$4,000 renewable over 4 years",Canada,Canada,Ontario,,,they accepted me within a week of me applying djfkhsfjkh
677,,CH,Political Science: International Relations & World Politics (co-op optional),Carleton University,Accepted,91,96,97.5,,96%,,I have a lot of ecs but didn't mention any,19-Nov-23,24-Nov-23,"16k, 4 per year renewable",Canada,Canada,Ontario,n/a,,
678,,BSS,Social Sciences,Brock University,Accepted,81,90,89,85,82,,,17-Oct-23,01-Nov-23,Yes,Canada,Canada,Ontario,,,
679,,,Social Sciences,Western University,Accepted,83,92,,,,,,14-Oct-23,09-Nov-23,2500$ academic. Probably some need based bursary’s and other specific bursaries totalling to $5000,Canada,Canada,Alberta,,,
680,,SUP,Urban and Regional Planning,Toronto Metropolitan University,Accepted,95.13,96.5,,,96.8,,,05-Nov-23,09-Nov-23,,Canada,Canada,Ontario,,,
681,,WP,Honours Planning (Co-Op) - Environment,University Of Waterloo,Accepted,96,95,96,,98,IB :),,09-Oct-23,30-Nov-23,"$2,000 Entrance Scholarship plus",Canada,Canada,Ontario,u/Raynbows13,,really surprised
,,,,,,,,,,,,,,,"$1,500 International Experience Award* and/or",,,,,,
,,,,,,,,,,,,,,,"$1,500 Research Award*",,,,,,
,,,,,,,,,,,,,,,"$2,000 Environment Entrance Scholarship",,,,,,
682,,RSV,Environmental and Resource Science,Trent University,Accepted,78,86,86,,86,,,15-Nov-23,23-Nov-23,1500$,Canada,Canada,Ontario,u/AntoninStarkov,,
683,,PBIDS,Honours Bachelors of Interaction Design,Sheridan College,Accepted,93,94,90,,65,,,04-Oct-23,01-Nov-23,,Canada,Canada,Ontario,Anime066,⛧┈Ash┈⛧#0822,
684,,SEN,English (Honours) (Co-op Available),Toronto Metropolitan University,Accepted,95.12,96.5,,,96.8,,,05-Nov-23,09-Nov-23,,Canada,Canada,Ontario,,,
685,,OVA,Honours Bachelor of Arts in English,University of Ottawa,Accepted,93,95.25,97,,94.8,,,19-Oct-23,21-Nov-23,yes,Canada,Canada,Ontario,beelovespizza,,
686,,OXN,Psychology (BSc),University of Ottawa,Accepted,94,95,93,,96?,,,05-Oct-23,22-Nov-23,"$2,000 admission scholarship",Canada,Canada,Ontario,Legitimate-Victory38,,
687,,OVN,Theatre (French Immersion Stream),University of Ottawa,Accepted,86,91,,,91,,,07-Nov-23,22-Nov-23,$1000 in admission and $1000 in French Immersion,Canada,Canada,Ontario,Pheeebs_,,Very excited
688,,BAI,Concurrent BA (Honours) BEd Intermediate/Senior,Brock University,Accepted,92,96,96,,96,,,07-Oct-23,17-Nov-23,3600 each year,Canada,Canada,Ontario,N/A,,
689,,BAI,Brock University - Concurrent BA (Honours) BEd Intermediate/Senior (History),Brock University,Accepted,83,92,,,92,,,12-Dec-23,15-Dec-23,,Canada,Canada,Ontario,twokfive1,,
690,,BII,Concurrent BSc Honours/BEd – Intermediate/Senior (Math),Brock University,Accepted,90.4,91.25,90,,89.7,,,22-Nov-23,29-Nov-23,$900 a year x 4 yrs,Canada,Canada,Ontario,,,Conditions - Maintain 80% in required courses.
691,,AL,Concurrent Education/ Chemistry (Intermediate/Senior),Lakehead University,Accepted,87,86.5,87.5,,89,Duolingo English Test 130,,11-Oct-23,01-Dec-23,"$5,000($1,250 x 4 years)",Canada,Canada,Ontario,midnightmystic1227,,GUYS ITS NOT OVER YET
692,,QB,Con Ed Arts,Queens University,Accepted,92,95,,,95,None,None,31-Oct-23,06-Dec-23,,Canada,Canada,Ontario,N/A,,
693,,PEB,Concurrent Bachelor of Arts/Bachelor of Education - Intermediate/Senior,Nipissing University,Accepted,92,96,96,,96,,,07-Oct-23,18-Dec-23,,Canada,Canada,Ontario,N/A,,
694,,YER/ YEW,Pre-Education Direct Entry Concurrent Bachelor of Education program: Honours Bachelors of Arts: Educational Studies,York University,Accepted,75,90,92,,90,,A lot of volunteering at schools,18/03/2024,09/05/2024,"Yes, $1500",Duel Citizenship States and CAnada,Canada,Ontario,Anaya,,
695,,QB,Queen's University - Arts/Education (Concurrent) (BAH/BEd) (Political Studies),Queens University,Accepted,96,94,96,,94,,,09-Oct-23,24-Jan-24,I'm waiting on the application results for Chancellor's Scholarship (submitted) & other awards!,Canada,Canada,Ontario,u/raynbows13,,
696,,CCR,Communications and Media Studies Honours,Carleton University,Accepted,92,94,,,Based on Gr11 marks,,N/A,,24-Nov-23,No,Canada,Canada,Ontario,ptomato52,,
697,,EI,Media and Communication Studies,Western University,Accepted,89,92,,,92,,,21-Sep-23,21-Dec-23,"$2,500 in first year, plus $1,000 for optional study abroad experience.",Canada,Canada,Ontario,frnoway,,
698,,CMP,Media Production & Design (Co-op),Carleton University,Accepted,89,92,,,got in with gr 11: 89,,,21-Sep-23,29-Nov-23,"Renewable $4,000 each year",Canada,Canada,Ontario,frnoway,,
699,,YHV,"Cities, Regions, Planning (BES)",York University,Accepted,80,71,82,,"7, 6, 5, 6, 4, 7 (IB)",,,15-Dec-23,04-Jan-24,,Mexico,Japan,,u/Reasonable_Wait_3700,,
700,,TMC,"Communication, Culture, Information & Technology - U of T Mississauga",University of Toronto,Waitlisted,92,90,90,,90,,,10-Oct-23,06-Dec-23,,Canada,Canada,Ontario,roddraco,,
701,,EO,Social Science (Criminology),Western University,Accepted,93,95,95,95,95,,"Leadership program, music (band), volunteer hours",27-Oct-23,29-Nov-23,$3500 entrance scholarships,Canada,Canada,Ontario,Ambitiousblueberry33,,
702,,BHI / QA / WA,BA Honours: History,Brock University,Accepted,92.75,91,90,,70 required (I currently have a 91 for midterms),,Got excellence in education however this was after I got accepted,16-Oct-23,30-Nov-23,Entrance scholarship - I applied to many but have not heard back yet,Canada,Canada,Ontario,YouLookGoodInASmile,shadeshade,
,,,Arts - including optional internship (BAH) (History),,,,,,,,,,,,,,,,,,
,,,Honours Art University Main Campus (Co-op and Regular) (History (co-op optional)),,,,,,,,,,,,,,,,,,
703,,EA,MN: Arts and Humanities (Classical Studies),Western University,Accepted,95,90,,,95,,Extenuating circumstances regarding health,20-Nov-23,26-Jan-24,Entrance scholarship,Canada,Canada,Ontario,Blxssom_dhillon,,
704,,EO,Western University - MN: Social Science (Economics),Western University,Accepted,100,100,100,,100,"Hey, this is not a troll I got 45/45 predicted in IB and I am international, so pretty sure that's how the average gets translated. Western only received my predicted grades for evaluation, so that's what I put for all spots","None, Western only asked for grades, also got an AEO offer",19-Oct-23,10-Nov-23,Nothing except for Western Auto Admission Average Scholarship (conditional on final grades),Hong Kong,Hong Kong,,Arcs99,,
705,,N/A,Arts,Mcgill University,Accepted,91.5,93.5,94,,93.5,,,08-Jan-24,19-Jan-24,,Canada,Canada,British Columbia,Massive_Hope_5748,,
706,,QIA,Arts (Economics),Queens University,Accepted,93,88,94,,88%,,l,05-Nov-24,24-Jan-24,Yes. Got an Admissions Bursary and a Commitment Bursary. Still waiting on the Major Admission Award.,Canada,Canada,Ontario,Ketsiaa,,N/A
707,,YUE,"Faculty of Liberal Arts and Professional Studies, B.A., Hons. Political Science (International Bachelor of Arts) - Keele Campus",York University,Accepted,96,95,96,,98,IB :),,09-Oct-23,06-Dec-23,$2500 Automatic Entrance Scholarship :),Canada,Canada,Ontario,u/Raynbows13,,
708,,WJA,"Honours Arts - Political Science, St. Jerome's University (Co-op)",University Of Waterloo,Accepted,96,97,,,97.15,n/a,I did submit AIF but I do not think it was a factor in the decision,26-Sep-23,30-Nov-23,$2000 + additional in upper years (provided I maintain a 95 average for my top 6),Canada,Canada,Ontario,Acrobatic-Sea-5708,,"I did take four grade 12 courses in grade 11, which may have influenced the early offer"
709,,WA,Honours Arts Co-op,University Of Waterloo,Accepted,88,90,90,,?,no,no,,26-Jan-24,,Canada,Canada,Ontario,n/a,,
710,,WA,Honours Arts Co-op,University Of Waterloo,Accepted,93,95,95,95,95,,"School leadership, music, volunteer",20-Dec-23,08-Feb-24,2000 entrance scholarships,Canada,Canada,Ontario,Ambitiousblueberry33,,
711,,YFT and YUE,"B.A., Hons. Law and Society - Keele Campus",York University,Accepted,85.2,87,88,,Is this for Grade Eleven or Twelve?,,,02-Nov-23,06-Dec-23,"Automatic Entrance Scholarship : $1,500.00",Canada,Canada,Ontario,zapantahelper,,
,,,"B.A., Hons. Political Science - Keele Campus",,,,,,,,,,,,,,,,,,
712,,SCI,Criminology,Toronto Metropolitan University,Accepted,93,95.5,96.5,,94.5,N/A,,09-Oct-23,24-Nov-23,N/A,Canada,Canada,Ontario,WrangerNew4454,,
713,,N/A,Bachelor of Arts,Dalhousie University,Accepted,92,96,96,,96,,,15-Oct-23,03-Nov-23,,Canada,Canada,Ontario,N/A,,
714,,GPS,"Arts Honours, Psychology (Co-Op)",University of Guelph,Accepted,96,94,96,,98,IB :),,09-Oct-23,12-Dec-23,$2000 Automatic Entrance Scholarship,Canada,Canada,Ontario,u/Raynbows13,,4 acceptances woo!
715,,GMA,Applied science in psychology,University of Guelph,Accepted,96,92,94,,92,,,01-Nov-23,12-Dec-23,"Yes, 4k",Canada,Canada,Ontario,N/A,,
716,,YHA,York University - Psychology (BA),York University,Accepted,86,92,94,,I don't know,,,29-Nov-23,07-Dec-23,,Canada,Canada,Ontario,xu_vx,,"Also, this was my safety :), took a load off my chest though!!"
,,,,,,,,,,,,,,,,,,,,,
,,,Non-Co-op,,,,,,,,,,,,,,,,,,
,,,Keele Campus,,,,,,,,,,,,,,,,,,
717,,GPS,Bachelor of arts - Psychology (no -coop),University of Guelph,Accepted,92,96,94,,92,,,01-Nov-23,12-Dec-23,"Yes, 1k",Canada,Canada,Ontario,N/A,,
718,,UH,"Wilfrid Laurier University - Honours Arts (BA) Programs, All Other Arts Majors, Waterloo Campus (Film Studies)",Wilfrid Laurier University,Accepted,56.2,79.6,75,,ENG4UO: 75 (predicted) HHG4M0: 75 (predicted) HHS4UO: 75 (predicted) AVI4MO: 75 HSE4UO: 73 HFA4U0: 78,,,04-Dec-23,13-Jan-24,,Canada,Canada,Ontario,tovfu,,
719,,GK,Classical Studies,University of Guelph,Accepted,87,86,86,,89,,,20-Nov-23,12-Dec-23,No,Canada,Canada,Ontario,Orangepeeler98,,
720,,GK,History Honours Co-op,University of Guelph,Accepted,88,95,,,Top 6: 93,,,08-Nov-23,12-Dec-23,"$1,000 ",Canada,Canada,Ontario,Don't have account,,
721,,SPG,Politics and Governance (Co-op available),Toronto Metropolitan University,Accepted,90,90,,,90,,,,14-Dec-23,,Canada,Canada,Ontario,u/ashitstainisyou,timeisexpensive,
722,,YHA,Psychology,York University,Accepted,93,92,93,,92,,,02-Dec-23,06-Dec-23,2500,Canada,Canada,Ontario,5_22_5,,
723,,QA,Queen's University - Arts - including optional internship (BAH) (Linguistics),Queens University,Accepted,92.5,93.8,95,,94.5,,,05-Nov-23,07-Dec-23,N/A,Canada,Canada,Ontario,Don't have :),,"accepting the offer, see ya'll at Queens!"
724,,QA,Queen's University - Arts - including optional internship (BAH) (Psychology),Queens University,Accepted,96,94,96,,94,,,15-Nov-23,24-Jan-24,I'm waiting on the application results for Chancellor's Scholarship (submitted) & other awards!,Canada,Canada,Ontario,u/raynbows13,,
725,,OYF,UO: Political Science/Juris Doctor (6-year double degree with French Immersion only),University of Ottawa,Accepted,90,90,,,90,,,,15-Nov-23,"$2000 entrance scholarship, $1000 French studies bursary",Canada,Canada,Ontario,u/ashitstainisyou,,
726,,TMS,UTM Social science,University of Toronto,Accepted,92,92,92,,91,,,21-Oct-23,25-Jan-24,2000,Canada,Canada,Ontario,Triplelily,,
727,,TMS,Social Sciences - U of T Mississauga (Political Science),University of Toronto,Accepted,96,97.5,,,97.15,,u of t doesn't look at those for my program lol,02-Oct-23,25-Jan-24,"U of T Scholar ($10,000), Principal's Entrance Award ($3000/year)",Canada,Canada,Ontario,Acrobatic-Sea-5708,,
728,,ouac,Social Sciences & Humanities,University of Toronto,Accepted,86,90,,,90,,,,25-Jan-24,scholarship,Canada,Canada,Ontario,na,,
729,,ML,"Social Sciences I (Psychology, Neuroscience & Behaviour)",McMaster University,Accepted,77,92,94,,93,,,18-Nov-23,29-Jan-24,"$1,000 ",China,Canada,Ontario,Artistic_Archer7076,,academic comeback !!!
730,,SSP,Sport Media,Toronto Metropolitan University,Accepted,89,92,,,got in with gr 11: 89,,,21-Sep-23,29-Nov-23,,Canada,Canada,Ontario,frnoway,,got in before gr 12 marks were sent so they used my gr 11 marks
731,,OXL,Hons. Political Science concentration in international relations and world politics,University of Ottawa,Accepted,91,96,97,,97.6,n/a,,21-Nov-23,05-Dec-23,entrance scholarship $3000,Canada,Canada,Ontario,n/a,,
732,,"UPDATED UNTIL HERE. currently in the process of updating, but there are a lot of new entries so it might take a while.",,,,,,,,,,,,,,,,,,,
733,,BEA,Aerospace Engineering with Co-op,Carleton University,Accepted,85,88,,85,87.83,,"Robotics, deca,",15/04/2024,01/05/2024,2k per year,Canada,Canada,Ontario,NA,,
734,,BIM,Non-Co-Op,Brock University,Accepted,73,81,85,,86,,,15-Jan-23,12-Mar-24,,Canada,Canada,Ontario,AcceptableArgument43,,
735,,CC,B. Commerce,Carleton University,Accepted,72,83,83,,83,None,None,03/01/2024,01/05/2024,"1K/year entrance scholarship, will double to 2K/year if final average is 85+",Canada,Canada,Ontario,Background_Pin8400,,
736,,CE,Computer Engineering,McGill,Accepted,94,95,97,,96.4,,,,02-Apr-24,,Canada,Canada,Ontario,Turbulent_Ad_349,,
737,,CEA,B. Engineering: Aerospace,Carleton University,Accepted,80.9,85.3,84.4,,87.5,,,04/12/2023,20/04/2024,Yes,Canada,Canada,Ontario,"I dont have reddit, I found this page through a friend",,
738,,CEC,Computer Systems Engineering (Co-op),Carleton University,Accepted,91,88,92,,75-85,,,26-Dec-23,10-Jan-24,,Canada,Canada,Ontario,o,,
739,,CED,B. Engineering: Mechanical,Carleton University,Accepted,89,89,92,,88,,,07-Nov-23,22-Nov-23,No,Canada,Canada,Ontario,xXUnkownUserXx,,
740,,CH,B. Arts Honours - All subjects available (Geography) - Co-Op,Carleton University,Accepted,50,64,,83,83 - doesnt include all 6 courses as not all are completed,n/a,nothing notable other than well over the minimum 40 volunteer hours. grade 11 final marks + grade 12 1st sem midterms were due to health issues,29-Dec-23,22-Feb-24,eligible for entrance scholarship i believe (as it is a conditional offer of acceptance),Canada,Canada,Ontario,ok_hearing910. i dont post much i just lurk,,"waiting on more, ill fill this out again upon receiving decisions. hope i understood the marks sections correctly!"
741,,CH,B. Arts Honours - All subjects available (Political Science: Power & Political Ideas (co-op optional)),Carleton University,Accepted,94,94,94,,94,I got a 5 on AP French exam (?),n/a,06-Nov-23,03-Dec-23,renewable $3000,Canada,Canada,Ontario,u/Known_Collection_908 (Lizzie),n/a,
742,,CH,Criminology and Criminal Justice,Carleton University,Accepted,82,90,85,,—,,,27-Sep-23,15-Nov-23,,Canada,Canada,Ontario,u/Tall_Thought_8020,,
743,,Civil Eng,co-op,University of Ottawa,Accepted,86,77.5,81,,"80,75",,,,22-Dec-23,,china,Canada,Ontario,smart-Intention5920,,
744,,CMA,Honours Mathematics (Non-Co-op),Carleton University,Accepted,82.5,89,91.5,,93.5,,,10-Oct-23,14-Jan-24,"Yes, 3,000 yearly for 4 years (if GPA maintained)",Canada,Canada,Ontario,realklost4ever,fiznly,
745,,CPX,B. Public Affairs & Policy Management,Carleton University,Accepted,97.5,96.25,,,97.5,,,30-Sep-23,20-Nov-23,$16k scholarship ($4k renewable over four years),Canada,Canada,Ontario,AssistantNo2269,,
746,,CRU,"Bachelor of architectural studies, urbanism, Co-op",Carleton University,Accepted,82,86,85,,86,,,22 Nov 0023,22-Mar-24,Entrance scholarship,Canada,Canada,Quebec,Eversa,,
747,,CT,B. Science Honours - All subjects available (Psychology),Carleton University,Accepted,86,88,88,,88,,nope,06-Oct-23,29-Feb-24,"2,000 dollars entrance scholarship, and a 1,000 dollar faculty of science scholarship",Canada,Canada,Ontario,Bubbly_Wear_2312,,
748,,DCD,Computer science(co-op),Ontario Tech University,Accepted,94,89,90,90,89,None,None,18-Oct-23,25-Nov-23,None,Canada,Canada,Ontario,Thegoat66,Dont have,None
749,,DCN,Mechanical Engineering,Ontario Tech University,Accepted,75,81.25,90,,90,,,,11-Dec-23,,Canada,Canada,Ontario,I don’t have a Reddit account lol,abu_hazm,
750,,DEC,Mechanical Engineering (BEng/BEngM),Ontario Tech University,Accepted,73,79,,,79 (Excluding 1 mandatory elective),none,N/A,01-Feb-24,16-Feb-24,None.,Canada,Canada,Ontario,KeonK1,KeonK1,79% is my average if we are excluding the mandatory mixed elective course in catholic.
751,,DEE,Engineering,University Of Waterloo,Accepted,86,94,93,,94,,UW Math Contest,11-Sep-23,02-Oct-24,None,Canada,Canada,Ontario,Aggravating_Two3802,,
752,,DHN,Nursing(BScN),Ontario Tech University,Accepted,78,84,88,,Biology - 82 Chemistry - 82 Computer Science - 87,,,05-Jan-24,22-Jan-24,,Canada,Canada,Ontario,jay483,,
753,,DMO,Data Science (BSc) (Co-op),Ontario Tech University,Accepted,85,90,,,90,,,06-Mar-24,07-Mar-24,,Canada,Canada,Ontario,linlotto_,,65 in ENG3U
754,,ECE,Computer Engineering CO-OP,University Of Waterloo,Accepted,95,97.7,98,,97.7,,,05-Jan-24,26-Mar-24,Yes,Canada,Canada,Ontario,Fun-Line-1366,,
755,,ECS,MN: Computer Science,Western University,Accepted,91,94,95,,92,,N/A,23-Nov-23,05-Apr-24,"$2,500/yr admission scholarship",Canada,Canada,Ontario,-,dolfies,
756,,ED,BMOS + Ivey,Western University,Accepted,97,97.5,97,,98,,Internship at instance group,24/09/2023,08/03/2024,,Canada,Canada,Ontario,Safiank1,,
,,,,,,,,,,,,Clothing brand with 75k yearly sales,,,,,,,,,
,,,,,,,,,,,,Youth charity/program with 75 kids,,,,,,,,,
,,,,,,,,,,,,Audio promotion company (50k streams monthly),,,,,,,,,
,,,,,,,,,,,,NGO work in Pakistan/Afghanistan,,,,,,,,,
,,,,,,,,,,,,Intern at Pakistans largest telecommunications company,,,,,,,,,
,,,,,,,,,,,,Real estate intern,,,,,,,,,
,,,,,,,,,,,,Stock club head,,,,,,,,,
,,,,,,,,,,,,JA company president,,,,,,,,,
757,,ED,MN: management and organisational studies,Western University,Accepted,96,91,92,93,93,,,03-Nov-23,08-Mar-24,Western Scholarship of Distinction,Canada,Canada,Ontario,u/Specialist_Parking19,,
758,,ED and EO,Ivey AEO w BMOS and ECON,Western University,Accepted,90,94.2,,,93.5,n/a,i mentioned 4 of the total 7 for my ivey supp app. feel free to dm me,23-Nov-23,08-Mar-24,"yes, ~3500",Canada,Canada,Ontario,alex_p1213,,good luck yall
759,,EE,Engineering First Year (+Co-op),Western University,Accepted,90,91,90,,92,N/A,Volunteered @ a old folks center for veterans,01/11/2023,16/04/2024,Yes (Admission Scholarship),Canada,Canada,Ontario,DueButterscotch,Sandbox,"Go to a non semestered school, had all my grades in for all my prereqs for first report card"
,,,,,,,,,,,,Part time job for 14 months,,,,,,,,,
,,,,,,,,,,,,Executive of school club,,,,,,,,,
,,,,,,,,,,,,LINK,,,,,,,,,
,,,,,,,,,,,,Chapter President for student run charity,,,,,,,,,
760,,EE,Western University - MN: Engineering (Co-op and Regular) - For Choice 07,Western University,Accepted,99,95,94,,94,,"school district's student council representing 135k+ students, 2 part time jobs, multiple varsity sports, bunch of tutoring for underprivileged students (students in india, students in toronto who are from low-income families, etc)",01-Dec-23,26-Jan-24,,Canada,Canada,Ontario,entropuy,yivwon,
761,,EI,Media and Communication Studies,Western University,Accepted,88,98,95,94,96,,,,14-Dec-23,,Canada,Canada,Ontario,n/a,,
762,,ENW,Nursing (BScN) - Western Site,Western University,Accepted,87,94,92,,92,casper test - 4th quartile,,06/11/2023,01/03/2024,,Canada,Canada,Ontario,no reddit,,
763,,ENW,Western University - MN: Nursing BScN,Western University,Accepted,88,95,92,,94,"casper, 3rd quartile",they dont ask,05/01/2024,01/03/2024,,Canada,Canada,Ontario,TheCopyWright,,
764,,EO,Economics,Western University,Accepted,95,94.5,93,,94-96,,,,08-Mar-24,,Canada,Canada,Ontario,Na,,
765,,EO,Ivey AEO,Western University,Accepted,96,97.8,,,97.80%,,"Tutoring business, air cadets",14-Jan-24,14-Feb-24,$2500+$1000 study abroad,Canada,Canada,Ontario,Fluid_Dentist1944,,
766,,EO,"Social Science, Economics",Western University,Accepted,86,92.5,93,,92.5,no supp app,no supp app,21-Dec-23,08-Mar-24,On track to receive the 3.5k entrance scholarship based on final grades.,Canada,Canada,Ontario,waIking-on-sunshine,,you all got this guys
767,,EO,Western University - MN: Social Science (Political Science),Western University,Accepted,92,93,,94.83,94.83,,,05-Nov-23,08-Mar-24,,Canada,Canada,Ontario,N/A,,
768,,ES,MN: Science,Western University,Accepted,94.4,90,92,,94,N/A,N/A,03-Nov-23,08-Nov-23,N/A,Canada,Canada,Ontario,N/A,N/A,Choice 6/7 on OUAC
769,,ES,Science,Western University,Accepted,86,92.5,93,,92.5,no supp app,no supp app,21-Dec-23,08-Mar-24,Probably gonna get the 3.5k entrance one based on final grades,Canada,Canada,Ontario,waIking-on-sunshine,,didnt give me cs that round :(
770,,ES,Science,Western University,Accepted,93,95,95,,96,,I was offered to do WISE at UWO,26-Dec-23,02-Apr-24,Not yet,Canada,Canada,Ontario,look_at_the_birds,,For field of interest I put down both WISc and physics because I applied for both general science and integrated science. I put down my admission date of WISc because that was the more important program to me.
,,,Main Campus,,,,,,,,,,,,,,,,,,
,,,Common First Year,,,,,,,,,,,,,,,,,,
,,,"Field of Interest: WISc, Physics",,,,,,,,,,,,,,,,,,
771,,fd,Heath sci,University of Windsor,Accepted,94,88,,,"95, 91, 90, 75, 88, 82",,,15-Dec-23,12-Feb-24,no,Canada,Canada,Ontario,fdwf,,
772,,fs,hhhi,University Of Waterloo,Accepted,23,2,2,,2,2,2,4 Feb 0004,4 Apr 0044,4,4,44,4,4,44,4
773,,GBD,Management Economics & Finance,University of Guelph,Accepted,78,91,93,,86,,,,28/03/2024,,Canada,Canada,Ontario,Not comfortable but i wouldnt lie its Guelph lol,,
774,,GBD,Management Economics & Finance (Co-op),University of Guelph,Accepted,86.8,86.6,89,,86.6,,,23-Oct-23,05-Mar-24,no,Canada,Canada,Ontario,Complete-Tomato-9288,,
775,,GBD,University of Guelph - Management Economics & Finance Non Co-Op,University of Guelph,Accepted,71,87,87,,87,,,15-Dec-23,04-Mar-24,,Canada,Canada,Ontario,Delsterr,,
776,,GBF,Bachelor of Commerce Major Management,University of Guelph,Accepted,86,86,86,86,86,,,01-Oct-23,04-Mar-24,,Canada,Canada,Ontario,n/a,n/a,
777,,GBI,Biomedical Engineering Co-op,University of Guelph,Accepted,89,90,93,,92,,,25-Oct-23,04-Mar-24,,Canada,Canada,Ontario,N/A,,
778,,GBL,Computer Engineering,University of Guelph,Accepted,85,93,94,93,93.16,,,,16-Apr-23,Yes,Canada,Canada,Ontario,Bobson_411,,
779,,GCT,Computer Science (Co-op and Regular),University of Guelph,Accepted,86.625,89.25,92,,89.4,n/a,part of grade 12 leadership club; did similar leadership clubs in grade 11,14-Oct-23,04-Mar-24,"$1,000 entrance scholarship",Canada,Canada,Ontario,n/a,n/a,
780,,GCT,Computer Science (Non-Co-op),University of Guelph,Accepted,67.4,91,91,,90.8,,,20-Dec-23,04-Mar-24,No,Canada,Canada,Ontario,N/A,N/A,
781,,GCT,Computer Science (Non-Coop),University of Guelph,Accepted,76.43,86,,,84,,,,06/05/2024,,Canada,Canada,Ontario,Dense_Item,,
782,,GCT,Computer Science + Co-op,University of Guelph,Accepted,87,94,93,,93,,,01-Dec-23,12-Dec-23,"$2,000 ",Canada,Canada,Ontario,emr444,,
783,,GCT,Honours Co-op Computer Science,University of Guelph,Accepted,84.7,92.67,92,,92.67,,CS co-op @ UW,03/01/2024,06/05/2024,"$1,000 ",Canada,Canada,Ontario,N/A,not.alex.,
,,,,,,,,,,,,CE co-op @ UW,,,,,,,,,
784,,GDB,GBD University of Guelph - Management Economics & Finance (Regular),University of Guelph,Accepted,76,67,75,,not sure,,100+ hours of volunteering. SPF form / any other supplementary forms,17-Oct-23,04-Mar-24,no,Canada,Canada,Ontario,i dont have reddit sorry!,No discord sorry!,The vut off range for the program i applied to was 80-86 idrk how i got in but just shows that grades arent the only things that matter !
785,,GL,Landscaping architecture,University of Guelph,Accepted,95.5,94.5,95,,94.5,,,07-Nov-23,16-Apr-24,2000,Canada,Canada,Ontario,laevenii,Na,
786,,GZ,Wildlife Biology and Conservation,University of Guelph,Accepted,86,89,,,88.3,spf,,07-Nov-23,04-Mar-24,,Canada,Canada,Ontario,,,
787,,GZA,Animal Biology,University of Guelph,Accepted,86,89,,,88.3,spf,,07-Nov-23,05-Mar-24,,Canada,Canada,Ontario,,,
788,,GZB,Biomedical Science,University of Guelph,Accepted,94.4,90,92,,92.3,N/A,N/A,03-Nov-23,04-Mar-24,$1000 entrance scholarship,Canada,Canada,Ontario,N/A,N/A,Choice 7/7 on OUAC
789,,GZB,Biomedical Science,University of Guelph,Accepted,92.83,91.75,94,,91.75,,,19-Nov-23,04-Mar-24,1000,Canada,Canada,Ontario,rez1028,,We're all gonna make it :)
790,,GZB,Biomedical Science,University of Guelph,Accepted,77.75,94.5,95,,95.25,,,26-Nov-23,12-Dec-23,"$6,500 ",Canada,Canada,Ontario,u/iwanttosleep_0,,"for the acceptance average, i just included the 2 grade 12 courses I had completed at that point since I received the offer in December."
791,,GZB,Honours Biomedical Science,University of Guelph,Accepted,92.75,92.5,93,94.25,94.6 (with 2 gr11 marks),,,19-Nov-23,05-Feb-24,$1k entrance cause they stingy like that,Canada,Canada,Ontario,freddurstsbitch,,safety
792,,Health Science,Health Sciences,Queens University,Accepted,97,99,98,98,97,,,,10-Apr-24,,Canada,Canada,Ontario,no,,
793,,HIM,Integrated media non co op,OCAD University,Accepted,90,91,92,92,92,,,01-Dec-23,28-Mar-24,no,US,Canada,Ontario,n/a,,
794,,HINTEGSCI,Honours Integrated Science,McMaster University,Accepted,92.875,88,91,94.25,91.8,,Spent a semester the OSC's interdisciplinary science school program,19/11/2023,09/05/2024,,Canada,Canada,Ontario,freddurstsbitch,,2nd choice! Got rejected from iBioMed and Health Sci at mac tho (1st choices) :D
795,,HSCI,Health science,Queens University,Accepted,88,92,91,88,88,,,30-Nov-19,13-May-20,,Canada,Canada,Ontario,BeeMe,,
796,,idk,McMaster engineering,McMaster University,Accepted,93,94,95,95,94.8,nah,nah,15/01/2024,01/05/2024,yea 3k,Canada,Canada,Ontario,dont have one,dont have a discrod,nah
797,,Idk,Nursing (Mohawk site),McMaster University,Accepted,72,84.7,,87,87,,,30/11/2023,09/05/2024,No,Canada,Canada,Ontario,don’t want to share,,
798,,idk,Computing,Queens University,Accepted,96,98,,,98.5,,not considered in application,06-Nov-23,22-Jan-24,Chancellor Scholarship,Canada,Canada,Ontario,Not on reddit sorry,,Best of luck everyone!
799,,Idk,Computer Science (Co-op),Toronto Metropolitan University,Accepted,82,88,88,88,88,No,Nope,16-Nov-23,25-May-24,No,Canada,Canada,Ontario,Polibureau,Fonteddude,No
800,,idk,nursing,Trent University,Accepted,72.8,85.2,87,,84.7,,,25-Nov-23,22-Mar-24,$1500 each year,Canada,Canada,Ontario,lowscratch,,
801,,idk,Co-op farm Waterloo,University Of Waterloo,Accepted,95,97,95,96,97,"AP Calc, Both Econ",band tutor,12-Jan-24,23-Feb-24,yes,Canada,Canada,British Columbia,ocean,,
802,,idk,Computer Science,York University,Accepted,82,91,93,,91,none,Video interview,05/05/2024,02/05/2024,entrence,Canada,Canada,Ontario,no account my marks are ligit tho.,ttv0273,My grades were mid
803,,idk,Nursing (bscn),Humber college,Accepted,72,85.2,87.5,,85.2,,,27-Jan-24,01-Feb-24,"$1,000 ",Canada,Canada,Ontario,Low scratch,,
804,,im not sure,life science,University of Toronto,Accepted,80,88,94,91,91,no,I play a lot of sports and I have been working since I was 16,17-Nov-23,22-Feb-24,no,Canada,Canada,Ontario,mrworldwide599,dont have,
805,,Ivey AEO + BMOS,Ivey AEO + BMOS,Western University,Accepted,94,94.66,95,,94.66,N/A,"Founder of Business, Co-founder of Non-Profit, Co-founder of my school's DECA, MUN Co-Prez, Senior Swim Instructor, Volunteer and Event planner, Finance captain for relay for life",15-Jan-24,08-Mar-24,Western Scholarship of Distinction $3500,Canada,Canada,Ontario,maximum-fee9623,,
806,,jnj,hhbhj,McMaster University,Accepted,7,8,,,88,,,,03-Apr-24,,Canada,Canada,,hi,,
807,,K,Bsc Computer Science (with Co-op),University Of Waterloo,Accepted,90,89,,,"92, 90, 95",Ielts,,,08-Mar-24,,India,Canada,Ontario,Dont have,,
808,,LBJ,Waterloo BME/CS/SYED/LBJ/FCB/CTE,University Of Waterloo,Accepted,7.4,8.5,8.6,13.4,18.9,AP Calculus BC - 1,ECs:,19-Nov-23,01-Jan-24,Full Ride + 100k per year,Sri Lanka,Canada,New Brunswick,stephcurrymuncher18,stephcurrymuncher30,"... you are my sunshine, my only sunshine... you make my happy...when skies are grey...you never know dear... how much I love you...so please don't take....my sunshine away...the other night dear...as I lay sleeping...."
,,,,,,,,,,,AP Chinese Language and Culture - 2,- Donated $0.05 to local homeless shelter,,,"3 Buildings (Engineering, School of Business, Arts Academy)",,,,,,
,,,,,,,,,,,AP French Language and Culture - 1,- Dapped up local rabbi,,,,,,,,,
,,,,,,,,,,,AP German Language and Culture - 2,- Researched a scientific paper about dark arts and how to revive previous world leaders,,,,,,,,,
,,,,,,,,,,,AP Italian Language and Culture - 1,- Crossed up kid with autism,,,,,,,,,
,,,,,,,,,,,AP Japanese Language and Culture - 1,- Displaced 76 Jewish people from local community (Diaspora),,,,,,,,,
,,,,,,,,,,,AP Latin - 1,- Hung 54 posters of Palestinian hate across school,,,,,,,,,
,,,,,,,,,,,AP Spanish Language and Culture - 1,- SpaceX Internship (2023),,,,,,,,,
,,,,,,,,,,,AP Spanish Literature and Culture - 1,- Tesla Internship (2022),,,,,,,,,
,,,,,,,,,,,AP Comparative Government and Politics - 2,- OTC Twerking national champion (2024),,,,,,,,,
,,,,,,,,,,,AP European History - 1,- Built a 9/11 Monument in Jonnaesburg,,,,,,,,,
,,,,,,,,,,,AP Human Geography - 2,,,,,,,,,,
,,,,,,,,,,,AP Macroeconomics - 3,Special Circumstances/Accommodations:,,,,,,,,,
,,,,,,,,,,,AP Microeconomics - 1,- Autism since birth,,,,,,,,,
,,,,,,,,,,,AP Psychology - 1,- Trisomy 21,,,,,,,,,
,,,,,,,,,,,AP United States Government and Politics - 1,- Anxiety Disorder,,,,,,,,,
,,,,,,,,,,,AP United States History - 2,- Depression,,,,,,,,,
,,,,,,,,,,,AP World History: Modern - 1,- Bipolar Disorder,,,,,,,,,
,,,,,,,,,,,AP Calculus BC - 5,- Post-Traumatic Stress Disorder (PTSD),,,,,,,,,
,,,,,,,,,,,AP Physics C - 5,- Schizophrenia (I see ghosts),,,,,,,,,
,,,,,,,,,,,,- Eating Disorder,,,,,,,,,
,,,,,,,,,,,,- Disruptive behaviour and dissocial disorder,,,,,,,,,
,,,,,,,,,,,,- Neurodevelopmental disorders,,,,,,,,,
809,,LLO (?),BScHon Human Kinetics,University of Ottawa,Accepted,96.7,95,98,,98.2,,Nordic Ski Club Athlete Rep: 200 hrs of volunteering,20-Oct-23,08-Dec-23,$3000 entrance + $1000 French Studies,Canada,Canada,Ontario,Capable_Winter_4265,,
,,,,,,,,,,,,,,,,,,,,,
,,,,,,,,,,,,National Level cross country skier,,,,,,,,,
810,,MB,McMaster Business I,McMaster University,Accepted,83,93,91,,93,,,01/04/2024,04/05/2024,$2500 total from 2 scholarships,Canada,Canada,Ontario,Ok-Elephant-689,,
811,,MEC,engineering 1,McMaster University,Accepted,92.125,89.1,87.5,,89.1,,"good ECs, 3-4 very strong ones, special consideration for the loss of a parent, abuse, and medical condition",05/11/2023,09/05/2024,no,south korea,Canada,Ontario,.,,
812,,MEC,Engineering COOP,McMaster University,Accepted,88,92.8,,,91,,,,07/03/2024,,Canada,Canada,Ontario,//,,
813,,MEC,Engineering I (Co-op),McMaster University,Accepted,90,91,,,91,,,07/11/2023,07/03/2024,,Canada,Canada,Ontario,u/Impressive_Bend_6954,,
814,,MEC,General Eng + Co-op,McMaster University,Accepted,90,91,90,,92,N/A,Volunteered @ a old folks center for veterans,01/11/2023,07/03/2024,Yes (Entrance Scholarship of Engineering,Canada,Canada,Ontario,DueButterscotch,Sandbox,"Go to a non semestered school, had all my grades in for all my prereqs for first report card"
,,,,,,,,,,,,Part time job for 14 months,,,,,,,,,
,,,,,,,,,,,,Executive of school club,,,,,,,,,
,,,,,,,,,,,,LINK,,,,,,,,,
,,,,,,,,,,,,Chapter President for student run charity,,,,,,,,,
815,,MEC,McMaster Engineering,McMaster University,Accepted,87,92.8,93,,92.8,,,,08/05/2024,,Canada,Canada,Ontario,mapleleaff13,,
816,,MEC,McMaster University - Engineering I (Co-op),McMaster University,Accepted,93,95,95,94,95,None,Autism Support School Volunteer,01/11/2023,08/05/2024,Engineering Excellence $3000,Canada,Canada,Ontario,Liebestraume06,lukas1770,No free choice
817,,MEH,Integrated Biomedical Engineering & Health Sciences I (iBioMed),McMaster University,Accepted,91,87,95,,94,,Dance,28-Nov-23,07-Mar-24,3000,Canada,Canada,Ontario,u/ocean_fawn676,tetrodotoxin_x,
818,,MEI,iBioMed - Co-op,McMaster University,Accepted,94,94,94,,94.6,,I did well on the supp app,,07-Mar-24,3k Excellence Award,Canada,Canada,Ontario,Actual-Kitchen2070,,
819,,MEI,Integrated Biomedical Engineering & Health Sciences I (iBioMed),McMaster University,Accepted,95.6,97.5,,97.2,96.3,,N/A,24-Nov-23,07-Mar-24,"$3,000 ",China,Canada,Ontario,bbnezzy,,
820,,MEI,Integrated Biomedical Engineering & Health Sciences I (iBioMed) (Co-op) (Biomedical Engineering Specialization (co-op only)),McMaster University,Accepted,97,96.5,,,97,,,,07-Mar-24,,Canada,Canada,Ontario,Artistic-Stretch5442,,
821,,MEI,Integrated Biomedical Engineering & Health Sciences I (iBioMed) (Co-op) (Biomedical Engineering Specialization (co-op only)),McMaster University,Accepted,98,97.5,98,,97.5,,,04-Dec-23,07-Mar-24,"$3,000 ",Canada,Canada,Ontario,user937275,,
822,,MEI,"Integrated Biomedical Engineering & Health Sciences I (iBioMed) (Co-op) (Health, Engineering Science & Entrepreneurship Specialization (co-op only))",McMaster University,Accepted,98,98,97,,97,,,15-Oct-23,07-Mar-24,"$3,000 ",Canada,Canada,Ontario,practical-side4828,,
823,,MEI,Integrated Biomedical Engineering & Health Sciences I (iBioMed) (Co-op) Biomedical Engineering Specialization (co-op only),McMaster University,Accepted,97.29,98.67,96.67,96.67,97.5,NA,NA,07-Nov-23,07-Mar-24,$5000 Engineering Entrance Award,Canada,Canada,Ontario,ijusthadicecream,,
824,,MEI,"McMaster University - Integrated Biomedical Engineering & Health Sciences I (iBioMed) (Co-op) (Health, Engineering Science & Entrepreneurship Specialization (co-op only))",McMaster University,Accepted,94,96.25,,,97.33,,,,07/03/2024,,Canada,Canada,Ontario,Complex_Contact3806,,
825,,MH,Humanities,McMaster University,Accepted,93,95,95,95,95,No,No,03-Feb-24,20-Feb-24,"$3,000 ",Canada,Canada,Ontario,AmbitiousBlueberry33,,
826,,MH,Humanities 1,McMaster University,Accepted,91,88,,,88,,,01-Dec-23,31-Jan-24,,Canada,Canada,Ontario,-,,
827,,ML,Social Sciences I (Field of Interest: Political Science),McMaster University,Accepted,89,91,90,,91,,,30-Oct-23,07-Mar-24,"$1,000 Scholarship",Canada,Canada,Ontario,N/A,,
828,,"MLE, ML, YBH, SBE, YFB","Business Administration (BBA),Business I,Economics I, Social Sciences I (Economics),Rotman Commerce,Business Management (Co-op available), BCom",McMaster University,Accepted,77,77,,,77,,,15-Jan-24,18-Jan-24,,Canada,Canada,Ontario,sensitive_western743,,
829,,MN,McMaster University - Nursing l (BScN) - McMaster,McMaster University,Accepted,93.4,94,93,,95,Casper 2nd quartile,,19/11/2023,09/05/2024,Yes,Canada,Canada,Ontario,Illustrious-Type-531,,
830,,MN,Nursing I (BScN) - McMaster,McMaster University,Accepted,94.56,98.5,,,98.5,Casper Test: 4th quartile,,20/11/2023,09/05/2024,McMaster Award of Excellence - $3000,Canada,Canada,Ontario,don’t have sorry!,mydogiscuter,
831,,MPS,Chemical & Physical Sciences Gateway (Mathematics & Physics),McMaster University,Accepted,90.4,91.75,90,,88.33,,,22-Nov-23,08-Mar-24,,Canada,Canada,Ontario,N/A,,
832,,MPT,Automation Systems Engineering Technology I Co-op (B.Tech.),McMaster University,Accepted,81,83,,,82,,average ecs,12/11/2023,07/03/2024,not sure but i dont think so,Canada,Canada,Ontario,don't have one,,
833,,MRS,Honours Medical Radiation Science,McMaster University,Accepted,88,0,0,90.3,90.3,N/A,Only took two courses first semester (grade 13). My offer was final as all my top 6 were final.,25/09/2023,10/05/2024,,Canada,Canada,Ontario,u/ill_Crew7797,,
834,,MRS,Honours Medical Radiation Sciences,McMaster University,Accepted,67,94,85,,91,,special circumstances due to my father's cardiac surgery,15-Nov-23,11-Mar-24,1k for science achivement,Canada,Canada,Ontario,u/dqVicpb,white4568,
835,,MRS,Medical Radiation,McMaster University,Accepted,91,95.75,,,95.75,,,,08-Mar-24,1000,Canada,Canada,Ontario,..,,
836,,MTT,Biotechnology I Co-op (B.Tech.),McMaster University,Accepted,93,89,88,,89,,,22-Dec-23,07-Mar-24,Yes. $2000 entrance.,Canada,Canada,Ontario,sry,,
837,,MTT,Biotechnology I Co-op (B.Tech.),McMaster University,Accepted,92,90,,,91,,,30-Dec-23,07-Mar-24,2000,Canada,Canada,Ontario,darwyn_chang,,
838,,MV,Honours Kinesiology,McMaster University,Accepted,93,92,94,,94,,,15-Oct-23,08-Mar-24,No,Canada,Canada,Ontario,tree_life_cheese,,
839,,MX,Arts & Science,McMaster University,Accepted,88,94,92,,94,,,15-Feb-24,05-Apr-24,"$1,000 ",Canada,Canada,Ontario,Nil (sorry),,
840,,MX,Arts & Science I,McMaster University,Accepted,92.5,92,93,,92.3,N/A,"Included my extracurriculars, hobbies and interests on the supp app.",01/02/2024,07/05/2024,You receive an automatic entrance @ 93%+,Canada,Canada,Ontario,pinkydinky2211,n/a,naaawww
841,,MZ,Math & Statistics Gateway,McMaster University,Accepted,88,83.2,88.3,85,88.3,,,,03/05/2024,,Canada,Canada,Ontario,imortaldragon06,Yeetbot8959,
842,,MZ,Math & stats,McMaster University,Accepted,83,93,91,,93,,,05/04/2024,04/05/2024,No,Canada,Canada,Ontario,I don’t have an account,,
843,,Mz,Mathematics and Statistics,McMaster University,Accepted,98,97,96.5,,98.5,,,08-Nov-23,08-Mar-24,$3000 McMaster Award of Excellence,Canada,Canada,Ontario,I dont have one,,
844,,MZ,Mathematics and Statistics Gateway,McMaster University,Accepted,95.13,97.5,96,,96.8,none,doesn't ask,19-Oct-23,08-Mar-24,None,Canada,Canada,Ontario,mareeplover333,,
845,,MZ,Mathematics and Statistics Gateway (Mathematics & Physics),McMaster University,Accepted,90.4,91.75,90,,90.33,,,22-Nov-23,08-Mar-24,No,Canada,Canada,Ontario,N/A,,
846,,n/a,Anatomy and Cell Biology,Mcgill,Accepted,96,95,96,,97,,IB program,06-Oct-23,05-Mar-24,,Canada,Canada,Ontario,n/a,,
847,,N/A,BEng Software Engineering (CO-OP),McGill,Accepted,93,96.3,96,,96.3,,,24/12/2023,05/05/2024,no,Canada,Canada,Ontario,don't have,,
848,,N/A,CS,McGill,Accepted,91.5,95.2,96,,95.2,,,24-Jan-24,10-Apr-24,,Canada,Canada,British Columbia,Massive_Hope_5748,,
849,,N/A,Arts,McGill University,Accepted,96,94,96,,96,IB,,30-Oct-24,27-Mar-24,Canada Award,Canada,Canada,Ontario,@raynbows13,,yayy
850,,N/A,"B Sc Physical, Earth, Math & Computer Sci",McGill University,Accepted,97,97.75,,98.5,98.5,,,14-Oct-23,05-Mar-24,"$3,000 ",Canada,Canada,Ontario,polarbearinthesnow,,
851,,N/A,"B. Sc. Physical, Earth, Math & Computer Science group",McGill University,Accepted,98,97.5,98,,98,AP Chemistry (5),,31-Oct-23,07-Feb-24,"$3,000 ",Canada,Canada,Ontario,user937275,,
852,,N/A,Bachelor of Software Engineering,McGill University,Accepted,97,97.75,,98.5,98.5,,,15-Oct-23,05-Mar-24,"$3,000 ",Canada,Canada,Ontario,polarbearinthesnow,,
853,,n/a,Civil Engineering,McGill university,Accepted,92,95.7,,,95.7,,,,25/04/2024,,Canada,Canada,Ontario,Frozen-Shock,,
854,,N/A,McGill Computer Science + Math,McGill University,Accepted,91.33,95.83,,,95.83,Nothing,"Not much, said id try out for track as I am a track athlete",20-Dec-23,25-Apr-24,No,Canada,Canada,Ontario,demarderozanisapp,yekkadasoppada,
855,,N/A,Software Engineering,McGill University,Accepted,98,97.5,98,,97.5,AP Chemistry (5),,31-Oct-23,08-Mar-24,"$3,000 ",Canada,Canada,Ontario,user937275,,
856,,N/A,Software Engineering Co-op & Computer Engineering,McGill University,Accepted,94.9,94.8,94.8,94.8,96.6,,N/A,02-Oct-23,11-Mar-24,No,Canada,Canada,Alberta,Great-Comparison-879,,
857,,N/A,Science,UBC,Accepted,91.5,94,95,,94,,"Top 10 BC Semi-Innovation Showcase, Video Game Developer, programing Teacher Online",05-Dec-23,11-Apr-24,,Canada,Canada,British Columbia,Massive_Hope_5748,,
858,,n/a,Bachelor of Science,UBC!,Accepted,96,95,96,,97,IB program,,20-Oct-23,23-Feb-24,,Canada,Canada,Ontario,n/a,,
859,,N/A,Arts,University of British Columbia,Accepted,91,90,,,86,,,21/11/2023,08/04/2024,Beyond Tomorrow,Canada,Canada,Ontario,Ketsiaa,,
860,,n/a,Bachelor of Arts,University of British Columbia,Accepted,92.16,93,92,,92.6,,,14-Jan-24,15-Apr-24,,Canada,Canada,British Columbia,zenithfy,,
861,,N/A,Sauder School of Business,University of British Columbia,Accepted,95,96,95,,98,None,,29/11/2023,09/02/2024,,Canada,Canada,British Columbia,jjzyise,,
862,,N/A,Computer Engineering Co-op,University Of Waterloo,Accepted,94.9,94.8,94.8,94.8,95,,"National team sports, 3 work experiences, job shadowing.",01-Oct-23,13-Mar-24,$2000 entrance scholarship,Canada,Canada,Alberta,Great-Comparison-879,,
863,,N/A,Ivey Advanced Entry Opportunity,Western University,Accepted,95.5,94,94,,97.2,1530 on SAT,"Founded a nonprofit music ensemble, volunteering at church",15-Jan-24,09-Feb-24,,Canada,Canada,Ontario,Tricky-Eggplant-8467,,
864,,N/A (British Columbia),Bachelor of Science (Biology),University of British Columbia,Accepted,94.4,90,92,,91.2 or 92.3,N/A,"2 years on student council (events chair and vice-president, track and field, co-op in the ct department of a hospital, 2 years as a counsellor at an overnight camp",01-Dec-23,21-Feb-24,N/A,Canada,Canada,Ontario,N/A,N/A,Okanagan Campus (second choice)
865,,N/A (British Columbia),Bachelor of Science (UBCV),University of British Columbia,Accepted,94.4,93,92,,93,N/A,"2 years on student council (events chair and vice-president, track and field, co-op in the ct department of a hospital, 2 years as a counsellor at an overnight camp",01/12/2023,30/04/2024,N/A,Canada,Canada,Ontario,Original_Okra_127,N/A,Vancouver campus (1st choice)
866,,NC,coop,University of Windsor,Accepted,75,86,86,,"78-82% top 6, 70% in one U level math",,,12-Nov-23,17-Dec-23,no,Canada,Canada,Ontario,Available-Sky6247,,
867,,no clue,Nursing,Brock University,Accepted,72.8,85.2,87.5,,85.2,,,25-Nov-23,29-Nov-23,$500/ year I think?,Canada,Canada,Ontario,lowscratch something,,
868,,not sure,composter Eng.,Toronto Metropolitan University,Accepted,89,96,90,96,96,na,"robotics, software related internship, boxing, school teams such as tennis, cricket, wrestling",12/01/2024,01/04/2024,yes,Canada,Canada,Ontario,not sure tbh,dont hve one,
869,,Nursing,BSc Nursing,Brock University,Accepted,84,86,,,86,,,01-Nov-23,16-Feb-24,Yes $3600 over 4 years,Canada,Canada,Ontario,Nursing2024,,
870,,OBE,Computer Engineering CO-OP,University of Ottawa,Accepted,95,95.7,96.7,,95+,no,nope,10-Dec-23,20-Feb-24,$3000/year,Canada,Canada,Ontario,foot-foot-foot,don't really use it,
871,,OBE,Gender studies CO-OP,York University,Accepted,51,66,67,67,66,,,06-Jan-24,27-Feb-24,Deans scholarship,Canada,Canada,Ontario,Yeadog121,,
872,,OBS,Engineering,Queens University,Accepted,77,92,93,93,93,,,12-Nov-23,28-Feb-24,No,Canada,Canada,Nova Scotia,Johnbosser11,JBoss91,
873,,OEC,Biomedical Mechanical Engineering - Co-op,University of Ottawa,Accepted,89,92,93,,90,,,20-Oct-23,22-Feb-24,$2000 scholarship,India,Canada,Ontario,N/A,,
874,,OEE,Chemical Engineering + Co-op,University of Ottawa,Accepted,90,92,90,,91,N/A,Volunteered @ a old folks center for veterans,01/11/2023,22/11/2023,Yes (admission scholarship),Canada,Canada,Ontario,DueButterscotch,Sandbox,"Go to a non semestered school, had all my grades in for all my prereqs"
,,,,,,,,,,,,Part time job for 14 months,,,,,,,,,
,,,,,,,,,,,,Executive of school club,,,,,,,,,
,,,,,,,,,,,,LINK,,,,,,,,,
,,,,,,,,,,,,Chapter President for student run charity,,,,,,,,,
875,,OJA,Software Engineering,University of Ottawa,Accepted,98.3,96,,,98.5,,,25-Sep-23,20-Feb-24,3k,Canada,Canada,Ontario,j-bear5741,,ranked 9 on ouac
876,,OJA,Software Engineering,University of Ottawa,Accepted,96.5,96.83,,,96.83,,,26-Oct-23,20-Feb-24,,Canada,Canada,Ontario,Frosty-Ad-1716,,
877,,OJA,Software Engineering (CO-OP),University of Ottawa,Accepted,96.8,97.7,98,,97.7,,did not fill out SUPP app,11-Dec-24,13-Feb-24,$3000 entrance,Canada,Canada,Ontario,Livid_Boi,,
878,,"OJA, COD","Computer Science w/ Co-Op, Software Engineering Field (Carleton)",Carleton University,Accepted,74,88,91,,Overall: 91 / MCV - 93 MDM- 92 MHF - 92 ENG - 82 ICS - 90 CHY 95,,,04/11/2023,14/12/2024,"$8,000 Entrance Scholarship @ Carleton, i don’t remember the entrance offer for uOttawa",Canada,Canada,Ontario,u/OminousNeptune,originalneptune,"also applied to uo soft eng same day, sem 1 avg was 88 but sem 2 midterm is 91, yet to receive an offer as of 04/07/24"
,,,Software Engineering (Co-Op) (uO),,,,,,,,,,,,,,,,,,
879,,OKC,Health Science,University of Ottawa,Accepted,89,93,92,,92,,volunteered in a hospital with over 100 hours,10-Nov-23,06-Dec-23,1500$,Canada,Canada,Ontario,lolcostyy,,
880,,OKC,Health Sciences COOP,University of Ottawa,Accepted,89.6,87.2,91,,89,,115 hours volunteering,21-Nov-23,04-Dec-23,Yes. 4k,Canada,Canada,Ontario,-,,
881,,OKC,Honours Bachelor of Health Sciences,University of Ottawa,Accepted,77.75,94.5,95,,95.25,,,26-Nov-23,06-Dec-23,,Canada,Canada,Ontario,u/iwanttosleep_0,,"for the acceptance average, I just included the 2 grade 12 courses I had completed at that point since I received the acceptance in December."
882,,OTS,Commerce - International Management + Co-op,University of Ottawa,Accepted,72,83,83,,83,None,None,03/01/2024,01/05/2024,"3k bursary for french, 1k/year scholarship for french, 1k/year entrance scholarship",Canada,Canada,Ontario,Background_Pin8400,,
883,,OUN,Biomedical Science,University of Ottawa,Accepted,83.5,93,85,,high 80s/low 90s,,nope,12-Dec-23,28-Feb-24,$1k scholarship,Canada,Canada,Ontario,EstablishmentHot6647,,"I got accepted with average to mediocre (90 in bio - 73 in chem) grade 11 marks, and only two completed 4U courses....so please have confidence in yourself! 85% required average to keep scholarship T-T"
884,,OUN,Honours Bachelor of Science in Biomedical Science,University of Ottawa,Accepted,83.6,90.4,89.6,,89.4,,,29-Nov-23,06-Mar-24,2K Entrance Scholarship,Canada,Canada,Alberta,Dangerous-Builder-58,,
885,,OUN,Biomedical science,University of Ottawa,Accepted,94,95,95,95,96,,,,25-Jan-24,3k,Canada,Canada,Ontario,milkis,,
886,,OUR,Biology Honours with Co-op,University of Ottawa,Accepted,93,92.5,95,95,93,,,09-Nov-23,11-Nov-23,"$3,000 ",Canada,Canada,Ontario,antimonygirl,,
887,,Outside of Ontario,Bachelor of Applied Science,University of British Columbia,Accepted,96,95,94,,95,,"400+ hrs volunteering (city library, hospital, activism group, schools in the area)",29/11/2023,28/03/2024,No :(,Canada,Canada,Ontario,corrupted_p4nda,pandag3n,"I was nominated by my school for the Schulich Leadership scholarship. I didn't get it, obviously, but still."
,,,,,,,,,,,,"3 straight years job experience (private tutor, licensed automotive technician, dishwasher, camp counsellor)",,,,,,,,,
,,,,,,,,,,,,Competitive athlete (badminton and cricket) and assistant coach (badminton),,,,,,,,,
,,,,,,,,,,,,Ran a robotics camp for my city during march break,,,,,,,,,
888,,OWI,Data Science (5-year double degree),University of Ottawa,Accepted,96.5,96.83,,,96.83,,didnt fill out supplementary,26-Oct-23,20-Feb-24,$3k,Canada,Canada,Ontario,Frosty-Ad-1716,,
889,,OWI,uOttawa Data science,University of Ottawa,Accepted,89,92.2,93,,92.2,,,09-Nov-23,15-Mar-24,3k,Canada,Canada,Ontario,not telling,not telling,I'm not troll :)
890,,OXL,UO: Political Science,University of Ottawa,Accepted,94,94,94,,94.25,Score of 5 on AP French exam,,05-Nov-23,04-Dec-23,$2000 per year x4,Canada,Canada,Ontario,u/Known_Creator_908,,
891,,OXN,Honours Bachelor of Science in Psychology,University of Ottawa,Accepted,86,88,90,,90,,na,06-Oct-23,27-Feb-24,"1,000 dollars admissions scholarship",Canada,Canada,Ontario,Bubbly_Wear_2312,,
892,,OXZ,Bachelor of Social Sciences Joint Honours in Public Administ,University of Ottawa,Accepted,85,84,,,84,,,,21-Feb-24,,PR,Canada,Ontario,.,,
,,,ration and in Political Science Co-op,,,,,,,,,,,,,,,,,,
893,,OXZ,Joint Honours in Public Administration and Political Science,University of Ottawa,Accepted,97.5,96.25,,,96.25,,,30-Sep-23,21-Nov-23,$3000 entrance scholarship,Canada,Canada,Ontario,AssisstantNo2269,,
894,,PBA,Bachelor of Business Administration,Nipissing University,Accepted,72,83,83,,83,None,None,03/01/2024,30/04/2024,"None that I know of, maybe an entrance one??",Canada,Canada,Ontario,Background_Pin8400,,"You misspelt ""university"" on the title of this form :)"
895,,QA,Arts - including optional internship (BAH),Queens University,Accepted,90,85,,,85,,,03-Oct-23,06-Mar-24,"$2,400 ",Canada,Canada,Ontario,Foward-Beat-6711,,
896,,QA,"Arts - including optional internship (BAH), Philosophy",Queens University,Accepted,81.875,98,95,,98,,,28-Nov-23,29-Feb-24,No,Canada,Canada,Ontario,ClerkCharming7555,scarletchunkyy,
897,,QA,arts honors,Queens University,Accepted,85,90,90,,90,,mvp,12-Sep-23,03-Mar-24,no,Canada,Canada,Ontario,ekedcb,,
898,,QA,Bachelor of Arts (Honours),Queens University,Accepted,92,91,91,91,91,N/A,,08-Nov-23,06-Mar-24,,Canada,Canada,Ontario,.,,
899,,QA,Queen's University - Arts,Queens University,Accepted,86,92.5,93,,92.5,,not required,07-Nov-23,06-Mar-24,no (they are haters),Canada,Canada,Ontario,waIking-on-sunshine,,pretty low on my list of programs. was kind of a safety cause i was so scared of not getting in anywhere so i applied here. Kinda wishing i did computing but i'm looking into potential ways to transfer in 2nd year.
900,,QB,Arts,Queens University,Accepted,80,93,95,0,94,no,no,16-Nov-23,06-Mar-24,,Canada,Canada,Ontario,uk,uk,no
901,,QC,Bachelor of Commerce,Queens University,Accepted,80,95.5,93,,93,,"Founded cycling club, Newspaper president, tutoring business, 2 years of rugby",15/02/2024,27/03/2024,N/A but I also didn't apply because I didn't expect to get in,Canada,Canada,Ontario,mulberrybrown,brandonf4,
902,,QC,Bachelor of Computing (Honours),Queens University,Accepted,92,91,91,91,91,No,Nothing submitted,01-Oct-23,06-Mar-24,No,Canada,Canada,Ontario,.,,
903,,QC,Commerce (BCom),Queens University,Accepted,79.4,86.8,94,,86.8 💀,N/A,small business,15-Nov-23,03-Apr-24,Nope,Canada,Canada,Ontario,kuroreos,kuro_Fi,"I have no clue how I got in before may 💀. Gr11 marks were so shit that my current average is only 86.8, without sem 2 midterms."
904,,QC,Commerce (BCom),Queens University,Accepted,83,88,91.5,,90.66,,"Mentioned dealing with a toxic work environment while volunteering, and how we worked to actively make the situation better for all the people both working and volunteering there, despite of the good we were doing.",08-Nov-23,27-Mar-24,Nothing yet because I didn't fill out the Queen's major award profile :(,Canada,Canada,Ontario,KavKakes,,
905,,QC,Commerce (BCom),Queens University,Accepted,95,96,95,,98,None,,02/11/2023,03/04/2024,"$25,000 ",Canada,Canada,British Columbia,jjzyise,jzyise,
906,,QC,Computing,Queens University,Accepted,93,95.8,96.5,,Physics: 97 Chem: 93 Adv: 95 FtnsLdrshP: 98 Rest incomplete,,,01-Oct-23,24-Jan-24,no,Canada,Canada,Ontario,demarderozanisapp,gledonquagmire,
907,,QC,Queen's Commerce,Queens University,Accepted,91,94,95.5,,94,,"President of Model UN, published author, worked with Toronto Police",26-Oct-23,27-Mar-24,,Canada,Canada,Ontario,aishykinss,,
908,,QC,Queen's University - Commerce (BCom),Queens University,Accepted,94,94,92,,94,,,07-Jan-24,14-Feb-24,No,Canada,Canada,Ontario,:( guest account,lasagnaxyz,
909,,QC,queens commerce,Queens University,Accepted,94,95.5,,,95,no,,15-Feb-24,03-Apr-24,no,Canada,Canada,Ontario,Next_Ebb_7908,,
910,,QE,Engineering - Common First Year - including optional internship (BASc),Queens University,Accepted,89,94,94,,93.6,,,09/11/2023,14/05/2024,no,Canada,Canada,Ontario,WxT_,blonded.kv,
911,,QE,General Eng 1 (possible intership),Queens University,Accepted,90,91,90,,92,N/A,Volunteered @ a old folks center for veterans,01/11/2023,06/03/2024,Yes (financial bursary + admission scholarship),Canada,Canada,Ontario,DueButterscotch,Sandbox,"Go to a non semestered school, had all my grades in for all my prereqs since first report card"
,,,,,,,,,,,,Part time job for 14 months,,,,,,,,,
,,,,,,,,,,,,Executive of school club,,,,,,,,,
,,,,,,,,,,,,LINK,,,,,,,,,
,,,,,,,,,,,,Chapter President for student run charity,,,,,,,,,
912,,QEM,Mechatronics and Robotics Engineering,Queens University,Accepted,93.8,94.5,95.5,95.5,94.5,,there was no supp - just marks,19/10/2023,06/03/2024,,Canada,Canada,Ontario,,,
913,,QF,Science/Education (Concurrent) (BScH/BEd),Queens University,Accepted,89.5,90.17,,,90.17,,,22/11/2023,14/05/2024,,Canada,Canada,Ontario,N/A,,
914,,QH,"Health science (BHScH), non-co-op",Queens University,Accepted,98.5,96.8,,,96.5,,,,04/04/2024,,Canada,Canada,Ontario,Lilirxna,,
915,,QH,Health Sciences,Queens University,Accepted,92.5,95.8,95.8,95.8,96,N/A,Solid supp app.,,10-Apr-24,,Canada,Canada,Ontario,u/Mcnal35,,
916,,QH,Health Sciences,Queens University,Accepted,96.8,96,96,,95,,,20-Oct-23,28-Feb-24,Not yet,Canada,Canada,Ontario,u/ceoofcelerity,,so surprised to get an offer this early! 😭
917,,QH,Health Sciences,Queens University,Accepted,95.2,96.5,96,,96.5,,talked about MUN for speaking portion,19/12/2023,24/04/2024,No,Canada,Canada,Ontario,u/MaintenanceFlat5759,,supp app was so weird this yr; was honestly feeling very 'eh' about my application overall
918,,QH,Health Sciences,Queens University,Accepted,99,99,99,,99,,,29-Nov-23,14-Feb-24,principal's scholarship $7k,Canada,Canada,British Columbia,n/,,
919,,QH,Health Sciences,Queens University,Accepted,96,95,96,,97,,IB program,06-Oct-23,10-Apr-24,,Canada,Canada,Ontario,n/a,,
920,,QH,Health Sciences - including optional internship (BHScH),Queens University,Accepted,94.56,96.67,,,97.83,,,20-Nov-23,10-Apr-24,,Canada,Canada,Ontario,don’t have,mydogiscuter,
921,,QH,Health Sciences - including optional internship (BHScH),Queens University,Accepted,94.56,98.5,,,98.5,,,20/11/2023,10/04/2024,,Canada,Canada,Ontario,don’t have sorry :(,mydogiscuter,
922,,QH,Health Sciences (BHScH),Queens University,Accepted,96,95,,,95,,,,10-Apr-24,,Canada,Canada,Ontario,Calm_Property_5966,shaaminy,
923,,QH,Queen's University - Health Sciences - including optional internship (BHScH),Queens University,Accepted,97,97.5,,,97.3,,,,10-Apr-24,,Canada,Canada,Ontario,Artistic-Stretch5442,,
924,,QIH,Health science,Queens University,Accepted,95,96,94,,96,N/A,"-exec in stem club, did a summer mentorship program at sick kids, co op at a pharmacy, etc",11/05/2024,09/10/2024,No,Canada,Canada,Ontario,u/RentInteresting7873,,
925,,QS,Queen's University - Science - including optional internship (BScH),Queens University,Accepted,87,85,,,90,,,,06-Mar-24,,Canada,Canada,,Consistent-Car-9998,,
926,,QS,Science - including optional internship (BScH) (Biology),Queens University,Accepted,94.4,90,92,,91.2,N/A,N/A,03-Nov-23,18-Jan-24,N/A,Canada,Canada,Ontario,N/A,N/A,Choice 5/7 on OUAC
927,,RCN,Bsc Nursing,Trent University,Accepted,84,86,86,,86,No,,01-Nov-23,27-Feb-24,$6000 1500/ yr,Canada,Canada,Ontario,Uk,,
928,,ROQ,Teacher Education Stream - Arts (Honours) (History) - Durham GTA Campus,Trent University,Accepted,50,83,,,90,n/a,"n/a, high number of volunteer hours",29-Dec-23,26-Apr-24,"11k total over 4 yrs (2.5k 2nd-4th yr, 3.5k first yr)",Canada,Canada,Ontario,Ok_Hearing910,,
929,,SAA,Toronto Metropolitan University - Aerospace Engineering (Co-op available) - For Choice 09,Toronto Metropolitan University,Accepted,99,95,94,,94,,"school district's student council representing 135k+ students, 2 part time jobs, multiple varsity sports, bunch of tutoring for underprivileged students (students in india, students in toronto who are from low-income families, etc)",01-Dec-24,12-Dec-24,,Canada,Canada,Ontario,entropuy,yivwon,
930,,SAB,Computer Science,Toronto Metropolitan University,Accepted,87,92.8,,,92.8,,,,23-Feb-24,,Canada,Canada,Ontario,Mindless_Breath4647,,
931,,SAB,Computer Science,Toronto Metropolitan University,Accepted,78,93,93,,93,,,07/12/2023,08/05/2024,$6000 entrance scholarship,Canada,Canada,Ontario,midnight-stars-and-u,,
932,,SAB,Computer Science (Co-op Available),Toronto Metropolitan University,Accepted,91,94.5,95,,94.5,None,No EC's needed for application,08/01/2024,03/05/2024,"$1,500 entrance scholarship",Canada,Canada,Ontario,Wowey27,Wowey#1141,Cool program to get into ig
933,,SAB,Computer Science (Co-op available),Toronto Metropolitan University,Accepted,89,95.5,94.83,,95,,,22-Nov-23,21-Feb-24,,Canada,Canada,Ontario,AnousAlma,anousalma,
934,,SAB,Computer Science (Honours) (Co-op Available),Toronto Metropolitan University,Accepted,88.75,92.5,,,89.5,,,12-Jan-24,08-Mar-24,,Canada,Canada,Ontario,N/A,,relevant grade 11 marks are english (87) physics (80) and functions (95)
,,,,,,,,,,,,,,,,,,,,,also good luck everyone hope we all get into our top programs !! :)
935,,SAB,Computer Science + Co-op,Toronto Metropolitan University,Accepted,87,94,93,,93,,,01-Dec-23,28-Feb-24,,Canada,Canada,Ontario,EMR444,,
936,,SAB,Toronto Metropolitan University - Computer Science (Co-op available),Toronto Metropolitan University,Accepted,87.75,97.75,97,,97.83,no,no,08-Jan-24,22-Feb-24,3000$ Renewable if average is maintained,Canada,Canada,Ontario,n/a,,
937,,SAH,Toronto Metropolitan University - History (Co-op available),Toronto Metropolitan University,Accepted,84,84,,,90.7,,,13-Nov-23,21-Nov-23,,Canada,Canada,Ontario,-,,
938,,SBB,Business Technology Management,Toronto Metropolitan University,Accepted,83,94,90,,93,,,28-Nov-23,22-Feb-24,,Canada,Canada,Ontario,Strangeindividual11,,
939,,SBE,Business Management,Toronto Metropolitan University,Accepted,71,87,84,,87,,,07-Jan-24,31-Jan-24,,Canada,Canada,Ontario,"I'd prefer to stay anonymous, however I can assure this isn't a troll.",,
940,,SBI,Biomedical Engineering,Toronto Metropolitan University,Accepted,84.3,88,90,,80,,,16-Oct-23,18-Feb-24,no,Canada,Canada,Ontario,Ok-Example-3250,n/a,
941,,SBI,Biomedical Engineering (Co-op),Toronto Metropolitan University,Accepted,86,85,85,,85,,N/A to TMU eng,23-Nov-23,26-Feb-24,,Canada,Canada,Ontario,(Don’t have one),notkhang#9828,
942,,SBI,Biomedical Engineering (Co-op available),Toronto Metropolitan University,Accepted,93,89,,89,90,,,21-Dec-23,06-Jan-24,Yes.,Canada,Canada,Ontario,i dont feel comfortable!:),,
943,,SBO,Accounting and Finance,Toronto Metropolitan University,Accepted,75,86,86,,"mid-high 80's, 75% in english, advanced functions, and any other U level math",,,17-Nov-23,26-Apr-24,,Canada,Canada,Ontario,Available-Sky6247,,
944,,SBO,Accounting and Finance,Toronto Metropolitan University,Accepted,89.6,92.7,93,,93,,,10-Nov-23,13-Nov-23,,Canada,Canada,Ontario,devli123,,
945,,SBO,Accounting and Finance,Toronto Metropolitan University,Accepted,87,85,93,,89,,,30-Oct-23,21-Feb-24,,Canada,Canada,Ontario,don't have reddit srry,,
946,,SBO,Accounting and Finance (CO-OP),Toronto Metropolitan University,Accepted,84,87.5,88,,"94 (English), 90 (Advanced Functions), 87 Calculus), 90 (Canadian Law), 82 (Economics), 82 (Criminology)",,DECA,18-Dec-23,23-Apr-24,"$750 per year, $3000 total entry scholarship",Canada,Canada,Ontario,U/DazzlingTarget7363,N3el.,
947,,SCE,Computer Engineering + Co-op,Toronto Metropolitan University,Accepted,87,94,93,,93,,,01-Dec-23,07-Dec-23,,Canada,Canada,Ontario,emr444,,
948,,SCF,Chemical Engineering Co-op,Toronto Metropolitan University,Accepted,78,88,90,,88,Private school for physics,N/A,13-Jan-24,26-Mar-24,,Canada,Canada,Ontario,N/a,,
949,,SCG,TMU Civil Engineering (Co-op),Toronto Metropolitan University,Accepted,89,87,89,,87,,,15-Nov-23,03-Feb-24,Entrance Scholarship,Canada,Canada,Ontario,n/a,shordykiddo,
950,,SEJ,Electrical Engineering,Toronto Metropolitan University,Accepted,80.5,89,90,,89,,FRC piano,02/01/2024,29/04/2024,Entrance only,Canada,Canada,Ontario,Whatupbruh3298,,
951,,SEJ,Electrical Engineering,Toronto Metropolitan University,Accepted,89,92.2,90,,92.2,,,30/09/2023,02/05/2024,Yes,Canada,Canada,Ontario,No,,
952,,SEU,undeclared engineering,Toronto Metropolitan University,Accepted,87,90,90,,87,,,,10/05/2023,,Canada,Canada,Ontario,vampyy07,,
953,,SIQ,Industrial Engineering (Co-op available),Toronto Metropolitan University,Accepted,92,91,91,,91,,,01/01/2024,17/01/2024,"Yes, a yearly scholarship of $1500.",Canada,Canada,Ontario,Sad_Mission_6757,Do not have discord.,no.
954,,SIQ,Industrial Engineering Co-op,Toronto Metropolitan University,Accepted,87.7,81.3,86,,81.3,,,01-Dec-23,05-Dec-23,Guaranteed Scholarship,Canada,Canada,Ontario,imortaldragon06,,
955,,SMW,Mechanical Engineering,Toronto Metropolitan University,Accepted,92,86,86,,86,,Robotics,30/11/2023,04/05/2024,No,Canada,Canada,Ontario,Tall_Garden_67,,
956,,SMW,Mechanical Engineering (Co-op available),Toronto Metropolitan University,Accepted,92.375,90.5,,,92.16,,"There's no subapp, but I'm in IB (altho they don't know that) and got 3 grade 12 credits in grade 11 and was in the process of completing the required prerequisites in first semester.",26-Oct-23,05-Dec-23,Guaranteed scholarship based on final grades,Canada,Canada,Ontario,i dont use reddit but i got discord,foxfellapart,
957,,SMW,Mechanical engineering,University of Ottawa,Accepted,92,86,86,,86,,Robotics club,30/11/2023,12/12/2023,$2000 entrance scholarship,Canada,Canada,Ontario,Tall_Garden_67,,
958,,SPA,Images Arts: Film Studies,Toronto Metropolitan University,Accepted,92,94,,,I think it's still Gr11 marks + Gr12 midterms,,3 years involved with my school's student news broadcast club (2 years as Co-Director).,01-Feb-24,26-Feb-24,Entrance Scholarship,Canada,Canada,Ontario,ptomato52,,
959,,SPS,Bachelor of Arts Psychology,Toronto Metropolitan University,Accepted,75,92,94,,94,,,26-Oct-23,26-Feb-24,Yes,Canada,Canada,Ontario,I’m sorry I don’t have a Reddit I just scroll on this site a lot,,
960,,SRD,Media Production,Toronto Metropolitan University,Accepted,91.5,88.5,,91.5,93.66,,,20-Nov-23,12-Feb-24,,Canada,Canada,Ontario,Embarrassed_Try_6739,,
961,,STR,Mechatronics,Toronto Metropolitan University,Accepted,92,86,86,,86,No,Robotics club,02/01/2024,04/05/2024,No,Canada,Canada,Ontario,Tall_Garden_67,,
962,,STR,Mechatronics Engineering,Toronto Metropolitan University,Accepted,80.5,89,90,,89,,FRC piano,02/01/2024,29/04/2024,Entrance only,Canada,Canada,Ontario,Whatupbruh3298,,
963,,STR,Mechatronics Engineering (Co-op available),Toronto Metropolitan University,Accepted,81,86,,,85,,,13-Nov-23,04-Mar-24,,Canada,Canada,Ontario,n/a,,
964,,SUP,BURPI,Toronto Metropolitan University,Accepted,80,85,84,84,84,,,16-Nov-23,13-Apr-24,NO,Canada,Canada,Ontario,u/antoninstarkov,medicalgradeleeches,Thx
965,,SUP,Urban and Regional Planning,Toronto Metropolitan University,Accepted,84,77,90,,86.5,,,24-Nov-23,21-Feb-24,Not sure,Canada,Canada,Ontario,Don’t have one,Lei 1239,
966,,SUP,Urban and Regional Planning,Toronto Metropolitan University,Accepted,84.6,92.5,93,,"90, 91, 92, 97",,No,09-Nov-23,22-Feb-24,No,Canada,Canada,Ontario,chillygoose_,soapapplemush,
967,,TAC,Rotman Commerce,University of Toronto,Accepted,88,88.5,92,,92,,"Talked about Piano, clubs, volunteering and occupation during interview",15-Nov-23,22-Feb-24,,Canada,Canada,Ontario,Neither_Quantity9668,,
968,,TAC,Rotman Commerce,University of Toronto,Accepted,92,89,96,,93,,President of a fundraising club,21-Nov-23,22-Feb-24,,Canada,Canada,Ontario,littledino_,,
969,,TAC,Rotman Commerce,University of Toronto,Accepted,85,89.8,,,89.1,,talked about my practical activity in a bank in the online interview essay and some other small business practices (working as an employee).,24-Dec-23,19-Mar-24,no,China,Canada,Ontario,u/Jolly-Outside-5566,,"I got 93 in ESL D in grade 9, but 79 in Grade 11 ENG, and still studying for grade 12 calc and eng this semester. not sure which english they are considering"
970,,TAC,Rotman Commerce,University of Toronto,Accepted,90,92,94,,92,,"Some leadership experiences, music ensemble",29-Oct-23,19-Mar-24,,South Korea,Canada,Ontario,-,,
971,,TAC,Rotman Commerce,University of Toronto,Accepted,95,94,95,,94,,,,22-Feb-24,,Canada,Canada,Ontario,no account,,
972,,TAC,Rotman Commerce,University of Toronto,Accepted,95.5,94.6,94,,94-96,,,05-Jan-24,22-Feb-24,,Canada,Canada,Ontario,na,,
973,,TAC,Rotman Commerce,University of Toronto,Accepted,91.5,94.8,94,95,95.3,IELTS 8.0 Literacy 12: 4 Numeracy 10: 4,"A bunch of volunteering activities, Wharton investment competition, contribution for Business events, Personal e-commerce Business, Part time job etc.",26-Nov-23,19-Mar-24,N/A,China,Canada,British Columbia,RaeFarro,,
974,,TAC,Rotman Commerce,University of Toronto,Accepted,90,95,96.5,96.5,96,SAT: 1550,"4 Sports, 2 OFSA",,21/04/2024,No,India,Canada,Ontario,tourman84,,
975,,TAC,Rotman Commerce,University of Toronto,Accepted,91.6,96.3,96,95,96.3,APCSA: 3 APLang: 4,"Robotics leader. International debate, competing and mentoring.",16-Nov-23,22-Feb-24,I wish,Canada,Canada,Manitoba,Don't use it,-,"First choice on my OUAC was UT ENG, UT Rotman second. All my courses were engineering pre-reqs, surprised they wanted me lol. Interview saved my life, extracurriculars too!"
976,,TAC,Rotman Commerce,University of Toronto,Accepted,97.25,97.25,,,97.83,AP exams (Macro/Micro/Stats/Chem/US Hist./Chinese/Calculus BC): 5/4/3/3/5/5/3; Also attached my transcript for a summer semester I did at UC Berkeley (4.0 GPA),Social justice nonprofit founder + K-pop merch seller. Other than that I don't recall what I put in the interview.,14-Dec-23,22-Feb-24,"Presidential Scholarship: $15,000 (supposedly they give this to 50 people/campus)",Canada,Canada,Ontario,chrisabulium,,
977,,TAC,Rotman Commerce,University of Toronto,Accepted,99.25,98.75,98,,99.4,,"nope, but i did a lot of practice for the supplemental",27-Oct-23,22-Feb-24,"$10,000 ",Canada,Canada,Ontario,i honestly don’t have one,don’t have one either,good luck to everyone!
978,,TAC,Rotman Commerce,University of Toronto,Accepted,94,94,,,95.5,,,16-Nov-23,22-Feb-24,nope wtf,Canada,Canada,Ontario,Numerous-Nature3360,,
979,,TAC,Rotman Commerce,University of Toronto,Accepted,96,96,96,,97,,,21-Dec-23,22-Feb-24,,Canada,Canada,Ontario,Unusual-Ad5658,,
980,,TAC,Rotman Commerce - St. George Campus,University of Toronto,Accepted,94.5,91,,,92.8,,"Club co-prez, exec of another club, non-profit volunteer",30-Oct-23,22-Feb-24,,Canada,Canada,Ontario,-,,
981,,TAC,Rotman Commerce - St. George Campus,University of Toronto,Accepted,92,94,95,,94,,,15-Dec-23,19-Mar-24,,Canada,Canada,Ontario,Smart-Stay2463,,
982,,TAC,Rotman Commerce - St. George Campus,University of Toronto,Accepted,97.2,99.3,98,,99.3,5s on 7 AP exams; 1570+ SAT,Ft. in news; arts + writing publication with several unis and lit mags; advisory council for local MPP,07-Jan-24,22-Feb-24,"$10,000 UofT Scholar",Internaitonal,Canada,Ontario,ShiftTeam558,N/A,
983,,TAC,Rotman UofT,University of Toronto,Accepted,96,95.3333,95,,95.3333,,"President of school club, started own business.",10-Dec-23,22-Feb-24,,Canada,Canada,Ontario,Ambitious-Tomatillo1,,
984,,TAD,Computer Science - St. George Campus,University of Toronto,Accepted,94,95.83,96.67,,95.5,"AP Calc BC, E&M, Mech: 5","ccc sr top 100, club presidents, senior home volunteer, leader & silver on CaYPT",,20/03/2024,nuh uh,Canada,Canada,,u/Significant-Web-5998,,lol we ball
985,,TAD,Computer Science - St. George Campus,University of Toronto,Accepted,99,99.2,98,99.2,99.2,,"software internships, strong leadership, music, hackathon awards, robotics",02/11/2023,19/02/2023,"$10,000 scholarship",Canada,Canada,Ontario,dor_roh,dor6,"10k scholarship. Only interested in AI, so changed my decision: will be doing UTSG CS (not uw engineering). Super excited!"
986,,TAH,Humanities,University of Toronto,Accepted,92.8,95.6,96,,95.6,,nope,03-Dec-23,17-Feb-24,"Yes, 3000 from innis college",Canada,Canada,Ontario,N/A,,
987,,TAH,Humanities,University of Toronto,Accepted,94,95,95,,96,will submit AP bio and AP lit,didnt have a supp app,24-Nov-23,22-Feb-24,"UofT scholars award ($10,000)",Canada,Canada,Ontario,-,,
988,,TAH,Humanity,University of Toronto,Accepted,86,91,,,91,,,04-Nov-23,22-Feb-24,,Canada PR,Canada,Ontario,Don't have reddit,Don't have discord,
989,,TAH,University of Toronto - Humanities (Arts) - St. George Campus,University of Toronto,Accepted,84,84,,,91,,,13-Nov-23,22-Feb-24,,Canada,Canada,Ontario,-,,
990,,TAX,Social Science,University of Toronto,Accepted,91,93,93,,93,,,20-Dec-23,24-Feb-24,,Canada,Canada,Ontario,idk,,
991,,TAX,Social Sciences,University of Toronto,Accepted,88,89,90,,92,,,23-Oct-23,22 Feb 0024,,Canada,Canada,Ontario,u/whoistech4,funwithtech,
992,,TAX,Social Sciences,University of Toronto,Accepted,91.86,93,,,92.666,,,27-Oct-23,22-Feb-24,"$3,000 ",Canada,Canada,Ontario,N/A,,
993,,TAX,Social Sciences - St. George Campus,University of Toronto,Accepted,84.6,92.5,93,,"90, 91, 92, 97",,No,09-Nov-23,22-Feb-24,No,Canada,Canada,Ontario,chillygoose_,soapapplemush,
994,,TAX,Social Sciences - St. George Campus,University of Toronto,Accepted,97.5,96.25,,,97,,,30-Sep-23,22-Feb-24,$10k UofT Scholars Award,Canada,Canada,Ontario,AssistantNo2269,,
995,,TAX,Social Sciences - UTSG (Trinity College),University of Toronto,Accepted,96,95,98,,94,IB (37/45),,21-Oct-24,22-Feb-24,"UofT Scholars Award (10,000) + Trinity College",Canada,Canada,Ontario,u/raynbows13,,
996,,TAX,University of Toronto - Social Sciences - St. George Campus,University of Toronto,Accepted,70,84.6,88,88,84.6,No,"Law society chairman, Student parliament rep and Football team captain",11-Oct-23,19-Mar-24,NO,Canada,Canada,Ontario,lck33,nah lol,neva give up hooiyyaaaa
997,,TAX,University of Toronto - Social Sciences - St. George Campus,University of Toronto,Accepted,90,91,90,,92,,,,22-Feb-24,,Canada,Canada,Ontario,u/ashitstainisyou,,
998,,TB,Chemical Engineering,University of Toronto,Accepted,94.3,96,,,96,,Competitve dancer since 6 years old,12-Nov-23,14-Mar-24,2000,Canada,Canada,Ontario,milkyogurtei,,
999,,TB,Chemical Engineering,University of Toronto,Accepted,0,0,,12.5,93.5,,nothing extrememe,15-Jan-24,18-Apr-24,No,St. Lucia,Canada,Ontario,niandora,,"I didn't do Grade 11 in Canada, I completed my schooling in the Caribbean and did only Grade 12 courses in Canada."
1000,,TB,Chemical engineering (PEY coop option),University of Toronto,Accepted,92.75,92.57,,,93.6,,founder/execs of a couple clubs and a couple other volunteering stuff,07-Nov-23,13-Mar-24,no,Canada,Canada,Ontario,na,,
1001,,TB,University of Toronto - Chemical Engineering (including PEY Co-op option) - St. George Campus,University of Toronto,Accepted,95,93,,97,93 (they did not see semester 1 finals),SAT score: 1530,Student council,01-Dec-23,08-Feb-24,$5000 (renewable),Canada,Canada,Ontario,Sufficient_Isopod_51,potatomanv20212,
,,,,,,,,,,,,Started non-profit,,,,,,,,,
1002,,TCS,Computer Engineering,University of Toronto,Accepted,96,96,97,,96,,,28-Dec-23,14-Mar-24,$2000 for Academic Merit,Canada,Canada,Ontario,Chris11011011,,
1003,,TCS,Computer Engineering (including PEY Co-op option),University of Toronto,Accepted,96.83,96.67,,,97,,"FRC Team Programming Lead, software contracting business, online ticketing system for my school, and a bunch of random other stuff",,13/03/2024,,Canada,Canada,Ontario,Neat-Wishbone-5038,,
1004,,TCS,Computer Engineering UTSG (PEY),University of Toronto,Accepted,97.67,99.75,99.5,,98.5,Honour roll on 3 Waterloo math contests,"5 music ensembles, and some other insignificant clubs",30-Nov-23,07-Feb-24,$10k entrance,Canada,Canada,Ontario,StupidRat274,scauper,
1005,,TCS,Computer Engineering with PEY,University of Toronto,Accepted,94,97.6,96,,97.5,N/A,Research/Leadership positions,14-Jan-24,15-Mar-24,5000,Canada,Canada,Ontario,Quick-Shoe-3471,,
1006,,TE,Electrical Engineering,University of Toronto,Accepted,96.3,97,97,,97,ap calc 5/5,"robotics, school clubs",15-Dec-23,08-Feb-24,2000,Canada,Canada,Ontario,/..,,
1007,,TE,Electrical Engineering (PEY Co-op),University of Toronto,Accepted,94.8,97.6,,,97.6,"AP Calc 5, AP Micro & AP Macro 4","2x School Athlete of the Year, Engineering Club Exec, Air Cadets FSgt, Engineering camp volunteer, Coding projects, Elected student gov member",01-Dec-23,27-Feb-24,5k,Canada,Canada,British Columbia,Zealousideal_Might31,,
1008,,TEO,TrackOne Engineering,University of Toronto,Accepted,96.5,95,,,95,,"Imo, really good ecs and well written ec, employment, awards list + good interview, probably carried me",29-Nov-23,08-Feb-24,,Canada,Canada,Ontario,u/yeeeeeeeeeeteeeeeee,,
1009,,TEO,TrackOne Engineering (with PEY Co-op),University of Toronto,Accepted,96,96,97,97,97,,"Lifeguarding, business co-op/SHSM",29-Nov-23,08-Feb-24,,Canada,Canada,Ontario,u/DaSavageNoob,,
1010,,TEO,"TrackOne, Undeclared Engineering",University of Toronto,Accepted,96.5,97,,,96.6,,"president of 2 clubs, exec of 3, 350+ volunteer hours, part-time job, and sports team",26-Oct-23,13-Mar-24,5k,Canada,Canada,Ontario,Frosty-Ad-1716,xera_phix,daebak
1011,,TEO,"TrackOne, Undeclared Engineering",University of Toronto,Accepted,98,98,,,98.4,,,,13-Mar-24,3k,Canada,Canada,Ontario,n/a,,
1012,,TEO,"TrackOne, Undeclared Engineering (including PEY Co-op option)",University of Toronto,Accepted,98.3,98,98,,97.6,,,15/12/2023,10/05/2024,$5000 faculty scholarship,Canada,Canada,British Columbia,N/A,,"Originally applied to engsci, changed choices on uoft eng portal"
1013,,TK,Engineering Science,University of Toronto,Accepted,95.6,97.5,,97.2,96.3,,N/A,24-Nov-23,13-Mar-24,"$3,000 ",China,Canada,Ontario,bbnezzy,,was on the verge of tears
1014,,TK,Engineering Science,University of Toronto,Accepted,96.25,94.5,,,94.75,,-FRC,01-Dec-24,01-Mar-24,2 K,Canada,Canada,Ontario,N/A,,
1015,,TK,Engineering Science,University of Toronto,Accepted,97,98,,,98,Will be doing a couple AP exams this May,,30-Nov-23,08-Feb-24,10k Scholarship,Canada,Canada,Ontario,n/a sorry o-o,,stay safe out there y’all
1016,,TK,Engineering Science (Co-op),University of Toronto,Accepted,97,96.25,98,,97.6,"Acheived IB Level 7 in SL Physics, SL AA Math, Predicted IB Level 7 in HL Lang and Lit, HL Economics, IB Level 6 in SL French B, HL Chemistry.","Founded educational non-profit, raised 10k, reached 1000 students.",01-Dec-23,13-Mar-24,$5000 in the letter.,Canada,Canada,Ontario,Sprinkles_Content,aarkha,
1017,,TK,Engineering Science (including PEY Co-op option),University of Toronto,Accepted,98,97.5,98,,97 (5 courses),,,15-Jan-24,13-Mar-24,$10000 Dean's Merit Award,Canada,Canada,Ontario,user937275,,
1018,,TK,Engineering Science (including PEY Co-op option) - St. George Campus (Aerospace (co-op optional)),University of Toronto,Accepted,98.375,99.375,99,,99.2,Canadian Senior Mathematics Contest: 48/60. Canadian Open Mathematics Challenge: 47/80. Canadian Computing Competition: 31/60,Piano teacher since May 2023.,01/12/2023,13/03/2024,"$10,000 ",Canada,Canada,Ontario,"I don't have a Reddit account, but I have a Discord account",df17_express_,Sorry for the lack of Reddit account!
1019,,TK,Engineering Science (PEY Co-op),University of Toronto,Accepted,97,97.75,,98.5,98.5,,"deca, mun, prom, physics club exec / shad",15-Jan-24,13-Mar-24,$10000 U of T Scholar,Canada,Canada,Ontario,polarbearinthesnow,,
1020,,TK,Engineering Science with PEY Co-op,University of Toronto,Accepted,96.2,97.25,,,96.83,IB Predicted: 44/45,"DECA Executive (3 years), Volunteer Organizer of ESL tutoring program, Part-time clerk at a grocery store, Law Society club member.",01-Dec-23,08-Feb-24,No,Canada,Canada,Ontario,don't have one sorry,N/A,
1021,,TK,Engineering Science (including PEY Co-op option) - St. George Campus,University of Toronto,Accepted,99.2,98.6,98.2,,99.3,,Worked almost 30hrs a week/ Physics Club President/ Captain of Varsity Cricket in Grade 10,30-Nov-23,27-Feb-24,Don't know,Canada,Canada,British Columbia,u/panthpatel_,panthpatel_,My Interview was trash but grades carried
1022,,TLG,"Life Sciences (including Psychology), St. George.",University of Toronto,Accepted,92,91,91,,91,,,01/01/2024,22/02/2024,No.,Canada,Canada,Ontario,Sad_Mission_6757,Do not have discord.,No.
1023,,TM,Mechanical Engineering (including PEY Co-op option),University of Toronto,Accepted,98,93,90,,95 (?),No,"Clubs and extracurriculars from school over 2 years, no engineering related ec's though",31-Oct-23,12-Mar-24,None :(,Canada and Vietnam,Canada,New Brunswick,vincent_ngu,No discord but I got insta: vince.nguyen6 and snap: vinny.nguyen,Feel free to dm me if you got any questions 🙏
1024,,TME,"Commerce (including Accounting, Finance, Marketing)",University of Toronto,Accepted,87.8,88.2,87,,89.6,,,21-Dec-23,25-Jan-24,no,Canada,Canada,Ontario,u/Rainman1364,I dont have discord,"as a clarification, this is for UTM, not Rotman"
1025,,TMS,Mississauga Social Sciences (Economics and Political Science),University of Toronto,Accepted,97.25,97.25,,,97.67,AP exams (Macro/Micro/Stats/Chem/US Hist./Chinese/Calculus BC): 5/4/3/3/5/5/3,,26-Oct-23,25-Jan-24,"Presidential Scholarship: $15,000 (supposedly they give this to 50 people/campus)",Canada,Canada,Ontario,chrisabulium,,
,,,,,,,,,,,,,,,"Entrance scholarship: $3000/year, renewable for 4 years.",,,,,,
1026,,TMZ,Computer Science,University of Toronto,Accepted,94.3,96,95.5,,96,No,No,16-Dec-23,16-Jan-24,3K$ scholarship renewable.,Canada,Canada,Ontario,Agent_Sixt6,six_of_hearts,"Believe yourself, if you don't, you can't win."
1027,,TMZ,Computer Science SG,University of Toronto,Accepted,99.7,100,100,,100,,Flowboat and Science Fairs,30-Dec-23,22-Feb-24,"15,000 President's Scholarship",Canada,Canada,Ontario,theDON,,
1028,,TMZ,"Computer Science, Mathematics & Statistics",University of Toronto,Accepted,95,91.5,,,94%?,,,23-Oct-23,22-Feb-24,"$3,000 ",Canada,Canada,Ontario,N/A,,UTM
1029,,TMZ,"Computer Science, Mathematics & Statistics",University of Toronto,Accepted,94.7,93,,,93.7,no,no,14-Nov-23,22-Feb-24,3k scholarship,Vietnam,Canada,Ontario,inuryu,,
1030,,TMZ,"Computer Science, Mathematics, and Statistics",University of Toronto,Accepted,95.5,94,94,,97.2,,,25-Nov-23,25-Jan-24,"$22,000 ",Canada,Canada,Ontario,Tricky-Eggplant-8467,,
1031,,TMZ,"Studies in Computer Science, Mathematics and Statistics",University of Toronto,Accepted,94,93,,,93,,,29-Oct-23,22-Feb-24,$3000 non renewable entrance scholarship,Canada,Canada,Ontario,justsomeonestressed,,
1032,,TMZ,"Computer Science, Mathematics & Statistics",University of Toronto Mississauga,Accepted,89,95.5,94.83,,95,,,22-Nov-23,22-Feb-24,"Yes, $3000 renewable",Canada,Canada,Ontario,AnousAlma,anousalma,
1033,,TOOLAZY,Computer Science (Co-op),33,Accepted,0,0,0,,0,,,23/05/2024,07/05/2024,,Canada,Canada,,NOTREALUSER,,
1034,,TPG,Physical & Mathematical Sciences,University of Toronto,Accepted,95,97,,,98,,,22-Sep-23,22-Feb-24,$10 000 Scholarship for 1st Year - UofT Scholar,Canada,Canada,Ontario,[edited out],,"please do not publish reddit username, for privacy reasons"
1035,,TPG,Physical & Mathematical Sciences,University of Toronto,Accepted,93.5,91,,,90.5,,,,22-Feb-24,,Canada,Canada,Ontario,no!,,
1036,,TPG,Physical & Mathematical Sciences,University of Toronto,Accepted,80,91,92,,92,"IB Bio SL, Math AA HL, Chem HL, Physics HL",School ECs only (clubs etc.),01/11/2023,19/03/2024,No,Canada,Canada,Alberta,Remarkable-Comfort38,,
1037,,TPG,Physical & Mathematical Sciences,University of Toronto,Accepted,93,100,100,,100,1560 SAT,,,22-Feb-24,International Scholar Award,USA,USA,,chocool6,,
1038,,TPG,Physical and Mathematical Sciences,University of Toronto,Accepted,92,95,92,92,92,,,,19-Mar-24,No,Canada,Canada,Ontario,None,,
1039,,TPG,Physical and mathematical sciences (UTSG),University of Toronto,Accepted,92.57,92.75,,93.5,94.3,,,04-Nov-23,22-Feb-24,,Canada,Canada,Ontario,na,,
1040,,TPG,Studies in Mathematical and Physical Sciences,University of Toronto,Accepted,97.125,96.33,95,,97,,,13-Nov-23,22-Feb-24,"3,000",Canada,Canada,Ontario,-,,
1041,,TPG,University of Toronto - Physical & Mathematical Sciences - St. George Campus,University of Toronto,Accepted,94.7,93,,,93.7,no,there is no supp app,14-Nov-23,22-Feb-24,100K intl aid,Vietnam,Canada,Ontario,inuryu,,"I can't believe this is real, this is my first choice."
1042,,TPG,University of Toronto - Physical & Mathematical Sciences - St. George Campus,University of Toronto,Accepted,99,98.6,98,,99,,,03-Nov-23,22-Feb-24,"$15,000 first year",Canada,Canada,Ontario,Thin_Literature_2892,,
1043,,TPG,Mathematical and Physical Sciences,University of Toronto,Accepted,94,94,94,,94,,,15-Jan-24,22-Feb-22,,Canada,Canada,Ontario,Helpful-Bad9082,,
1044,,TPK,Kinesiology & Physical Education,University of Toronto,Accepted,90,93,94,94,93,,,01-Nov-23,22-Feb-24,,Canada,Canada,Ontario,Yoomiex,,
1045,,TPK,Kinesiology,University of Toronto,Accepted,82.25,83,,86,87,,,,15/03/2024,,Canada,Canada,Ontario,Uniquestionss,,
1046,,TPK,Kinesiology,University of Toronto,Accepted,89,89,89,,89,,,,18-Mar-24,,Canada,Canada,Ontario,Beneficial-Stuff-929,,
1047,,TPK,Kinesiology & Physical Education (BKin) - St. George Campus,University of Toronto,Accepted,86,91,88,,87,No,I play high level soccer,19-Dec-23,19-Mar-24,No,Canada,Canada,Ontario,F1EZ,,
1048,,TPK,Kinesiology and Physical Education,University of Toronto,Accepted,85,85,85,,85,,STEM Co-Founder,17-Nov-23,15-Apr-24,,Canada,Canada,Ontario,luvwoc,,YESSSS
1049,,TSI,Paramedicine,University of Toronto,Accepted,91.83,93,,91.8,91.8,,,12-Nov-23,22-Feb-24,"$1,500 ",Canada,Canada,Ontario,I can’t see my username because I’m in this form. Don’t want to lose progress.,,
1050,,TSM,Management (BBA) (co-op and regular),University of Toronto,Accepted,94,94,,,95.5,,,16-Nov-23,22-Feb-24,3k per year renewable with 3.7 GPA,Canada,Canada,Ontario,Numerous-Nature3360,,did the supp app the week of Dec 15
1051,,TSM,Co-op Management (BBA),University of Toronto,Accepted,85,91,93,,92,,,01-Feb-24,22-Feb-24,"$1,500 ",Canada,Canada,Ontario,owofelix,,happy!
1052,,TSM,Co-op Management BBA,University of Toronto,Accepted,88,94,95,,94.5,,,13-Dec-23,15-Apr-24,"$2,000 ",Canada,Canada,Ontario,No-Cap-3393,,
1053,,TTM,Materials Engineering PEY COOP,University of Toronto,Accepted,90,95,93,93,95,"APCSA 3, AP lang 4",Robotics and debate (national and internationally),08/11/2023,30/04/2024,I wish,Canada,Canada,Manitoba,-,-,"Believe in yourself guys, I though my math marks were bad but they must really care about the overall application. Committed!"
1054,,TV,"Civil Engineering, Co- op, St. George",University of Toronto,Accepted,96,92,93,,93,,"president of multiple clubs, peer tutoring, DECA, softball",03-Nov-23,08-Feb-24,,Canada,Canada,Ontario,u/Specialist_Parking19,,
1055,,TXB,Management and International Business (Co-op),University of Toronto,Accepted,96.5,97.5,96,,97.5,,,05-Dec-23,15-Apr-24,UofT scholar: 10k scholarship,Canada,Canada,Ontario,Not sure atm,,
1056,,TXB,UTSC Co-op Management and International Business Honour,University of Toronto,Accepted,91.8,94.8,94,94,95.3,ilets final score:8.0 Literacy 12: 4 Numeracy 10:4,"A bunch of volunteering activities, Wharton investment competition, contribution for Business events, Personal e-commerce Business, Part time job etc.",30-Nov-23,25-Jan-24,2.5k,China,Canada,British Columbia,RaeFarro,N/A,
1057,,TXC,Co-Op Computer Science UTSC,University of Toronto,Accepted,88,98,97.5,,98,No,,01-Dec-24,19-Mar-24,"10k first year, 3k (conditionally) renewable for years 2, 3, 4",Canada,Canada,Ontario,Don't remember,,
1058,,TXC,Computer Science (co-op and regular),University of Toronto,Accepted,95.5,97.33333,,,96.833333,,,10-Oct-23,19-Mar-24,$10000 + $3000,Canada,Canada,Ontario,_RasenShuriken-,,Got into UTSG at the same time with same marks
1059,,TXC,Computer Science (co-op and regular),University of Toronto,Accepted,95.5,97.5,97,,97.5,"AP calculus BC, with a score of 5/5.",,13-Dec-23,19-Mar-24,Unwilling to share,Canada,Canada,Ontario,Cuppor,,
1060,,TXQ,Double Degree: BBA (Management & Finance) and BSc (Statistics - Quantitative Finance) (co-op and regular) - U of T Scarborough,University of Toronto,Accepted,97,98,98,,98,Waterloo Math Contests (Usually top 5-10%),"TDSAA City Champion and captain of Curling team. DECA provincial champion + ICDC Competitor, president of some clubs and multiple sports and extra academics.",16-Oct-23,25-Jan-24,UTSC Scholars Award (10k) + 3k annually,Canada,Canada,Ontario,Asian_JIM8,jamesb0632,
1061,,TXS,Co-op Mathematics,University of Toronto,Accepted,90,91,93,,92,,Research Club Editor-in-Chief,18-Nov-23,05-Jan-24,$1500 admission scholarship,Canada,Canada,Ontario,RogerThat_22,,
1062,,UAI,Arts Degree (BA) and Master's Degree (MBA) - Global Studies,Wilfrid Laurier University,Accepted,92,93,,94.83,94.83,,,05-Nov-23,07-Mar-24,,Canada,Canada,Ontario,N/A,,
1063,,UB,Business Administration (BBA),Wilfrid Laurier University,Accepted,82,89.6,,,89.6,,,,29/04/2024,,Canada,Canada,Ontario,Takojaki,,No ABS submitted
1064,,UB,Business Administration (BBA),Wilfrid Laurier University,Accepted,89.6,92.6,93,,93,,,10-Nov-23,14-Oct-23,3000,Canada,Canada,Ontario,devli123,,
1065,,UB,"Business Administration (BBA), Waterloo Campus",Wilfrid Laurier University,Accepted,89,88,,,88,,,,10-Feb-24,,Canada,Canada,Ontario,simforuni,,
1066,,UCN,Computer Science (Milton BSc),Wilfrid Laurier University,Accepted,86.625,89.25,92,,86.625,n/a,part of grade 12 leadership club; did similar leadership clubs in grade 11,14-Oct-23,19-Oct-23,"$2,500 entrance scholarship + $5,000 donor funded scholarship (split into 4 years, $1,250/year)",Canada,Canada,Ontario,n/a,n/a,got accepted a bit too quick
1067,,UDA,Laurier BBA (co-op),Wilfrid Laurier University,Accepted,83,88.5,93,,88.5,,,25-Oct-23,13-Dec-23,,Canada,Canada,Ontario,Ok-Elephant-689,,
1068,,UKL,"Wilfrid Laurier University - Communication Studies (BA), Waterloo Campus",Wilfrid Laurier University,Accepted,67,70,75,,not sure,,100+ hours of volunteer,14-Nov-23,18-Nov-23,,Canada,Canada,Ontario,sorry i dont have reddit,,"Communication studies is the ""easiest"" bsuiness major to get into thats the only reason i applied to it."
1069,,UMN,Computer Science (BSc) with Management Option,Wilfrid Laurier University,Accepted,86,92,93,,91,,,26-Nov-23,15-Dec-23,3000$ renewable,Canada,Canada,Ontario,none,,havent been accepted to any other cs programs yet
1070,,UMT,Health Science Co-op,University Of Waterloo,Accepted,88,92,91,,92,,n/a didn't fill out air,06/11/2023,06/04/2023,$2000 president's scholarship,Canada,Canada,Ontario,n/a,,
1071,,USH,"Health Sciences (BSc), Waterloo Campus",Wilfrid Laurier University,Accepted,56,83,83,,86,Nope,"Yes, my father passed away and my grade tanked so I filled a special circumstances form in.",10-Oct-23,24-Feb-24,No,Canada,Canada,Ontario,SpicyNutella17,,
1072,,UWB,Business Administration (BBA) and Computer Science (BCS) at University of Waterloo Double Degree,Wilfrid Laurier University,Accepted,96.5,97,,,97.33,,"president of 2 clubs, exec of 3, 350+ volunteer hours, part-time job, internship, and sports team",26/10/2023,08/05/2024,President’s Gold Scholarship - 4k per year renewable over 5 years,Canada,Canada,Ontario,Frosty-Ad-1716,xera_phix,
1073,,UWW,Business Administration (BBA) and Mathematics (BMath) at University of Waterloo Double Degree,Wilfrid Laurier University,Accepted,96.5,97,,,97.33,,,26/10/2023,09/05/2024,President’s Gold Scholarship - 4k per year renewable over 5 years,Canada,Canada,Ontario,Frosty-Ad-1716,xera_phix,
1074,,WAB,Honours Arts and Business CO-OP,University Of Waterloo,Accepted,86.5,83,88,,86,,2 jobs and multiple exec positions,01-Sep-23,27-Feb-24,$500 ,Canada,Canada,Ontario,None,None,None
1075,,WBC,University of Waterloo - Business Administration (Laurier) and Computer Science (Waterloo) Double Degree (Co-op only),University Of Waterloo,Accepted,89,90,90,,90,No contest written; int'l,check out the FARM offer with 90 average previously to see :),15-Nov-23,31-Mar-24,No released yet,Caribbean,Caribbean,,check discord username,bye_dreams,no idea how I am in already lmao
1076,,WBM,Biomedical Engineering (Co-op only),University Of Waterloo,Accepted,97.29,98.67,96.67,96.67,97.83,NA,"National level sports, RCM Level 10, started a charity",07-Nov-23,12-Mar-24,,Canada,Canada,Ontario,ijusthadicecream,,
1077,,WBM,Biomedical Engineering (Co-op only),University Of Waterloo,Accepted,96.125,95.5,95.333,,95.5,,"RCM Level 8, Vice President of Y2Y",17-Oct-23,12-Mar-24,"$2,000 ",Canada,Canada,Ontario,MoreDuckies,,
1078,,WBM,Biomedical Engineering (Co-op only),University Of Waterloo,Accepted,98.8,99.3,99.3,,99.3,Duolingo english exam,,,13-Mar-24,,Canada,Canada,Ontario,Realistic_Plankton65,,
1079,,WC,Chemical Eng + Co-op,University Of Waterloo,Accepted,90,91,90,,92,N/A,Volunteered @ a old folks center for veterans,01/11/2023,19/04/2024,Not yet :( (most likely admission average tho),Canada,Canada,Ontario,DueButterscotch,Sandbox,"Go to a non semestered school, had all my grades in for all my prereqs by first report card"
,,,,,,,,,,,,Part time job for 14 months,,,,,,,,,
,,,,,,,,,,,,Executive of school club,,,,,,,,,
,,,,,,,,,,,,LINK,,,,,,,,,
,,,,,,,,,,,,Chapter President for student run charity,,,,,,,,,
1080,,WCF,Computing and Financial,University Of Waterloo,Accepted,90.4,97.33,,,97.33,CSMC: 31 school champion,"I had a 97.33. In terms of my aif i was acc quite unique because I had to move to a new city in 912. At my old school I was robotics pres, and cto of a club. I was also on the cricket team. In my new school, I was cs club pres, started a finance club and was math club exec. I was also csmc school champion. I held a job with the city of toornto as a sports organizer over the summer before I moved.",,07/05/2024,Presidents scholariphop of distnction,Canada,Canada,Ontario,Oddimpacg,Nointro_25,
,,,,,,,,,,,,My friend and I also created a nonprofit finance club with over 3K readers. I talked about how despite moving I was motivated and continued to grow within the school. Def think my aif differentiated me a lot.,,,,,,,,,
1081,,WCF,"Computing and Financial Management, Honours, Co-operative Program",University Of Waterloo,Accepted,98.3,98.8,,,98.83,"financial literacy contest, ccc, waterloo math contests","software internship, theatre, robotics, ecommerce business, 160 hrs community service",29/09/2023,07/05/2024,president's scholarship,Canada,Canada,Ontario,n/a,,
1082,,WCF,University of Waterloo - Computing and Financial Management (Co-op only),University Of Waterloo,Accepted,89,90,90,,90,No contests; int'l,Check FARM offer with 90 avg previously to see :),15-Nov-23,31-Mar-24,Not released yet,Caribbean,Caribbean,,check Discord username,bye_dreams,"committing to CFM, dm if you also applying/going to CFM program!"
1083,,WCS,Computer Science Co-op,Toronto Metropolitan University,Accepted,96,96,,,96,,,08-Dec-23,23-Feb-24,not released yet,Canada,Canada,Ontario,okayandidievenask,,
1084,,WCS,Computer Science,University Of Waterloo,Accepted,97.5,97.7,,,98.7,IELTS,,22/11/2023,07/05/2024,,Canada,Canada,Ontario,u/No-Produce-7179,,
1085,,WCS,Computer Science,University Of Waterloo,Accepted,96.2,98.5,98.5,,98.5,,"VP of student council,",,10/05/2024,,Canada,Canada,Ontario,Jealous-Mulberry-180,,
1086,,WCS,Computer Science (Co-op),University Of Waterloo,Accepted,98,97.5,98,,98,"60 (Gr11) and 64 (Gr12) Euclid, 37 CSMC, 30 (Gr11) and 34 (Gr12) CCC, 118 Fermat, USACO Silver (full points; advances you immediately), 37.5 Avogadro (this got me a top 200 plaque)","Led model UN club and attended MUN conferences (honourable NHSMUN 2024/SSUNS 2023, outstanding SSUNS 2024, best OMUN 2023/MACMUN 2023; international attendance to THIMUN, which doesn't have awards; NHSMUN is international and rest are Canadian). Grew from about 6 to 15 members.",14/01/2024,08/05/2024,Only academic scholarship conditional on grades (President's Scholarship of Distinction),Canada,Canada,Ontario,u/fascistp0tato,ideologue,"My school was exceptionally small, around 350 people, so leadership wasn't particularly competitive per se. (I'd like to think I did an alright job regardless... :P)"
,,,,,,,,,,,,,,,,,,,,,
,,,,,,,,,,,,"Led design of teaching for debate club (peaked at 6th place speaker in CSDF Ontario provincials, won/2nd place in CSDF regionals for both BP and CP each of 4 years). Grew from about 7 to 20 members.",,,,,,,,,"I took the full IB diploma (HL AA Math, HL Chemistry, HL English Lang/Lit, SL Physics, SL Economics, SL French B)."
,,,,,,,,,,,,,,,,,,,,,
,,,,,,,,,,,,"Led trivia club (reach for the top regionals winner for 3 consecutive yrs, provincials placed 17th and 9th, junior didn't have provincials on the year of our first win; 4th place consensus trivia). Grew from just my team (4 people lol) to 16 members. I love this club to death.",,,,,,,,,"My writing is probably quite strong compared to the field (English was my best subject & I plan to take a philosophy minor, and I'm a CS applicant). This likely helped with paragraphs."
,,,,,,,,,,,,,,,,,,,,,
,,,,,,,,,,,,SHAD Canada (best prototype) and TKS. Taught debate at a summer camp and cleaned windows for some extra money.,,,,,,,,,
,,,,,,,,,,,,,,,,,,,,,
,,,,,,,,,,,,"Volunteered at a local election advocacy group, since our city council was pulling some shady stuff with corrupt land developers. Voter turnout spiked and our government changed. I worked mostly on developing voting profiles from combing through council meetings to figure out how councillors voted. Organized a few environmental cleanup initiatives with some friends/friends of friends, which were mostly just 8 or so kids cleaning trash out of the moraine.",,,,,,,,,
,,,,,,,,,,,,,,,,,,,,,
,,,,,,,,,,,,"Coding on the side (lots of simulations and some dabbling in AI systems, sometimes these two overlapped). All for fun/experimentation, nothing practical beyond a few odd websites for cash.",,,,,,,,,
,,,,,,,,,,,,,,,,,,,,,
,,,,,,,,,,,,"I do a worldbuilding project in my spare time; it's my creative outlet for my writing where I use software to simulate climate and try to create a ground-up, hard sci-fi world. There are sentient webs of tiny robots that try to bypass entropy. It's fun times.",,,,,,,,,
,,,,,,,,,,,,,,,,,,,,,
,,,,,,,,,,,,"Brazilian jiu-jitsu and rock climbing, neither competitively.",,,,,,,,,
1087,,WCS,Computer Science (Co-op),University Of Waterloo,Accepted,95.33,97.5,97.5,,97.5,,"Hackathon cofounder + copresident, non profit cofounder, Waterloo EV challenge programming lead, AI dev intern, FRC programmer, exec of a few school clubs",15/11/2023,07/05/2024,,Canada,Canada,Ontario,humourless9,,
1088,,WCS,Computer Science Honours Coop,University Of Waterloo,Accepted,94,96,,,97,"ap csa 5, ap calc bc 5",,01-Nov-23,13-Mar-24,merit $2000 plus $3000 non first-year,Canada,Canada,British Columbia,Jiggly_Jonny,jigglyjonny,I need roomies for UW. Anybody in cs or similar plz feel free to contact me
1089,,WCS,Computer Science Honours Coop,University Of Waterloo,Accepted,96.7,99.4,99.6,99.5,99.4,,Founder of the OZA group,10/11/2023,06/05/2024,"$10,000 ",Canada,Canada,Ontario,Andrewninja4,muffinzera,"message me ""ozalls"" for full ecs and advice"
1090,,WCS,"Computer Science, Honours (Co-op and Regular)",University Of Waterloo,Accepted,98,93,90,90,93-95 (?),No,Several clubs and extracurriculars from school I did over the last 2 years,31-Oct-23,12-Mar-24,"$2,000 ",Canada and Vietnam,Canada,New Brunswick,vincent-ngu I don't use it alot though,No discord but I got insta: vince.nguyen6 and snap: vinny.nguyen,"It says I also got a conditional admit on quest for mech eng, although I only have the acceptance letter for CS. Goodluck everyone"
1091,,WCS,"Computer Science, Honours, Co-operative Program",University Of Waterloo,Accepted,96.67,99.33,99,,99.33,none,"Competitive Swimmer, 4 club exec positions, RCM piano/history/harmony lvl 10, Tech Camp in Summer, Volunteer Robotics Camp, participated in CCC/Euclid/CSMC but did really bad",23/10/2023,07/05/2024,not yet,Canada,Canada,Ontario,Professional_Tax7078,,
1092,,WCS,Honours Computer Science Co-op,University Of Waterloo,Accepted,96,97.8,,,97.8,,,,07/05/2024,2000 + 1500 Research Scholarship,Canada,Canada,Ontario,Dont have one,sparkwolf,
1093,,WCS,University of Waterloo Computer Science,University Of Waterloo,Accepted,89,94,91,,92,"87 on Euclid 2023, 43 on CCC","2 UofT summer programs, 6 year army cadet, 2000 linkedin connections, robotics team captain and mentor",15-Oct-23,29-Mar-24,"10k citizen of the year, 2000 UW entrance scholarship",Canada,Canada,Ontario,u/SteakAccomplished547,yolobroro,"dm me ""annike"" on discord for full ECS + AIF"
1094,,WCS,Waterloo CS,University Of Waterloo,Accepted,76,89,90,,89,no,"3 hackatons, professional clash of clans player, 30$ in earning all from owning a clan, made a software application for NASA to help with naming new planets,",03/11/2023,23/01/2024,"yes, president scholorship",Canada,chinese,bejing,gamblebubble12,chinesegod34,"too easy, just get in, you are cooked, ff"
1095,,WD,Systems Design Engineering (coop),University Of Waterloo,Accepted,99,98.3,98,,98.3,,"software internships, strong leadership, music",02-Nov-23,12-Mar-24,,Canada,Canada,Ontario,don’t have,dor6,will pick uw syde over uoft st. george cs & ce
1096,,WD,Systems design engineering honours coop,University Of Waterloo,Accepted,96.25,95.16,94,,95.16,Nope,"Shad, internship, youth council, side projects, hackathons, cs club president, exec in a few clubs, mentioned I like art, dhol drumming and biking",10-Jan-24,12-Mar-24,"Nope, no offer letter yet lol",Canada,Canada,Ontario,Ghostu22,Nrana13,I did mention how I have to balance my time with taking care of my mom + low income household but how that only made me a much more resilient student
1097,,WD,"Systems Design Engineering, Honours, Co-operative Program",University Of Waterloo,Accepted,97.5,96.7,,,97.3,,,11-Dec-23,12-Mar-24,,Canada,Canada,Ontario,niconiconii,,
1098,,WD,"Systems Design Engineering, Honours, Co-operative Program",University Of Waterloo,Accepted,92,98,95,,"Done 3/6 with 98% average (Physics, AdvFunc, and elective)",,Lots of band experience at the senior highschool/university level,04-Jan-24,12-Mar-24,Didn't apply yet,Canada,Canada,Ontario,nateDgreat48,,
,,,,,,,,,,,,"Involvement with school councils and clubs (Music council, photography club, swim team)",,,,,,,,,
,,,,,,,,,,,,Piano RCM10 and teaching students at the rcm 8 level,,,,,,,,,
1099,,WE,Civil Engineering,University Of Waterloo,Accepted,94,93.5,92,,92,,,15-Oct-23,19-Apr-24,"2,000",Canada,Canada,Ontario,u/WillumFromCanada,,
1100,,WE,Civil Engineering (Co-op only),University Of Waterloo,Accepted,90,90,92,,90,IELTS - 7.0,Nothing special tbh,15-Feb-24,23-Apr-24,1k,Currently a permanent resident,Canada,Alberta,Humble-Roof1856,,Thank you for doing this!
1101,,WEE,Environmental Engineering Honours Co-op,University Of Waterloo,Accepted,95,95.5,96,,95.5,,"a few ec's including club lead, mentor program, lots of volunteering.",10/12/2023,12/03/2024,2000 scholarship offer,Canada,Canada,Ontario,u/Weak-Management7648,theempireofcartoons,contact me if you're thinking about going to environmental eng
1102,,WEE,"Environmental Engineering, Honours Co-operative Program",University Of Waterloo,Accepted,95,96,97,,97,,"3rd at large international competition, president of a few clubs, community leadership experience",06-Nov-23,12-Mar-24,N/A,Canada,Canada,Ontario,only disc,13taylorswift,
1103,,WEM,Management Engineering,University Of Waterloo,Accepted,92,93.5,94,94,93.5,"5 on AP Calc BC and AP CSA, 4 on AP Chem and AP Physics 1",strong extracurriculars,30-Sep-23,12-Mar-24,no,Canada,Canada,Ontario,greenyoshi0403,lucasliao0403,early admission
1104,,WEM,Management Engineering,University Of Waterloo,Accepted,96.5,97,,,96.83,,"president of 2 clubs, exec of 3, 350+ volunteer hours, part-time job, internship, and sports team",26-Oct-23,12-Mar-24,President’s Scholarship of Distinction (only 2k),Canada,Canada,Ontario,Frosty-Ad-1716,xera_phix,
1105,,WEM,Management Engineering,University Of Waterloo,Accepted,98,99.166,97.66,,98.83,"IB math HL 7, IB physics HL 7, IB Chemistry sl 7, IB English sl 6","A software internship, two leadership postions and a management systems project",29/11/2023,09/05/2024,2k + 1.5k presidents scholar of distiction,Canada,Canada,Ontario,orcant,,"admissions really went up this year, i was not admitted until the final May round."
1106,,WEM,Management Engineering,University Of Waterloo,Accepted,91,95.3,94,,95.3,,"Business Founder, Provincial Level Sports, Web Dev, Graphic Design, Media Marketing",01-Mar-24,12-Mar-24,idk,Canada,Canada,Ontario,impossible-bison-612,,nah
1107,,WEM,Management Engineering (Co-op only),University Of Waterloo,Accepted,96,95,95,,96,No,Not Really just some clubs in the school like robotics club and WiSTEM club,14/01/2024,12/03/2024,No but if i maintain a certain average i get a entrance bursary of like 2k.,Canada,Canada,Ontario,Comfortable_Gur_975,N/A,nope
1108,,WEM,Management Engineering (Co-op only),University Of Waterloo,Accepted,95,95.75,96,,96.5,,,23-Nov-23,12-Mar-24,"$2,000 ",Canada,Canada,Ontario,03en7an,akinobo.,
1109,,WEM,University of Waterloo - Management Engineering (Co-op only),University Of Waterloo,Accepted,89.5,97.3,,93.67,95.2,,Youth Ambassador for Canada with U.S. Department of State,14-Jan-24,12-Mar-24,,Canada,Canada,Ontario,lStormblessedl,,
1110,,WEV,Geography and Aviation,University Of Waterloo,Accepted,89.25,88.5,88,,88.5,,"Avg ECs on aif (tutor, volunteer coach, school dance team)",11/11/2023,06/04/2024,$1000 merit scholarship,Canada,Canada,Ontario,n/a,,
1111,,WEV,Geography and Aviation (Regular only),University Of Waterloo,Accepted,84,88,,,88,,"aif, private pilot license, extensive air cadet leadership, taekwondo",,07/05/2024,,Canada,Canada,Ontario,Adorable_Outcome_419,loomis_.,
1112,,WF,Health Sciences (co-op and regular),University Of Waterloo,Accepted,92.75,92,93,94.25,94.6 (including 2 gr11 marks),,Spent a semester at the Ontario Science Center - idk if they'll read this tho,19-Nov-23,27-Feb-24,$2k entrance,Canada,Canada,Ontario,freddurstsbitch,,"5th choice for program, 4th for uni, still waiting for the rest"
1113,,WF,Health Sciences (Co-op),University Of Waterloo,Accepted,84,92,,93,91.8,,,18/12/2023,07/05/2024,,Canada,Canada,Ontario,underscoredkiwi,,
1114,,WF,Health Sciences (non-specialized) (co-op optional)),University Of Waterloo,Accepted,77.75,94.5,95,,95.25,,,26-Nov-23,29-Jan-24,,Canada,Canada,Ontario,u/iwanttosleep_0,,"for acceptance average I included my semester 1 courses (4 courses, prereqs) because I received the acceptance right after semester 1 ended."
1115,,WF,Health Sciences Co-op,University Of Waterloo,Accepted,92.25,92.17,,,92.17,I didn't do the AIF,,22/11/2023,07/05/2024,,Canada,Canada,Ontario,no thanks,,
1116,,WF,Health Sciences Co-op,University Of Waterloo,Accepted,97,97,95,,97,IELTS 8.0,,10-Dec-23,20-Dec-23,"$2,000 entrance scholarships",South Korea,Canada,British Columbia,u/True_Stop_726,,
1117,,WF,Health Sciences Honours Co-op,University Of Waterloo,Accepted,92,95,95,,95,,,25-Nov-23,27-Feb-24,,Canada,Canada,Ontario,N/A,,
1118,,WF,Honours Health Sciences (Regular),University Of Waterloo,Accepted,88,94,95,,94,,"Founder & Executive of High School Club, Certificate of Distinction in Mathematics, etc.",11-Nov-23,28-Feb-24,They will decide in May,Canada,Canada,Ontario,Fast-Wolf-6978,,
1119,,WK,Kinesiology (Co-op and Regular) (Medical Physiology (co-op optional)),University Of Waterloo,Accepted,77,91,90,,91,n/a,"volleyball team all 4 years, athletic club, honour roll gr9/10, award for gr9 gym course",,03/01/2024,Yes,Canada,Canada,Ontario,I don’t have one,don’t have one,no
1120,,WLS,Computer Science,University Of Waterloo,Accepted,76,16,39,42,28,AP Physics I - 1,"Autism, Trisomy 21",30-Dec-23,30-Mar-24,Full Ride + 20k Stipend,Azerbaijan,Canada,Prince Edward Isalnd,lebronlover24,lebronlover23,
,,,,,,,,,,,AP Human Geography - 2,,,,,,,,,,
,,,,,,,,,,,AP US History - 1,,,,,,,,,,
,,,,,,,,,,,AP Calculus AB - 1,,,,,,,,,,
,,,,,,,,,,,AP Human Lit - 1.5,,,,,,,,,,
,,,,,,,,,,,AP Physics C: Mechanics and E&M - Incomplete,,,,,,,,,,
1121,,WM,Honors Math Co-op,University Of Waterloo,Accepted,94,94.5,,,94.5,,csmc 25%,16-Feb-24,06-Mar-24,2000$,Canada,Canada,Ontario,n/a,,
1122,,WM,Honours Mathematics Co-Op,University Of Waterloo,Accepted,84,92.67,91,,92.67,Euclid 43,CE co-op @ UW,03/01/2024,08/05/2024,"$2,000 ",Canada,Canada,Ontario,N/A,not.alex.,
,,,,,,,,,,,CCC 15,CS co-op @ UW,,,,,,,,,
,,,,,,,,,,,CSMC 28,,,,,,,,,,
1123,,WM,"Honours Mathematics, Co-op",University Of Waterloo,Accepted,93,94.67,,,94.67,,"Deca first place @ regionals, club president, lots of ECs in the arts",,07/05/2024,,Canada,Canada,Ontario,UnlikelyBreak or smth?,,
1124,,WM,"Honours Mathematics, Co-op",University Of Waterloo,Accepted,97,97.75,,98.5,98.5,,"shad,",16-Feb-24,12-Mar-24,$2000 + optional upper year $1500 international/research,Canada,Canada,Ontario,polarbearintehsnow,,
1125,,WM,Mathematics - Honours Co-op,University Of Waterloo,Accepted,95.13,96.8,96,,96.8,Some pretty enh grades on math contests (literally 1 or 2 above the average lol) and a 4 on AP lang & comp,"Honestly I did not have strong ECs (no leadership or anything like that), but I just kinda put down anything and everything I could think of and also leaned into hobbies and passion projects",09-Oct-23,12-Mar-24,Entrance scholarship,Canada,Canada,Ontario,mareeplover333,,
1126,,WM,Mathematics (Co-op and Regular),University Of Waterloo,Accepted,91,91,91,,91,38/45 IB,,,11-Apr-23,,Canada,Canada,British Columbia,u/bluninja1234,0x4132,
1127,,WM,Mathematics (Co-op and Regular),University Of Waterloo,Accepted,88,95.12,95,,95.12,,N/A,11/12/2023,07/05/2024,2k,Canada,Canada,Ontario,,,
1128,,WM,Mathematics (Co-op),University Of Waterloo,Accepted,94,95,95,,98,"AP Calc physics 1 2,stats,chem",a lot of cemc hr,01-Dec-23,26-Jan-24,,Canada,Canada,British Columbia,bobthebuilder,,
1129,,WM,Mathematics Co-op,University Of Waterloo,Accepted,90.9,88,,,91.5,"30/60 CMSC 2023, 30/75 CCC 2024, 67.5/150 AMC 12 A 2023",I help out at a program that teaches kids in grades 7–9 web development.,08/01/2024,07/05/2024,,Canada,Canada,Ontario,Remsol1011,,So happy!
1130,,WM,Mathematics Co-op,University Of Waterloo,Accepted,96,96,94,,96,"Euclid 80, CSMC 36, CCC 31",,,07/05/2024,,Canada,Canada,Ontario,dicceeela,redfish8848,
1131,,WM,Mathematics COOP,University Of Waterloo,Accepted,92.57,92.75,,92.62,93.67,,"Founded a couple school clubs (Sci, stem, eco), a couple volunteering stuff and did a good amount of contests (fermat, cayley, euclid, comc, avogadro)",07/11/2023,07/05/2024,Not yet,Canada,Canada,Ontario,na,,
1132,,WM,Mathematics Honours Co-op,University Of Waterloo,Accepted,94.83,95.5,95.5,,96.5,,"ton of music stuff (bands/ensembles + I composed stuff, piano/theory lessons), and two volunteer positions (for a blues festival and at a retail store), and two jobs: one week of manual labour over a summer + piano accompanist for a choir held in a church",19-Nov-23,12-Mar-24,$2000 President's Scholarship of Distinction (for 95+ average),Canada,Canada,Ontario,greatgiantant,shmelbywaters,also got into Physical Sciences (Physics) at the University of Waterloo as well as Mathematics (BA) at Wilfrid Laurier University
1133,,WM,"Mathematics, Co-op program",University Of Waterloo,Accepted,98,97.5,96.5,,98.5,"CSMC 31, COMC 45 Will be writing Euclid",,08-Nov-23,12-Mar-24,$2000 entrance,Canada,Canada,Ontario,Dont have,Catherine_20,
1134,,WM,University of Waterloo - Mathematics (Co-op and Regular),University Of Waterloo,Accepted,915,91.6,91.5,,92.4,,"Taekwondo instructor, tutoring, COMC certificate, president of engineering club, executive of robotics club, piano and tennis.",01/10/2023,08/05/2024,"$2,000 ",Canada,Canada,Ontario,Kelk4,Kelk2,"Stuff's useful, good on you."
1135,,WM,Waterloo Mathematics,University Of Waterloo,Accepted,91.33,95.83,,,95.83,Euclid (Mid 50s),"Trivia club exec for 3 years. National awards. Possible waterloo varsity track athlete, lots of good volunteering.",26/12/2023,07/05/2024,"5,000 entrance",Canada,Canada,Ontario,demarderozanisapp,yekkadasoppada,GL for yall
,,,,,,,,,,,CCC 0,,,,,,,,,,
,,,,,,,,,,,Fermat 104,,,,,,,,,,
1136,,WMF,Math/FARM,University Of Waterloo,Accepted,95.83,94,,96,96,,"Math club exec, part time job, Euclid & CSMC, DECA",14/01/2024,07/05/2024,$2000 presidents scholarship,Canada,Canada,Ontario,u/verylongsnail,,:3
1137,,WMF,Math/FARM Co-op,University Of Waterloo,Accepted,89,90,90,90,90,No contests written,"Caribbean Top 10 in various subjects... most are 1st-3rd places: Accounting, Economics, Visual Arts, Music, Principles of Accounts, Economics CSEC, Additional Mathematics (Did Music at 13 whilst competing with 17 year olds), Social Media Content Creator with 10k+ followers of my arts, seasonal job from 2020 with bookkeeper role and promoted to inventory clerk role in 2023",05-Nov-23,13-Feb-24,"President Scholarship $2,000 (Applied to Global Scholarship, haven't received notice yet)",Caribbean,Caribbean,Caribbean,don't have,bye_dreams,I think it was my AIF that made me got accepted so early but ye (Also I did not write any contests from Waterloo)
1138,,WMF,University of Waterloo - Mathematics/Financial Analysis and Risk Management (Co-op),University Of Waterloo,Accepted,91,95.5,,,95.5,"Euclid contest (62), CSMC(29)","Chess club president, Varsity Volleyball",08/11/2023,07/05/2024,N/A,Canada,Canada,Ontario,rayboltee,emperorbolt,
1139,,WMT,"Honours Mechatronics Engineering, Co-op",University Of Waterloo,Accepted,96.125,97.8,98,,98,"38 CSMC, 30 CCC","1. Owner of tutoring business (3 years), hiring high school senior students to teach freshmen.",22/11/2023,09/05/2024,$2000 for 95+ final average,Canada,Canada,Ontario,Downtown_Lecture_163 (im bit of a npc on reddit i barely use it tbh),aummali12 (email at doctor.mali123@gmail.com for more info),Highest mark in school for almost all courses ( English :( )
,,,,,,,,,,,,"2. Content creator youtube (690,000+ views) for robotics and programming projects/tutorials.",,,,,,,,,
,,,,,,,,,,,,"3. Dozens of open-source projects GitHub and Playstore, decent rank leetcode and DMOJ.",,,,,,,,,
,,,,,,,,,,,,4. Freelance selling programs for 2 years during COVID to many business.,,,,,,,,,
,,,,,,,,,,,,"4. President/executive of almost every club in school (math, CS, eco-team etc.) & creator of chess club.",,,,,,,,,
,,,,,,,,,,,,"5. 110 hours volunteering at community temple, teaching younger grades programming basics and maintaining the place of worship.",,,,,,,,,
,,,,,,,,,,,,6. Liberal polling volunteer (for municipal government).,,,,,,,,,
,,,,,,,,,,,,7. Pianist with ECS in RCM as well as performances in community,,,,,,,,,
,,,,,,,,,,,,8. Completed DSA course over a summer in prep for UW.,,,,,,,,,
,,,,,,,,,,,,,,,,,,,,,
,,,,,,,,,,,,,,,,,,,,,
1140,,WMT,Mechatronics Engineering,University Of Waterloo,Accepted,94.8,96,96,96,96,,"FIRST Robotics Captain, SHAD, Founded STEM Education Company",15/01/2024,31/03/2024,Presidential Scholarship,Canada,Canada,Alberta,Indian_TechSupport2,,"Partial IB student, predicted for 7/7 Math AAHL"
1141,,WMT,Mechatronics Engineering,University Of Waterloo,Accepted,96,97.33,97.15,,97.33,,"Club prez, hack the north",09-Nov-23,12-Mar-24,no,Canada,Canada,Ontario,n/a,,
1142,,WMT,Mechatronics Engineering,University Of Waterloo,Accepted,92,97,,,96,Fermat distinction,"Worked in lab at UW for a summer, shad, part of 2 school clubs with sizable involvement (not exec), roughly 150 hrs of volunteering, tutoring math online and help running camp and workshop for museum. Lots of personal hobbies and projects but didn't really mention in application",01-Jan-24,12-Mar-24,,Canada,Canada,Ontario,Ddocm,1.23457E+12,Midterms aren't out yet so I just put sem.1 avg. Avg adjustment factor ontario school
,,,Honours Co-op,,,,,,,,,,,,,,,,,,
1143,,WMT,Mechatronics Engineering (Co-op Only),University Of Waterloo,Accepted,95.6,95,95,,95,,Started 2 student-led charitable organizations,26/10/2023,19/04/2024,$2000 Entrance,Canada,Canada,Ontario,wonderful_trash9460,,
1144,,WMT,Mechatronics Engineering (Co-op),University Of Waterloo,Accepted,94,96.7,96.7,0,94.67,N/A,"Based on my average being on the lower end, I would believe that my AIF and Interview must have been really good. The key is to focus on one thing that you are passionate about (does not HAVE to be STEM related because mine was not).",10-Oct-23,12-Mar-24,"$2,000 ",Canada,Canada,Ontario,dont got one,,
1145,,WMT,Mechatronics Engineering Co-op,University Of Waterloo,Accepted,94,95,96,,96,N/A,"Two jobs (1 customer service, 1 teaching violin & piano), lots of music-related ecs which are longterm commitments, barely any eng-related ecs",14/01/2024,12/03/2024,,Canada,Canada,Ontario,GeneOutrageous331gf,,
1146,,WMT,"Mechatronics Engineering, Honours, Co-operative Program",University Of Waterloo,Accepted,93,94.67,95,95,94.67,nothing else,"My ecs were genuinely horrible and my interview sucked. However, I had a 9% adjustment factor that clutched me up.",15-Dec-23,12-Mar-24,Nothing,Canada,Canada,Ontario,Few-Specialist-9129,parsa#1163,Ws in the chat
1147,,WMT,"Mechatronics Engineering, Honours, Co-operative Program",University Of Waterloo,Accepted,95,97.75,97.7,,98,None,"Student body president (fundraised over 75k for charities), Leader of 4 Clubs, Orchestra 6+ years, school Rugby and Volleyball, Hackathons, tutoring, ""start up"".",12-Jan-24,12-Mar-24,no,Canada,Canada,Ontario,Remarkable_Memory555,,
1148,,WMT,Waterloo Mechatronics Co-op: BASc,University Of Waterloo,Accepted,97,96.333,,,96.333,"Euclid, CEMC, and most Waterloo comp - Top 25%",President of Coding Club,09/11/2023,09/05/2024,Basic Entrance Scholarship,Canada,Canada,Ontario,"I don't have reddit, sry :(",Joshisaw OR joshua3921,Good luck bois
,,,,,,,,,,,"There was on that I got like Top 200 out of 13000, might've been Fryer but I don't remember",Executive and Judge of NRGHacks (Self-Hosted Hackathon),,,,,,,,,
1149,,WN,Mathematics/CPA (Co-op),University Of Waterloo,Accepted,92,89,96,,93,,President of cancer fundraising club at school,18-Nov-23,13-Mar-24,,Canada,Canada,Ontario,littledino_,,
1150,,WNT,Nanotechnology Engineering,University Of Waterloo,Accepted,80,90,92,,91,"6644, IB Bio SL, Math AA HL, Physics HL, Chem HL","School ECs only (concert band, clubs, etc.)",01/01/2024,23/04/2024,$2000 merit scholarship,Canada,Canada,Alberta,Remarkable-Comfort38,,
1151,,WNT,Nanotechnology Engineering (Co-op only),University Of Waterloo,Accepted,88,91,85,,90,AP Chemistry - Level 4,,15/01/2024,09/05/2024,Yes,Canada,Canada,Ontario,not_destinedmp,,
1152,,WNT,Nanotechnology Engineering (Co-op only),University Of Waterloo,Accepted,96,95,95,,94,,,12-Jan-24,12-Mar-24,,Canada,Canada,Ontario,n/a,,
1153,,WNT,"Nanotechnology Engineering, co-op only",University Of Waterloo,Accepted,98.5,96.8,,,96.5,,,,19/04/2024,Admission scholarship for 95%+ avg,Canada,Canada,,Lilirxna,,
1154,,WP,Honours Planning Co-op,University Of Waterloo,Accepted,74,83,,,84,,,15/12/2023,06/05/2024,Yes,Canada,Canada,Ontario,Icy_Weekend2353,laroche.posay,
1155,,WP,Planning,University Of Waterloo,Accepted,84,87,85,,87,nope,"Rugby Co-captain for school, DECA Director (one of 4), track and field runner",15-Jan-24,28-Feb-24,1k entrance bursary,Canada,Canada,Ontario,convexlys,,suprised ngl applied super late
1156,,WP,Planning (Co-op only),University Of Waterloo,Accepted,84,77,90,,86.5,N/a,"Aif - cadet squadron commander, president of music, section leader, part time working",27-Nov-33,27-Feb-24,Not sure,Canada,Canada,Ontario,Don’t have one,Lei 1239,
1157,,WP,Planning (Co-op),University Of Waterloo,Accepted,84.6,92.5,93,,92.5,,120+ volunteer hours,08-Nov-23,28-Feb-24,No,Canada,Canada,Ontario,chillygoose_,soapapplemush,
1158,,WPS,"Physical Sciences, Physics",University Of Waterloo,Accepted,90,94,96,,91,"CCC: 34, CSMC,","I've won a lot of hackathons, and maintain a few programs,",,07/05/2024,Yes,Canada,Canada,Ontario,yohello_1,,
1159,,WPS,Honours Physical Sciences - Regular,University Of Waterloo,Accepted,95.7,97.7,97.5,97.5,97.5,,,24/11/2023,24/01/2024,"$5k entrance bursary, $2k presidents entrance scholarship, $3k scholarship (Penelope grasser memorial)",Canada,Canada,Ontario,uhheather1,uh.heather,
1160,,WPS,"Physical Sciences (Co-op), Astronomy/Physics",University Of Waterloo,Accepted,88,90,92,,89.5,,Normal ECs,30/10/2023,07/05/2024,Not released yet.,Canada,Canada,Ontario,u/dazedtoaster158,,Yippee!
1161,,WPS,Physical Sciences Co-op,University Of Waterloo,Accepted,92,84,88,,92,,,,26-Jan-24,,Canada,Canada,Ontario,I dont have one,,
1162,,WPS,University of Waterloo - Physical Sciences (Co-op and Regular),University Of Waterloo,Accepted,82,90,,,90,,ECAs on AIF: Concertmaster of 2 Orchestras +Cofounded a club + gone on international tour as member with an orchestra + awards in international music festival and competition + started tutoring business (math and physics) + was volunteer math tutor+ represented school in engineering competition,20-Nov-23,26-Jan-24,Standard Waterloo Entrance Scholarship,Canada,Canada,Ontario,u/Kiwibird1005,,
1163,,WPS,University of Waterloo - Physical Sciences (Co-op and Regular) (Medicinal Chemistry (co-op only)),University Of Waterloo,Accepted,89,94,90,100,88,nope,nope,13-Nov-23,26-Jan-24,entrance scholarship,Canada,Canada,Ontario,StudioComfortable276,p0unce,nope
1164,,WSB,Science and Business,University Of Waterloo,Accepted,84.7,83.8,,,83.8,,I filled out the extenuating circumstances form but it was given to them 4pm on the day before and my school sent my grades on Feb 14,,29-Feb-24,,Pakistan,Canada,Ontario,Don't really use it anymore,,My email is abdullah.awsome101@gmail.com if you want to contact me there
,,,Honours,,,,,,,,,,,,,,,,,,
1165,,WSE,Environmental Science (Co-op and Regular),University Of Waterloo,Accepted,87,85,,,90,,,,01-Dec-23,,Canada,Canada,Ontario,Consistent-Car-9998,,
1166,,WSF,Sustainability and Financial Management (Co-op only),University Of Waterloo,Accepted,91,94,95,,95,,,,07-Mar-23,,Canada,Canada,Ontario,Smart-Stay2463,,
1167,,WSO,Software Engineering,University Of Waterloo,Accepted,89.5,93,,95,94.6,"Fermat top 20%, AP calc AB 5, AP CSP 4, AP Phy 5.","An intership at a tech company, student parliament minister, led a fundraiser that earned 2k in one day, two local chess tornament top player award, best athlete in the wreslting team.",13/10/2023,14/03/2024,4k scholarship,China,Canada,British Columbia,Sure_Significance_21,,
1168,,WSO,Software Engineering,University Of Waterloo,Accepted,94.17,96.67,96.5,,96.67,,"Hackathon cofounder + copresident, non profit cofounder, Waterloo EV challenge programming lead, AI dev intern, FRC programmer, exec of a few school clubs",15/11/2023,09/05/2024,,Canada,Canada,Ontario,humourless9,,
1169,,WSO,University of Waterloo - Software Engineering,University Of Waterloo,Accepted,98.3,98.7,,,98.7,,"Tech internship, robotics, theatre, ecommerce business",10/01/2024,09/05/2024,,Canada,Canada,Ontario,n/a,,got rejected from cs 💀
1170,,"WSO, WCS",UW SE and CS (Co-op),University Of Waterloo,Accepted,98.6,97.3,95,,98.3,"5's on AP Calc BC, AP Physics C: Mech & E/M, AP Chem, AP Stats","basically ran my entire school's tech, including website, equipment, photography, etc.",04/01/2024,05/04/2024,25k,Canada,Canada,Ontario,i'd rather be anon,,
,,,,,,,,,,,80 on Euclid (sad),,,,,,,,,,
1171,,WWH,Mechanical Engineering (Co-op),University Of Waterloo,Accepted,94.7,94,,,92.8,,"38 on CSMC, 28 on Avogadro Exam, average ecs",,09/05/2024,2K,Canada,Canada,Ontario,No reddit account sorry,,
1172,,WWJ,Computer Engineering (Co-op only),University Of Waterloo,Accepted,96.83,96.67,,,97,,"FRC Team Programming Lead, CS club president for 3 years, software contracting business that saved >$10K for a business, online ticketing system for my school that managed >$30K in tickets, 2x HTN winner, and a bunch of random other stuff",,13/03/2024,,Canada,Canada,Ontario,Neat-Wishbone-5038,,
1173,,WXY,Accounting and Finance Management (Co-op),University Of Waterloo,Accepted,87,85,93,,90,,yes! I participated in various school extracurriculars and ran a club of my own. I also did Canadian math contests and was in the did HOSA in 2022 and I'm in the CPA highschool ambassador program.,16-Feb-24,07-Mar-24,,Canada,Canada,Ontario,dont have reddit,,"thx for making this spreadsheet, it's been very helpful for me this year:)"
1174,,WXY,Accounting and Financial Management,University Of Waterloo,Accepted,88,88.5,91,,92.3,,I practiced the interview many times just to find out it was the exact same questions,28-Nov-23,07-Mar-24,,Canada,Canada,Ontario,Old_Delay_7605,,
1175,,WXY,Accounting and Financial Management,University Of Waterloo,Accepted,94,94,,,95.5,,,16-Nov-23,08-Mar-24,2000 for 90+ some extra scholarships for 95+ IF you get 80 in uni,Canada,Canada,Ontario,Numerous-Nature3360,,SAFAA was pretty good since i practiced a lot and talked about unique experience
1176,,WXY,Accounting and Financial Management (AFM) (Co-op only),University Of Waterloo,Accepted,93.7,93.75,95.7,0,95.7,Supp app included,Nothing speical,15-Jan-24,08-Mar-24,2k or whatever the top admission scholarship is,Canada,Canada,Ontario,Rather not :),,
1177,,WXY,Accounting and Financial Management (Co-op only),University Of Waterloo,Accepted,91,94,95,,95,,,,07-Mar-23,,Canada,Canada,Ontario,Smart-Stay2463,,
1178,,WXY,Accounting and Financial Management (Co-op),University Of Waterloo,Accepted,91,89,91,,90,None,HOSA International competitor - mentioned in my SAFAA interview,,08-Mar-24,Final avg based (likely $1k entrance scholarship),Canada,Canada,Ontario,BurnerAcc1629,,
1179,,WXY,AFM Co-op,University Of Waterloo,Accepted,76,94,92,,94,n/a,n/a,04/12/2023,10/05/2024,2000,Canada,Canada,Ontario,random_fan,,
1180,,WXY,University of Waterloo - Accounting and Financial Management (Co-op only),University Of Waterloo,Accepted,77.25,84,86,,84.3,,,16/02/2024,10/05/2024,,Canada,Canada,Ontario,Capcold10,,
1181,,WXY,Waterloo AFM,University Of Waterloo,Accepted,83,93,91,,93,,,25/10/2023,10/05/2024,,Canada,Canada,Ontario,dont have an account,,
1182,,YBA,BBA,York University,Accepted,92,91,91,91,91,,cadets,27-Oct-23,14-Mar-24,2500,Canada,Canada,Ontario,guest,,
1183,,YBA,Business Administration (BBA),York University,Accepted,92.2,91.7,91,,90.8,,"Arts Council Exec role, a few orchestral ensembles, mentoring on an instrument",01-Feb-24,14-Mar-24,York University Automatic Entrance Scholarship - $2500,Canada,Canada,Ontario,u/yus3n,,
1184,,YBA,Business Administration (BBA),York University,Accepted,92,93,94.83,94.83,94.83,,,05-Nov-23,14-Mar-24,,Canada,Canada,Ontario,N/A,,
1185,,YBA,Schulich,York University,Accepted,83,91,81,,93,,,25-Oct-23,18-Apr-24,$2500 entry scholarship,Canada,Canada,Ontario,Ok-Elephant-689,,
1186,,YBA,Schulich BBA,York University,Accepted,87.5,93,96,,92.5,,Worked with Meta,05-Nov-23,14-Mar-24,"$2,500 Entrance Scholarship",Canada,Canada,Ontario,Shehraan1,,
1187,,YBA,Schulich BBA,York University,Accepted,76.1,93.8,,,93,IELTS 8.0,5 activities:,15-Feb-24,16-Apr-24,Entrance Scholarship $7500,South Korea,Canada,Ontario,Ok-Dog-1088,,I took MHF4U and MCV4U in grade 11 and almost failed both and retook them this year
,,,,,,,,,,,,"Youth Mentor, Youngest member of Grammy-Nominated choir, Chapter Leader of NPO, Vice President/Finance Manager of NPO, Music Council Exec",,,,,,,,,
1188,,YBA,Schulich BBA,York University,Accepted,94.33,93.89,95.16,95,93.83,N/A,"Filled out all 5 ECs: 1. Founder and Senior Exec for BASEF Club (Bay Area Science and Eng. Fair, which our school won the top secondary school 2 years in a roll), 2. Research Collaboration with Uni Profs (won 2 APA awards in two BASEFs) 3. Local Youth Music Band Director/Supervisor, 4. Canvassing Group Leader, 5. Student Council Representative (G9-11)",,14-Mar-24,"Entrance Scholarship, 2500 Dollars",Canada,Canada,Ontario,N/A,maobaoguo69,"I do not have an active reddit account, reach me with my discord username above. I am from OTHS, call me Kevin, and my phone number is 647-637-9326, just in case if for whatever reason you can't reach me by discord."
1189,,YBA,Schulich BBA,York University,Accepted,93,94,93,,94,,,,06/05/2024,,Canada,Canada,,no-cattle-3443,,
1190,,YBA,Schulich BBA,York University,Accepted,86,95,,,94.8,,-school book club founder,,06/05/2024,$2500 for admission average,Canada,Canada,Ontario,I forget,,
,,,,,,,,,,,,-student council grade rep,,,,,,,,,
,,,,,,,,,,,,-market volunteer,,,,,,,,,
,,,,,,,,,,,,-food bank volunteer,,,,,,,,,
1191,,YBA,Schulich BBA,York University,Accepted,94,95.5,,,95.5,,,16-Nov-23,15-Mar-24,4000 entrance,Canada,Canada,Ontario,Numerous-Nature3360,,did the supp app mid winter break also check myfile cuz they dont send email
1192,,YBA,Schulich School of Business (BBA),York University,Accepted,81.7,92,,,91.7,,volunteer leader for a cultural diversification organization,31/01/2024,08/05/2024,No,Canada,Canada,Ontario,u/Ok_Contest_3797,bonny9876,praying for rotamn acceptance soon
1193,,YBH,Business Economics (BA),York University,Accepted,66.5,80,77,,78,,,25-Jan-24,08-Mar-24,,honduras,Canada,Ontario,InfamousWord7492,a1berot,TMU PLEASE MAN LET ME IN
1194,,YD,Design (BDes),York University,Accepted,90,79,88,,85,N/A,Mentioned my experience in design and how I have freelanced for numerous companies and interned at two Division 1 American universities' football teams.,04-Jan-24,20-Feb-24,"$1,500 Entrance",Canada,Canada,Ontario,Timely-Advantage8883,,
1195,,YFZ,Criminology,York University,Accepted,69,95.3,90,,Low 80s,,,10-Dec-23,15-Dec-23,Yes,Canada,Canada,Ontario,n/a,,
1196,,YHW,Nursing,York University,Accepted,95.5,94.6,94,,Anywhere from 94-96,,,07-Nov-23,21-Feb-24,4000 entrance scholarship,Canada,Canada,Ontario,laevenii,,
1197,,YHW,York University - Nursing (Direct Entry),York University,Accepted,84,84,,,91,,,13-Nov-23,20-Feb-24,$1500 entrance scholarship,Canada,Canada,Ontario,-,,
1198,,YPK,"Computer Science (BA, iBA) - including Co-op",York University,Accepted,93,86,92,,85+,N/A,N/A,22/04/2024,02/05/2024,York University Automatic Entrance Scholarship - $1500.00,Canada,Canada,Ontario,u/RangeRoverRover,luxuryrangerover,"- midterm marks obsolete trash, think i can pull off a 90-92 avg final for g12"
,,,,,,,,,,,,,,,,,,,,,"- Didn't take CS BSc because I didn't take any damn science courses, maybe later one day"
,,,,,,,,,,,,,,,,,,,,,- Keep in mind admitted conditionally
1199,,YPK,Computer Science (Ba),York University,Accepted,85,88,90,,88,,,05-Oct-23,21-Feb-24,Entrance scholarship - $1500,Canada,Canada,Ontario,N/A,,
1200,,YPN,York University - Statistics (BA),York University,Accepted,85,90,,,90,,,06-Mar-24,12-Mar-24,York University Automatic Entrance Scholarship $1500,Canada,Canada,Ontario,linlotto_,,
1201,,YQ,Music BFA,York University,Accepted,89,94,90,,89,,"lots of music extra curriculars; hannaford youth band, 4 school bands, peer mentoring",10-Jul-23,03-Feb-24,,Canada,Canada,Ontario,cracklefish,,
1202,,YRC,York University - Classics & Classical Studies (BA: Classics),York University,Accepted,84,84,,,90.7,,,13-Nov-23,09-Dec-23,$2500 entrance scholarship,Canada,Canada,Ontario,-,,
1203,,YSC,"Faculty of Science, B.Sc., Hons. Chemistry - Keele Campus",York University,Accepted,80,95.5,,,95.6,IELTS- 8.5,,06-Nov-23,05-Mar-24,$2000 entrance scholarship,Bangladesh,Bangladesh,Ontario,N/A,,
1204,,YSW,"Biomedical Science (BSc, iBSc) (Biomedical Science (iBSc))",York University,Accepted,82,86,88,,82,,,30-Nov-23,09-Dec-23,Entrance Scholarship ($1000),Canada,Canada,Ontario,u/MidnightChance4530,kxtechxn.xo,
1205,,YT,Engineering (BEng) - including Co-op,York University,Accepted,81,83,,,82,,average ecs,12/11/2023,01/05/2024,"$1,000 ",Canada,Canada,Ontario,i dont have one,,
1206,,YT,York University - Engineering (BEng) - including Co-op,York University,Accepted,72,80,,,81,,"I did nothing extracurricular, and I also forgot to do the supplementary application for engineering applicants for york",18/12/2023,01/05/2024,"York University Automatic Entrance Scholarship : $1,000.00",Canada,Canada,Ontario,jovinprime3,kobe8bryant,Lebrons the goat
1207,,YUD,Humanities IBA,York University,Accepted,92,96,95,,95.6,N/A,No,03-Dec-23,08-Jan-24,4K automatic entrance,Canada,Canada,Ontario,,,
1208,,,"Computer Science, Mathematics & Statistics - UofT Mississauga",University of Toronto,Accepted,92,88.43,,,92.17,,"2 clubs' leader, some volunteering and involvement with McMaster university",08-Nov-23,22-Feb-24,$2000 entrance scholarship,Canada,Canada,Ontario,N/A,,
1209,,101,"Computer Science, Computer Science/BBA",University Of Waterloo,Deferred,92,96,95,,95,,,23/12/2023,08/05/2024,,Jamaica,Canada,Ontario,N/a,,
1210,,Idk,Cs,University of Toronto,Deferred,91,94.5,94.5,,94.5,,"Many clubs plus soccer and wrestling, 1 silver medal for regionals wrestling, mip award soccer",21-Nov-23,13-Mar-24,Yea york 4500,Turkey,Canada,Ontario,Dont remember😭,Dont have one,
1211,,See,h,Toronto Metropolitan University,Deferred,3,111,3,9,5,fff,,,12/03/2006,j,Canada,Canada,Ontario,f,,
1212,,TB,Chemical Engineering (including PEY Co-op option) - St. George Campus,University of Toronto,Deferred,89,91.5,93,,93,Ap calc BC 5,Nope nothing good,28/11/2023,30/04/2024,No,Chinese,Canada,British Columbia,nty,nty,Deferred to Civil eng with PEY co-op @ st.george
1213,,TE,"Engineering Science (Co-op, St. George)",University of Toronto,Deferred,93.8,97.7,96.8,,95.6,,"Special Circumstances: Came to Canada a year ago, hard time adjusting here, not enough time for extra-curricular.",01-Dec-23,12-Mar-24,,India,Canada,Ontario,Separate-Fan-8564,No Discord,Hard Work never paid off for me :))
1214,,uwb,waterloo side cs/bba,University Of Waterloo,Deferred,91,99,99,,99,,ya see other post above this,15/11/2023,10/05/2024,,Canada,Canada,Ontario,comercialmeal551,,
1215,,wcf,waterloo cfm,University Of Waterloo,Deferred,91,99,,,99,,see other post but ya i think so,15/11/2023,10/05/2024,,Canada,Canada,Ontario,comercialmeal551,,got deferred to math/bba with a 99.0 avg. gl next yr
1216,,WCS,Computer Science (Co-Op),University Of Waterloo,Deferred,94.75,97.57,95,,98,All Waterloo Math Contests,"97.5 Average (eng), 98 Average (CS)",11/11/2023,13/05/2024,"$2,000 ",Canada,Canada,Ontario,No,,DEFERRED TO GEOMATICS
,,,,,,,,,,,,,,,,,,,,,
,,,,,,,,,,,,"DECA Executive, VP of Training",,,,,,,,,
,,,,,,,,,,,,Restarted our school's chapter,,,,,,,,,
,,,,,,,,,,,,Remade all training materials and trained 100+ competitors,,,,,,,,,
,,,,,,,,,,,,Got a good chunk to make it to provincials,,,,,,,,,
,,,,,,,,,,,,,,,,,,,,,
,,,,,,,,,,,,I was in Robotics Club (when my school had it),,,,,,,,,
,,,,,,,,,,,,,,,,,,,,,
,,,,,,,,,,,,Lots of projects,,,,,,,,,
,,,,,,,,,,,,Created a robot from scratch that would help find survivors and help them out of rubble in natural disasters (prototype),,,,,,,,,
,,,,,,,,,,,,Created a pokemon rip-off,,,,,,,,,
,,,,,,,,,,,,Created a game with a team of people that had like 2000 downloads,,,,,,,,,
,,,,,,,,,,,,Currently trying to make a mobile fitness app that gamifies going to the gym,,,,,,,,,
,,,,,,,,,,,,,,,,,,,,,
,,,,,,,,,,,,"Waterloo Math + CCC competitions (no distinction, all average)",,,,,,,,,
,,,,,,,,,,,,Waterloo Avogadro Competition DISTINCTION,,,,,,,,,
,,,,,,,,,,,,,,,,,,,,,
,,,,,,,,,,,,Three years of tutoring experience,,,,,,,,,
,,,,,,,,,,,,"Tutored math to Grade 7's and 8's, also for 9-11's",,,,,,,,,
,,,,,,,,,,,,Created lessons for my school's computer club and presented them once a week to help them be introduced to CS and create a good foundation,,,,,,,,,
,,,,,,,,,,,,,,,,,,,,,
,,,,,,,,,,,,"Founded my school's first ever hackathon with all costs provided by the school (everyone got prizes, cash prize for top 3, lunch provided, etc)",,,,,,,,,
1217,,WCS,Honours Computer Science Co-op,University Of Waterloo,Deferred,84,92.67,91,,92.67,Math Contests,CE co-op @ UW,03/01/2024,13/05/2024,,Canada,Canada,Ontario,N/A,not.alex.,
,,,,,,,,,,,,CS co-op @ UW,,,,,,,,,
,,,,,,,,,,,,Took ECON 101 at UW in GR12,,,,,,,,,
,,,,,,,,,,,,CS Club Pres,,,,,,,,,
,,,,,,,,,,,,AI Research Club Co-Founder,,,,,,,,,
,,,,,,,,,,,,FRC Software Mentor,,,,,,,,,
,,,,,,,,,,,,Cycling Team Founder/Pres,,,,,,,,,
1218,,wcs,waterloo cs,University Of Waterloo,Deferred,91,99,99,,99,,"student body prez, founded tutoring non profit, coded apps for and programs local uni's wrote all the computing and math contests, and i got defered to math co op. GL next yr kids, dont get your hopes up too high for uw cs.",15/11/2023,10/05/2024,,Canada,Canada,Ontario,comercialmeal551,,
1219,,WMT,Mechatronics Engineering (Co-op),University Of Waterloo,Deferred,96.3,96.8,,,96.5,,"Hardware Technician, robtoics, shad,",14/01/2024,09/05/2024,2K,Canada,Canada,Ontario,n/a,,deferred to nano
1220,,WSO,Software Engineering,University Of Waterloo,Deferred,97,98.5,98,,98.5,,,,09/05/2024,"$3,000 ",Canada,Canada,Ontario,rob-yorginson,,DEFFERED TO COMP ENG :(
1221,,wxy,accounting,University Of Waterloo,Deferred,80,75,,,80,,,,01-Jan-24,,Canada,Canada,,no_inside_,,
1222,,dsf,etrg,Brock University,Rejected,324,34,234,,234,234,234,08/05/2024,29/05/2024,234,Canada,Canada,Ontario,234,234,243
1223,,MCC,Computer science co op,McMaster University,Rejected,91,89,91,,89,,,20/10/2023,09/05/2024,No,Canada,Canada,Ontario,Geraldbun,,
1224,,MCC,Computer Science Co-op,McMaster University,Rejected,89,95.16,,,95.16,,,,09/05/2024,,Canada,Canada,Ontario,u/AnousAlma,,
1225,,MCC,Computer Science I Co-op,McMaster University,Rejected,90.9,88,,,92.17,Mid supp app 💀.,,08/01/2024,09/05/2024,,Canada,Canada,Ontario,Remsol1011,,What did the fish say when it bumped into a wall? Damn. :)
1226,,ME,Engineering 1,McMaster University,Rejected,80,88,87,,88,,nope,25/11/2023,09/05/2024,,Canada,Canada,Ontario,TritiiOfficial,,
1227,,MEC,Engineering I (Co-op) (Electrical Engineering (co-op only)),McMaster University,Rejected,89.5,90.17,90,,90.17,,"Did Kira interview, obviously wasn't good enough",22/11/2023,09/05/2024,,Canada,Canada,Ontario,N/A,,
1228,,MEC,Engineering I (Co-op) (Mechanical Engineering (co-op only)),McMaster University,Rejected,94.625,93.667,94,,93.833,"Participated in Euclid, COMC, Chem 13 contest, and the SIN contest","Grade 11 Rep of Student Activity Council, then Treasurer the next (this) year",23/11/2023,09/05/2024,No,Canada,Canada,Ontario,MarzipanClear3625,the_silver_memer,
1229,,MHA,cope,Skibidi toilet univeristyde,Rejected,0.9998,99.9999,99.9998,,102%,Quandale dinglular exam,cope academy,22/08/1800,15/09/1600,full ride,Squidward Community College,Gyattularia,Fartskip,cope,cope1,cope
1230,,MNM,McMaster Nursing,McMaster University,Rejected,91,94,90,90,90,,,21-Dec-19,05-May-20,yes,Canada,Canada,Ontario,mikrokookz,lesbianheistmovie,
1231,,MNS,Health Sciences,McMaster University,Rejected,92.25,92.17,,,92.17,,Literally poured my blood sweat and tears into that supp app,26/10/2023,09/05/2024,,Canada,Canada,Ontario,.,,
1232,,MNS,Honours Health Sciences I,McMaster University,Rejected,94.4,93,92,,93,N/A,N/A,03/11/2023,09/05/2024,N/A,Canada,Canada,Ontario,Original_Okra_127,,Choice 3/7 on OUAC
1233,,MNS,Honours Health Sciences I,McMaster University,Rejected,94.56,98.5,,,98.5,,,20/11/2023,09/05/2024,,Canada,Canada,Ontario,don’t have sorry !,mydogiscuter,
1234,,QH,Health Science,Queens University,Rejected,92,92,,,92,Really good supp app based on rubric,,29/11/2023,15/05/2024,,Canada,Canada,Ontario,no,,
1235,,TCS,Computer Engineering,Toronto Metropolitan University,Rejected,80,90,92,92,90,No,"DECA, Hackclub, own the BCEC (comp eng club)",11-Jan-24,20-Apr-24,,Canada,Canada,Ontario,miggermonster4683 (ik its weird and kinda racist i made it a while ago),lyricz_.,
1236,,WM,Honours Mathmatics - Regular,University Of Waterloo,Rejected,95.7,97.7,97.5,97.5,97.5,Euclid - 45,"4 years of volunteering, a summer (70 hrs) of volunteering, summer job, 1 year of Math & CS team",05/10/2023,15/05/2024,No,Canada,Canada,Ontario,uhheather1 (i think),uh.heather,Don't get your hopes up
1237,,105,Co-op,Seneca Gender Studies,Waitlisted,99,99.5,99.9,100,99.8,"52 AP tests, 5/5 on all, SAT 1600/1600",Cured cancer,08/05/2024,09/05/2024,none,Tanzania,Tanzania,Tanzania,dirty23,dirtier123,
1238,,21301,mechanical engineering Co-op,McGill,Waitlisted,90,94,94,,94,,,25/03/2024,06/05/2024,,Canada,Canada,Quebec,Master-Maximum2865,,
1239,,Cs,Cs,University Of Waterloo,Waitlisted,91,97,97,,97,Waterloo math cintests,President of debate for 4 years founder of math club president of hack club flute for 7 years,29-Dec-23,14-Mar-24,No,Afghanistna,Canada,Ontario,Don’t know,Shiv#0682,
1240,,EE,MN: Engineering (Co-op and Regular) (Electrical Engineering (co-op optional)),Western University,Waitlisted,89.5,90.17,,,90.17,,,22/11/2023,16/05/2024,,Canada,Canada,Ontario,N/A,,
1241,,EP,Kinesiology,Western University,Waitlisted,89,90,92,,93,N/A,N/A,20-Oct-23,12-Dec-23,N/A,Canada,Canada,Ontario,tlandlord,tlandlord,
1242,,MV,Kinesiology McMaster,McMaster University,Waitlisted,90,87,91,91,91,,,07-Nov-23,07-Nov-23,no,Canada,Canada,Ontario,duttttapes,,
1243,,Not sure,Lifescience,McMaster University,Waitlisted,80,87,87,85,87,,,,14/05/2024,,Canada,Canada,Ontario,bbbbbb,bbbbb,Sorry im rushing through and data is shit I just wanna see
1244,,QE,Engineering - Common First Year - including optional internship (BASc) (Electrical Engineering),Queens University,Waitlisted,89,89.4,,,89.4,,,22/11/2023,15/05/2024,,Canada,Canada,Ontario,N/A,,"Queen's Eng uses 5 prereqs only, that's the marks I used, not top 6."
1245,,QE,Queen's University - Engineering - Common First Year - including optional internship (BASc) (Mechanical and Materials Engineering),Queens University,Waitlisted,79,90.4,,,90.4,,,11/12/2023,15/05/2024,,Canada,Canada,Ontario,N/a,,
1246,,QH,Queens,Queens University,Waitlisted,85,96.3,96.3,96.3,96.3,,,,14/05/2024,,Canada,Canada,,bjhdebcwljcb,,
1247,,s,d,University Of Waterloo,Waitlisted,32,31,32,42,53,34,42,03/02/0219,05/04/2024,,Canada,Canada,Ontario,fs,fsdfsdfsf,fsdfsdfs
1248,,SBE,BM TMU,Toronto Metropolitan University,Waitlisted,75.3,78.5,80,,78.5,No,No,13-Dec-24,15-Apr-24,No,Canada,Canada,Ontario,JAYB66,,
1249,,SCF,Toronto Metropolitan University - Chemical Engineering (Co-operative),Toronto Metropolitan University,Waitlisted,82,82,85,,82,,,28-Nov-23,25-Jan-23,,Canada,Canada,Ontario,refewq,,
1250,,SNX,Toronto Metropolitan University - Nursing at TMU,Toronto Metropolitan University,Waitlisted,75,80,82,,"100, 86, 72, 62, 82, 78",,"DECA, track and field, cross country, wrestling",23/11/2023,15/05/2024,no,Canada,Canada,Ontario,theculturedboi,.jsef,TMU PLEASE TAKE ME :(
1251,,TK,Engineering Sciences,University of Toronto,Waitlisted,94.8,96,96,96,96,,,29/11/2023,29/04/2024,,Canada,Canada,Alberta,Above,,
1252,,idk,Health science co-op,University Of Waterloo,Deferred,91,89,89,,89,no,,08/01/2024,15/05/2024,"$1,000 ",Canada,Canada,Ontario,dont have one,,I was given an alternate offer for Kinesology co-op!
1253,,idk,Kinesology(Bsc),University Of Waterloo,Accepted,78,85,86,,83,,community volunteer at local theatre,05/01/2024,07/05/2024,$500 ,Canada,Canada,Ontario,Low-Let-2406,don't have,
1254,,QH,Health Sciences,Queens University,Waitlisted,98.3,98.5,,,98.7,,,,15/05/2024,,Canada,Canada,Ontario,u/mortalitymk,,
1255,,231,Waterloo CS,University Of Waterloo,Rejected,85,90,90,90,92,,,,24/05/2024,,Canada,Canada,British Columbia,/r/strange-routine,,
1256,,WWH,Mechanical Engineering (Co-op only),University Of Waterloo,Rejected,92,91,,,92,,,,16/05/2024,,Canada,Canada,Ontario,no reddit :(,foxfellapart,
1257,,YBA,York University - Business Administration (BBA),York University,Accepted,87,94,,,94,,,17/11/2023,08/05/2024,"$2,500 ",Canada,Canada,Ontario,kriddik,kriddik,
1258,,BMOS,Western University - MN: Management & Organizational Studies,Western University,Accepted,87,94,,,94,,,17/11/2023,16/05/2024,1500,Canada,Canada,Ontario,kriddik,kriddik,
1259,,WWH,Mechanical Engineering,University Of Waterloo,Rejected,96.25,94.6,94.5,,94.5,,"FRC, STEM Club exec",16/02/2024,15/05/2024,,Canada,Canada,Ontario,N/a,,
1260,,ED,MN: Management & Organizational Studies (Management & Legal Studies),Western University,Waitlisted,81.8,90.4,,,90.4,,,,15/05/2024,,Canada,Canada,Ontario,Summavit,,
1261,,MZ,Mathematics and Statistics I,McMaster University,Accepted,81,88.66,,,87.5,,,03/11/2023,10/05/2024,No,China,Canada,Ontario,BillyXu3057,,
1262,,EW,Health Sciences,Western University,Waitlisted,83,92.7,93,,92.7,,,15/12/2023,16/05/2024,,Canada,Canada,Ontario,josh87673,,
1263,,WSV,Science and Aviation,University Of Waterloo,Accepted,97.25,95,95,95,96.66,Chem 13 News - Top 175 North America,Air Cadets - Power Pilot Training Course,08/11/2023,01/12/2023,President's Scholarship of Distinction,Canada,Canada,Ontario,MapleKerman,maple_mk,
,,,,,,,,,,,,Transport Canada PPL,,,,,,,,,
1264,,TMS,Social sciences,University of Toronto Mississauga,Accepted,0,81,81,,"BBB4M: 90, CLN4U: 89, Eng4u: 74, mhf4u: 77, mcv4u: 79, mdm4u: 79",N/a,N/a,22/01/2024,06/05/2024,Nope,Hong Kong,Canada,Ontario,Pete_w0301,None,I don't have g11 score as i come here in 1st year
1265,,TE,Electrical Engineering,University of Toronto,Deferred,89.25,92.2,90,,92.2,,Alot of STEM related ecs and some volunteering at hospitals,21/09/2023,17/05/2024,No clue,Canada,Canada,Ontario,No,No,Deffered to Mineral
1266,,WMT,Mechatronics Engineering,University Of Waterloo,Accepted,97,95,94,,95,,FRC and started a youth STEM camp,17/01/2024,14/05/2024,2000,Canada,Canada,Ontario,suoace,neoaces,
1267,,TTM,Mechanical Engineering,University of Toronto,Accepted,96,96,95,,96,,,22/11/2023,17/05/2024,no,Canada,Canada,Ontario,Consistent_Mail_9873,,
1268,,WCS,CS,University Of Waterloo,Rejected,96,95,94,,95,,,,13/05/2024,,Canada,Canada,Ontario,Xit,,
1269,,WCS,Computer Science,University Of Waterloo,Accepted,97,98,,,98,"SAT, Waterloo contest scores","Sports, volunteering, projects, leadership",14/11/2023,07/05/2024,5k,Canada,Canada,Ontario,u/No-Illustrator1825,,
1270,,YFK,York University - Teacher Education: Liberal Arts & Professional Studies (Concurrent BEd: Choose from subject list) (Spec. Hons. History),York University,Accepted,50,82,,93,93,n/a,supplemental application + reference letters. wrote my personal statement on my experience being disabled in the education system. 100+ volunteer hours,28/12/2023,08/05/2024,entrace scholarship of 2.5k,Canada,Canada,Ontario,ok_hearing910,dm on reddit if u want it!,feel free to reach out if youre also going into teaching :3
1271,,WC,Honours Chemical Engineering (co-op),University Of Waterloo,Accepted,93,94,95,,94,n/a,1000+ volunteer hours,,13/03/2024,"$2,000 ",Canada,Canada,Ontario,Certain_Recipe1270,,
,,,,,,,,,,,,Scout leader/volunteer,,,,,,,,,
,,,,,,,,,,,,National Polish Writing Award,,,,,,,,,
,,,,,,,,,,,,Math Tutor,,,,,,,,,
,,,,,,,,,,,,Student Council,,,,,,,,,
1272,,ESM,MN: Medical Sciences (BMSc and BSc) (),Western University,Accepted,79.4,89,94,,93,,,26/11/2023,16/05/2024,3500,Canada,Canada,Ontario,Training-Kangaroo352,.spexzy,
1273,,WWJ,Computer Engineering,University Of Waterloo,Rejected,85,90,92,,i aint writing allat,no,long history of sports and computer engineering awards,22/11/2023,11/05/2024,no,Canada,Canada,Ontario,PainRight9624,,
1274,,WN,Math CPA,University Of Waterloo,Accepted,85,90,92,,93,Euclid Score,,22/11/2023,18/03/2024,Principal Scholarship ($2k),Canada,Canada,Ontario,PainRight9624,,
1275,,MEC,General Engineering,McMaster University,Deferred,85,90,92,,90,,,22/11/2023,11/05/2024,,Canada,Canada,Ontario,PainRight9624,,B-Tech
1276,,QE,General Engineering,Queens University,Waitlisted,85,90,92,,90,,,22/11/2023,10/05/2024,,Canada,Canada,Ontario,PainRight9624,,LET ME INNNN
1277,,MZ,Math & Statistics (Mathematics and Computer Science),McMaster University,Accepted,83,92,93,,92,,,22/11/2023,01/02/2024,,Canada,Canada,Ontario,PainRight9624,,
1278,,WNT,Nanotechnology Engineering (Co-op only),University Of Waterloo,Accepted,94.3,96.6,,,97.2,"AP Exam Scores: Physics 1: 4, Chemistry: 3",MEDLIFE event organizer which raised over $350 for the charity organization.,21/11/2023,13/03/2024,$2000 President's Scholarship,Canada,Canada,Ontario,Electronic7654,electronic7654,
1279,,TI,Industrial Engineering with PEY coop,University of Toronto,Accepted,95.6,95,95.1,,95,N/A,"normal volunteering experience (e.g. tutor, community event coordinator)",05/11/2023,14/03/2024,"$2,000 ",Canada,Canada,Ontario,N/A,N/A,"The recruitment officer told me extra curricular and interview is crucial, got cooked from both but still got the offer. Perhaps it really doesn't matter as long as you got the marks?"
1280,,WXY,Accounting and Financial Management (Co-op),University Of Waterloo,Accepted,82.5,91.5,,,89,,,31/10/2023,05/04/2024,"$2,000 ",Canada,Canada,,n/a,,
1281,,TM,Mechanical Engineering PEY co-op,University of Toronto,Accepted,95.2,94,93,,93.4,N/A,"Had my art in several galleries, president of student gov., captain of sports team, part time coach, helped develop science related exhibits at a musem",01/12/2023,17/05/2024,Not yet,Canada,Canada,Ontario,N/A,,
1282,,QC,Commerce,Queens University,Accepted,89,93,94,,94,,,,15/05/2024,,Canada,Canada,Ontario,anemone,,
1283,,Forgotten rn,Ibsc computer science including co-op,York University,Accepted,89,91,92,,92,,,23/01/2024,04/05/2024,No,Canada,Pakistan,Lahore,Ahmed salman,,
1284,,i am not sure,Waterloo for computer science,University Of Waterloo,Accepted,63.3,32.1,90.4,22.3,32.3,"AP Computer Science, AP Psych, AP Art History, 2 on each",im a teen father of 2. I transed my gender in 2013. Early onset prostate cancer. Anal prolapse.,01/01/2024,20/04/2024,"yes, full ride scholarship. D1 basketball offer (5'3"" btw)",Azerbaijan,Canada,Yukon,u/sunset-dreams2,munkey,HELP!
1285,,ML,Social Science 1,McMaster University,Accepted,86,95,93,,95,,,13/12/2023,30/03/2024,,Canada,Canada,Ontario,Want to remain anonymous,,
1286,,MEC,Engineering I (Co-op),McMaster University,Accepted,93.83,94,,,93.33,,,12/11/2023,07/03/2024,No,Canada,Canada,Ontario,_ItsumI__,skill.issuetbh,"I don't know if it makes a difference, but I chose all AP courses (except for english)"
1287,,TCS,Computer Engineering (PEY Co-Op Option),University of Toronto,Deferred,94.75,97.5,95,,97,Waterloo Math and Science Contests,"DECA Executive, VP of Training",18/11/2023,17/05/2024,Nah,Canada,Canada,Ontario,MetalStriker,,DEFERRED TO ELECTRICAL ENGINEERING
,,,,,,,,,,,,Restarted our school's chapter,,,,,,,,,
,,,,,,,,,,,,Remade all training materials and trained 100+ competitors,,,,,,,,,
,,,,,,,,,,,,Got a good chunk to make it to provincials,,,,,,,,,
,,,,,,,,,,,,,,,,,,,,,
,,,,,,,,,,,,I was in Robotics Club (when my school had it),,,,,,,,,
,,,,,,,,,,,,,,,,,,,,,
,,,,,,,,,,,,Lots of projects,,,,,,,,,
,,,,,,,,,,,,Created a robot from scratch that would help find survivors and help them out of rubble in natural disasters (prototype),,,,,,,,,
,,,,,,,,,,,,Created a pokemon rip-off,,,,,,,,,
,,,,,,,,,,,,Created a game with a team of people that had like 2000 downloads,,,,,,,,,
,,,,,,,,,,,,Currently trying to make a mobile fitness app that gamifies going to the gym,,,,,,,,,
,,,,,,,,,,,,,,,,,,,,,
,,,,,,,,,,,,"Waterloo Math + CCC competitions (no distinction, all average)",,,,,,,,,
,,,,,,,,,,,,Waterloo Avogadro Competition DISTINCTION,,,,,,,,,
,,,,,,,,,,,,,,,,,,,,,
,,,,,,,,,,,,Three years of tutoring experience,,,,,,,,,
,,,,,,,,,,,,"Tutored math to Grade 7's and 8's, also for 9-11's",,,,,,,,,
,,,,,,,,,,,,Created lessons for my school's computer club and presented them once a week to help them be introduced to CS and create a good foundation,,,,,,,,,
,,,,,,,,,,,,,,,,,,,,,
,,,,,,,,,,,,"Founded my school's first ever hackathon with all costs provided by the school (everyone got prizes, cash prize for top 3, lunch provided, etc)",,,,,,,,,
1288,,WZ,western bmos (no ivey),Western University,Accepted,83,93,91,,93,,,20/04/2024,07/05/2024,$3500 automatic entry scholarship,Canada,Canada,Ontario,dont have an account,,
1289,,WP,Honours Planning (Co-op),University Of Waterloo,Accepted,93.3,95.7,95,,93.5,,,13/11/2023,30/11/2023,$2000 Faculty of Environment Scholarship + $2000 President's Scholarship of Distinction,Canada,Canada,Ontario,none,,
1290,,SUP,Urban and Regional Planning,Toronto Metropolitan University,Accepted,93.3,95.7,95,,93.5,,,13/11/2023,18/01/2024,"$3,000 entrance scholarship if I can maintain my average, $1,500 if it drops",Canada,Canada,Ontario,none,,
1291,,999,j,McMaster University,Deferred,4,4,,,99,,,,23/05/2024,,Canada,Canada,,u,,
1292,,MEC,Engineering 1 CO-OP,McMaster University,Accepted,92.3,93.3,91.6,,93.3,,just a good sup app talked about diversity,11/11/2023,08/05/2024,,Canada,Canada,Ontario,anonymous,,
1293,,WSF,Sustainability and Financial Management,University Of Waterloo,Accepted,94,87,88,,85,,Find LinkedIn for details @Danyal Zaidi,15/11/2023,05/04/2024,1k,Canada,Canada,Ontario,Corny Lobster,Danyalzzz,
1294,,WXY,Accounting and Financial Management (Co-op only),University Of Waterloo,Accepted,93.5,93.3,92,,93.6,,"ArtCo Co-Pres, SHAD attendee, National and International Awards in Art Competitions",16/02/2024,08/03/2024,Automatic Entrance Scholarship (2000) and financial aid (5000 first year),Canada,Canada,Ontario,jaziblue,,
1295,,WXY,Accounting and Financial Management (Cooperative Program Only),University Of Waterloo,Rejected,76,93,93,,"92,5",,"- Only had volunteer experience, I mentioned my social media page (sports related) in the AIF though I did not go over that in the SAF interview.",03/01/2024,17/05/2024,No,Canada,Canada,Ontario,u/TheLostMintedDenied,.lecraft,
1296,,SAB,Computer Science (Co-op available),Toronto Metropolitan University,Accepted,81,89,90,,89,,,12/12/2023,16/05/2024,,Canada,Canada,Ontario,Jinjle,mr.gaming,
1297,,TPG,University of Toronto - Physical & Mathematical Sciences - St. George Campus,University of Toronto,Rejected,84,88.9,90,,89.7,,,02/11/2023,22/05/2024,,Canada,Canada,Ontario,linlotto_,,
1298,,QC,commerce,Queens University,Accepted,89,91,92,,91,,,15/01/2024,04/04/2024,,Canada,Canada,Ontario,Square_Year6853,,Only that you don't need 95 plus to get into great programs!
1299,,CHS,Health Science,Carleton University,Accepted,78,90.66,90,,90.66,,,05/11/2023,01/05/2024,$2000 entrance scholarship,Canada,Canada,Ontario,i dont have one,i dont have one,nope
1300,,OUN,Biomedical Sciences,University of Ottawa,Accepted,78,90.66,90,,90.66,,,,23/05/2024,,Canada,Canada,Ontario,i dont have one,i dont have one,i dont have one
1301,,MV,McMaster University - Honours Kinesiology,McMaster University,Accepted,85,90,88,,92,,Coach,23/11/2023,07/05/2024,no,Canada,Canada,Ontario,Dont have,totally_tofu,
1302,,QEC,Computer Engineering or Electrical Engineering,Queens University,Waitlisted,87.7,88.3,86,,88.3,,,,15/05/2024,,Canada,Canada,Ontario,imortaldragon06,,
1303,,SCE,Computer Engineering,Toronto Metropolitan University,Accepted,92,90,91,,90,,,05/11/2023,23/05/2024,Entrance Scholarship,Canada,Canada,Ontario,BornSpecialist1051,,
1304,,TMZ,"Computer Science, Mathematics & Statistics",University of Toronto,Waitlisted,88,87,89,,"Calc - 88, Physics - 75, Business Leadership - 96, Summer school comp. sci. - 100, english - 88, advanced functions - 86",None,Summer school grade was inflated,24/10/2023,24/05/2024,No,Canada,Canada,Ontario,None,None,None
,,,Co-op,,,,,,,,,,,,,,,,,,
1305,,SIQ,Industrial Engineering,Toronto Metropolitan University,Accepted,85,82.67,85.67,,82.67,0,0,,05/05/2024,,Canada,Canada,Ontario,nothanks,,
1306,,TTM,Materials Engineering (including PEY Co-op option),University of Toronto,Deferred,92.75,96.33,,,94.33,n/a,sports for 10 years,29/11/2023,17/05/2024,,Canada,Canada,Ontario,WhyMeFine,imdragi,Deferred into Mechanical Engineering (including PEY Co-op option) because I had a change of heart in January...
1307,,OUAC,Computer Science,University Of Waterloo,Accepted,75,99,93,,94,Euclid - 95,Worked For FBI Internship 2023,25/12/2023,06/05/2024,"Entrance Scholarship, Entrance Awards Designated to Black Students",Canada,Canada,Ontario,ethanstewie30,,Good luck to everyone applying !!! :3
,,,,,,,,,,,CSMC - 59,Founded Minecraft Club at School,,,,,,,,,
,,,,,,,,,,,CCO - Participated,SHAD,,,,,,,,,
,,,,,,,,,,,CCC Senior - 69,League of Legends Leaderboard Player ($50k earnings),,,,,,,,,
,,,,,,,,,,,,Track & Field Runner (World Record for 400m),,,,,,,,,
,,,,,,,,,,,,D1 Athlete (Basketball),,,,,,,,,
,,,,,,,,,,,,Won Talent Show (Played Titanic Theme Song),,,,,,,,,
,,,,,,,,,,,,Built an F1 Car (In Roblox),,,,,,,,,
,,,,,,,,,,,,Hosted George Floyd Protests,,,,,,,,,
1308,,MEC,Engineering I (Co-op) (Materials Engineering (co-op only)),McMaster University,Accepted,92.75,96.33,,,94.33,,,01/12/2023,07/03/2024,,Canada,Canada,Ontario,WhyMeFine,imdragi,
1309,,BWS,Gender Studies,Brock University,Accepted,69.69,96.6,97,97,97,STDs test - passed,1st in global eating competition,06/11/2023,21/02/2024,No,Uganda,Uganda,Wakanda,u/ligmaballz,sagani gadik,idk why waterloo rejected me bruh some wasteyute with low 90s got in cuz he glazed a teacher to give him a club exec wallahi i deserve it more than that jit on my mama id smoke him next time i see him fam
,,,,,,,,,,,COVID-19 - failed,record holder for fastest ejaculation,,,,,,,,,
,,,,,,,,,,,drivers license - passed 3rd time,record holder for most STDs infected,,,,,,,,,
1310,,TAC,Rotman Commerce,University of Toronto,Accepted,81.7,91.7,90,,92,No,"Varsity swim team captain, volunteer leader for cultural events",30/01/2023,24/05/2024,Didn't apply,Canada,Canada,Ontario,Ok_Contest_3797,bonny9876,Goodluck to everyone else still waiting!!
1311,,DEN,Nuclear Engineering (Co-op),Ontario Tech University,Accepted,96.6,93.2,92,,97,,,,27/11/2023,Yes,Canada,Canada,Ontario,u/Nulled_anomalie,sparklyswirl,
1312,,TAC,Rotman Commerce,University of Toronto,Rejected,92,93,92,92,94.33,N/A,"Co-Pres & Founder of FBLA Chapter, Part of two non-profit organization as an exec level role, SAC Finance Exec, Grade 11 DECA Provincials Top 10 , part of 3 varsity sports, Student coach for the junior badminton team",28/12/2023,22/05/2024,Nope,Canada,Canada,Ontario,Illustrious-Piece-49,Shaurya54321,None
1313,,TLG,Life Sciences (including Psychology) - St. George Campus,University of Toronto,Accepted,91.75,90.5,92,,90.5,,No,,24/05/2024,,Canada,Canada,Ontario,n/a,kendoog12,
1314,,TXC,UTSC CO-OP CS,University of Toronto,Accepted,92.375,96.3,96,,96.3,,,11/01/2024,24/05/2024,3k entrance,Canada,Canada,Ontario,kidoRPG,kido._.,"It's all about the grades; I really don't think any other factor plays part. My grade break down is 100 business, 98 leadership, 88 eng, 99 cs, 95 adv func, 98 calc, 96 data. data wasn't in my top 6."
1315,,TAD,Computer Science - St. George Campus,University of Toronto,Accepted,96,95.71,95,,96.5,,,11/11/2024,15/04/2024,No :(,Canada,Canada,Ontario,u/0NCEbot,oncebot,wow
1316,,TXC,Computer Science (co-op),University of Toronto,Accepted,95,95.7,95,,96.5,,,11/11/2023,24/05/2024,"$3,000 ",Canada,Canada,Ontario,u/0NCEbot,oncebot,what.
1317,,WCS,Waterloo CS w/ co-op,University Of Waterloo,Deferred,97.67,99.75,99.67,,99.67 (midterm),"did not do IB, learnt AP Calc BC, AP phys 1, AP CS A in the summer but didn't write any of the exams because it was too late","2 research papers in ML written (supervised learning + deep learning), one is accepted but I opt-ed out of publishing (too expensive)",23/10/2023,13/05/2024,No,Canada,Canada,Ontario,StupidRat274,snarkatude,Deferred to geomatics... but received 10k + 2k + 5k entrance scholarships/bursaries for math co-op
,,,,,,,,,,,,co-founded a grade 12 study club at my school,,,,,,,,,received 2.5k + 2k + 5k entrance scholarship for UW CE
,,,,,,,,,,,,Lead treasurer at student council,,,,,,,,,hoping to transfer into SE in 1B!
,,,,,,,,,,,,co-captain for REACH for the top (trivia) club for 2 years (did not win regionals),,,,,,,,,
,,,,,,,,,,,,"played goalie at school's varsity soccer (due to issues with registration we couldn't play against other schools this season, so it was discontinued)",,,,,,,,,
,,,,,,,,,,,,"15+ hours a week in music extracurriculars (senior wind ensemble, concert choir, jazz band, male choir, music council, junior concert band) for consistent 3 years",,,,,,,,,
,,,,,,,,,,,,mentioned 1 specific software I built and maintained for 3 years to promote learning among youth,,,,,,,,,
,,,,,,,,,,,,volunteered at basketball camp for 3 hours/week for the entirety of grade 11,,,,,,,,,
,,,,,,,,,,,,tutored python at a tutoring organization for 50+ students,,,,,,,,,
,,,,,,,,,,,,"was a recognized ""peer leader"" at my district school board since grade 10",,,,,,,,,
,,,,,,,,,,,,did a STEM summer camp with Renison University College (on UWaterloo campus),,,,,,,,,
,,,,,,,,,,,,managed a sponsorship event at my church for a year,,,,,,,,,
,,,,,,,,,,,,CSMC Honour roll,,,,,,,,,
,,,,,,,,,,,,Hypatia Honour roll,,,,,,,,,
,,,,,,,,,,,,Qualified for AIME,,,,,,,,,
,,,,,,,,,,,,Cayley Honour roll,,,,,,,,,
,,,,,,,,,,,,COMC 53,,,,,,,,,
,,,,,,,,,,,,Euclid 78,,,,,,,,,
,,,,,,,,,,,,CCC Sr distinction x2,,,,,,,,,
,,,,,,,,,,,,CCC Jr Honour rolll,,,,,,,,,
,,,,,,,,,,,,Fermat distinction,,,,,,,,,
,,,,,,,,,,,,9x school medal champions in uwaterloo contests,,,,,,,,,
1318,,WSO,Software Engineering (Co-op only),University Of Waterloo,Rejected,85,92,92,,92,,National level athlete: swimming,11/01/2024,15/05/2024,,Canada,Canada,Ontario,thiccbootyboy,Darkest#6452,
1319,,TXU,Statistics (co-op) - U of T Scarborough,University of Toronto,Accepted,84.3,88.9,89,,89.7,,,12/12/2023,24/05/2024,$1000 Entrance Scholarship,Canada,Canada,Ontario,linlotto_,,
1320,,TXS,Mathematics CO-OP,University of Toronto,Accepted,88.67,88.83,87,,85-89,n/a,n/a,19/12/2023,24/05/2024,"$1,000 ",Canada,Canada,Ontario,u/TwistEarly9339,n/a,
1321,,TXC,UTSC Co-op Computer Science,University of Toronto,Deferred,88,93,92,,93,,,12/01/2024,24/05/2024,$2000 entrance scholarship,Canada,Canada,Ontario,just a reddit lurker,,deferred to my alt choice which was statistics
1322,,TAX,Social Sciences,University of Toronto,Accepted,83,88,,,92,,,,24/05/2024,,Canada,Canada,Ontario,u/SushiZeddot,,
1323,,TPG,Physical & Mathematical Sciences,University of Toronto,Accepted,81,87,,,90,,Jr Male Athlete of the Year 2021-2022,12/01/2024,24/05/2024,No,Canada,Canada,Ontario,Funny-Sprinkles-9568,Deranged#5407,
1324,,WWF,Electrical Engineering (Co-op only),University Of Waterloo,Rejected,96,96.8,96.8,,96.8,,"Mostly math contests, wrote a 55k word novel.",23/11/2023,15/05/2024,,Canada,Canada,Ontario,"warcraftisgood (account banned for some drama on league of legends, i use discord though)",warcraftisgood,
1325,,MEC,Engineering I (Co-op),McMaster University,Accepted,95,92,94,,93,,STEM Fellowship Chapter Head,14/10/2023,04/03/2024,,Canada,Canada,Ontario,don't have one lol,,
1326,,WCF,Computing and Financial Management,University Of Waterloo,Accepted,91,95.8,96.33,,96.3,"APCSA, APCalcAB","Hack the North 2023, CS Club President, Won a MLH hackathon, DMOJ expert ranking, swe intern in the g11 summer",10/01/2024,15/05/2024,2k Entrance Scholarship & 2.5k hong kong scholarship,Hong Kong,Canada,Ontario,allenng321,allenng321,how tf i got in
1327,,WD,Systems Design Engineering,University Of Waterloo,Accepted,91,95.33,95,,95.3,"APCSA, APCalcAB","Hack the North 2023, CS Club President, Won a mlh hackathon, swe intern during g11 summer, dmoj expert ranking",10/01/2024,12/03/2024,"2k entrance scholarship, 2.5k hong kong scholarship",Hong Kong,Canada,Ontario,allenng321,allenng321,"good aif, alright interview"
1328,,EE,Software Engineering (co-op optional),Western University,Waitlisted,78,80,79,,80,,,13/11/2024,13/05/2024,,Canada,Canada,Ontario,AmbitiousAd (i don’t know the numbers sorry),,
1329,,none,none,none,Deferred,1,1,1,1,1,n,none,,09/05/2024,no,Canada,Canada,none,none,nonen,none
1330,,TAC,Rotman Commerce,University of Toronto,Rejected,83,93,91,,93,no,,25/10/2023,27/05/2024,,Canada,Canada,Ontario,dont have account,,
1331,,TSM,UTSC Management (BBA),University of Toronto,Accepted,83,93,91,,93,,,25/10/2023,24/05/2024,automatic entry scholarship,Canada,Canada,Ontario,dont have an account,,
1332,,TME,UTM Commerce,University of Toronto,Accepted,83,93,91,,93,,,25/10/2023,24/05/2024,automatic entry scholarship,Canada,Canada,Ontario,dont have acc,,
1333,,GL,Landscaoe architecture,University of Guelph,Accepted,78,90,88,,90,,"Greenhouse co-op, environmental non-profit volunteer, and culture club",25/03/2024,24/05/2024,No,Canada,Canada,Ontario,liller_paper_boat,,
1334,,TAC,University of Toronto - Rotman Commerce - St. George Campus,University of Toronto,Accepted,87,93.66,,,93.66,,"deca, ja",17/11/2023,24/05/2024,i dont even know,Canada,Canada,Ontario,kriddik,kriddik,
1335,,UB,Batchelor of Buisness Administation,Wilfrid Laurier University,Accepted,89,95,93,,"90, 85, 95, 95, 96, 98",,,19/11/2023,09/01/2024,"Yes, $4,000 a year",Canada,Canada,Ontario,dont have account,,
1336,,TAC,University of Toronto - Rotman Commerce - St. George Campus,University of Toronto,Rejected,91,95.7,95,,95.7,,Starting a business,,27/05/2024,,Canada,Canada,,theo_b_20,,
1337,,TB,UofT Chemical Engineering,University of Toronto,Accepted,90,95.5,95.5,,95.5,,,,24/05/2024,,Canada,Canada,,my google acc,,
1338,,WD,Systems Design Engineering (Co-op only),University Of Waterloo,Accepted,97,95.3,95,,96,,,02/11/2023,12/03/2024,No,Canada,Canada,Ontario,i don’t have a reddit username but my discord is timber556,timber556,
1339,,N/A,Bachelor of Science,University of British Columbia,Accepted,95,94,95,,95.3,,"Shad, national and international-level synchronized skating, JA company of the year, music outside of school",08/12/2023,10/04/2024,No,Canada,Canada,Ontario,peppermint_3673,,
1340,,UW,BBA,Wilfrid Laurier University,Accepted,70,94,90,90,94,,,27/05/2024,28/05/2024,,Canada,Canada,Ontario,goodbye,,
1341,,OUM,Honors in Biopharmaceutical Sciences,University of Ottawa,Accepted,88,86,89,,85,"AP Chem, English, and Capstone",,03/01/2024,29/04/2024,"$1,000 ",Canada,Canada,Alberta,accentedlemons,,
1342,,QS,Honors Biochemistry,Queens University,Accepted,88,86,89,,85,"Ap Chem, English, and Capstone",,12/02/2024,28/05/2024,,Canada,Canada,Alberta,accentedlemons,,Waitlisted then accepted
1343,,idk,Civil Engineering,York University,Accepted,75,89.5,91,,89.5,,,27/12/2023,13/03/2024,YES,Canada,Canada,Ontario,it a secret :) but my marks are legit,,
1344,,MRS,Honours Medical Radiation Sciences,McMaster University,Accepted,91.5,92,90,,92,,,23/11/2023,08/03/2024,2000 entrance scholarship,Canada,Canada,Ontario,niceusername1019,mars07551,
1345,,N/A,Ivey AEO,Western University,Accepted,86,91,85.75,85.75,91,,"Unpaid intern at politician's office, multiple club exec positions (including founder+president), community volunteering at daycare/teaching assistant",15/01/2024,28/05/2024,,Canada,Canada,Ontario,bzdds520,,"Got impressive applicant email April 5, Western offer May 16 ggs"
1346,,CC,Commerce (regular and co-op),Carleton University,Accepted,83.14,84.75,,,83.33,,,19/11/2023,10/01/2024,,China,Canada,Ontario,Looksomewherelese,,
1347,,COD,Computer Science – Honours (regular and co-op),Carleton University,Accepted,93.25,94,,,95,,"Robotics, Technovation",07/10/2024,17/11/2024,Yes,Canada,Canada,Ontario,u/iamizzyLmao,,
1348,,TAX,Social Sciences,University of Toronto,Accepted,94.875,95.42,95,95,95.83,,,06/11/2023,22/02/2024,Nope,Canada,Canada,Ontario,HiThisReddit,thatguythattime,
1349,,WWJ,Computer Engineering Co-op,University Of Waterloo,Rejected,90,95.3,95,,95.3,,Competitive swimming and freelancing,29/11/2023,16/05/2024,no,Canada,Canada,Ontario,BadBadBoss,BadBadBoss,
1350,,OUAC,Electrical Engineering Co-op,University Of Waterloo,Accepted,94,98,98,98,98,,OFSAA AA Basketball,15/11/2023,17/03/2024,2000$,Canada,Canada,Ontario,N/A,tim3728,
,,,,,,,,,,,,FIRST Robotics,,,,,,,,,
1351,,SCE,Toronto Metropolitan University - Computer Engineering (Co-op available),Toronto Metropolitan University,Accepted,78,88.8,90,0,idk,n/a,Marks only,17/11/2023,02/05/2024,,Canada,Canada,Ontario,u/rishnu77,,
1352,,101,Mechanical Engineering (Co-op only),University Of Waterloo,Accepted,95,94,93,,94.5,no,no,22/10/2023,12/03/2024,2k University of Waterloo President's Scholarship,Canada,Canada,Ontario,Derpsterbro666,,
1353,,GZ,All Other Majors(Physics (co-op optional)),University of Guelph,Accepted,87,86,86,,86,,"STEM Camp Counsellor, Guelph Science Olympics 2018-2019",07/01/2024,18/03/2024,No,Canada,Canada,Ontario,u/insuphicient,,
1354,,MEC,Engineering I (Co-op) (Software Engineering (co-op only)),McMaster University,Accepted,95,95.3,93,,99 98 98 95 90 92,CSMC / Euclid / Avagadro Exam,Developed facial recognition app to track attendance.,25/12/2023,07/03/2024,Yes 3K,Canada,Canada,Ontario,Don’t have one.,,Rejected: Waterloo CS / SE / CS/BBA and UFT CS
,,,,,,,,,,,,Organized a hackathon for middle schoolers at my school.,,,,,,,,,CS Deferred to geomatics.
,,,,,,,,,,,,Judged students presentation as part of the engineering Fridays club.,,,,,,,,,UFT CS Deferred to Life Sci
,,,,,,,,,,,,,,,,,,,,,UFT engineering waitlist.
1355,,YD,Design,York University,Accepted,81.1,89,90,,92.1,,,,21/02/2024,Yes,Canada,Canada,Ontario,u/schwlag,,
1356,,MNS,Honours Health Sciences I,McMaster University,Accepted,96,95.7,97,,96,,,,09/05/2024,"$1,000 ",Canada,Canada,Ontario,N/A,,
1357,,OCG,Civil Engineering Co-op,Toronto Metropolitan University,Accepted,83,82,82,83,81,n/a,"Math club, chess club, outdoors club",04/01/2024,25/05/2024,no,Canada,Canada,Ontario,nope,nope,nope
1358,,WM,Mathematics Honours Co-op,University Of Waterloo,Accepted,80,92.3,,,92.3,Didn't write euclid,Ovs english,15/11/2023,06/05/2024,"$2,000 ",Canada,Canada,Ontario,Responsible-Age-9407,,
1359,,TLG,Life Sciences,University of Toronto,Accepted,88.8,91.6,,,91.6,,I do lifeguarding,,18/03/2024,no,Canada,Canada,Manitoba,I dont have a reddit account,,
1360,,SCE,Computer Engineering (Co-op available),Toronto Metropolitan University,Accepted,93.67,93.86,93,,ENG4U1 - 88; MHF4U1 - 94; SPH4U1 - 98; [Grade 11] SCH3U1 - 96; MCR3U1 - 96; ICS3U1 - 94,,,,16/01/2024,,Canada,Canada,Ontario,u/sppeeeeeeeeeedy,,
1361,,TK,Engineering Science,University of Toronto,Accepted,95.75,97,96,,96,"4 AP CALC BC, 5 AP STAT, 5 AP CSA","engineering internship, FRC",07/11/2023,17/05/2024,2k entrance,China,Canada,Ontario,I dont use reddit.,un.motivated,
1362,,WXY,Accounting and Financial Management (Co-op),University Of Waterloo,Accepted,89,92.5,,,92.5,,,,02/03/2024,,Canada,Canada,Ontario,Any_Big_4630,,
1363,,QEC,Computer Engineering or Electrical Engineering - Innovation - including optional internship (BASc) (Electrical Engineering),Queens University,Waitlisted,92,93,92,,92.5,,,13/11/2023,15/05/2024,,Canada,Canada,Ontario,Kindly-Track-2922,,
1364,,MV,Honours Kinesiology,McMaster University,Accepted,92,90.7,87,,90.7,,,,18/05/2024,,Canada,Canada,Ontario,throwaway acc,,
1365,,OBE,Computer engineering,University of Ottawa,Accepted,80,88,88,,88,,,14/11/2023,01/05/2024,1k entrance,Canada,Canada,Ontario,Boltbeastreal,,
1366,,WAB,Honours Arts and Business Coop,University Of Waterloo,Accepted,80,79,83,,85,No,"Intern at Tech company, and financial service company. Work and publish essay on official website for volunteer work",25/11/2023,07/05/2024,Merit Scholarship,Canada,Canada,Ontario,U/Gluttony_Goblin,florence8212,Not deferred
1367,,n/a just to show off,Harvard Economics,Harvard,Accepted,98.85,98.62,98,97,98.62,sat: 1590 act: 35,"Cs internship at Uoft,",22/09/2023,15/03/2024,no,Canada,Canada,Ontario,NOOOOOOO,NOOOO,NOOOO
1368,,n,n,University Of Waterloo,Accepted,8,8,9,8,8,,,,26/05/2024,,Canada,Canada,Ontario,bn,,
1369,,WCS,Computer Science Honours Co-op,University Of Waterloo,Accepted,91.17,95.55,95.55,95.55,98.17,,"IB program. Led 3 clubs at school, participated in many business and math competitions.",08/11/2023,08/05/2024,$2000 entrance scholarship,Canada,Canada,Ontario,ducksonwastaken,ducksonn,
1370,,Forget,Digital Enterprise management (ccit) ((co-op)) UTM,University of Toronto,Accepted,85,80.5,78,80,78.3,"1 OVS Advanced func mark , one external music mark","Won 2 awards, had a job, volunteer",11/01/2024,23/05/2024,Nah,Canada,Canada,Ontario,ilycvx,,"last day of admission i got in, I think i got lucky tb h"
1371,,GHR,Real Estate,University of Guelph,Accepted,87,86,,,86,,,,06/05/2024,,Canada,Canada,Ontario,Smartiepants,,
1372,,QEC,Computer Science + Co-op,Queens University,Accepted,88,90,90,87,92,AP CS Principles,"Student Council, Varsity Sports x4",01/01/2024,01/04/2024,No,Canada,Canada,Manitoba,HuntressHatchet,tarkovs,no
1373,,N/A,"Biological, Biomedical & Life Sciences",McGill University,Rejected,94.4,93,93,,93,N/A,N/A,03/11/2023,30/05/2024,N/A,Canada,Canada,Ontario,Original_Okra_127,,I'm an Ontario resident/student but applied using a relative's Quebec address
1374,,QB,Arts/Education (Concurrent) (BAH/BEd),Queens University,Accepted,90,93,93,93,93,,,04/12/2023,06/03/2024,no,Canada,Canada,Ontario,Blueologist,,
1375,,OUS,UO: Chemistry COOP,University of Ottawa,Accepted,84.3,71,77,77,75,,,20/12/2023,09/01/2024,1800,Canada,Canada,Ontario,N/A,N/A,Weirdly stressful class enrollment
1376,,Idk,Health Science,Langara in BC!!!!,Accepted,69.42,75,72,,71,AP 2 in Calc AB!!!!,Started mewing club,,04/06/2024,Nah,Canada,Canada,British Columbia,Confidential,Yeet,Yeet
1377,,OUAC,H,University of Ottawa,Deferred,89,86,87,,87,,,,01/08/2024,,Canada,Canada,Ontario,Bud,,
1378,,QE,Queen's University - Engineering - Common First Year - including optional internship (BASc) [COMMITTED],Queens University,Accepted,91,94,95,,95.6,,"Nothing insane; founded a club, did some volunteering, participated in various things",23/11/2023,14/05/2024,"$6,500 one-time",Canada,Canada,Ontario,N/A,dolfies,
1379,,TAD,University of Toronto - Computer Science - St. George Campus,University of Toronto,Deferred,92,95.6,95,,95.6,,,23/11/2023,25/05/2024,,Canada,Canada,Ontario,N/A,dolfies,Deferred to math and physical sciences
1380,,TEO,"University of Toronto - TrackOne, Undeclared Engineering (including PEY Co-op option) - St. George Campus",University of Toronto,Waitlisted,92,95.6,95,,95.6,,"Nothing insane; founded a club, did some volunteering, participated in various things",23/11/2023,24/05/2024,,Canada,Canada,Ontario,N/A,dolfies,
1381,,WWJ,University of Waterloo - Computer Engineering (Co-op only),University Of Waterloo,Rejected,92,95.6,95,,95.6,,"Nothing insane; founded a club, did some volunteering, participated in various things",23/11/2023,16/05/2024,,Canada,Canada,Ontario,N/A,dolfies,
1382,,SNG,Nursing George Brown,Toronto Metropolitan University,Accepted,90,85,86,,89,,,17/12/2023,20/01/2024,i dont think so,Canada,Canada,Ontario,aloo_d,aaloo_d,
,,,Collaborative Nursing (GBC),,,,,,,,,,,,,,,,,,
1383,,TMZ,"Computer Science, Mathematics & Statistics - U of T Mississauga",University of Toronto,Accepted,87.6,92.8,90,,92.8,No,No,24/11/2023,24/05/2024,$3000 entrance scholarship,Pakistan,Canada,Ontario,AtypicalColors,,
1384,,YBA,Schulich BBA,York University,Accepted,89.6,92.6,93,,93,,,05/11/2023,21/03/2024,,Canada,Canada,Ontario,devli123,,
1385,,QC,Commerce,Queens University,Accepted,89.6,92,93,,93,,,10/11/2023,28/02/2024,,Canada,Canada,Ontario,devli123,,
1386,,ESM,Medical Sciences,Western University,Accepted,85,89,,92.5,91.8,,,13/12/2023,16/05/2024,"$3,500 ",Canada,Canada,Ontario,Connectsmoke,,
1387,,ECS,Computer Science,Western University,Accepted,86,88,89,88,88,,,16/12/2023,06/06/2024,Nope,Canada,Canada,Ontario,No_payment1900,citee,"Got waitlisted in May, got accepted June 6"
1388,,MEC,"multiple leadership roles, internship, sports teams",McMaster University,Accepted,88,94,96,95.83,95.83,no,n/a,15/12/2023,08/05/2024,3k,Canada,Canada,Ontario,dont use,,
1389,,TE,Track One Engineering,University of Toronto,Waitlisted,88,91,,,94.33,,"3 exec roles, 1 internship, volunteer at food bank, few regional stem awards",15/12/2023,23/05/2024,,Canada,Canada,Ontario,n/a,,
1390,,TXC,Co-op Computer Science,University of Toronto,Accepted,99.4,98.3,,,97.6,60/75 in CCC,"Vice president of SAC, varsity soccer, swimming team, math club president, chess and robotic club president, valedictorian",25/10/2023,27/02/2024,Yes,Canada,Canada,Ontario,Aggressive-Land3177,,
1391,,EE,Mechanical Engineering,Western University,Accepted,91,95,94,94,94,,,14/12/2022,11/05/2023,Entrance Scholarship,Canada,Canada,Ontario,Narconiix,,
1392,,STR,Mechatronics Engineering (Co-op available),Toronto Metropolitan University,Accepted,89,94,92.5,92.5,93.2 (without calc and with gr11 eng),,,15/01/2024,23/02/2024,1500 Guaranteed Scholarship,Canada,Canada,Ontario,u/Legitimate_Radish_12,TetroSushi,
1393,,TPG,"Physical and mathematical sciences, UTSG",University of Toronto,Accepted,92,90.5,89.7,,I got in before sem 2 midterms. My sem 1 average was 93.25,,,25/11/2023,22/02/2024,"International scholar scholarship ($100,000 across 4 years)",India,Canada,Ontario,squirrelcuteness,,
1394,,ESM,Medical Sciences,Western University,Accepted,89,93,92,,93,,,28/11/2023,16/05/2024,"$3,500 ",Canada,Canada,Ontario,u/Zontoro,Zontoro,
1395,,TXD,Life Sciences - Health Sciences Stream (Co-op) Field of Interest: Neuroscience,University of Toronto,Accepted,71.8,77.5,73.2,,high 70's - mid 80's,,,13/05/2024,17/06/2024,,Canada,Canada,Ontario,Leading_Upstairs_823,svshireen,
1396,,c,hh,Western University,Accepted,93.4,96.1,95.8,95.9,98.1,nnn,xx,26/05/2024,06/06/2024,Yes,Canada,Canada,Prince Edward Isalnd,c,dxca,dqom
1397,,WLS,Life science,University Of Waterloo,Accepted,94,89,90,88,91,,listed some basic extracurricular,20/11/2023,29/02/2024,no,Canada,Canada,Ontario,pusheny,pusheny,
1398,,OUAC,Mechanical engineering (Co-op),University of Ottawa,Accepted,79.5,89.8,87,,"religion 93, calculus, 93, ADV functions 87, physics 91, chem 94, english 81",,,16/12/2023,30/04/2024,1000 $ (keep an 85 avg),Canada,Canada,Ontario,glittering_Row8702,,
1399,,TAX,"Social Sciences, Field of Interest: Political Science",University of Toronto,Accepted,83,94,90,,97,,,14/01/2024,20/03/2024,no,Canada,Canada,Ontario,.,zarawr.,
1400,,TXD,Life Sciences - Health Sciences Stream (regular and co-op),University of Toronto,Accepted,77.8,87,,,"83-ENG4U, 90-MCV4U, 82-MHF4U, 83-SBI4U, 90-SCH4U, 94-PLF4M",,,30/10/2023,24/05/2024,,India,Canada,Ontario,https://www.reddit.com/u/me,,Accepted with Co-op
1401,,eqwewq,Computer Science Honours with CO-OP,University Of Waterloo,Deferred,94,95,95,95,97,,,,22/05/2024,yes,Canada,Canada,Ontario,LEBRONJAMES23_06,,
1402,,j,j,University Of Waterloo,Waitlisted,99,8,,,99,,,,04/06/2019,,Canada,Canada,,j,,
,,,,,,,,,,,,,,,,,,,,,
1403,,icu360,co op,University Of Waterloo,Accepted,55,55,55,55,55,55,55,06/06/2024,08/06/2024,55,Canada,Canada,Quebec,55,55,55
1404,,OJE,Mechanical Engineering (Co-op),University of Ottawa,Accepted,0,97,92,,97,DoPE,Mature applicant with admin and trade experience,10/06/2024,21/06/2024,3000 auto entrance based on average,Canada,Canada,Ontario,NA,,
1405,,,,,Accepted,95,90,85,95,,,,29/02/2024,29/02/2024,,,,,,,
1406,,WPS,Physical Sciences (Co-op),University Of Waterloo,Accepted,82.25,86.83,,85.67,88.67,,,15/12/2023,26/01/2024,,Canada,Canada,Ontario,PurpleRice29-_-,ramchop-_-4954,
1407,,idk,WESTERN IVEY AEO,Western University,Accepted,88,95,93,93,95,N/A,Uoft club database makjer,13/10/2023,13/04/2024,3500 entrance,Canada,Canada,Ontario,abdulin,abdulin,
1408,,QD,Queens Computing,Queens University,Accepted,82,84,79,79,79,no,,14/01/2024,30/05/2024,no,Canada,Canada,Ontario,N/A,,
1409,,S,S,E,Deferred,0,20,,,20,,,,16/07/2024,,Canada,Canada,Ontario,Gw,,
1410,,De,D,University Of Waterloo,Accepted,99,99,99,99,99,,,,02/09/2024,,Canada,Canada,Ontario,Cdncnychdhydhcdcdyh,,
1411,,CGI,B. Global & International Studies Honours (Global Politics (co-op optional)),Carleton University,Accepted,89,87.3,90,90.3,91.2,,,27/09/2023,21/11/2023,"5500- entrance scholarship, program awards, International Certificate Program Award",Canada,Canada,Ontario,Lab,,
1412,,Ifk,L,Carleton University,Accepted,22,99,,,87,,,,06/12/1999,,Canada,Canada,British Columbia,N,,
1413,,TCS,UofT (St George) Computer Engineering PEY Co-op,University of Toronto,Accepted,93.5,95,95,95,95,N/A,"placed amongst the top teams in North America for a major company's hackathon, research fellowships at a university, many exec/ trainer position at school, features on major art magazines, robotics, took the CE and CS courses at my school, lead a non profit youth group, won the Lieutenant Governor's Award",20/01/2024,14/06/2024,Dean's Merit Award - 2000,Canada,Canada,Ontario,I don't have discord,,
1414,,MN: Science,Science,Western University,Waitlisted,87,88,88,88,88,,"Leadership, CISMF, OBA, Varsity Track and Field, Community Service",16/11/2023,06/06/2024,No,Canada,Canada,Ontario,No reddit account,,
1415,,SYF,Midwifery,Toronto Metropolitan University,Accepted,80,91,91,91,91,,,,10/05/2024,Entrance scholarship,Canada,Canada,Ontario,u/Zealousideal-Row3728,,Waitlisted for interview and initial acceptance for the program came out may 10th
1416,,SNX,Nursing at TMU,Toronto Metropolitan University,Waitlisted,85.3,90,,85.16,85.16,,No extracurriculars,13/05/2024,13/06/2024,no,Canada,Canada,Ontario,"i dont have reddit, just find it vv useful and so glad i came across spreadsheet, just wishing there was more people who applied to tmu nursing on it!",,
1417,,SBS,Honours Bachelors of Science Biomedical Science,Toronto Metropolitan University,Accepted,83,89,,85,85,,no,14/01/2024,24/02/2024,no,Canada,Canada,Ontario,dont have reddit,,good luck yall
1418,,TCS,Computer Engineering (including PEY Co-op option) - St. George Campus,University of Toronto,Accepted,95.88,97.8,98,98.3,98,,"Robotics coach at summer camp, Python tutor, Founder of my school's Hindu Student Association, Youth President of a non-profit company called Competitive Kids STEM Projects, more clubs in school",30/12/2023,17/05/2024,5k + 3k scholarships,Canada,Canada,Ontario,GlitteringThroat2551,mr_whale_,
1419,,WCS,Honours Computer Science Co-op,University Of Waterloo,Deferred,98.3,98.8,,,98.8,"waterloo math contests(distinction in all), comc, AMC",,28/09/2023,15/05/2024,President's Scholarship,Canada,Canada,Ontario,n/a,,deferred to math. got in se and CFM though ¯⁠\⁠_⁠(⁠ツ⁠)⁠_⁠/⁠¯
1420,,WSO,"Honours Software Engineering, Co-Op",University Of Waterloo,Accepted,98.3,98.7,,,98.7,,"tech internship, ecommerce business, FRC, theatre",28/09/2023,09/05/2024,2k president scholarship+ 3.5k engineering scholarship,Canada,Canada,Ontario,n/a,,
1421,,3,CS,University Of Waterloo,Deferred,3,2,2,2,3,3,Nuh uh,03/03/3333,03/03/0033,YUH,Libya,Barbados,Kansas,Nuh uh,Nuh uh,Nuh uh
1422,,refhjkbr,t,Carleton University,Accepted,67,98,76,78,56,87,5,17/07/2024,03/07/2024,no,Canada,Canada,Ontario,t,t,t
1423,,N/A,N/A,N/A,Deferred,85,85,85,0,N/A,N/A,N/A,05/07/2024,07/05/2024,N/A,Canada,Canada,Ontario,N/A,N/A,
1424,,GME,Environmental Engineering Co-op,University of Guelph,Accepted,85,85,80,79,79,no,,03/03/2024,25/03/2024,no,Canada,Canada,Ontario,i dont have,i dont have,
1425,,YSP,Physics & Astronomy,York University,Accepted,89.7,92,,93.3,95.2,,,19/12/2023,05/01/2024,2500/year + 2000,Canada,Canada,Ontario,DrSoySauceSSB,,
1426,,WNT,Nanotechnology Engineering Honours Co-op,University Of Waterloo,Accepted,94,92,92,92,93,,,18/10/2023,13/03/2024,90% average entrance scholarship,Canada,Canada,Ontario,I dont have one,,
1427,,MNS,Honors Health Sciences 1,McMaster University,Accepted,93,95,,95,95,,,,09/05/2024,$1000 admissions scholarship,Canada,Canada,Ontario,N/A,rhonachen,
1428,,TAC,Rotman commerce,University of Toronto,Accepted,85,85,85,85,90,no,none,27/10/2023,12/04/2024,No,Canada,Canada,Ontario,Lol,whynit,Ni
1429,,ECE,Electrical Engineering,University Of Waterloo,Accepted,88,94,91,92,94,,"With help, Made an electric car. National badminton player and provincial swimmer.",10/01/2024,22/05/2024,2000 moneys,Canada,Canada,Ontario,Misterman69420,Plate3,
1430,,WCS,Computer Science (Co-op),University Of Waterloo,Accepted,96,98,,97.6,96.1,"Honour roll in almost every CEMC math contest (including CSMC and Euclid), COMC, AIME qualifier","President of school's math club, attended waterloo EMACS",30/09/2024,02/04/2024,"$15,000 national math scholarship",Canada,Canada,Ontario,don't have,,
1431,,idk,mac sosci,McMaster University,Accepted,828282,287338,19292,827282,low 80 to mid 80,idk,idk,20/09/2024,20/09/2024,isk,Canada,Canada,Ontario,i just wanna see the results u can delete mine,dont have,no
1432,,WSO,Software Engineering,University Of Waterloo,Accepted,78,100,100,100,"100, 101, 99, 100, 100, 100","CSMC, CCC, Euclid",Helped Elon Musk create electric cars.,01/11/2023,01/03/2024,"No, Elon Musk paid for all of it.",Canada,Canada,Ontario,N/A,jeffbezos1964,goodluck to everyone applying se
1433,,WMT,Mechatronics Engineering (Co-op Only),University Of Waterloo,Accepted,92,97,97,,97.125,AP Lang - 4,- Mental Health Non-Profit (LOL),,02/11/2024,$2000 for euclid,Canada,Canada,Ontario,Sad-Hamster1093,,nope
,,,,,,,,,,,AP Calc AB - 5,- Peer Tutor,,,,,,,,,
,,,,,,,,,,,AP Physics I - 4,- Club Pres @ 4 clubs,,,,,,,,,
,,,,,,,,,,,SAT - 1550,"- Runner Up at National Science Competition in India, represented State",,,,,,,,,
,,,,,,,,,,,,- Runner Up at Hackathon,,,,,,,,,
,,,,,,,,,,,,- Miscellaneous Model UN awards,,,,,,,,,
,,,,,,,,,,,,- AP program,,,,,,,,,
,,,,,,,,,,,,- RCM Level 8 Piano + RCM level 9 Music History,,,,,,,,,
,,,,,,,,,,,,- Bunch of online courses from edX lol,,,,,,,,,
,,,,,,,,,,,,- UoFT Math Mentee,,,,,,,,,
,,,,,,,,,,,,"- Honor Roll Euclid, Cayley, CSMC, distinction in everything else",,,,,,,,,
,,,,,,,,,,,,- School awards and shit,,,,,,,,,
1434,,yyy,zzz,University Of Waterloo,Accepted,67,99,98,89,56,np,uu,31/12/1090,23/12/2004,,Canada,Canada,Ontario,tr,ghhh,ddff
1435,,AEO,Western Ivey AEO,Western University,Accepted,92,89,,94,97,,,,16/03/2024,Yes,Canada,Canada,Ontario,nunseol,,
1436,,dont matter,Accounting/Finance,University Of Waterloo,Accepted,90.5,98,97.5,,92,ACT,,07/10/2024,05/11/2024,yes,Canada,Canada,Ontario,fuck no,nope,ngl i capped
1437,,WCS,Computer Science (Co-op),University Of Waterloo,Rejected,96,97,97,,98.8,,,16/02/2024,08/05/2024,,Canada,Canada,Alberta,aaliyeah (discord),,
1438,,UB,Business Administration (BBA),Wilfrid Laurier University,Accepted,91.66,94.25,96,,91.66,,no supp app,03/11/2024,07/11/2024,4000,Canada,Canada,Ontario,benefical star,,
1439,,SEN,English,Toronto Metropolitan University,Accepted,83,82,90,,83,,,13/11/2024,26/11/2024,naur,Canada,Canada,Ontario,Acceptable-Ad692,ew,naur
1440,,OXV,Bachelor of Social Sciences Joint Honours in Economics and in Political Science (Co-op),University of Ottawa,Accepted,90.33333333,93,91.78,,94.67,,IB Program,,27/09/2024,2000 automatic scholarship,Canada,Canada,Ontario,No thanks.,,
1441,,T,H,University Of Waterloo,Waitlisted,87,99,99,99,99,99,No,26/10/2024,04/01/2025,H,Canada,Canada,Ontario,H,H,H
1442,,OHE,Civil Engineering,University of Ottawa,Accepted,90,91,91,,90,,,20/12/2024,08/01/2025,,Mauritius,Canada,Ontario,Over_Reporter1828,mm_masraf,
1443,,dsfsdf,dsfdsf,McMaster University,Accepted,21,21,21,21,22,sad,dasda,22/01/2025,08/01/2025,sdadas,Canada,Canada,Ontario,dsadas,adada,dasdad
1444,,QH,Health Science (BHSc),Queens University,Accepted,86,95.1,94,,95,,"SAC President, Athletic Council, Varsity Basketball",,22/01/2024,2000,Canada,Canada,Ontario,unlogged,,
1445,,no,none,University Of Waterloo,Waitlisted,90,90,90,,90,,,,22/01/2025,,Canada,Canada,,hihihhi,,
1446,,jjj,jj,Carleton University,Accepted,2111,2111,11111,11111,11111,1111,11111,01/11/0111,11/11/0011,11,Canada,Canada,British Columbia,111,111,1111
1447,,a,a,Wilfrid Laurier University,Deferred,101,10,10000,100,100,3,e,11/11/1111,11/11/1111,no,Canada,Canada,Ontario,ni,no,no
1448,,QC,Commerce,Queens University,Accepted,98,95,95,,98,,Student Council President,26/12/2024,12/02/2025,Principals Scholarship - $7000,Canada,Canada,Ontario,ThatYogurtcloset2385,,
1449,,3rt,En,University Of Waterloo,Rejected,99,99,89,99,3,3,3,23/03/2025,17/03/2025,5,Canada,Canada,Ontario,Fes,Dse,Redd
1450,,MS,Western,Western University,Accepted,100,100,,,100,,,25/02/2025,29/03/2025,,Canada,Canada,,tjdka209,,
1451,,1213123123,Gender studies and law studies,Brock University,Rejected,91,92,81,99,65,puntum math contest,no,11/11/1918,02/01/0020,no,costa rica,Canada,Newfoundland and Labrador,icemanjake07,no,
1452,,l,l,University of Ottawa,Rejected,9,9,9,9,9,9,9,09/09/0999,09/08/2000,9,Canada,Canada,Ontario,l,,
1453,,.,.,McMaster University,Accepted,4,4,,,.,,,,07/03/2025,,Canada,Canada,,.,,
1454,,a,A,Carleton University,Rejected,9,0,8,,5,,,,05/04/0207,,Canada,Canada,Ontario,hey,,
1455,,QEC,Direct Entry - Computer Engineering,Queens University,Rejected,82,90,91,91,93,n/a,n/a,09/11/2023,27/03/2024,n/a,Canada,Canada,Ontario,n/a,n/a,n/a
1456,,Urud,Hhh,Carleton University,Rejected,883,88382,98,,72,,,,10/01/2000,,Canada,Canada,Alberta,Hehe,,
1457,,hi I just wanna see results,ff,Toronto Metropolitan University,Deferred,100,95,,90,h,,,,29/04/2025,,Canada,Canada,Newfoundland and Labrador,fff,,
1458,,BNS,Nursing,Brock University,Accepted,85,88,91,91,88,,,20/12/2023,10/03/2024,Yes,Canada,Canada,Ontario,Cryptographerable646,,"initially deferred to med sci, then accepted"
1459,,dgg,fgg,Carleton University,Accepted,44,33,33,55,56,,,,02/05/2025,,Canada,Canada,,ghfhfh,,
1460,,.,.,Queens University,Deferred,19,99,9,,o,,,,10/10/0020,,Canada,Canada,,.,,
1461,,TMP,Studies in Psychology (UTM),University of Toronto,Accepted,84,88,90,,87.3,,,04/11/2024,27/01/2025,,Canada,Canada,Ontario,robbobstyles,,
1462,,SBS,Biomedical Sciences (Co-op available),Toronto Metropolitan University,Accepted,84,88,90,,87.3,,,04/11/2024,20/02/2025,$1500 scholarship,Canada,Canada,Ontario,robbobstyles,,
1463,,GZ,All Other Majors (Neuroscience),University of Guelph,Accepted,84,88,90,,87.3,,,04/11/2024,11/03/2025,,Canada,Canada,Ontario,robbobstyles,,
1464,,MX,Arts and Science |,McMaster University,Rejected,84,88,90,,88,Supplementary Application,,04/11/2024,06/05/2025,,Canada,Canada,Ontario,robbobstyles,,
1465,,d,d,University Of Waterloo,Accepted,1,1,,,1,,,08/05/2025,08/05/2025,,Canada,Canada,,d,,
1466,,Q,Q,Queens University,Accepted,0,0,,,0,,,,11/05/2000,,Canada,Canada,,0,,
1467,,w,1,University of Ottawa,Deferred,1,1,,,1,,,,30/04/2025,,Canada,Canada,,1,,
1468,,csaf,kjyhfgdfsdasx,Laurentian University,Accepted,2,2,0,0,0,,,09/07/2025,02/07/2025,,Canada,Canada,Ontario,kjjkhkhkhkhkhkj,,
1469,,Idk,Idk,Toronto Metropolitan University,Accepted,88,92,95,,87,,,,15/03/2025,,Canada,Canada,,Plz delete my response I just want the spreadhseet,,
1470,,sori i am out of province,Bachelor of Arts in History,McGill,Accepted,89,93,94,93,95,,"medical suspension for 3 months in grade 10 with no aid in reintegrating or relearning the missed content, this was also right before exams T_T",,22/04/2025,nop,USA,Canada,Quebec,throwaway acc,,
1471,,How do i check,Gender studies,York University,Accepted,93.232,89.2,79.2,67.3,69.232,,,,02/02/2023,,Canada,Canada,Ontario,jimbobYT,,
1472,,Nos,Jope,Carleton University,Rejected,7,23,,,87,,,,10/12/2025,,Canada,Canada,,No,,