,,,,,,,,,,,,,,,,,,,,,,,
1,University,OUAC Code,Program name,Decision,Top 6 Average,Group A or B?,Application date,Date of decision,Citizenship,Province,Supp App?,Notable info from supp app,Comments,,,,,,,,,,
,,,,,,,,,,,,,,,,,,,,,,,
2,Brock,BAI,Concurrent BA Integrated Studies (Honours) BEd Junior/Intermediate,Offer,92,,11/7/2024,11/9/2024,Canada,Ontario,,,,,,,,,,,,,
3,Brock,BAI,Concurrent BA (Honours) BEd Intermediate/Senior (English),Offer,92,,11/16/2024,11/19/2024,Canada,Ontario,,,,,,,,,,,,,
4,Brock,BAJ,Concurrent BA/BEd-Jr/Int-Integrated Studies,Offer,90.83,Group A,11/21/2024,4/28/2025,Canadian,Ontario,,,,,,,,,,,,,
5,Brock,BCH,BSc Honours: Biochemistry,Offer,97,Group A,1/1/2025,1/2/2025,Canada,Ontario,,,"Max academic scholarship of $13 600 for 95% avg. with the offer. Must keep at least 95% avg by year’s end to keep it. The acceptance was a relief, this new goal is a bit stressful lol. To whoever reads this, good luck!",,,,,,,,,,
6,Brock,BD,Child and Youth Studies,Offer,93,,11/9/2024,11/12/2024,Canada,Ontario,,,,,,,,,,,,,
7,Brock,BDP,Concurrent BA Child & Youth Studies (Honours) BEd Primary/Junior,Offer,89.5,Group A,1/15/2025,4/30/2025,Canadian,Ontario,,,,,,,,,,,,,
8,Brock,BG,BSc Honours: Computer Science,Offer,89,,10/5/2024,10/7/2024,Canada,Ontario,,,,,,,,,,,,,
9,Brock,BG,BSc Honours: Computer Science,Offer,95,,11/7/2024,11/12/2024,Canada,Ontario,,,,,,,,,,,,,
10,Brock,BG,BSc Honours: Computer Science,Offer,80,Group A,1/31/2025,2/10/2025,Canada,Ontario,,,,,,,,,,,,,
11,Brock,BGE,Geography,Offer,94.33,Group A,10/26/2024,10/28/2024,Yes,Ontario,,,,,,,,,,,,,
12,Brock,BH,BSc Honours: Mathematics & Statistics,Offer,83,Group A,11/22/2024,2/28/2025,Canadian,Ontario,,,,,,,,,,,,,
13,Brock,BI,Bachelors of science,Offer,81.66,Group A,1/15/2025,2/28/2025,Canada,Ontario,,,,,,,,,,,,,
14,Brock,BII,Honours Concurrent BSc/BEd-Intermediate/Senior - Chemistry Major,Offer,95,Group A,10/21/2024,10/25/2024,Canadian,Ontario,,,,,,,,,,,,,
15,Brock,BII,Concurrent BSc (Honours) BEd Intermediate/Senior (Mathematics),Offer,92.33,Group A,11/27/2024,12/4/2024,Canadian,Ontario,,,,,,,,,,,,,
16,Brock,BIM,BSc Honours: Biomedical Sciences,Offer,89,,9/25/2024,11/10/2024,Canada,Ontario,,,,,,,,,,,,,
17,Brock,BIM,BSc Honours: Biomedical Sciences,Offer,93,,11/3/2024,11/15/2024,Canada,Ontario,,,,,,,,,,,,,
18,Brock,BIM,BSc Honours: Biomedical Sciences,Offer,88.25,Group A,11/13/2024,11/21/2024,Canadian,Ontario,,,,,,,,,,,,,
19,Brock,BIN,BSc Honours: Neuroscience Co-op,Offer,94,,11/4/2024,11/18/2024,Canada,Ontario,,,,,,,,,,,,,
20,Brock,BK,BAcc Honours: Accounting,Offer,93,,9/28/2024,11/13/2024,Canada,Ontario,,,,,,,,,,,,,
21,Brock,BK,BAcc Honours: Accounting,Offer,86,Group A,11/21/2024,11/25/2024,Canada,Ontario,,,,,,,,,,,,,
22,Brock,BK,BAcc Honours: Accounting - Co-op,Offer,93,,11/20/2024,11/26/2024,Canada,Ontario,,,,,,,,,,,,,
23,Brock,BK,BAcc Honours: Accounting,Offer,93- MCR3U BAF3M-92 SNC4M-93 MHF4U-82 ENG4U-86 BBB4M- 84,Group A,1/3/2025,1/7/2025,Canada,Ontario,,,,,,,,,,,,,
24,Brock,BK,BAcc Honours: Accounting,Offer,83.25,,1/3/2025,1/7/2025,Canada,Ontario,,,,,,,,,,,,,
25,Brock,BK,BAcc Honours: Accounting - Co-op,Offer,89,,1/12/2025,1/14/2025,Canada,Ontario,,,,,,,,,,,,,
26,Brock,BND,BBA Honours: Business Administration Co-op International Double Degree,Offer,88,,11/14/2024,11/29/2024,Canada,Ontario,,,,,,,,,,,,,
27,Brock,BNS,BScN Honours: Nursing,Offer,94.66,,10/8/2024,10/25/2024,Canadian,Ontario,,,,,,,,,,,,,
28,Brock,BNS,BScN Honours: Nursing,Offer,Gr 11: 91.71; Completed Gr 12 Courses: 94,Group A,10/31/2024,11/1/2024,Canadian,Ontario,,,,,,,,,,,,,
29,Brock,BNS,BScN Honours: Nursing,Offer,93,,10/31/2024,11/1/2024,Canada,Ontario,,,,,,,,,,,,,
30,Brock,BNS,BScN Honours: Nursing,Offer,91,Group A,11/16/2024,11/18/2024,Canadian,Ontario,,,,,,,,,,,,,
31,Brock,BNS,BScN Honours: Nursing,Offer,95.67,Group A,12/3/2024,12/4/2024,Canadian,Ontario,,,,,,,,,,,,,
32,Brock,BNS,BScN Honours: Nursing,Offer,90,Group A,1/11/2025,1/13/2025,Canadian,Ontario,,,Full ride,,,,,,,,,,
33,Brock,BNS,BScN Honours: Nursing,Offer,94.8,Group A,11/7/2024,2/25/2025,Canada,Ontario,,,"Brock Scholars Award of $7,600",,,,,,,,,,
34,Brock,BNS,BScN Honours: Nursing,Offer,91,Group A,12/18/2024,4/30/2025,Canadian,Ontario,,,,,,,,,,,,,
35,Brock,BPE,Concurrent BA Integrated Studies (Honours) BEd Junior/Intermediate: Educational Studies,Offer,91,,10/28/2024,11/21/2024,Canada,Ontario,,,,,,,,,,,,,
36,Brock,BPI,Concurrent Teacher Education - Intermediate/Senior,Offer,96.67,Group A,10/29/2024,11/20/2024,Canada,Ontario,,,,,,,,,,,,,
37,Brock,BPY,psychology BA,Offer,79%,Group A,12/19/2024,5/23/2025,Canadian,Ontario,,,"It was a alternate offer , I orignally applied to Bsc program",,,,,,,,,,
38,Brock,BSH,BSc Honours: Medical Sciences,Offer,89.5,Group A,12/3/2024,1/3/2025,Canadian,Ontario,,,,,,,,,,,,,
39,Brock,BSM,Sport Management,Offer,90,,11/20/2024,11/23/2024,Canada,Ontario,,,,,,,,,,,,,
40,Carleton,CBE,Economics Honours - Financial Economics,Offer,84.2,Group A,11/30/2024,12/6/2024,Canadian,Ontario,,,,,,,,,,,,,
41,Carleton,CC,Commerce (Finance (co-op optional)),Offer,84,Group A,,11/4/2024,Canadian,Ontario,,,,,,,,,,,,,
42,Carleton,CC,Bachelor of Commerce - Honours,Offer,94,,11/24/2024,11/27/2024,Canada,Ontario,,,,,,,,,,,,,
43,Carleton,CC,Bachelor of Commerce Honours: Accounting,Offer,91,,10/14/2024,11/27/2024,Canada,Ontario,,,,,,,,,,,,,
44,Carleton,CC,Commerce Business Analytics,Offer,84.2,Group A,11/30/2024,1/7/2025,Canadian,Ontario,,,,,,,,,,,,,
45,Carleton,CC,Commerce,Offer,94,Group A,12/26/2024,1/8/2025,Canadian,Ontario,,,,,,,,,,,,,
46,Carleton,CC,Commerce (Accounting (co-op optional)),Offer,87,Group A,11/16/2024,1/22/2025,Canada,Ontario,,,"$8,000 scholarship",,,,,,,,,,
47,Carleton,CEA,Engineering: Aerospace,Offer,97.8,,10/3/2024,11/26/2024,Canada,Ontario,,,,,,,,,,,,,
48,Carleton,CEA,Engineering: Aerospace Co-Op,Offer,97,,11/19/2024,11/26/2024,Canada,Ontario,,,,,,,,,,,,,
49,Carleton,CEA,Engineering: Aerospace Co-Op,Offer,97.8,,9/30/2024,11/27/2024,Canada,Ontario,,,,,,,,,,,,,
50,Carleton,CEA,Engineering: Aerospace,Offer,91,Group A,10/15/2024,11/27/2024,Canada,Ontario,,,,,,,,,,,,,
51,Carleton,CEA,Engineering: Aerospace Co-Op,Offer,91,,10/15/2024,11/27/2024,Canada,Ontario,,,,,,,,,,,,,
52,Carleton,CEA,Engineering: Aerospace Co-Op,Offer,91,,10/19/2024,11/27/2024,Canada,Ontario,,,"Not super sure what my grade 11 avg was but I know it wasn’t high, also don’t know what gr 12 and 11 courses they took for my top 6",,,,,,,,,,
53,Carleton,CEA,Engineering: Aerospace Co-Op,Offer,96,Group A,12/2/2024,12/6/2024,China,Ontario,,,$4000 renewable,,,,,,,,,,
54,Carleton,CEA,Engineering: Aerospace,Offer,88.5,Group A,1/14/2025,2/20/2025,Canada,Ontario,,,I locked in to get this :),,,,,,,,,,
55,Carleton,CEA,Engineering: Aerospace Co-Op,Offer,89.33,Group A,,4/28/2025,Canadian PR,Ontario,,,New to Ontario. Didn't have grade 11 marks reported through OUAC so i had to wait for Sem. 2's midterms,,,,,,,,,,
56,Carleton,CEB,Engineering: Civil,Offer,90.25,Group A,,12/13/2024,Canada,Ontario,,,,,,,,,,,,,
57,Carleton,CEC,Computer Systems Engineering,Offer,96,Group A,10/24/2024,12/4/2024,Canada,Ontario,,,,,,,,,,,,,
58,Carleton,CEC,Computer Systems Engineering (Co-op),Offer,92.2,,11/6/2024,12/5/2024,Canada,Ontario,,,,,,,,,,,,,
59,Carleton,CED,Engineering: Mechanical,Offer,89.5,,10/27/2024,11/14/2024,Canada,Ontario,,,,,,,,,,,,,
60,Carleton,CED,Engineering: Mechanical,Offer,90.0 (through 4),Group A,11/18/2024,11/27/2024,Canadian,Ontario,,,"+ 3,000/year scholarship",,,,,,,,,,
61,Carleton,CED,Engineering: Mechanical,Offer,92.17,,11/10/2024,11/27/2024,Canada,Ontario,,,,,,,,,,,,,
62,Carleton,CED,Engineering: Mechanical,Offer,95,Group A,11/29/2024,12/6/2024,canadian,Ontario,,,,,,,,,,,,,
63,Carleton,CED,Engineering: Mechanical,Offer,91.83,Group A,12/9/2024,3/14/2025,Canada,Ontario,,,$3000 scholarship 🥳,,,,,,,,,,
64,Carleton,CEF,Electrical Engineering,Offer,98.67,Group A,10/1/2024,11/27/2024,Canadian,Ontario,,,$4000 renewable,,,,,,,,,,
65,Carleton,CEF,Engineering: Electrical (Co-op),Offer,92.2,,11/25/2024,11/28/2024,Canada,Ontario,,,,,,,,,,,,,
66,Carleton,CEF,Electrical Engineering,Offer,90,Group A,12/20/2024,1/8/2025,Bangladesh,Ontario,,,,,,,,,,,,,
67,Carleton,CEF,Engineering: Electrical (Co-op),Offer,89,,9/29/2024,1/10/2025,Canada,Ontario,,,,,,,,,,,,,
68,Carleton,CEF,Electrical Engineering,Offer,93,Group B,12/26/2024,2/8/2025,Japanese,Japan,,,,,,,,,,,,,
69,Carleton,CEG,Engineering: Biomedical and Electrical,Offer,89.67,Group A,11/8/2024,12/17/2024,Canadian,Ontario,,,,,,,,,,,,,
70,Carleton,CEG,"Biomedical and electrical engineering, coop",Offer,92.8,Group A,12/28/2024,1/10/2025,Yes,Ontario,,,,,,,,,,,,,
71,Carleton,CES,Engineering: Software,Offer,84.6,Group A,10/28/2024,12/2/2024,Canada,Ontario,,,,,,,,,,,,,
72,Carleton,CES,"Bachelor of Engineering: Software, Co-operative Education",Offer,88,,11/20/2024,12/4/2024,Canada,Ontario,,,,,,,,,,,,,
73,Carleton,CES,Engineering: Software,Offer,97.5,,10/13/2024,12/5/2024,Canada,Ontario,,,,,,,,,,,,,
74,Carleton,CES,Engineering: Software,Offer,93,,11/25/2024,12/5/2024,Brazil,Ontario,,,"I re-took 4 credits in my grade 12, so they looked at my highest ones",,,,,,,,,,
75,Carleton,CES,Engineering: Software,Offer,81,,12/1/2024,12/5/2024,Canada,Ontario,,,I retook funcs and relations in the summer and got a 98 which helped a ton,,,,,,,,,,
76,Carleton,CES,Engineering: Software,Offer,90,Group A,12/20/2024,1/8/2025,Bangladesh,Ontario,,,,,,,,,,,,,
77,Carleton,CEX,Engineering: Architectural Conservation and Sustainability,Offer,81.8,Group A,,4/29/2025,Canadian,Ontario,Yes but not completed,,,,,,,,,,,,
78,Carleton,CH,Arts Honours,Offer,94,,11/16/2024,12/3/2024,Canada,Ontario,,,,,,,,,,,,,
79,Carleton,CH,Arts Honours,Offer,90.05,Group A,10/26/2024,12/4/2024,Canadian,Ontario,,,,,,,,,,,,,
80,Carleton,CH,Bachelor of Arts Honours: Business Law,Offer,"90, 88, 87, 86, 87, 86",Group B,9/26/2024,1/10/2025,Canadian,Quebec,,,,,,,,,,,,,
81,Carleton,CH,Law - Business law,Offer,83,Group B,9/19/2024,1/12/2025,Canadian / Quebec,Quebec,,,Cegep for 2 years,,,,,,,,,,
82,Carleton,CHS,Health Sciences Honours,Offer,86.33,Group A,1/14/2025,2/20/2025,Canadian citizen,Ontario,,,Did AP chem; Got an 8k entrance scholarship that gives me 2k each year until the program ends,,,,,,,,,,
83,Carleton,CK,Science Major - Biology,Offer,91,,10/21/2024,11/28/2024,Canada,Ontario,,,,,,,,,,,,,
84,Carleton,CK,Science Major - Biology,Offer,90.67,Group A,,12/3/2024,Canadian,Ontario,,,,,,,,,,,,,
85,Carleton,CMA,Bachelor of Mathematics Honours: Statistics: Actuarial Science Co-op,Offer,93,,11/1/2024,11/28/2024,Canada,Ontario,,,,,,,,,,,,,
86,Carleton,CMA,Bachelor of Mathematics (co-op),Offer,96.5,Group A,11/26/2024,12/6/2024,Canadian,Ontario,,,,,,,,,,,,,
87,Carleton,CN,Nursing,Offer,91,Group A,11/16/2024,3/25/2025,Canadian,Ontario,Resume & response to a supplementary question,"DECA VP, Grad Committee president, Starbucks barista, Bath & Body Works retail associate",,,,,,,,,,,
88,Carleton,COD,Computer Science Co-op - AI/ML Specialization,Offer,99.7,,10/4/2024,11/28/2024,Canada,Ontario,,,,,,,,,,,,,
89,Carleton,COD,Computer Science Honours with co-op,Offer,99,,11/7/2024,11/28/2024,Canada,Ontario,,,,,,,,,,,,,
90,Carleton,COD,Computer Science Honours (Cybersecurity (co-op optional)),Offer,98,,10/16/2024,11/28/2024,Canada,Hong Kong,,,"I'm an IB student - pg of 44, guessed when converting to ontario",,,,,,,,,,
91,Carleton,COD,Computer Science: AI and Machine Learning,Offer,97.5,,10/8/2024,11/28/2024,Canada,Ontario,,,,,,,,,,,,,
92,Carleton,COD,Computer Science Honours (Artificial Intelligence and Machine Learning (co-op optional)),Offer,97,,10/21/2024,11/28/2024,Canada,Ontario,,,,,,,,,,,,,
93,Carleton,COD,Computer Science Honours (CS/no-stream) + COOP,Offer,96.83,,10/15/2024,11/28/2024,Canada,Ontario,,,,,,,,,,,,,
94,Carleton,COD,Computer Science Honours (Artificial Intelligence and Machine Learning (co-op optional)),Offer,95,,10/16/2024,11/28/2024,Canada,Ontario,,,,,,,,,,,,,
95,Carleton,COD,Computer Science Honours with co-op,Offer,94,,11/7/2024,11/28/2024,Canada,Ontario,,,,,,,,,,,,,
96,Carleton,COD,Computer Science Honours (Software Engineering - co-op),Offer,93.66,,10/19/2024,11/28/2024,Canada,Ontario,,,,,,,,,,,,,
97,Carleton,COD,Computer Science Honours,Offer,93.66,,11/5/2024,11/28/2024,Canada,Ontario,,,,,,,,,,,,,
98,Carleton,COD,Computer Science Honours,Offer,95.667,,11/15/2024,11/29/2024,Canada,Ontario,,,,,,,,,,,,,
99,Carleton,COD,Computer Science Honours,Offer,95,,11/4/2024,11/29/2024,Canada,Ontario,,,Discord: jerkingryoth7,,,,,,,,,,
100,Carleton,COD,Computer Science Honours (Algorithms Stream) + COOP,Offer,94.5,,11/24/2024,11/29/2024,Canada,Ontario,,,,,,,,,,,,,
101,Carleton,COD,Computer Science Honours,Offer,93,,9/21/2024,11/29/2024,Canada,Ontario,,,,,,,,,,,,,
102,Carleton,COD,Computer Science Honours (CS/AI Stream) + Co-Op,Offer,93,,10/12/2024,11/29/2024,Canada,Ontario,,,,,,,,,,,,,
103,Carleton,COD,Computer Science Honours co-op,Offer,94.8,,11/21/2024,11/30/2024,Canada,Ontario,,,,,,,,,,,,,
104,Carleton,COD,Computer Science Honours with co-op,Offer,92,,12/2/2024,12/4/2024,Vietnam,Ontario,,,,,,,,,,,,,
105,Carleton,COD,Computer Science,Offer,94.3,Group A,11/5/2024,12/17/2024,Canadian,Ontario,,,,,,,,,,,,,
106,Carleton,COD,Computer Science Honours (Artificial Intelligence and Machine Learning (co-op optional)),Offer,92.83,Group A,10/18/2024,12/17/2024,Canada,Ontario,,,,,,,,,,,,,
107,Carleton,COD,Computer Science Honours,Offer,90.75,Group A,12/18/2024,2/20/2025,Canadian,Ontario,,,,,,,,,,,,,
108,Carleton,COD,Computer Science Honours,Deferred,85,Group A,,5/8/2025,Canadian,Ontario,,,Deferred into Bachelor of Mathematics: Computer Mathematics (Non-Honours),,,,,,,,,,
109,Carleton,CPX,Public Affairs & Policy Management (International Policy Studies: International Relations & Conflict (co-op),Offer,92.5,,10/5/2024,12/4/2024,Canada,Ontario,,,,,,,,,,,,,
110,Carleton,CPX,"Bachelor of Public Affairs and Policy Management Honours, Specialization in International Policy Studies (International Relations and Conflict) with Co-op",Offer,91,,10/14/2024,12/4/2024,Greece,Ontario,,,,,,,,,,,,,
111,Carleton,CSW,Bachelor's of Social Work,Offer,97,Group A,11/23/2024,,Canada,New Brunswick,Resume and Essay,"Was about my disability journey, resume had a lot of volunteer and some research.",,,,,,,,,,,
112,Carleton,CT,Bachelor of Science Honours: Chemistry,Offer,86.75,Group A,9/19/2024,12/3/2024,Canadian,Ontario,,,,,,,,,,,,,
113,Carleton,,Architecture studies,Offer,94.5,Group B,,3/24/2025,Permanent resident,Quebec,,,,,,,,,,,,,
114,Concordia,,Aerospace engineering - aerodynamics and propulsion option,Offer,86,,11/5/2024,12/2/2024,China,Ontario,,,,,,,,,,,,,
115,Concordia,,Bachelor of Engineering Software Engineering,Offer,93,,11/6/2024,12/3/2024,Brazil,Ontario,,,"I re-took 4 credits in my grade 12, so they looked at my highest ones (I took 2 gap year, so they just asked what I did then), Harvard CS50W certificate, GeeksforGeeks DSA & Algorithms certificate, Participated in AI Start-up: Ochrus, Personal Graphics Engine Project C++",,,,,,,,,,
116,Cornell,,Cornell Dyson,Offer,99,,1/1/2025,3/27/2025,Canadian,Ontario,Common App,1500+ SAT,Just wanted to flex lol,,,,,,,,,,
117,Dalhousie,,Kineslology,Offer,86%,,10/14/2024,10/22/2024,Canadian,Spain,,,"IB Predicted 39/45, 6s in HLs",,,,,,,,,,
118,Dalhousie,,Biovetrenery sciences,Offer,91,,10/18/2024,11/20/2024,Canada,Ontario,,,,,,,,,,,,,
119,Dalhousie,,Science,Offer,91,,10/27/2024,11/29/2024,Canada,Ontario,,,,,,,,,,,,,
120,Dalhousie,,Science,Offer,94,,,2/4/2025,Canadian,Ontario,,,IB,,,,,,,,,,
121,Dalhousie,,Honours Math Coop,Offer,96,,1/10/2025,2/10/2025,Canadian,Nova Scotia,,"Badminton, orchestra, Math tutoring","IB accepted to McGill BSc Math and BABSc, Dalhousie BSc and Waterloo Math Honours Coop choose McGill Math",,,,,,,,,,
122,Dalhousie,,Medical Sciences,Offer,94.4,,,2/26/2025,Canadian,Ontario,,,IB,,,,,,,,,,
123,George Brown,DAS113,Dental Assisting,Waitlisted,87,,11/8/2024,11/20/2024,Canada,Ontario,,,,,,,,,,,,,
124,Guelph,GBD,Management Economics & Finance,Offer,84,Group A,,12/2/2024,Canadian,Ontario,,,,,,,,,,,,,
125,Guelph,GBD,Management Economics & Finance,Offer,92.33,Group A,11/27/2024,2/7/2025,Canadian,Ontario,,,,,,,,,,,,,
126,Guelph,GBD,Management Economics & Finance,Offer,88,Group A,10/23/2024,2/10/2025,Canadian,Ontario,Didn't do the optional supp app,,,,,,,,,,,,
127,Guelph,GBD,Management Economics & Finance (Regular),Offer,85.5,Group A,12/23/2024,5/5/2025,Canadian,Ontario,Optional (Not completed),,ez,,,,,,,,,,
128,Guelph,GBD,Management Economics & Finance,Offer,85.5,Group A,1/15/2025,5/5/2025,Canadian,Ontario,,,,,,,,,,,,,
129,Guelph,GBE,Marketing Management (Co-op),Offer,80,Group A,,2/10/2025,Canada,Ontario,Optional,,,,,,,,,,,,
130,Guelph,GBI,Biomedical Engineering (Co-op and Regular),Offer,98.8,,10/26/2024,12/11/2024,Canada,Ontario,,,,,,,,,,,,,
131,Guelph,GBJ,"Commerce - Government, Economics and Management ( co-op )",Offer,89.67,Group A,10/10/2024,3/11/2025,Canadian,Ontario,,,,,,,,,,,,,
132,Guelph,GBK,Accounting (Co-op and Regular),Offer,92,Group A,11/7/2024,2/7/2025,Canada,Ontario,Optional SPF,,,,,,,,,,,,
133,Guelph,GBK,Accounting (Co-op and Regular),Offer,85.76,Group A,,3/11/2025,canadian,Ontario,,,,,,,,,,,,,
134,Guelph,GBK,Accounting (Regular),Offer,85.5,Group A,12/23/2024,5/5/2025,Canadian,Ontario,Optional (Not completed),,ez,,,,,,,,,,
135,Guelph,GBL,Computer Engineering (Co-op and Regular),Offer,96.5,Group A,11/19/2024,2/10/2025,Canadian Citizen,Ontario,,,,,,,,,,,,,
136,Guelph,GBS,Software Engineering (Co-Op),Offer,92,Group A,11/8/2024,12/11/2024,International student,Ontario,None,,,,,,,,,,,,
137,Guelph,GBS,Software Engineering (Regular),Offer,84.2,,1/4/2025,1/9/2025,USA,Ontario,,,,,,,,,,,,,
138,Guelph,GBS,Software Engineering (Co-Op),Offer,94.67,Group A,11/21/2024,2/21/2025,Canadian,Ontario,AIF,It was optional but I did it,,,,,,,,,,,
139,Guelph,GCJ,Criminal Justice and Public Policy (Co-op and Regular),Offer,93,,11/19/2024,11/28/2024,Canada,BC,,,"I take the IB (i applied with a 36, which is a 93 average in canadian percentage)",,,,,,,,,,
140,Guelph,GCJ,Criminal Justice and Public Policy (Co-op and Regular),Offer,90,Group A,,3/5/2025,Canadian,Ontario,,,backup program applied for nursing.,,,,,,,,,,
141,Guelph,GCT,Computer Science (Co-op and Regular),Offer,98.3,,11/27/2024,12/11/2024,Canada,Ontario,,,,,,,,,,,,,
142,Guelph,GCT,Computer science co-op,Offer,92,Group A,11/8/2024,12/11/2024,International student,Ontario,None,,,,,,,,,,,,
143,Guelph,GCT,Computer Science (Co-op and Regular),Offer,91.33,Group A,12/18/2024,2/7/2025,Canada,Ontario,,,Not planning to accept,,,,,,,,,,
144,Guelph,GCT,Computer Science (Co-op and Regular),Offer,94.33,Group A,11/18/2024,2/10/2025,Canada,Ontario,Didnt do SPF,,,,,,,,,,,,
145,Guelph,GCT,Computer Science (Co-op and Regular),Offer,90,Group A,9/13/2024,2/10/2025,Canada,Ontario,"No supp app, didn't fill in student profile form",,"WITH COOP TOO??? I WAS NOT EXPECTING THAT, no scholarship tho :(",,,,,,,,,,
146,Guelph,GCT,Computer Science (Co-op and Regular),Offer,88.75,Group A,11/18/2024,2/10/2025,Canada,Ontario,,,No Scholarship,,,,,,,,,,
147,Guelph,GCT,Computer Science (Co-op and Regular),Offer,88,Group A,10/23/2024,2/10/2025,Canadian,Ontario,didn't do optional supp app,,,,,,,,,,,,
148,Guelph,GCT,Computer Science (Co-op and Regular),Offer,86,Group A,11/15/2024,2/10/2025,Canadian,Ontario,,,,,,,,,,,,,
149,Guelph,GCT,Computer Science (Co-op and Regular),Offer,94.3,Group A,12/5/2024,3/7/2025,Canadian,Ontario,,,,,,,,,,,,,
150,Guelph,GCT,Computer Science (Co-op and Regular),Offer,83.83,Group A,1/5/2025,5/5/2025,Canadian,Ontario,SPF,"swim captain, peer tutoring",,,,,,,,,,,
151,Guelph,GDB,Business Administration,Offer,89,,11/10/2024,12/9/2024,Canada,Ontario,,,,,,,,,,,,,
152,Guelph,GFD,Family Studies and Human Development,Offer,99,,10/14/2024,12/11/2024,Canada,Ontario,,"Chair of board-wide student leadership committee, Student leader of several clubs around the school, Chronically ill, perchance?",,,,,,,,,,,
153,Guelph,GK,"Bachelor of Arts, Honours Major English",Offer,89,,9/19/2024,12/11/2024,Canada,Ontario,,,,,,,,,,,,,
154,Guelph,GK,All Other Majors (Culture and Technology Studies (co-op optional)),Offer,84,,10/30/2024,12/11/2024,Canada,Ontario,,,,,,,,,,,,,
155,Guelph,GK,Political science,Offer,89.67,Group A,10/10/2024,3/11/2025,Canadian,Ontario,,,,,,,,,,,,,
156,Guelph,GL,Landscape Architecture,Offer,92.5,Group A,11/7/2024,5/12/2025,Canada,Ontario,Background Information Form (BIF),"Attended a design conference, dance team exec, Student Council exec, attended art school",,,,,,,,,,,
157,Guelph,GMA,Honours Bachelor of Applied Science in Psychology AND Diploma in General Arts & Science,Offer,95,,11/8/2024,12/9/2024,Canada,Ontario,,,,,,,,,,,,,
158,Guelph,GME,Mechanical Engineering (Co-op and Regular),Offer,94,,11/24/2024,12/11/2024,India,Ontario,,,,,,,,,,,,,
159,Guelph,GME,Mechanical Engineering (Co-op and Regular),Offer,95,Group A,11/20/2024,2/10/2025,Canadian,Ontario,,,$1000 scholarship,,,,,,,,,,
160,Guelph,GME,Mechanical Engineering (Co-op and Regular),Offer,93.75,Group A,11/3/2024,2/10/2025,Canada,Ontario,There is an optional Student Profile but I didn't submit it,,,,,,,,,,,,
161,Guelph,GME,Mechanical Engineering (Co-op and Regular),Offer,90.33,Group A,10/10/2024,5/5/2025,Yes,Ontario,,,,,,,,,,,,,
162,Guelph,GME,Mechanical Engineering (Co-op and Regular),Offer,89,Group A,11/5/2024,5/5/2025,Canadian,Ontario,,,,,,,,,,,,,
163,Guelph,GMH,Bachelor of Mathematics (Honours),Offer,91.33,Group A,12/18/2024,2/7/2025,Canada,Ontario,,,Not planning to accept,,,,,,,,,,
164,Guelph,GMH,Bachelor of Mathematics - mathematical science,Offer,92.5,Group A,12/2/2024,2/10/2025,Canada,Ontario,,,,,,,,,,,,,
165,Guelph,GMH,Bachelor of Mathematics (Honours),Offer,86,Group A,11/15/2024,2/10/2025,Canadian,Ontario,,,,,,,,,,,,,
166,Guelph,GMR,Mechatronics Engineering Co-op,Offer,96,Group A,10/13/2024,2/10/2025,Canada,Ontario,,,,,,,,,,,,,
167,Guelph,GMR,Mechatronics Engineering (Co-op and Regular),Offer,94.33,Group A,12/23/2024,2/10/2025,Canada,Ontario,Didnt do SPF,,,,,,,,,,,,
168,Guelph,GNG,"Bachelor of Arts, General",Offer,83,Group A,1/17/2025,5/5/2025,Canadian,Ontario,,,,,,,,,,,,,
169,Guelph,GOH,One Health,Offer,93,Group A,10/2/2024,2/10/2025,Canadian,Ontario,,,,,,,,,,,,,
170,Guelph,GPS,Psychology BA (Co-op and Regular),Offer,94,,1/4/2025,1/9/2025,Canada,Ontario,,,,,,,,,,,,,
171,Guelph,GPS,Psychology BA (Co-op and Regular),Offer,95.83,Group A,11/17/2024,2/10/2025,Canada,Ontario,,,$2000 entrance scholarship,,,,,,,,,,
172,Guelph,GZ,Bachelor of Science (Food Science),Offer,96.83,Group A,10/28/2024,12/9/2024,Canadian,Ontario,,,Did an optional supplemental but it's only needed if you aren't accepted in the first round.,,,,,,,,,,
173,Guelph,GZ,"Bachelor of Science, Honours Co-op Major Molecular Biology and Genetics",Offer,82,,12/2/2024,12/9/2024,Hong Kong,Ontario,,,,,,,,,,,,,
174,Guelph,GZ,"Bachelor of Science, Honours Co-op Major Wildlife Biology & Conservation",Offer,82,,12/2/2024,12/9/2024,Hong Kong,Ontario,,,,,,,,,,,,,
175,Guelph,GZ,"Bachelor of Science, Honours Co-op Major Chemistry",Offer,95,,11/13/2024,12/11/2024,Canada,Ontario,,,,,,,,,,,,,
176,Guelph,GZ,All Other Majors (Biological & Medical Physics (co-op optional),Offer,94,,11/8/2024,12/11/2024,Canada,Ontario,,,,,,,,,,,,,
177,Guelph,GZ,All Other Majors (Microbiology (co-op)),Offer,93,,11/17/2024,12/11/2024,Canada,Ontario,,,,,,,,,,,,,
178,Guelph,GZ,"Bachelor of Science Honours, Biomedical Toxicology - Non-Co-op",Offer,89,,11/26/2024,12/11/2024,Canada,Ontario,,"70+ volunteer hours, multiple concert bands, high school band section leader, music tutoring, math contests.",,,,,,,,,,,
179,Guelph,GZ,"All Other Majors (Bachelor of Science, Honours Co-op Major Microbiology)",Offer,90.67,Group A,11/13/2024,2/10/2025,Canadian,Ontario,,,filled out student profile form (optional) and got accepted like right after,,,,,,,,,,
180,Guelph,GZ,Biochemistry,Offer,90,Group A,11/3/2024,2/10/2025,Canadian,Ontario,,,,,,,,,,,,,
181,Guelph,GZ,Chemistry (co-op optional),Offer,86.75,Group A,9/19/2024,2/10/2025,Canadian,Ontario,,,,,,,,,,,,,
182,Guelph,GZ,All Other Majors (Nutritional & Nutraceutical Sciences,Offer,86.33,Group A,1/14/2025,2/10/2025,Canadian Citizen,Ontario,,,Doing ap chem,,,,,,,,,,
183,Guelph,GZ,Science,Offer,84.33,Group A,11/18/2024,3/5/2025,Canadian,Ontario,,,,,,,,,,,,,
184,Guelph,GZ,All Other Majors - Biomedical Toxicology (Coop),Offer,88.25,Group A,11/13/2024,3/10/2025,Canadian,Ontario,,,,,,,,,,,,,
185,Guelph,GZ,All Other Majors (Molecular Biology and Genetics with co-op),Offer,92,Group A,10/16/2024,3/11/2025,Canada,Ontario,,,$1000 scholarship,,,,,,,,,,
186,Guelph,GZ,All Other Majors (Biological & Medical Physics (co-op optional),Offer,82.33,Group A,1/8/2025,3/11/2025,Canadian,Ontario,,,,,,,,,,,,,
187,Guelph,GZA,Animal Biology,Offer,98,Group A,,12/11/2024,Canadian Citizen,Ontario,,,,,,,,,,,,,
188,Guelph,GZA,Animal Biology,Offer,93.17,Group A,11/7/2024,2/10/2025,Canada,Ontario,,,"$1000 entry scholarship, IB",,,,,,,,,,
189,Guelph,GZA,Animal Biology,Offer,92,Group A,10/17/2024,2/10/2025,Canadian,Ontario,,,,,,,,,,,,,
190,Guelph,GZA,Animal Biology,Offer,91.5,Group A,11/11/2024,2/10/2025,Canadian,Ontario,,,optional student profile form (spf) said to increase chances of being accepted,,,,,,,,,,
191,Guelph,GZA,Animal Biology,Offer,90.67,Group A,,2/10/2025,Canadian,Ontario,,,,,,,,,,,,,
192,Guelph,GZB,Bio-Medical Science,Offer,95.67,Group A,12/3/2024,12/9/2024,Canadian,Ontario,,,,,,,,,,,,,
193,Guelph,GZB,Bio-Medical Science,Offer,99,Group A,11/5/2024,12/11/2024,Canadian,Ontario,,,,,,,,,,,,,
194,Guelph,GZB,Bio-Medical Science,Offer,98.17,Group A,10/5/2024,12/11/2024,Canada,Ontario,,,$2000 entrance scholarship,,,,,,,,,,
195,Guelph,GZB,Bio-Medical Science,Offer,96.5,Group A,12/3/2024,2/10/2025,PM in Canada,Ontario,,,,,,,,,,,,,
196,Guelph,GZB,Bio-Medical Science,Offer,95,Group A,10/15/2024,2/10/2025,Canadian,Ontario,,,,,,,,,,,,,
197,Guelph,GZB,Bio-Medical Science,Offer,94.5,Group A,11/24/2024,2/10/2025,Canada,Ontario,,,,,,,,,,,,,
198,Guelph,GZB,Bio-Medical Science,Offer,93.83,Group A,11/15/2024,2/10/2025,Canadian,Ontario,Not required but I submitted the student profile form,,LETS GOOOOOOO,,,,,,,,,,
199,Guelph,GZB,Bio-Medical Science,Offer,92,Group A,12/5/2024,2/10/2025,Canadian,Ontario,,,,,,,,,,,,,
200,Guelph,GZB,Bio-Medical Science,Offer,91.33,Group A,11/15/2024,3/11/2025,Canadian,Ontario,Optional. I filled it.,,,,,,,,,,,,
201,Guelph,GZB,Bio-Medical Science,Offer,92.17,Group A,12/11/2024,5/5/2025,Canada,Ontario,idk what’s it’s called,,,,,,,,,,,,
202,Guelph,GZK,Human Kinetics,Offer,94.5,Group A,11/24/2024,2/10/2025,Canada,Ontario,,,,,,,,,,,,,
203,Guelph,,Eng systems and computing,Offer,89,Group A,,4/15/2025,Canada,Ontario,,,,,,,,,,,,,
204,Guelph-Humber,GDB,Business Administration,Offer,83,Group A,1/17/2025,5/5/2025,Canadian,Ontario,,,,,,,,,,,,,
205,Guelph-Humber,GHE,Applied Science in Early Childhood Studies,Offer,87,,11/14/2024,12/11/2024,Canada,Ontario,,,,,,,,,,,,,
206,Guelph-Humber,GMP,Honours Bachelor of Applied Science in Justice Studies AND Diploma in Police Foundations OR Community and Justice Services,Offer,87,,11/14/2024,12/11/2024,Canada,Ontario,,,,,,,,,,,,,
207,Guelph-Humber,GMT,Honours Bachelor of Applied Arts in Media and Communication Studies AND Diploma in Media Communications,Offer,84,,12/14/2024,1/9/2025,Canada,Ontario,,,,,,,,,,,,,
208,Lakehead,AAH,Nursing,Offer,93.2,Group A,10/14/2024,12/6/2024,Canadian,Ontario,,,Entrance Scholarship,,,,,,,,,,
209,Lakehead,AAP,Sociology,Offer,79,Group A,4/12/2025,4/20/2025,Canadian,Ontario,,,,,,,,,,,,,
210,Lakehead,AK,Concurrent Education (Primary/Junior - Teach Kindergarten to Grades 6) (Thunder Bay & Orillia) (Interdisciplinary Studies with Social Justice (Orillia)),Offer,89,,10/28/2024,12/12/2024,Canada,Ontario,,,,,,,,,,,,,
211,Lakehead,AK,Concurrent Education (Primary/Junior - Teach Kindergarten to Grades 6) (Thunder Bay & Orillia) (Geography (Arts & Sciences) (Orillia)),Offer,93,,11/18/2024,12/13/2024,Canada,Ontario,,,,,,,,,,,,,
212,Lakehead,AL,"Concurrent Education (Intermediate/Senior), HBA English",Offer,93,,11/25/2024,12/12/2024,Canada,Ontario,,,,,,,,,,,,,
213,Lakehead,AM,Engineering (co-op available) (Thunder Bay & Barrie),Offer,97.7,,10/12/2024,12/13/2024,Canada,Ontario,,,,,,,,,,,,,
214,Lakehead,AM,Engineering Co-Op,Offer,79,Group A,4/12/2025,4/20/2025,Canadian,Ontario,,,,,,,,,,,,,
215,Laurentian,LAK,Concurrent Education - Arts (Junior/Intermediate) (Psychology),Offer,89,,10/25/2024,11/13/2024,Canada,Ontario,,,,,,,,,,,,,
216,Laurentian,LBW,BSc (Hons) Spec. Biomedical Biology,Offer,93,,11/8/2024,12/5/2024,Canada,Ontario,,,,,,,,,,,,,
217,Laurentian,LCS,Computer Science,Offer,88.167,,11/17/2024,11/19/2024,Canada,Ontario,,,,,,,,,,,,,
218,Laurentian,LJB,Bachelor of Social Work with Concurrent BEd,Offer,98,,10/25/2024,11/6/2024,Canada,New Brunswick,,,,,,,,,,,,,
219,Laurentian,LNE,Nursing,Offer,87.4,Group A,10/15/2024,11/6/2024,Canadian,Ontario,,,,,,,,,,,,,
220,Laurentian,LNE,Nursing,Offer,92.66,,10/14/2024,11/20/2024,Canada,Ontario,,,I'm indigenous and had 4 12U courses completed,,,,,,,,,,
221,Laurier,UAG,"Computer Science (BSc), Waterloo Campus",Offer,86,,9/25/2024,10/11/2024,Canada,Ontario,,,,,,,,,,,,,
222,Laurier,UAG,Computer Science (BA),Offer,88,,10/10/2024,10/24/2024,Canada,Ontario,,,,,,,,,,,,,
223,Laurier,UAI,Arts Degree (BA) and MBA (Co-op),Offer,88.5,Group A,1/14/2025,1/23/2025,Canadian,Ontario,Didn't complete,,,,,,,,,,,,
224,Laurier,UAK,Computer Science,Offer,88,Group A,10/23/2024,2/10/2025,Canadian,Ontario,,,,,,,,,,,,,
225,Laurier,UB,Business Administration (BBA),Offer,95,Group A,9/27/2024,10/3/2024,Canadian,Ontario,,,$4000 Scholarship,,,,,,,,,,
226,Laurier,UB,Business Administration (BBA),Offer,98,,9/30/2024,10/9/2024,China,Ontario,,,,,,,,,,,,,
227,Laurier,UB,Business Administration (BBA),Offer,97,,10/17/2024,10/25/2024,Canada,Ontario,,,,,,,,,,,,,
228,Laurier,UB,Business Administration (BBA),Offer,96,,10/2/2024,10/29/2024,Canada,Ontario,,,,,,,,,,,,,
229,Laurier,UB,Business Administration (BBA),Offer,98,Group A,10/21/2024,11/5/2024,Canada,Ontario,"Yes, optional ABS",,,,,,,,,,,,
230,Laurier,UB,Business Administration (BBA),Offer,95.8,,10/22/2024,11/5/2024,Canada,Ontario,"Optional, but I did it",,,,,,,,,,,,
231,Laurier,UB,"Business Administration (BBA), Waterloo Campus",Offer,95.66 (Top 6),,10/4/2024,11/6/2024,Canada,Ontario,"optional, didnt do it",,,,,,,,,,,,
232,Laurier,UB,"Business Administration (BBA), Waterloo Campus",Offer,98,,10/15/2024,11/6/2024,Canadian,Ontario,,,,,,,,,,,,,
233,Laurier,UB,"Business Administration (BBA), Waterloo Campus",Offer,97,,11/6/2024,11/8/2024,Canada,Ontario,,,,,,,,,,,,,
234,Laurier,UB,Business Administration (BBA),Offer,92,Group A,11/7/2024,11/13/2024,Canada,Ontario,Optional - Did not submit,,,,,,,,,,,,
235,Laurier,UB,"Business Administration (BBA), Waterloo Campus",Offer,95.67,,11/6/2024,11/14/2024,Canada,Ontario,,Conditional 86% final acceptance average,Acceptance received before midterm,,,,,,,,,,
236,Laurier,UB,"Business Administration (BBA), Waterloo Campus",Offer,93,,10/5/2024,11/20/2024,Canada,Ontario,,"200 volunteer hours, track and cross country",,,,,,,,,,,
237,Laurier,UB,Business Administration (BBA),Offer,92,,11/11/2024,11/20/2024,Canada,Ontario,,,,,,,,,,,,,
238,Laurier,UB,Business Administration (BBA),Offer,91.5,,11/7/2024,11/20/2024,Canada,Ontario,,,My grade 12 midterm was not used - I took 1 grade 12 course in summer school,,,,,,,,,,
239,Laurier,UB,Business Administration (BBA),Offer,93,,11/20/2024,11/25/2024,Canada,Ontario,,"Engineering company intern, International English teacher, DECA trainer, FBLC trainer, Upenn Wharton competition, Teaching Assistant",,,,,,,,,,,
240,Laurier,UB,Business Administration (BBA),Offer,94.5,,10/12/2024,11/26/2024,India,Ontario,,filled out the AIF,,,,,,,,,,,
241,Laurier,UB,Business Administration (BBA),Offer,91,,9/25/2024,11/26/2024,Canada,Ontario,,Completed ABS,Good ECs were able to offset an okay-ish average,,,,,,,,,,
242,Laurier,UB,Business Administration (BBA),Offer,90,Group A,11/24/2024,11/26/2024,Canadian,Ontario,didnt complete optional additional information form,,,,,,,,,,,,
243,Laurier,UB,Business Administration (BBA),Offer,95,,10/7/2024,11/27/2024,Canada,Ontario,,,,,,,,,,,,,
244,Laurier,UB,"Business Administration (BBA), Waterloo Campus",Offer,94,,10/28/2024,11/27/2024,Canada,Ontario,,,,,,,,,,,,,
245,Laurier,UB,"Business Administration (BBA), Waterloo Campus",Offer,92.5,,10/5/2024,11/27/2024,Canada,Ontario,,Filled out ABS,,,,,,,,,,,
246,Laurier,UB,Business Administration (BBA),Offer,94.6,,11/6/2024,11/28/2024,Canada,Ontario,,,,,,,,,,,,,
247,Laurier,UB,Business Administration (BBA),Offer,91.7,,11/14/2024,11/28/2024,Canada,Ontario,,,,,,,,,,,,,
248,Laurier,UB,Business Administration (BBA),Offer,90,,11/5/2024,11/29/2024,Canada,Ontario,,,,,,,,,,,,,
249,Laurier,UB,"Business Administration (BBA), Waterloo Campus",Offer,92.83,Group A,11/28/2024,12/4/2024,Canada,Ontario,,,,,,,,,,,,,
250,Laurier,UB,"Business Administration (BBA), Waterloo Campus",Offer,90,,11/25/2024,12/4/2024,Canada,Ontario,,,,,,,,,,,,,
251,Laurier,UB,"Business Administration (BBA), Waterloo Campus",Offer,90,Group A,11/27/2024,12/11/2024,Canadian,Ontario,,,,,,,,,,,,,
252,Laurier,UB,"Business Administration (BBA), Waterloo Campus",Offer,95.55,Group A,,12/16/2024,Canada,Ontario,Optional - Did not complete,,,,,,,,,,,,
253,Laurier,UB,Business Administration (BBA),Offer,90.3,,12/11/2024,12/17/2024,Canada,Ontario,,,,,,,,,,,,,
254,Laurier,UB,Business Administration (BBA),Offer,90.17,Group A,12/9/2024,12/17/2024,Canadian,Ontario,Did not do supp app,,Surprised that I got in so quick considering my average at the time was not very competitive for the program,,,,,,,,,,
255,Laurier,UB,Business Administration (BBA),Offer,90,,10/30/2024,12/17/2024,Canada,Ontario,,,,,,,,,,,,,
256,Laurier,UB,"Business Administration (BBA), Waterloo Campus",Offer,88.3,,1/5/2025,1/10/2025,Canada,Ontario,,"DECA VP, VP of Marketing for DECA, Lifeguard/Instructor, Head Lifeguard, Volunteer Crew, Student Council Treasurer and more",did not do abs,,,,,,,,,,
257,Laurier,UB,Business Administration (BBA),Offer,88,Group A,10/23/2024,2/10/2025,Canadian,Ontario,,,,,,,,,,,,,
258,Laurier,UB,"Business Administration (BBA), Waterloo Campus",Offer,88.2,Group A,,2/19/2025,Canada,Ontario,didnt do,,,,,,,,,,,,
259,Laurier,UB,"Business Administration (BBA), Waterloo Campus",Offer,91.83,Group A,11/7/2024,3/5/2025,Canadian Citizen,Ontario,- Did not do optional ABS form,,,,,,,,,,,,
260,Laurier,UB,"Business Administration (BBA), Waterloo Campus",Offer,89.98,Group B,1/3/2025,3/26/2025,Canadian,Saskatchewan,Yes I did the ABS,"Worked in a political campaign for 5 months, besides that I just listed a couple sports I did!",,,,,,,,,,,
261,Laurier,UB,"Business Administration (BBA), Waterloo Campus",Offer,87,Group A,12/11/2024,4/6/2025,Canadian,Ontario,,,,,,,,,,,,,
262,Laurier,UB,Business Administration (BBA),Offer,93.33,Group A,11/24/2024,4/29/2025,Canadian,Ontario,Optional,,,,,,,,,,,,
263,Laurier,UB,Business Administration (BBA),Offer,86.5,Group A,,5/8/2025,Canadian,Ontario,,,,,,,,,,,,,
264,Laurier,UB,Business Administration (BBA),Offer,87,Group A,11/26/2024,5/9/2025,Canadian,Ontario,ABS,,,,,,,,,,,,
265,Laurier,UB,Business Administration (BBA),Offer,85,Group A,,5/12/2025,Canada,Ontario,ABS submitted,Did some work at a parents accounting firm,,,,,,,,,,,
266,Laurier,UB,"Business Administration (BBA), Waterloo Campus",Offer,94,,11/7/2024,10/11/2024,Canada,Ontario,,,,,,,,,,,,,
267,Laurier,UBA,Biology (BA),Offer,89,,11/14/2024,11/21/2024,Canada,Ontario,,,,,,,,,,,,,
268,Laurier,UBA,"Biology (BA), Waterloo Campus",Offer,91,,10/4/2024,11/27/2024,Canada,Ontario,,,,,,,,,,,,,
269,Laurier,UBF,"Business Administration (BBA) and Financial Mathematics and Analytics (BA) Double Degree, Waterloo Campus",Offer,94,,10/22/2024,10/27/2024,Canada,Ontario,,,"Already completed adv functions, got a 97",,,,,,,,,,
270,Laurier,UBF,"Business Administration (BBA) and Financial Mathematics and Analytics (BA) Double Degree, Waterloo Campus",Offer,95,,11/7/2024,11/11/2024,Canada,Ontario,,"Hella Extra Curriculars - Pres of Investment club, SAC exec, HSA Event Coordinator, Youth Environmental Leader, Freelance Tutor, Youth Religious educator etc.",I took Calc and Advanced functions online but I've gotten only high 90s in math pregvious yrs and did Euclid competition. I also got a 96 in AF and 97 in Calc,,,,,,,,,,
271,Laurier,UBF,"Business Administration (BBA) and Financial Mathematics and Analytics (BA) Double Degree, Waterloo Campus",Offer,95,,11/7/2024,11/11/2024,Canada,Ontario,,"Co-Pres of Investments CLub, SAC exec, HSA Event Coordinator, Religious Youth Leader, Freelance Tutor and Dance Student",I took AF and Calc online but I got a 96 and 98n and have a good track history w math including Math competition,,,,,,,,,,
272,Laurier,UBF,"Business Administration (BBA) and Financial Mathematics and Analytics (BA) Double Degree, Waterloo Campus",Offer,98.67,,11/20/2024,11/26/2024,Canada,Ontario,,,,,,,,,,,,,
273,Laurier,UBF,"Business Administration (BBA) and Financial Mathematics and Analytics (BA) Double Degree, Waterloo Campus",Offer,93,Group A,,11/26/2024,Canadian,Ontario,,,,,,,,,,,,,
274,Laurier,UBF,"Business Administration (BBA) and Financial Mathematics and Analytics (BA) Double Degree, Waterloo Campus",Offer,91,,11/5/2024,12/27/2024,Canada,Ontario,,,,,,,,,,,,,
275,Laurier,UBF,"Business Administration (BBA) and Financial Mathematics and Analytics (BA) Double Degree, Waterloo Campus",Offer,93,Group A,10/16/2024,4/29/2025,Canadian,Ontario,Optional,,,,,,,,,,,,
276,Laurier,UBI,"Biochemistry and Biotechnology (BSc), Waterloo Campus",Offer,89,,11/22/2024,11/27/2024,Canada,Ontario,,SHSM Health and Wellness,,,,,,,,,,,
277,Laurier,UBW,Mathematics and Data Analytics (BSc),Offer,96.5,,11/14/2024,11/21/2024,Canada,Ontario,,,,,,,,,,,,,
278,Laurier,UCI,Criminology (BA),Offer,77,,12/17/2024,12/20/2024,Canada,Ontario,,,didn't fill out the ABS,,,,,,,,,,
279,Laurier,UCN,Computer Science,Offer,88,,10/1/2024,11/21/2024,Canada,Ontario,,,,,,,,,,,,,
280,Laurier,UCN,Computer Science (Milton BSc),Offer,89,,11/17/2024,11/23/2024,Canada,Ontario,,"Robotics, Student Council member, Senior Mentor",,,,,,,,,,,
281,Laurier,UD,Economics,Offer,89,,12/17/2024,1/3/2025,Canada,Ontario,,,,,,,,,,,,,
282,Laurier,UDA,"Economics and Accounting (BA), Waterloo Campus",Offer,95,Group A,10/20/2024,11/8/2024,Canadian,Ontario,,,,,,,,,,,,,
283,Laurier,UDA,"Economics and Accounting (BA), Waterloo Campus",Offer,93.6,,11/15/2024,11/20/2024,Canada,Ontario,,President of Productivity Club,,,,,,,,,,,
284,Laurier,UDA,Economics and Accounting (BA),Offer,86,Group A,11/21/2024,11/28/2024,Canadian,Ontario,Laurier Form,"SHSM, Swimming lessons business, Band",,,,,,,,,,,
285,Laurier,UDH,Economics and Financial Management (BA) with Management Option,Offer,84,Group A,,11/2/2024,Canadian,Ontario,,,,,,,,,,,,,
286,Laurier,UDH,"Economics and Financial Management (BA) with Management Option, Waterloo Campus",Offer,87,,10/25/2024,11/20/2024,Canada,Ontario,,,,,,,,,,,,,
287,Laurier,UDM,"Data Science (BSc) with Management Option, Waterloo Campus",Offer,89,,11/13/2024,11/23/2024,Canada,Ontario,,FRC World Championship Contender,,,,,,,,,,,
288,Laurier,UDS,Data Science (BSc),Offer,97,,11/6/2024,11/8/2024,Canada,Ontario,,,,,,,,,,,,,
289,Laurier,UDS,Data Science (BSc),Offer,92,,10/15/2024,11/8/2024,Canada,Ontario,,,,,,,,,,,,,
290,Laurier,UDS,Data Science (BSc),Offer,92,Group A,11/20/2024,11/27/2024,Vietnam,Ontario,ABS,"SAC, Co-lead 5 clubs throughout gr11 & 12 (MUN, Hip-hop club, Gender Alliance, International student group, Entrepreneurship), President of a Business Chapter, International Student, International Certificate Program, SHSM Business, 200+ volunteer hours",Im only doing Ap Calc rn ;-;,,,,,,,,,,
291,Laurier,UDS,Data Science (BSc),Offer,88.5,,11/19/2024,11/28/2024,Canada,Ontario,,,,,,,,,,,,,
292,Laurier,UE,"Biology (BSc) Programs, Waterloo Campus",Offer,91,,10/21/2024,11/8/2024,Canada,Ontario,,,,,,,,,,,,,
293,Laurier,UE,Biology (BSc),Offer,87.66,,10/15/2024,11/8/2024,Canada,Ontario,,,,,,,,,,,,,
294,Laurier,UE,Biology (BSc),Offer,95,,11/16/2024,11/21/2024,Canada,Ontario,,,,,,,,,,,,,
295,Laurier,UE,Biology (BSc),Offer,84,Group A,1/8/2025,2/19/2025,Canadian,Ontario,,,,,,,,,,,,,
296,Laurier,UED,Economics and Data Analytics,Offer,93,Group A,11/9/2024,11/23/2024,Canadian,Ontario,,,,,,,,,,,,,
297,Laurier,UFA,"Computer Science (BSc), Waterloo Campus",Offer,89,,11/5/2024,11/7/2024,Canada,Ontario,,,,,,,,,,,,,
298,Laurier,UFA,"Computer Science (BSc), Waterloo Campus",Offer,95.3,,10/7/2024,11/13/2024,Canada,Ontario,,,,,,,,,,,,,
299,Laurier,UFA,Computer Science (BSc),Offer,95,,11/7/2024,11/13/2024,Canada,Ontario,,,,,,,,,,,,,
300,Laurier,UFA,"Computer Science (BSc), Waterloo Campus",Offer,95,,11/13/2024,11/23/2024,Canada,Ontario,,,did not do the abs,,,,,,,,,,
301,Laurier,UFA,"Computer Science (BSc), Waterloo Campus",Offer,93.66,,11/5/2024,11/23/2024,Canada,Ontario,,,75% conditional average,,,,,,,,,,
302,Laurier,UFA,Computer Science (BSc),Offer,92,Group A,11/20/2024,11/27/2024,Vietnam,Ontario,ABS,"SAC, Co-lead 5 clubs throughout gr11 & 12 (MUN, Hip-hop club, Gender Alliance, International student group, Entrepreneurship), President of a Business Chapter, International Student, International Certificate Program, SHSM Business, 200+ volunteer hours",,,,,,,,,,,
303,Laurier,UFA,Computer Science (BSc),Offer,83,,12/1/2024,12/7/2024,Canada,Ontario,,,,,,,,,,,,,
304,Laurier,UFA,Computer Science (BSc),Offer,89,,1/8/2025,1/14/2025,Canada,Ontario,,,,,,,,,,,,,
305,Laurier,UFA,"Computer Science (BSc), Waterloo Campus",Offer,87,,1/8/2025,1/14/2025,Canada,Ontario,,,,,,,,,,,,,
306,Laurier,UFA,"Computer Science (BSc), Waterloo Campus",Offer,90.75,Group A,12/18/2024,2/19/2025,Canadian,Ontario,,,,,,,,,,,,,
307,Laurier,UFT,Computer Science & Psychology,Offer,94,,12/21/2024,1/2/2025,Canada,Ontario,,Student Council Pres,,,,,,,,,,,
308,Laurier,UH,Political Science,Offer,82.68 (Grade 11 Average),Group A,10/7/2024,10/10/2024,Canadian,Ontario,,"Over 650 Community Hours, Community building (helping refugees adjust to a new life in Canada) School sports (wrestling)",N/A,,,,,,,,,,
309,Laurier,UH,Political Science,Offer,89.67,Group A,10/10/2024,10/16/2024,Canadian,Ontario,,,,,,,,,,,,,
310,Laurier,UH,"Honours Arts (BA) Programs, All Arts Majors, Waterloo Campus (major in political science)",Offer,88.3,,10/28/2024,11/5/2024,Canada,Ontario,,400 volunteer hours? Thats all,,,,,,,,,,,
311,Laurier,UH,Honours Arts (BA),Offer,89,,11/14/2024,11/20/2024,Canada,Ontario,,,,,,,,,,,,,
312,Laurier,UH,"Honours Arts (BA) Programs, All Arts Majors, Waterloo Campus (Sociology)",Offer,83,,11/6/2024,11/27/2024,Canada,Ontario,,,,,,,,,,,,,
313,Laurier,UH,"Honours Arts (BA) Programs, All Arts Majors, Waterloo Campus",Offer,83,Group A,1/17/2025,4/29/2025,Canadian,Ontario,,,,,,,,,,,,,
314,Laurier,UHC,BSc Chemistry,Offer,95,Group A,10/21/2024,10/25/2024,Canadian,Ontario,,,Conditional entrance scholarship of $3000,,,,,,,,,,
315,Laurier,UHP,Psychology BA waterloo campus,Offer,87,Group A,10/31/2024,11/3/2024,Canada,Ontario,,,,,,,,,,,,,
316,Laurier,UID,BA International Education Studies,Offer,95.5,Group A,,11/28/2024,Canadian,Ontario,,,,,,,,,,,,,
317,Laurier,ULA,"Law Degree (LLB) at University of Sussex and Arts Degree (BA), Waterloo Campus",Offer,89,Group A,12/1/2024,12/6/2024,Canadian,Ontario,,,,,,,,,,,,,
318,Laurier,ULA,"Law Degree (LLB) at University of Sussex and Arts Degree (BA), Waterloo Campus",Offer,89,Group A,12/19/2024,1/3/2025,Canadian,Ontario,,,,,,,,,,,,,
319,Laurier,ULA,"Law Degree (LLB) at University of Sussex and Arts Degree (BA), Waterloo Campus",Offer,91,Group A,1/20/2025,2/12/2025,Canadian,Ontario,,,,,,,,,,,,,
320,Laurier,ULS,Law Degree (LLB) at University of Sussex and Science Degree (BSc),Offer,84,Group A,1/8/2025,2/20/2025,Canadian,Ontario,,,,,,,,,,,,,
321,Laurier,UMA,"Arts Degree (BA) and Master's Degree (MA, MAP or MIPP) (English)",Offer,93,,9/19/2024,11/9/2024,Canada,Ontario,,,,,,,,,,,,,
322,Laurier,UMB,Bachelor of Arts (Faculty of Arts only) & Management Option Waterloo Campus,Deferred,83,Group A,1/17/2025,5/14/2025,Canadian,Ontario,,,"Didn't take calculus, originally applied for Economics and Accounting (BA).",,,,,,,,,,
323,Laurier,UMG,BSc Biology; Bio & Psych + Management Option Waterloo Campus,Offer,93,,11/4/2024,11/27/2024,Canada,Ontario,,,,,,,,,,,,,
324,Laurier,UMG,Biology (BSc) with managment option,Offer,89,Group A,1/13/2025,2/22/2025,Portugese,Ontario,,,,,,,,,,,,,
325,Laurier,UMS,"Financial Mathematics and Analytics, BSc",Deferred,85.5,Group A,12/19/2024,5/13/2025,Canada,Ontario,,,Program is Core Science,,,,,,,,,,
326,Laurier,UMT,Health Sciences (BSc) with Management Option,Offer,~ 89,Group A,11/4/2024,11/7/2024,Canadian,Ontario,didn't complete optional additional information form,,,,,,,,,,,,
327,Laurier,UMT,Health Sciences (BSc) with Management Option,Offer,83.6 midterm average with all prereqs,Group A,11/9/2024,12/17/2024,Canadian,Ontario,,,,,,,,,,,,,
328,Laurier,UPS,Psychology (BSc),Offer,93.16,,10/26/2024,11/5/2024,Canada,Ontario,,pres of 1 club and exec in 2 other clubs,"i fast tracked english, chemistry, and data management",,,,,,,,,,
329,Laurier,UPS,"Psychology (BSc), Non-Co-op",Offer,81,,11/8/2024,11/13/2024,Canada,Ontario,,"Provincials At Deca, Ultimate Frisbee team for 3 years",,,,,,,,,,,
330,Laurier,UPS,"Psychology (BSc), Waterloo Campus",Offer,91,Group A,11/6/2024,11/22/2024,Canadian,Ontario,,,,,,,,,,,,,
331,Laurier,UPS,"Psychology (BSc), Waterloo Campus",Offer,90.16,Group A,11/17/2024,11/23/2024,Canadian,Ontario,,,,,,,,,,,,,
332,Laurier,UPS; UMX,Psychology & Neuroscience Co-op (BSc),Offer,93.3,,11/13/2024,11/16/2024,Canada,Ontario,,,,,,,,,,,,,
333,Laurier,USH,Health Sciences,Offer,95,Group A,10/15/2024,10/22/2024,Canada,Ontario,,,$4000 per year presidents gold scholarship,,,,,,,,,,
334,Laurier,USH,Health Sciences,Offer,89,,10/15/2024,10/22/2024,Canada,Ontario,,,,,,,,,,,,,
335,Laurier,USH,Health Sciences Co-op,Offer,94,,10/18/2024,11/4/2024,Canada,Ontario,,,,,,,,,,,,,
336,Laurier,USH,"Health Sciences (BSc), Waterloo Campus",Offer,87,,10/27/2024,11/5/2024,Canada,Ontario,,"High ranking Cadet, 300+ volunteer hours, work with at risk children",,,,,,,,,,,
337,Laurier,USH,"Health Sciences (BSc), Waterloo Campus",Offer,93,,10/10/2024,11/8/2024,Canada,Ontario,,,,,,,,,,,,,
338,Laurier,USH,"Health Sciences (BSc), Waterloo Campus",Offer,92.3,,9/29/2024,11/8/2024,Canada,Ontario,,,,,,,,,,,,,
339,Laurier,USH,Health Sciences,Offer,88.7,,11/5/2024,11/8/2024,Canada,Ontario,,,Conditional offer - need to maintain an 80+ average,,,,,,,,,,
340,Laurier,USH,"Health Sciences (BSc), Waterloo Campus",Offer,94,,11/7/2024,11/14/2024,Canada,Ontario,,,,,,,,,,,,,
341,Laurier,USH,Health Sciences,Offer,90.7,,11/11/2024,11/16/2024,Canada,Ontario,,,,,,,,,,,,,
342,Laurier,USH,"Health Sciences (BSc), Waterloo Campus",Offer,95,,11/16/2024,11/26/2024,Canada,Ontario,,,,,,,,,,,,,
343,Laurier,USH,"Health Sciences (BSc), Waterloo Campus",Offer,94,,11/21/2024,11/26/2024,Canada,Ontario,,,,,,,,,,,,,
344,Laurier,USH,"Health Sciences (BSc), Waterloo Campus",Offer,91,,10/24/2024,11/26/2024,Canada,Ontario,,,,,,,,,,,,,
345,Laurier,USH,"Health Sciences (BSc), Waterloo Campus",Offer,84,,10/16/2024,11/26/2024,Canada,Ontario,,,,,,,,,,,,,
346,Laurier,USH,Health Sciences (BSC),Offer,93,,10/17/2024,11/27/2024,Canada,Ontario,,Filled out the ABS a while ago,,,,,,,,,,,
347,Laurier,USH,Health Sciences,Offer,92,,11/7/2024,12/25/2024,Canada,Ontario,,"SHAD, DECA, Clubs, Volunteering, Website Business, etc...",,,,,,,,,,,
348,Laurier,USH,Health Sciences,Offer,94,,12/21/2024,1/3/2025,Canada,Ontario,,Student Council Pres,,,,,,,,,,,
349,Laurier,USH,Health Sciences (Bsc),Offer,85.5,Group A,12/14/2024,1/4/2025,Canadian,Ontario,ABS,"Student Council, HOSA",,,,,,,,,,,
350,Laurier,USH,Health Sciences (Bsc),Offer,97,,1/11/2025,1/22/2025,Canada,Ontario,,,,,,,,,,,,,
351,Laurier,USH,Health Sciences,Offer,89%,Group A,12/2/2024,3/5/2025,Canadian,Ontario,,,,,,,,,,,,,
352,Laurier,USH,Health Sciences,Offer,84,Group A,12/22/2024,2/20/2025,Canadian,Ontario,,,,,,,,,,,,,
353,Laurier,USH; UMT,Health Sciences (BSc),Offer,93.3,,11/13/2024,11/26/2024,Canada,Ontario,,,,,,,,,,,,,
354,Laurier,USM,"Financial Mathematics and Analytics (BSc), Waterloo Campus",Offer,93.67,Group A,10/8/2024,11/6/2024,Canadian,Ontario,,,,,,,,,,,,,
355,Laurier,UWA,Honours Science (BSc) Waterloo Campus,Offer,88.7,,11/5/2024,11/8/2024,Canada,Ontario,,,Conditional offer - must maintain 70+ average,,,,,,,,,,
356,Laurier,UWB,"Business Administration (BBA) + Computer Science (BCS), University of Waterloo",Offer,"Advance Functions 100, Chemistry 100, Physics 100, Computer Science 99, Food and Nutrition 99, English 96",Group A,12/2/2024,12/21/2024,Singaporean (With Canadian PR),Ontario,ABS,"12 Years of Volleyball, 7 Years of Club Volleyball, 4 Years in a row top 20 in Ontario for Volleyball, 1590 SAT score",,,,,,,,,,,
357,Laurier,UWB,BBA,Offer,90.3,Group A,,2/18/2025,Canadian,Ontario,,,,,,,,,,,,,
358,Laurier,UWB,"Business Administration (BBA) + Computer Science (BCS), University of Waterloo",Offer,99.5,Group A,11/15/2024,5/7/2025,Chinese,Ontario,Yes - ABS,,,,,,,,,,,,
359,Laurier,UWB,"Business Administration (BBA) + Computer Science (BCS), University of Waterloo",Offer,96.67,Group A,10/8/2024,5/7/2025,Canadian,Ontario,"Yes, ABS",,,,,,,,,,,,
360,Laurier,UWB,"Business Administration (BBA) + Computer Science (BCS), University of Waterloo",Offer,96,Group A,10/15/2024,5/7/2025,Canadian Citizen,Ontario,"No, it's optional, ABS",,,,,,,,,,,,
361,Laurier,UWB,"Business Administration (BBA) + Computer Science (BCS), University of Waterloo",Offer,97,Group A,10/24/2024,5/8/2025,Chinese,Ontario,I submitted an optional supplemental application on the last day. However I know many people who got in without filling out the supplemental.,,,,,,,,,,,,
362,Laurier,UWB,"Business Administration (BBA) + Computer Science (BCS), University of Waterloo",Deferred,90,Group A,12/31/2024,5/13/2025,Canadian,Ontario,ABS,"- DECA, FBLA and Badminton",got admitted to UXA,,,,,,,,,,
363,Laurier,UWC,"Computer Science and Physics (BSc), Waterloo Campus",Offer,94.2,,10/2/2024,11/8/2024,Canada,Ontario,,,,,,,,,,,,,
364,Laurier,UWW,"Business Administration (BBA) + Mathematics (BMath), University of Waterloo",Offer,96.33,Group A,10/30/2024,5/8/2025,Canadian,Ontario,ABS,,,,,,,,,,,,
365,Laurier,UWW,BBA (Waterloo Campus),Offer,97,,10/10/2024,,Canada,Ontario,,"VP of large student organization, Student Council Prez, DECA founder and prez, deca provinvial finalist, math team, 5 sports",,,,,,,,,,,
366,Laurier,UXA,"Business Administration (BBA) and Computer Science (BSc) Double Degree, Waterloo Campus",Offer,95,,10/18/2024,10/23/2024,Canada,Ontario,,,,,,,,,,,,,
367,Laurier,UXA,"Business Administration (BBA) and Computer Science (BSc) Double Degree, Waterloo Campus",Offer,95,,11/4/2024,11/8/2024,Canada,Ontario,,,,,,,,,,,,,
368,Laurier,UXA,Business Administration (BBA) and Computer Science (Bsc) Double Degree,Offer,93,,10/10/2024,11/20/2024,Canada,Ontario,,,,,,,,,,,,,
369,Laurier,UXA,"Business Administration (BBA) and Computer Science (BSc) Double Degree, Waterloo Campus",Offer,91.33%,Group A,12/18/2024,1/2/2025,Canada,Ontario,,,"Not planning to accept, waiting for waterloo math",,,,,,,,,,
370,Laurier,UXA,"Business Administration (BBA) and Computer Science (BSc) Double Degree, Waterloo Campus",Offer,88,Group A,1/5/2025,1/10/2025,Canadian,Ontario,"NO, did ABS","DECA VP, Lifeguard and Supervisor, Student Council, Volunteering, Awards",did ABS,,,,,,,,,,
371,Laurier,UXA,"Business Administration (BBA) and Computer Science (BSc) Double Degree, Waterloo Campus",Offer,88.3,,1/5/2025,1/14/2025,Canada,Ontario,,"DECA VP, VP of Marketing for DECA, Lifeguard/Instructor, Head Lifeguard, Volunteer Crew, Student Council Treasurer and more",,,,,,,,,,,
372,Laurier,UXA,Business Administration (BBA) and Computer Science (BSc),Offer,87 / 94,Group A,1/23/2025,4/22/2025,Canadian,Ontario,Yes,,Gap Year,,,,,,,,,,
373,Laurier,UYT,"Youth and Childrens Studies (BA) with Teaching Option, Brantford Camous",Offer,93,,11/9/2024,11/12/2024,Canada,Ontario,,,,,,,,,,,,,
374,McGill,B.Sc.,,Offer,96.6,,11/27/2024,3/3/2025,Canadian,Newfoundland and Labrador,,,,,,,,,,,,,
375,McGill,Bachelor of Arts,,Offer,94.83,,,2/26/2025,Canada,Ontario,,,,,,,,,,,,,
376,McGill,Bachelor of Arts,,Offer,97,,1/10/2025,2/27/2025,Canadian/Ontario,Ontario,,,,,,,,,,,,,
377,McGill,Bachelor of Arts,,Offer,96,,,4/23/2025,Canadian,Ontario,,,,,,,,,,,,,
378,McGill,Bachelor of Arts,,Offer,96.16,,2/1/2025,4/25/2025,Canadian,Ontario,,,Got accepted 16 hours after I submitted my grades,,,,,,,,,,
379,McGill,Bachelor of Commerce,,Offer,95,,10/7/2024,2/14/2025,Canada,"MA, USA",,,,,,,,,,,,,
380,McGill,Bachelor of Commerce,,Offer,97,,1/6/2025,2/24/2025,Canadian,Ontario,,,,,,,,,,,,,
381,McGill,Bachelor of Commerce,,Offer,96.2,,10/12/2024,3/28/2025,BC,British Columbia,,,,,,,,,,,,,
382,McGill,Bachelor of Commerce,,Offer,97,,,5/1/2025,Canadian,Ontario,,,,,,,,,,,,,
383,McGill,Bachelor of Commerce,,Offer,96.16,,1/4/2025,5/1/2025,Canadian,Ontario,,,"Submitted midterm grades on April 24th, bumped my top 6 from around a 91 to 96.16. Calc grade was 96, English was 88",,,,,,,,,,
384,McGill,Bachelor of Commerce,,Offer,91.3,,2/13/2025,5/1/2025,Canadian,Ontario,,,,,,,,,,,,,
385,McGill,"Bachelor of Science: Biological, Biomedical and Life Sciences Group",,Offer,96.5,,2/11/2025,2/28/2025,Canadian,Ontario,,,,,,,,,,,,,
386,McGill,Bioengineering,,Offer,99.16,,,2/27/2025,Canadien,Ontario,,,,,,,,,,,,,
387,McGill,Bioengineering,,Offer,98.5,,10/1/2024,2/27/2025,ontario,Ontario,,,,,,,,,,,,,
388,McGill,Chemical Engineering,,Offer,96.2,,1/10/2025,3/3/2025,Canadian,Alberta,,,,,,,,,,,,,
389,McGill,Chemical Engineering,,Offer,94.83,,10/12/2024,4/23/2025,British,Ontario,,,,,,,,,,,,,
390,McGill,Computer Engineering,,Offer,96.4,,11/1/2024,2/3/2025,Canadian,British Columbia,,,,,,,,,,,,,
391,McGill,Computer Engineering,,Offer,98,,11/19/2024,2/27/2025,Canada,Ontario,,,,,,,,,,,,,
392,McGill,Computer Engineering,,Offer,97.3,,1/13/2025,2/27/2025,Canadian,Ontario,,,,,,,,,,,,,
393,McGill,Computer Engineering,,Offer,95.5,,1/6/2025,2/27/2025,Canadian,Ontario,,,"got in early - early avg (sem 1 midterms): 99 cs, 97 physics, 96 english, 96 pysc, 95 chem, 90 calc",,,,,,,,,,
394,McGill,Computer Engineering,,Offer,93.4,,1/1/2025,4/26/2025,Canadian,Ontario,,,Nope,,,,,,,,,,
395,McGill,Electrical Engineering,,Offer,95,,12/26/2024,3/7/2025,Japanese,Japan,,,,,,,,,,,,,
396,McGill,Electrical Engineering,,Offer,95.3,,,4/1/2025,Canadian,Ontario,,,,,,,,,,,,,
397,McGill,Honours Math Coop,,Offer,96,,1/10/2025,2/10/2025,Canadian,Nova Scotia,,"Badminton, orchestra, Math tutoring","IB accepted to McGill BSc Math and BABSc, Dalhousie BSc and Waterloo Math Honours Coop choose McGill Math",,,,,,,,,,
398,McGill,Kinesiology,,Offer,94,,,2/26/2025,Canadian,Ontario,,,IB,,,,,,,,,,
399,McGill,Kinesiology,,Offer,95.4,,,4/23/2025,Canadian,Ontario,,,,,,,,,,,,,
400,McGill,Materials Engineering,,Offer,96,,11/11/2024,2/17/2025,Canadian,Ontario,,,,,,,,,,,,,
401,McGill,Materials Engineering,,Offer,93.67,,11/17/2024,4/30/2025,Canadian,Ontario,,,,,,,,,,,,,
402,McGill,"Physical, Earth, Math and Computer Sciences Group",,Offer,97.3,,1/14/2025,2/28/2025,Canadian,Ontario,,,,,,,,,,,,,
403,McGill,"Physical, Earth, Math and Computer Sciences Group",,Offer,94.83,,10/12/2024,4/23/2025,British,Ontario,,,,,,,,,,,,,
404,McGill,"Physical, Earth, Math and Computer Sciences Group",,Offer,93.3,,10/14/2024,5/12/2025,Canadian,Ontario,,,,,,,,,,,,,
405,McGill,Software Engineering (Co-Op),,Offer,Around a 94 (not sure how they calculate it),,1/1/2025,2/27/2025,Canadian,Ontario,,,,,,,,,,,,,
406,McGill,Software Engineering (Co-Op),,Offer,98.2,,2/13/2025,2/27/2025,Canadian,Ontario,,,,,,,,,,,,,
407,McMaster,MAT,Automotive and vehicle engineering technology,Offer,89.33,Group A,12/5/2024,3/5/2025,Canadian/American,Ontario,Kira,Band,,,,,,,,,,,
408,McMaster,MB,Business I,Offer,95,Group B,10/17/2024,12/13/2024,Canada,"MA , USA",,,,,,,,,,,,,
409,McMaster,MB,Business I,Offer,90.3,Group A,,2/4/2025,Canadian,Ontario,,,,,,,,,,,,,
410,McMaster,MB,Business I,Offer,95.5,Group A,,2/11/2025,Canada,Ontario,Optional Supp App - completed online form,,,,,,,,,,,,
411,McMaster,MB,Business I,Offer,94,Group A,,2/11/2025,Canadian,Ontario,,,,,,,,,,,,,
412,McMaster,MB,Business I,Offer,92.67,Group A,12/17/2024,2/11/2025,Canadian,Ontario,I didn't complete the optional supp app,,R: Sundae_Minimum,,,,,,,,,,
413,McMaster,MB,Business I,Offer,92%,Group A,10/14/2024,2/12/2025,Canadian/American,Ontario,,,,,,,,,,,,,
414,McMaster,MB,Business I,Offer,91.4,Group A,11/11/2024,2/24/2025,Canadian,Ontario,,,,,,,,,,,,,
415,McMaster,MB,Business I,Offer,93- MCR3U BAF3M-92 SNC4M-93 MHF4U-82 ENG4U-86 BBB4M- 84,Group A,1/3/2025,2/26/2025,Canada,Ontario,Yes one on THERE WEBSITE,general,,,,,,,,,,,
416,McMaster,MB,Business I,Offer,96,Group A,11/27/2024,2/26/2025,Canadian,Ontario,Optional - Completed,,,,,,,,,,,,
417,McMaster,MB,Business I,Offer,93.8,Group A,10/16/2024,2/26/2025,Canadian,Ontario,,,,,,,,,,,,,
418,McMaster,MB,Business I,Offer,93.66,Group A,10/7/2024,2/26/2025,Canadian,Ontario,Optional (completed),,,,,,,,,,,,
419,McMaster,MB,Business I,Offer,92,Group A,11/28/2024,2/26/2025,Canadian,Ontario,completed the optional sup app,not much tbh,,,,,,,,,,,
420,McMaster,MB,Business I,Offer,89,Group A,2/3/2025,2/26/2025,yes,Ontario,yes,,,,,,,,,,,,
421,McMaster,MB,Business I,Offer,87,Group A,10/20/2024,2/26/2025,Canadian,Ontario,Optional (completed),,,,,,,,,,,,
422,McMaster,MB,Business I,Offer,86.25,Group A,11/4/2024,2/27/2025,Canadian,Ontario,Optional,,,,,,,,,,,,
423,McMaster,MB,Business I,Offer,86.89,Group B,,3/11/2025,Canadian,Saskatchewan,Yes,,Did IB,,,,,,,,,,
424,McMaster,MB,Business I,Offer,92.83,Group A,11/27/2024,5/5/2025,Canadian,Ontario,"Optional, didn't complete",,,,,,,,,,,,
425,McMaster,MB,Business I,Offer,86.3,Group A,,5/5/2025,Canadian,Ontario,I did the subapp on the Mac Portal,,,,,,,,,,,,
426,McMaster,MB,Business I (Finance),Offer,85.5,Group A,12/23/2024,5/5/2025,Canadian,Ontario,Optional (Completed),,ez,,,,,,,,,,
427,McMaster,MB,Business I,Offer,90%,Group A,1/13/2025,5/5/2025,Canadian,Ontario,Did not do,Did not do,Had a 58 in English but took retook in sem 2 and had a 93 midterm,,,,,,,,,,
428,McMaster,MBH,Integrated Business & Humanities I (IBH),Offer,95,Group B,10/7/2024,3/31/2025,CANADA,"MA, USA",KIRA,,,,,,,,,,,,
429,McMaster,MBH,Integrated Business & Humanities I (IBH),Offer,92.9,Group B,2/2/2025,4/1/2025,Canadian,British Columbia,Kira,,,,,,,,,,,,
430,McMaster,MBH,Integrated Business & Humanities I (IBH),Offer,93,Group A,,4/2/2025,Canada,Ontario,Yes,,,,,,,,,,,,
431,McMaster,MC,Computer Science I,Offer,93,Group A,,5/6/2025,Canada,Ontario,Video Interview,,,,,,,,,,,,
432,McMaster,MCC,Computer Science I (Co-op),Offer,95.67,Group B,11/28/2024,12/10/2024,Canadian,British Columbia,KIRA; went extremely well,Mentioned building and selling computers for over 5 years and coding projects,AP Calculus,,,,,,,,,,
433,McMaster,MCC,Computer Science I (Co-op),Offer,96.5,Group A,11/29/2024,2/27/2025,Canada,Ontario,Kira,Barely got to tell them anything. Mainly based off grades and confidence in interview,,,,,,,,,,,
434,McMaster,MCC,Computer Science I (Co-op),Offer,94% (Semester One Final),Group A,1/1/2025,2/28/2025,Canadian,Ontario,KIRA,,,,,,,,,,,,
435,McMaster,MCC,Computer Science I (Co-op),Offer,97.33,Group A,11/14/2024,3/5/2025,China,Ontario,KIRA,,,,,,,,,,,,
436,McMaster,MCC,Computer Science I (Co-op),Offer,96.25,Group A,11/4/2024,3/5/2025,Canada,Ontario,Kira Interview,Good interview,,,,,,,,,,,
437,McMaster,MCC,Computer Science I (Co-op),Offer,95.66,Group A,12/18/2024,3/5/2025,Canadian,Ontario,KIRA - Submitted on January 30th,President of the Computer Science Club; Head of Marketing for the Engineering Club; 3 Year member of band; Hackathons,,,,,,,,,,,
438,McMaster,MCC,Computer Science I (Co-op),Offer,95.33,Group A,11/5/2024,3/5/2025,Canada,Ontario,Kira,,,,,,,,,,,,
439,McMaster,MCC,Computer Science I (Co-op),Offer,95,Group A,11/20/2024,3/5/2025,Canadian,Ontario,KIRA supp app required,,,,,,,,,,,,
440,McMaster,MCC,Computer Science I (Co-op),Offer,94.8,Group A,12/11/2024,3/5/2025,Canadian,Ontario,Supp app + Interview,Website database management and ski instructing,IB,,,,,,,,,,
441,McMaster,MCC,Computer Science I (Co-op),Offer,94.67,Group A,11/4/2024,3/5/2025,Canadian,Ontario,KIRA,"No major fumbles in the interview, but nothing spectacular either.","AP Calc, AP Language and Composition",,,,,,,,,,
442,McMaster,MCC,Computer Science I (Co-op),Offer,97.8,Group A,,3/6/2025,Canadian,Ontario,KIRA,"Cadets, glider pilot license, church volunteering, badminton, part time jobs",Entrance scholarship,,,,,,,,,,
443,McMaster,MCC,Computer Science I (Co-op),Offer,94,Group A,11/4/2024,3/6/2025,Pakistani,Ontario,KIRA,,,,,,,,,,,,
444,McMaster,MCC,Computer Science I (Co-op),Offer,92.25,Group A,12/2/2024,3/6/2025,Canadian,Ontario,KIRA,msa director; link crew captain; mcmaster volunteering; part-time job,,,,,,,,,,,
445,McMaster,MCC,Computer Science I (Co-op),Offer,96.5,Group A,11/25/2024,5/6/2025,Canada,Ontario,Kira,,,,,,,,,,,,
446,McMaster,MCC,Computer Science I (Co-op),Offer,95.67,Group A,11/8/2024,5/6/2025,Canadian,Ontario,"Yes, KIRA.",,"My KIRA supplementary application was atrocious. For one of the video interviews, I even cut it off at the 1 minute mark (out of 2 minutes).",,,,,,,,,,
447,McMaster,MCC,Computer Science 1 (coop),Offer,93.5,Group A,11/21/2024,5/6/2025,Canadian,Ontario,KIRA,"Student council, it wasn't really about my ECs more just my opinion on statements to see how I would respond",,,,,,,,,,,
448,McMaster,MCC,Computer Science I (Co-op),Offer,92.33,Group A,,5/6/2025,Canadian,Ontario,Kira,Good ECS,,,,,,,,,,,
449,McMaster,MCC,Computer Science I (Co-op),Rejected,94,Group A,,5/7/2025,Canadian,Ontario,Kira,I acc fumbled on the interview I would reject me too lowkey,Idk what day i got the response from I forgot to check,,,,,,,,,,
450,McMaster,MCC,Computer Science I (Co-op),Rejected,92.66,Group B,12/27/2024,5/7/2025,Canadian,Ontario,Kira,"McMaster Engineering Physics Lab intern - programmed telescope and drone for alignment for optical communication; Schulich leader nominee, FRC (FIRST Robotics Competition) programming team lead; Various science fair projects - AI water pollution detection drone, pipe inspection robot, device that uses machine learning to estimate future water pollution levels, won $5000+ dollars, qualified for Canada Wide Science Fair, International Science and Engineering Fair (could not attend due to difficulties with cross border travel at this time), selected to present at an international youth research conference; paper published in national journal; ran an initiative in my community where I taught 20+ kids how to code; founded coding club at my school; DECA VP- 2X provincial finalist; Multiple AI projects - cancer cell classifier, car feed object detection model etc.; Assistant math teacher; played volleyball for school; Student Council General Events Chair;",First gen. Full IB course load. DON'T DO IB!!!,,,,,,,,,,
451,McMaster,MCC,Computer Science I (Co-op),Rejected,90,Group A,11/5/2024,5/7/2025,Canadian,Ontario,Interview,,,,,,,,,,,,
452,McMaster,MCC,Computer Science I (Co-op),Rejected,89,Group A,11/28/2024,5/7/2025,Canadian,Ontario,KIRA,Data Anyslt,,,,,,,,,,,
453,McMaster,MCC,Computer Science I (Co-op),Offer,96.41,Group A,,,Canadian,Ontario,Kira,"Worked on Coding projects, Expressed love for math and physics",,,,,,,,,,,
454,McMaster,ME,Engineering I,Offer,97,Group A,,3/5/2025,Permanent Resident,Ontario,KIRA,,,,,,,,,,,,
455,McMaster,ME,Computer Science I (Co-op),Offer,96.33,Group A,11/4/2024,3/5/2025,Canada,Ontario,KIRA Interview,Good interview,,,,,,,,,,,
456,McMaster,ME,Engineering I,Offer,96,Group A,11/7/2024,3/5/2025,Canadian,Ontario,KIRA,student councik,,,,,,,,,,,
457,McMaster,ME,Engineering I,Offer,96,Group A,11/18/2024,3/5/2025,Canadian,Ontario,KIRA,Forgor (I don't think I talked about EC's),,,,,,,,,,,
458,McMaster,ME,Engineering I,Offer,96,Group A,11/27/2024,3/5/2025,Canadian,Ontario,KIRA,Lots of volunteering with children,,,,,,,,,,,
459,McMaster,ME,Engineering I,Offer,93,,,3/5/2025,Canadian,Ontario,KIRA,,,,,,,,,,,,
460,McMaster,ME,Engineering I,Offer,97.67,Group A,,3/6/2025,Canadian,Ontario,"KIRA talent for both engineering and IBioMed, written and video answer questions","VEX Robotics member, Cultural Unity Club member, Model UN.",,,,,,,,,,,
461,McMaster,ME,Engineering I,Offer,94,Group A,11/4/2024,3/6/2025,Pakistani,Ontario,KIRA,,,,,,,,,,,,
462,McMaster,ME,Engineering I,Offer,95.5,Group B,12/4/2024,5/6/2025,Some Asian country,British Columbia,KIRA only,,,,,,,,,,,,
463,McMaster,ME,Engineering I,Offer,95.3,Group A,,5/13/2025,Canadian,Ontario,KIRA,,,,,,,,,,,,
464,McMaster,ME or MEC,Engineering I,Offer,97.5,Group A,1/17/2025,3/5/2025,Canadian,Ontario,KIRA,,gave me a $3000 scholarship,,,,,,,,,,
465,McMaster,ME or MEC,Engineering I (Co-op),Offer,96,Group A,10/27/2024,3/5/2025,Canada,Ontario,KIRA,I think I articulated myself pretty well and seemed pretty passionate.,Don't worry If you have not received anything... you will!!!,,,,,,,,,,
466,McMaster,MEC,Engineering I (Co-op),Offer,97.7,Group B,9/26/2024,12/10/2024,Canada,British Columbia,,Canadian IPhO Training Camp Qualifier,,,,,,,,,,,
467,McMaster,MEC,Engineering I (Co-op),Offer,97,Group B,12/20/2024,1/28/2025,Canadien,Quebec,Kira,,,,,,,,,,,,
468,McMaster,MEC,Engineering I (Co-op),Offer,36 R-score (CEGEP),Group B,10/28/2024,2/16/2025,Canada,Quebec,KIRA,"Engineering internships, non-profit, part-time jobs, volunteer math/physics tutoring, CSMC, robotics, academic research, and a couple of other stuff.",my supp app wasn't that great btw. don't worry if you messed it up too.,,,,,,,,,,
469,McMaster,MEC,Engineering I (Co-op),Offer,99.5,Group B,1/7/2025,2/18/2025,Canadian,Alberta,KIRA,,IB Certificate Student,,,,,,,,,,
470,McMaster,MEC,Engineering I (Co-op),Offer,98,Group B,1/25/2025,2/27/2025,Canadian,Saudi Arabia,KIRA,volunteering,,,,,,,,,,,
471,McMaster,MEC,Engineering I (Co-op),Offer,100,Group A,11/5/2024,3/5/2025,Canada,Ontario,KIRA,,Kinda bombed interview lol,,,,,,,,,,
472,McMaster,MEC,Engineering I (Co-op),Offer,98.67,Group A,11/4/2024,3/5/2025,Canadian,Ontario,Kira,"I thought my interview was pretty bad, responses were really short",,,,,,,,,,,
473,McMaster,MEC,Engineering I (Co-op),Offer,98,Group A,10/13/2024,3/5/2025,Canada,Ontario,KIRA,"Good ish ecs, KIRA went well","6k research experience, 7.5k deans excellence, 3k mac award for excellence, total 16.5k scholarship",,,,,,,,,,
474,McMaster,MEC,Engineering I (Co-op),Offer,98,Group A,11/15/2024,3/5/2025,Canadian,Ontario,Kira,went pretty well imo metioned some good stuff,ib mhf4u 98 snc4u 99 sph4u 96 free choice,,,,,,,,,,
475,McMaster,MEC,Engineering I (Co-op),Offer,97.33,Group A,10/20/2024,3/5/2025,Canadian Citizen,Ontario,KIRA,Model United Nations President; Yearbook Executive; Teaching Assistant (CO-OP); 165 Volunteer Hours; Hackathons with a few wins,I am taking AP courses.,,,,,,,,,,
476,McMaster,MEC,Engineering I (Co-op),Offer,97.33,Group A,11/14/2024,3/5/2025,China,Ontario,KIRA,,,,,,,,,,,,
477,McMaster,MEC,Engineering I (Co-op),Offer,97.17,Group A,1/30/2025,3/5/2025,Canada,Ontario,KIRA,"3 mid/strongish ec's, 1 good award, job",3k scholarship,,,,,,,,,,
478,McMaster,MEC,Engineering I (Co-op),Offer,97,Group A,1/4/2025,3/5/2025,Canada,Ontario,Kira sup app interview,"like sports, part-time job, exec of some clubs","$3K academic scholarship, free choice 2nd year",,,,,,,,,,
479,McMaster,MEC,Engineering I (Co-op),Offer,97,Group A,1/15/2025,3/5/2025,Canada,Ontario,Kira,Talked about EC's in my interview for all of the questions,"Be aware that the supp app deadline is at NOON!!! (not 11:59pm lol); $35k in scholarships :P, received free choice",,,,,,,,,,
480,McMaster,MEC,Engineering I (Co-op),Offer,96.67,Group A,12/16/2024,3/5/2025,Canadian citizen,Ontario,Yes (KIRA),,,,,,,,,,,,
481,McMaster,MEC,Engineering I (Co-op),Offer,95.7,Group A,10/8/2024,3/5/2025,Canadian Citizen,Ontario,Video interview,,,,,,,,,,,,
482,McMaster,MEC,Engineering I (Co-op),Offer,95,Group A,1/28/2025,3/5/2025,Canadian,Ontario,KIRA,,,,,,,,,,,,
483,McMaster,MEC,Engineering I (Co-op),Offer,94.33,Group A,11/4/2024,3/5/2025,Canadian,Ontario,Kira Talent Interview,,,,,,,,,,,,
484,McMaster,MEC,Engineering I (Co-op),Offer,93.83,Group A,9/21/2024,3/5/2025,Canada,Ontario,KIRA interview,,,,,,,,,,,,
485,McMaster,MEC,Engineering I (Co-op),Offer,93.75,Group A,10/17/2024,3/5/2025,canada,Ontario,Kira,frc team,,,,,,,,,,,
486,McMaster,MEC,Engineering I (Co-op),Offer,93.67,Group A,10/30/2024,3/5/2025,citizen,Ontario,kira supp app,decent supp app,,,,,,,,,,,
487,McMaster,MEC,Engineering I (Co-op),Offer,93.5,Group A,12/23/2024,3/5/2025,Canadian,Ontario,KIRA,,,,,,,,,,,,
488,McMaster,MEC,Engineering I (Co-op),Offer,92.8,Group A,12/4/2024,3/5/2025,Canada,Ontario,Kira,,finished top six courses,,,,,,,,,,
489,McMaster,MEC,Engineering I (Co-op),Offer,98,Group A,11/20/2024,5/6/2025,Canadian,Ontario,Kira,Ok Supp App,,,,,,,,,,,
490,McMaster,MEC,Engineering I (Co-op),Offer,97.5,Group A,10/29/2024,5/6/2025,China,Ontario,KIRA,worst supp app ever (didn't talk about ECs or experiences),,,,,,,,,,,
491,McMaster,MEC,Engineering I (Co-op),Offer,96,Group A,10/20/2024,5/6/2025,Canadian,Ontario,KIRA,,,,,,,,,,,,
492,McMaster,MEC,Engineering I (Co-op),Offer,95.83,Group A,11/28/2024,5/6/2025,Canadian,Ontario,Kira interview,,,,,,,,,,,,
493,McMaster,MEC,Engineering I (Co-op),Offer,95.66,Group A,10/10/2024,5/6/2025,Permanent Resident,Ontario,KIRA,,,,,,,,,,,,
494,McMaster,MEC,Engineering I (Co-op),Offer,95.2,Group A,1/10/2025,5/6/2025,Canada,Ontario,Interview,Mid interview,Going to UofT chem eng,,,,,,,,,,
495,McMaster,MEC,Engineering I (Co-op),Offer,93.16,Group A,10/4/2024,5/6/2025,Canadian,Ontario,KIRA,,,,,,,,,,,,
496,McMaster,MEC,Engineering I (Co-op),Offer,93,Group A,11/15/2024,5/6/2025,Canadian Citizen,Ontario,KIRA,,,,,,,,,,,,
497,McMaster,MEC,Engineering I (Co-op),Offer,92.83,Group A,11/5/2024,5/6/2025,Canadian,Ontario,KIRA,"President of Yearbook Crew, Vice President of SIA, STEM Camp Counsellor","Was pretty surprised I got an offer considering my average grades, but I think my interview went pretty well.",,,,,,,,,,
498,McMaster,MEC,Engineering I (Co-op),Offer,92.66,Group A,11/4/2024,5/6/2025,Canadian,Ontario,kira,"I don’t really remember talking about my ec’s in the supp app but: sunday school teacher, hosa, eng club, tutoring, bball captain, relay for life",,,,,,,,,,,
499,McMaster,MEC,Engineering I (Co-op),Rejected,94.3,Group A,12/12/2024,5/6/2025,Canadian,Ontario,KIRA,Not a lot of physics related only a club exec and some job,Gave up on eng after first sem,,,,,,,,,,
500,McMaster,MEC,Engineering I (Co-op),Offer,95.33,Group A,10/19/2024,5/7/2025,Canadian,Ontario,KIRA,,,,,,,,,,,,
501,McMaster,MEC,Engineering I (Co-op),Rejected,95.17,Group A,11/11/2024,5/7/2025,Canadian,Ontario,KIRA Interview,,,,,,,,,,,,
502,McMaster,MEC,Engineering I (Co-op),Rejected,91.67,Group A,11/15/2024,5/7/2025,Canadian,Ontario,Kira,Participated in national swimming,,,,,,,,,,,
503,McMaster,MEC,Engineering I (Co-op),Rejected,91,Group A,10/27/2024,5/7/2025,Canadian,Ontario,KIRA,Student council,,,,,,,,,,,
504,McMaster,MEC,Engineering I (Co-op),Rejected,90.83,Group A,11/7/2024,5/7/2025,Canada,Ontario,KIRA,,,,,,,,,,,,
505,McMaster,MEC,Engineering I (Co-op),Rejected,90.5,Group B,12/27/2024,5/7/2025,Canadian,Ontario,Kira,"McMaster Engineering Physics Lab intern - programmed telescope and drone for alignment for optical communication; Schulich leader nominee, FRC (FIRST Robotics Competition) programming team lead; Various science fair projects - AI water pollution detection drone, pipe inspection robot, device that uses machine learning to estimate future water pollution levels, won $5000+ dollars, qualified for Canada Wide Science Fair, International Science and Engineering Fair (could not attend due to difficulties with cross border travel at this time), selected to present at an international youth research conference; paper published in national journal; ran an initiative in my community where I taught 20+ kids how to code; founded coding club at my school; DECA VP; Multiple AI projects - cancer cell classifier, car feed object detection model etc.; Assistant math teacher; played volleyball for school.",Full IB course load. DON'T DO IB!!!,,,,,,,,,,
506,McMaster,MEC,Engineering I (Co-op),Rejected,91%,Group A,,5/7/2025,Canadian,Ontario,KIRA,,,,,,,,,,,,
507,McMaster,MEC,Engineering I (Co-op),Deferred,91.67,Group A,11/15/2024,5/8/2025,Canadian,Ontario,Kira,,deferred to automation Systems Engineering Technology and Biotechnology,,,,,,,,,,
508,McMaster,MEC,Engineering I (Co-op),Offer,91.33,Group A,10/30/2024,5/8/2025,Canada,Ontario,KIRA,"Deca president, etc",,,,,,,,,,,
509,McMaster,MEC,Engineering I (Co-op),Offer,95,Group A,11/3/2024,5/12/2025,Canadian Citizen,Ontario,KIRA,"wrote about an online community I founded, spoke about a situation at a part-time job",,,,,,,,,,,
510,McMaster,MEE,Environmental and Earth Sciences Gateway,Offer,88.33,Group A,11/18/2024,2/27/2025,Born and raised idk,Ontario,,,conditional is 80%,,,,,,,,,,
511,McMaster,MEE,Environmental and Earth Sciences Gateway,Offer,87.25,Group A,11/9/2024,3/11/2025,Canadian,Ontario,,,,,,,,,,,,,
512,McMaster,MEE,Environmental and Earth Sciences Gateway,Offer,86,Group A,11/9/2024,3/11/2025,Canadian,Ontario,,,,,,,,,,,,,
513,McMaster,MEH,Integrated Biomedical Engineering & Health Sciences (Co-op),Offer,96.5,Group A,10/19/2024,3/5/2025,Canada,Ontario,Kira,,Completely fumbled a question surprised i got in lol,,,,,,,,,,
514,McMaster,MEI,Integrated Biomedical Engineering & Health Sciences (Co-op),Offer,98.2,Group B,10/31/2024,2/11/2025,Canadian,Nova Scotia,"Kira (3 videos, 1 essay)","Yearbook club leadership, student council, hospital volunteering",,,,,,,,,,,
515,McMaster,MEI,Integrated Biomedical Engineering & Health Sciences (Co-op),Offer,99.4,Group A,11/30/2024,2/24/2025,Canada,Alberta,kira,unremarkable interview,,,,,,,,,,,
516,McMaster,MEI,Integrated Biomedical Engineering & Health Sciences (Co-op),Offer,92.67(top 3),Group A,,3/5/2025,Non-canadian,Ontario,Kira,"I mentioned crocheting(for my typed response). Then for the videos, I mentioned something about planning for a bake sale by HOSA and bringing forward someone’s ideas to make them feel heard(or was it maybe the booth for the annual school bbq??). Then, I got a question like “What is critical thinking and why is it important to you?” where I just yapped (“as engineers/problem solving/considerate of others’ opinions”). Then for my third video, I mentioned that I wanted to MC for a cultural event at the local volunteer/non-profit organization (the question was something along the lines of if I felt like I had let someone down, what did I do about it and how did it turn out) that I’m a volunteer at, but I couldn’t MC because I had to get vaccinated that day. I felt like I had let them down because I informed them the night before, even if they were okay with it. Then after I saw how the event had turned out, I was happy that they’re promoting equity in Canada. Just be true to yourself and sound confident in your interviews.",,,,,,,,,,,
517,McMaster,MEI,Integrated Biomedical Engineering & Health Sciences (Co-op),Offer,98.9,Group A,11/11/2024,3/5/2025,Canada,Ontario,KIRA,,,,,,,,,,,,
518,McMaster,MEI,Integrated Biomedical Engineering & Health Sciences (Co-op),Offer,98,Group A,12/13/2024,3/5/2025,Canadian,Ontario,KIRA,"work & co-op experience, initiatives lead for councils, personal experiences",,,,,,,,,,,
519,McMaster,MEI,Integrated Biomedical Engineering & Health Sciences (Co-op),Offer,97.5,Group A,,3/5/2025,Canadian,Ontario,"KIRA (1 written, 3 video)","1. Written: Wrote about ECs. The question asked about my involvement in a community of some sort. 2. Video: Talked about my ability to work in a group and encourage quiet or shy members to contribute their ideas. 3. Video: A logic problem that asks the three biggest obstacles to solving a problem when insufficient information is given, something like that. 4. Video: Tell me about a time when you let yourself down. I told a story about poor time management, procrastination, and not taking something important seriously enough. I also included what I learned from that situation.","Honestly, for the KIRA talent questions, what they are looking for is key qualities from what you write or say that will make you a fit for your program. Definitely use ECs or experiences as ways of proving these qualities and make sure to reflect on what you experienced to show your personal growth—I think interviewers in general place a fair emphasis on that. Good luck to everyone on their uni apps!",,,,,,,,,,
520,McMaster,MEI,Integrated Biomedical Engineering & Health Sciences (Co-op),Offer,97,Group A,,3/5/2025,Canada,Ontario,"Kira (3 videos, 1 essay)","Talked about piano playing and performing, karate, and just showing that I'm not a crazy person. I didn't do any engineering ECs, but that doesn't really matter anyway.","Lowkey fumbled a bit on the supp app but yk I just went with the flow. Don't be afraid, just do you fam.",,,,,,,,,,
521,McMaster,MEI,Integrated Biomedical Engineering & Health Sciences (Co-op),Offer,96,Group A,10/15/2024,3/5/2025,Canadian,Ontario,KIRA,,,,,,,,,,,,
522,McMaster,MEI,Integrated Biomedical Engineering & Health Sciences (Co-op),Offer,94.8,Group A,10/8/2024,3/5/2025,Canadian,Ontario,video interview,,I dont know how I got it,,,,,,,,,,
523,McMaster,MEI,Integrated Biomedical Engineering & Health Sciences (Co-op),Offer,97.67,Group A,,3/6/2025,Canadian,Ontario,"KIRA talent for both engineering and IBioMed, written and video answer questions","VEX Robotics member, Cultural Unity Club member, Model UN.",,,,,,,,,,,
524,McMaster,MEI,Integrated Biomedical Engineering & Health Sciences (Co-op),Offer,96,Group A,,5/6/2025,Canadian,Ontario,KIRA,Video went pretty good,,,,,,,,,,,
525,McMaster,MEI,Integrated Biomedical Engineering & Health Sciences (Co-op),Offer,99.5,Group B,1/7/2025,5/16/2025,Canadian,Alberta,KIRA,"League Soccer, Vex Robotics, Track & Field Team, Cross Country Team, A lot of Math, Physics, and Chemistry Contests, Science Fair, Science Olympics, Volunteering",IB Certificate Student,,,,,,,,,,
526,McMaster,MH,Humanities I,Offer,93.33,Group A,12/18/2024,2/24/2025,Canadian,Ontario,,,,,,,,,,,,,
527,McMaster,MH,Humanities I,Offer,87,Group A,12/20/2024,2/24/2025,Canada,Ontario,,,,,,,,,,,,,
528,McMaster,MH,Humanities I,Offer,88,Group A,12/2/2024,5/5/2025,Canada,Ontario,,,,,,,,,,,,,
529,McMaster,MIS,Integrated Science,Offer,94.8,Group A,11/28/2024,4/17/2025,Canadian,Ontario,"Yes, - 5 questions through McMaster iSci website","Mentioned biotechnology lab my biology class did at Mac, connected it to how I best learn in the lab and how good the program will be for me. Also mentioned that I do high level (international level) competitive cheerleading, spoke about the challenges that got me to that level.",,,,,,,,,,,
530,McMaster,MIS,Integrated Science,Offer,96.67,Group A,11/30/2024,5/8/2025,Canada,Ontario,"5 questions, 1200 char each","Wrote about organizing a research trip studying beavers at a local park, and connected my responses to how I learn best when exploring my curiosities.",,,,,,,,,,,
531,McMaster,MIS,Integrated Science,Offer,93.67%,Group A,11/22/2024,5/8/2025,Canadian,Ontario,KIRA,,,,,,,,,,,,
532,McMaster,ML,Social Sciences I,Offer,91.83,Group A,11/11/2024,2/6/2025,Canada,Ontario,,,1k entrance scholarship,,,,,,,,,,
533,McMaster,ML,Social Sciences I,Offer,89,Group A,12/1/2024,2/6/2025,Canadian,Ontario,,,,,,,,,,,,,
534,McMaster,ML,Social Sciences I,Offer,90.40%,Group A,10/26/2024,2/6/2025,Canadian,Ontario,,,,,,,,,,,,,
535,McMaster,ML,Social Sciences I,Offer,96,Group A,12/31/2024,2/7/2025,Canadian,Ontario,,,,,,,,,,,,,
536,McMaster,ML,Social Sciences I,Offer,92.5,Group A,11/11/2024,2/20/2025,Canadian,Ontario,,,,,,,,,,,,,
537,McMaster,ML,Social Sciences I,Offer,90%,Group A,11/3/2024,2/20/2025,Canadian,Ontario,,,,,,,,,,,,,
538,McMaster,ML,Social Sciences I,Offer,96.50%,Group A,,2/21/2025,Canadian,Ontario,,,,,,,,,,,,,
539,McMaster,ML,Humaniti 1,Offer,92.5,Group A,11/11/2024,2/24/2025,Canadian,Ontario,,,,,,,,,,,,,
540,McMaster,ML,Social Sciences I (Psychology),Offer,90.16,Group A,11/17/2024,2/25/2025,Canadian,Ontario,,,,,,,,,,,,,
541,McMaster,ML,Social Sciences I,Offer,87,Group A,1/10/2025,2/25/2025,Canadian,Ontario,,,,,,,,,,,,,
542,McMaster,ML,Social Sciences I,Offer,86.33,Group A,10/26/2024,2/25/2025,Canadian,Ontario,,,,,,,,,,,,,
543,McMaster,ML,Social Sciences I,Offer,81.83,Group A,11/25/2024,2/26/2025,Canada,Ontario,,,,,,,,,,,,,
544,McMaster,MLE,Economics I,Offer,87,Group A,11/15/2024,2/25/2025,Canadian,Ontario,,,,,,,,,,,,,
545,McMaster,MLS,Life Sciences Gateway,Offer,97,Group B,10/11/2024,1/10/2025,Canada,British Columbia,,,,,,,,,,,,,
546,McMaster,MLS,Life Sciences Gateway,Offer,96.5,Group B,12/30/2024,1/12/2025,Canadian,Pakistan,,,(I did A levels),,,,,,,,,,
547,McMaster,MLS,Life Sciences Gateway,Offer,99.33,Group A,10/5/2024,2/27/2025,Canada,Ontario,,,$3000 entrance scholarship,,,,,,,,,,
548,McMaster,MLS,Life Sciences Gateway,Offer,99.33,Group A,11/4/2024,2/27/2025,Canadian,Ontario,,,IB programme,,,,,,,,,,
549,McMaster,MLS,Life Sciences Gateway,Offer,97.67,Group A,10/11/2024,2/27/2025,Canadian,Ontario,,,3k scholarship,,,,,,,,,,
550,McMaster,MLS,Life Sciences Gateway,Offer,97.33,Group A,11/17/2024,2/27/2025,Canadian,Ontario,,,,,,,,,,,,,
551,McMaster,MLS,Life Sciences Gateway,Offer,97,Group B,11/27/2024,2/27/2025,Canadian,Newfoundland and Labrador,,,,,,,,,,,,,
552,McMaster,MLS,Life Sciences Gateway,Offer,96,Group A,10/3/2024,2/27/2025,Canada,Ontario,,,,,,,,,,,,,
553,McMaster,MLS,Life Sciences Gateway,Offer,96,Group A,10/7/2024,2/27/2025,Canadian,Ontario,,,"no supp app, purely marks",,,,,,,,,,
554,McMaster,MLS,Life Sciences Gateway,Offer,96,Group A,11/5/2024,2/27/2025,Canada,Ontario,,,W's in the chat,,,,,,,,,,
555,McMaster,MLS,Life Sciences Gateway,Offer,95.67,Group A,12/3/2024,2/27/2025,Canadian,Ontario,,,,,,,,,,,,,
556,McMaster,MLS,Life Sciences Gateway,Offer,95.66,Group A,11/10/2024,2/27/2025,Canadian,Ontario,,,"I think I calculated my average wrong - took advfunc (99) and eng (90) in g11, did calc (87) and drama (98) last semester. my 11u bio was a 77.",,,,,,,,,,
557,McMaster,MLS,Life Sciences Gateway,Offer,95,Group A,10/14/2024,2/27/2025,Canadian,Ontario,,,,,,,,,,,,,
558,McMaster,MLS,Life Sciences Gateway,Offer,95,Group A,,2/27/2025,Canadian,Ontario,,,,,,,,,,,,,
559,McMaster,MLS,Life Sciences Gateway,Offer,94.25,Group A,11/28/2024,2/27/2025,PP,Ontario,,,,,,,,,,,,,
560,McMaster,MLS,Life Sciences Gateway,Offer,94,Group A,11/7/2024,2/27/2025,Canada,Ontario,,,IB,,,,,,,,,,
561,McMaster,MLS,Life Sciences Gateway,Offer,98.5,Group A,10/6/2024,2/28/2025,Canadian,Ontario,,,,,,,,,,,,,
562,McMaster,MLS,Life Sciences Gateway (Biology-physiology research specialization),Offer,90,Group B,10/25/2024,3/4/2025,Canadian,Alberta,,,,,,,,,,,,,
563,McMaster,MLS,Life Sciences Gateway,Offer,95.67,Group A,11/28/2024,3/25/2025,"Yes, Canadian",Ontario,,,,,,,,,,,,,
564,McMaster,MLS,Life Sciences Gateway,Offer,93.5,Group A,11/27/2024,4/17/2025,Canadian,Ontario,,,"This was a really small acceptance round, and it was based on my top 3 final and 1 midterm (night school) because midterms were not uploaded yet",,,,,,,,,,
565,McMaster,MLS,Life Sciences Gateway,Offer,94.17,Group A,,5/5/2025,Canadian,Ontario,,,,,,,,,,,,,
566,McMaster,MLS,Life Sciences Gateway,Offer,96,Group A,12/31/2024,5/6/2025,Canadian,Ontario,,,,,,,,,,,,,
567,McMaster,MLS,Life Sciences Gateway,Offer,94.69,Group A,9/6/2024,5/6/2025,Canadian,Ontario,,,,,,,,,,,,,
568,McMaster,MLS,Life Sciences Gateway,Offer,94.5,Group A,9/19/2024,5/6/2025,Syrian,Ontario,,,,,,,,,,,,,
569,McMaster,MLS,Life Sciences Gateway (Life Sciences),Offer,94.5,Group A,10/25/2024,5/6/2025,Canadian Citizen,Ontario,,,"McMaster definitely waits until your second semester midterms are in. My average was 86% last semester, and at admission was 94.5%. Don't give up!!",,,,,,,,,,
570,McMaster,MLS,Life Sciences Gateway,Offer,94.33,Group A,11/11/2024,5/6/2025,Canada,Ontario,,,,,,,,,,,,,
571,McMaster,MLS,Life Sciences Gateway,Offer,94,Group A,10/28/2024,5/6/2025,Canadian,Ontario,,,,,,,,,,,,,
572,McMaster,MLS,Life Sciences Gateway,Offer,94,Group A,10/29/2024,5/6/2025,Canadian,Ontario,,,,,,,,,,,,,
573,McMaster,MLS,Life Sciences Gateway,Offer,94,Group A,11/22/2024,5/6/2025,Canadian,Ontario,,,,,,,,,,,,,
574,McMaster,MLS,Life Sciences Gateway,Offer,93.33,Group A,10/16/2024,5/6/2025,Canadian,Ontario,,,Just grades,,,,,,,,,,
575,McMaster,MLS,Life Sciences Gateway,Offer,93,Group A,11/4/2024,5/6/2025,Canadian,Ontario,,,,,,,,,,,,,
576,McMaster,MLS,Life Sciences Gateway,Offer,92.83,Group A,11/4/2024,5/6/2025,Canadian,Ontario,,,,,,,,,,,,,
577,McMaster,MLS,Life Sciences Gateway,Offer,92.8,Group A,11/19/2024,5/6/2025,Canadian,Ontario,,,,,,,,,,,,,
578,McMaster,MLS,Life Sciences Gateway,Offer,95.33,Group A,11/10/2024,5/7/2025,Canadian,Ontario,,,,,,,,,,,,,
579,McMaster,MLS,Life Sciences Gateway,Offer,91,Group A,12/28/2024,5/9/2025,Canadian,Ontario,,,,,,,,,,,,,
580,McMaster,MLS,Life Sciences Gateway (Molecular Biology & Genetics),Rejected,91.5,Group A,11/13/2024,5/28/2025,Canadian,Ontario,,,,,,,,,,,,,
581,McMaster,MN,Nursing,Offer,94 and 4th quartile casper,Group A,11/11/2024,5/7/2025,canadian,Ontario,casper test,do the practice test!,,,,,,,,,,,
582,McMaster,MN,Nursing,Offer,98.5,Group A,11/12/2024,5/7/2025,Yes,Ontario,Casper Test,,,,,,,,,,,,
583,McMaster,MN,Nursing,Offer,97,Group A,12/3/2024,5/7/2025,Canadian,Ontario,Casper,3rd quartile,,,,,,,,,,,
584,McMaster,MN,Nursing,Offer,96,Group A,9/28/2024,5/7/2025,Canadian,Ontario,Casper & Kira,,AP student; McMaster Award of Excellence,,,,,,,,,,
585,McMaster,MN,Nursing,Offer,94.33,Group A,10/31/2024,5/7/2025,Canadian,Ontario,CASPer,got 3rd quartile,,,,,,,,,,,
586,McMaster,MN,Nursing,Offer,94,Group A,11/7/2024,5/7/2025,Canadian,Ontario,CASPer,n/a,1000k scholarship,,,,,,,,,,
587,McMaster,MN,Nursing,Offer,93.83,Group A,11/15/2024,5/7/2025,Permanent Resident,Ontario,Casper,4th Quartile. Was 10 mins late from the starting time but was still able to eventually do it.,,,,,,,,,,,
588,McMaster,MN,Nursing,Offer,93.33,Group A,,5/7/2025,Canadian,Ontario,Casper,3rd q,,,,,,,,,,,
589,McMaster,MN,Nursing,Offer,93.17,Group A,11/22/2024,5/7/2025,Canadian,Ontario,CASPer Test,2nd Quartile,,,,,,,,,,,
590,McMaster,MN,Nursing,Offer,93.88,Group A,11/21/2024,5/8/2025,Canadian,Ontario,Casper test -2nd quartile,,,,,,,,,,,,
591,McMaster,MNM,Nursing (Mohawk-McMaster),Offer,94,Group A,11/7/2024,5/7/2025,Canadian,Ontario,CASPer,n/a,,,,,,,,,,,
592,McMaster,MNM,Nursing (Mohawk-McMaster),Offer,90.83,Group A,10/7/2024,5/7/2025,Canada,Ontario,Casper,4th quartile in Casper,,,,,,,,,,,
593,McMaster,MNS,Honours Health Sciences I,Rejected,95,Group A,10/15/2024,2/10/2025,Canada,Ontario,Did not submit supp app due to deadline confusion,,Missed supp app due date due to wrong deadline being posted on website,,,,,,,,,,
594,McMaster,MNS,Honours Health Sciences I,Offer,98.83,Group A,,5/7/2025,Canada,Ontario,2 written essays,chose essay 1C and 2B,,,,,,,,,,,
595,McMaster,MNS,Honours Health Sciences I,Offer,98.5,Group A,10/6/2024,5/7/2025,Canadian,Ontario,"2x supp apps, 1500chrs each",1c) and 2c) chosen,,,,,,,,,,,
596,McMaster,MNS,Honours Health Sciences I,Offer,98.5,Group A,10/15/2024,5/7/2025,Canadian,Ontario,Two written essays,"Did not mention any extracurriculars, only a hobby.",,,,,,,,,,,
597,McMaster,MNS,Honours Health Sciences I,Offer,97,Group A,11/2/2024,5/7/2025,Canadian,Ontario,Mcmaster health science supplemental,Talked about experience going to an arts high school and related ec’s,,,,,,,,,,,
598,McMaster,MNS,Honours Health Sciences I,Offer,96,Group A,,5/7/2025,Canadian,Ontario,Supp app submitted to Mac,,Did IB,,,,,,,,,,
599,McMaster,MNS,Honours Health Sciences I,Offer,91.83,Group A,10/17/2024,5/7/2025,Canada,Ontario,2 written responses,,"There is no clear cut method to write a good supp app!! I straight up answered one of my reponses very plainly like you would on a test with no frills, no information about me, not creative",,,,,,,,,,
600,McMaster,MNS,Honours Health Sciences I,Offer,91.67,Group A,11/21/2024,5/7/2025,Canadian,Ontario,Yes: 2 written questions,did 1B 2A,did the supp app last minute and just answered the questions,,,,,,,,,,
601,McMaster,MNS,Honours Health Sciences I,Offer,91,Group A,11/6/2024,5/7/2025,Canadian,Ontario,Response to 2 questions out of 6 options,No ECs mentioned,,,,,,,,,,,
602,McMaster,MNS,Honours Health Sciences I,Rejected,98.8,Group A,10/1/2024,5/7/2025,Canadian,Ontario,yes,,,,,,,,,,,,
603,McMaster,MNS,Honours Health Sciences I,Rejected,98.5,Group B,11/15/2024,5/7/2025,Canadian PR,China,"yes, choose 1A 2B, thought i did great on 2B","published 1 article about small cell lung cancer, volunteer hour 200hr+, did ap tutoring","5 APs all 5/5, i think it's still super hard for group b students especially if ur lk me, completing highschool in another country",,,,,,,,,,
604,McMaster,MNS,Honours Health Sciences I,Rejected,98,Group A,11/22/2024,5/7/2025,Canadian,Ontario,Mac questions,,,,,,,,,,,,
605,McMaster,MNS,Honours Health Sciences I,Rejected,97.67,Group A,11/7/2024,5/7/2025,Canadian,Ontario,Yes; two essays,incorporated some of my passions and love for biology into my essays,was expecting to be rejected but still a bit bummed! good luck to all <3,,,,,,,,,,
606,McMaster,MNS,Honours Health Sciences I,Rejected,97.6,Group A,,5/7/2025,Canadian,Ontario,Mac Supp app,Questions were about adding one thing to the Golden Record and the AI era. Kinda goofed around and wrote about One Piece.,"Did AP Physics, AP Chemistry, AP Calculus AB, AP English, AP CS",,,,,,,,,,
607,McMaster,MNS,Honours Health Sciences I,Rejected,97,Group A,12/3/2024,5/7/2025,Canadian,Ontario,2 written essays,(Did not do good on essays),,,,,,,,,,,
608,McMaster,MNS,Honours Health Sciences I,Rejected,94.5,Group A,10/25/2024,5/7/2025,Canadian Citizen,Ontario,McMaster portal/Mosaic,I didn't mention any ECs.,"I think the second part (ie. the one you have to show how you approach current scenarios) of my supp app, was kinda weak looking back. It was more objective and honestly, I didn't make really strong points. Either way, I am happy with what I wrote for my supp app in the first section. My tip to those applying next year is to get someone to read over your supp app and be brutally honest whether it's convincing/moving or not. Good luck!!",,,,,,,,,,
609,McMaster,MNS,Honours Health Sciences I,Rejected,94.5,Group A,11/24/2024,5/7/2025,Canadian,Ontario,Supp App,,,,,,,,,,,,
610,McMaster,MNS,Honours Health Sciences I,Rejected,94.17,Group A,,5/7/2025,Canadian,Ontario,Two written essays. I thought I did super well but turns out not.,,,,,,,,,,,,
611,McMaster,MNS,Honours Health Sciences I,Rejected,90.3,Group A,11/10/2024,5/7/2025,Canadian,Ontario,Yes,,,,,,,,,,,,
612,McMaster,MNS,Honours Health Sciences I,Rejected,91.83%,Group A,11/22/2024,5/7/2025,Canadian,Ontario,KIRA,,,,,,,,,,,,
613,McMaster,MPS,Chemical & Physical Sciences Gateway,Offer,88.33 (Physics-92 Functions-90 Chem-83),Group A,12/18/2024,2/27/2025,Canada,Ontario,,,,,,,,,,,,,
614,McMaster,MPS,Chemical & Physical Sciences Gateway,Offer,93,Group A,10/14/2024,2/27/2025,Canada,Ontario,,,,,,,,,,,,,
615,McMaster,MPS,Chemical & Physical Sciences Gateway,Offer,91.25,Group A,11/11/2024,2/27/2025,Canadian,Ontario,,,,,,,,,,,,,
616,McMaster,MPS,Chemical & Physical Sciences Gateway,Offer,89,Group A,11/1/2024,5/6/2025,Canadian,Ontario,,,,,,,,,,,,,
617,McMaster,MPS,Chemical & Physical Sciences Gateway,Offer,85,Group A,11/13/2024,5/6/2025,Canadian,Ontario,No,,,,,,,,,,,,
618,McMaster,MPT,Automation Systems Engineering Technology,Offer,93,Group A,10/23/2024,3/5/2025,India,Ontario,It was KIRA.,The interview questions were straight forward. I didn't have to talk about my EC's for the application.,,,,,,,,,,,
619,McMaster,MRS,Honours Medical Radiation,Offer,95.33,Group A,11/10/2024,5/7/2025,Canadian,Ontario,,,,,,,,,,,,,
620,McMaster,MTT,Biotechnology Co-op,Offer,92,Group A,11/3/2024,3/6/2025,Canadian,Ontario,Video interview,,,,,,,,,,,,
621,McMaster,MV,Honours Kinesiology,Offer,95,,,2/27/2025,Canadian,Ontario,,,,,,,,,,,,,
622,McMaster,MV,Honours Kinesiology,Offer,95,Group A,,2/27/2025,Canadian,Ontario,,,,,,,,,,,,,
623,McMaster,MV,Honours Kinesiology,Offer,94,Group A,11/7/2024,2/27/2025,Canadian,Ontario,,,IB,,,,,,,,,,
624,McMaster,MV,Honours Kinesiology,Offer,93.5,Group A,,2/27/2025,Canadian,Ontario,,,,,,,,,,,,,
625,McMaster,MV,Honours Kinesiology,Offer,93,Group A,11/7/2024,2/27/2025,Canadian Citizenship,Ontario,,,,,,,,,,,,,
626,McMaster,MV,Honours Kinesiology,Offer,92.12,Group A,9/22/2024,2/27/2025,Canadian,Ontario,,,,,,,,,,,,,
627,McMaster,MV,Honours Kinesiology,Offer,90.17,Group A,11/20/2024,2/27/2025,Canadian,Ontario,,,,,,,,,,,,,
628,McMaster,MV,Honours Kinesiology,Offer,97.5,Group A,1/13/2025,2/28/2025,Canadian,Ontario,,,,,,,,,,,,,
629,McMaster,MV,Honours Kinesiology,Offer,96,Group A,12/31/2024,2/28/2025,Canadian,Ontario,,,,,,,,,,,,,
630,McMaster,MV,Honours Kinesiology,Offer,85%,Group B,10/16/2024,2/28/2025,Canadian,Spain,,,"IB - Predicted 39/45, 6 in all HL",,,,,,,,,,
631,McMaster,MV,Honours Kinesiology,Offer,92.8,Group A,,3/7/2025,Canadian,Ontario,,,,,,,,,,,,,
632,McMaster,MV,Honours Kinesiology,Offer,92,Group A,11/26/2024,5/2/2025,Paksitani,Ontario,,,If ur applying for life sci AIM HIGHER atleast a 94 to be safe,,,,,,,,,,
633,McMaster,MV,Honours Kinesiology,Offer,92,Group A,11/26/2024,5/6/2025,canadian,Ontario,,,,,,,,,,,,,
634,McMaster,MX,Arts and Science I,Offer,98.17,Group A,10/15/2024,5/6/2025,Canadian,Ontario,5 written essay questions,"Did not mention any extracurriculars, only meaningful hobbies",,,,,,,,,,,
635,McMaster,MY,Honours Midwifery,Offer,92,Group A,1/3/2025,5/6/2025,Mongolian,Ontario,,,Beautiful program,,,,,,,,,,
636,McMaster,MZ,Mathematics and Statistics Gateway,Offer,96.33,Group A,11/26/2024,2/26/2025,Canadian,Ontario,,,,,,,,,,,,,
637,McMaster,MZ,Mathematics and Statistics Gateway,Offer,96,Group A,11/27/2024,2/26/2025,Canadian,Ontario,,,,,,,,,,,,,
638,McMaster,MZ,Mathematics and Statistics Gateway,Offer,95.6,Group A,10/8/2024,2/26/2025,Canadian,Ontario,,,$3000 Scholarship,,,,,,,,,,
639,McMaster,MZ,Mathematics and Statistics Gateway,Offer,93.66,Group A,11/18/2024,2/26/2025,yes,Ontario,,,82% conditional,,,,,,,,,,
640,McMaster,MZ,Mathematics and Statistics Gateway,Offer,92.33,Group A,11/4/2024,2/26/2025,Canadian,Ontario,,,,,,,,,,,,,
641,McMaster,MZ,Mathematics and Statistics Gateway,Offer,91.83,Group A,11/7/2024,2/26/2025,Canadian Citizen,Ontario,,,,,,,,,,,,,
642,McMaster,MZ,Mathematics and Statistics Gateway,Offer,91,Group A,10/31/2024,2/26/2025,Canadian,Ontario,,,,,,,,,,,,,
643,McMaster,MZ,Mathematics and Statistics Gateway,Offer,93,Group A,12/24/2024,5/6/2025,Canadian,Ontario,,,,,,,,,,,,,
644,McMaster,,Actuarial and Financial Mathmatics,Offer,84.33,Group A,12/21/2024,5/6/2025,Canadian,Ontario,,,,,,,,,,,,,
645,New York University,,NYU Neurosci,Offer,97.8,,11/1/2024,12/15/2024,Canada,Ontario,,,1580 SAT/34 ACT,,,,,,,,,,
646,Nipissing,PEA,Concurrent Bachelor of Arts/Bachelor of Education - Junior/Intermediate (Child/Family Studies),Offer,90,,10/28/2024,12/18/2024,Canada,Ontario,,,,,,,,,,,,,
647,Nipissing,PSN,Bachelor of Science in Nursing,Offer,94,,10/31/2024,12/18/2024,Canada,Ontario,,,,,,,,,,,,,
648,OCAD,HGD,Graphic Design- Honours,Offer,85,Group A,11/20/2024,3/12/2025,Canadian,Ontario,Portfolio,,,,,,,,,,,,
649,OCAD,HIL,Illustration,Offer,96.5,Group A,,3/11/2025,Canadian,Ontario,"Yes, Portfolio",,,,,,,,,,,,
650,OCAD,HPT,Photography,Offer,73,,10/17/2024,11/21/2024,Nicaragua,Ontario,,,,,,,,,,,,,
651,Ontario Tech,DAO,"Bachelor of Arts (Hons), Political Science",Offer,93.25,Group A,9/22/2024,11/7/2024,Canadian,Ontario,,,,,,,,,,,,,
652,Ontario Tech,DBF,Finance (BCom),Offer,60,,11/13/2024,11/14/2024,Canada,Ontario,,,,,,,,,,,,,
653,Ontario Tech,DCD,Computer Science (BSc/BScM) (Co-op),Offer,86,,9/24/2024,11/7/2024,Canada,Ontario,,,,,,,,,,,,,
654,Ontario Tech,DCD,Computer Science (BSc/BScM) (Co-op),Offer,88,,11/18/2024,12/10/2024,Canada,Ontario,,,,,,,,,,,,,
655,Ontario Tech,DCD,Computer Science (BSc/BScM) (Co-op),Offer,99.33,Group A,10/28/2024,4/13/2025,Canada,Ontario,,Coding club exec + student council,,,,,,,,,,,
656,Ontario Tech,DCE,Electrical Engineering (BEng/BEngM) (Co-Op),Offer,96,,11/15/2024,12/10/2024,Bangladesh,Ontario,,,,,,,,,,,,,
657,Ontario Tech,DCN,Mechanical Engineering (BEng/BEngM) (Co-op),Offer,81.33,,10/31/2024,11/7/2024,Canada,Ontario,,,,,,,,,,,,,
658,Ontario Tech,DCN,Mechanical Engineering (BEng/BEngM) (Co-op),Offer,89,,10/5/2024,11/8/2024,Canada,Ontario,,,,,,,,,,,,,
659,Ontario Tech,DCN,Mechanical Engineering (BEng/BEngM) (Co-op),Offer,90.5,,10/26/2024,12/10/2024,Canada,Ontario,,,,,,,,,,,,,
660,Ontario Tech,DCN,Mechanical Engineering (BEng/BEngM) (Co-op),Offer,88,Group A,12/8/2024,12/10/2024,Canadian,Ontario,,,Why doesn't this spreadsheet have an option for overall grade 11/12 average 😭😭 Anyways gl everyone uoit was ez to get into,,,,,,,,,,
661,Ontario Tech,DCN,Mechanical Engineering (BEng/BEngM) (Co-op),Offer,87.33,Group A,11/14/2024,3/19/2025,Permanent Resident,Ontario,,,,,,,,,,,,,
662,Ontario Tech,DCO,Mechatronics Engineering (BEng/BEngM) (Co-op),Offer,95,,,11/8/2024,Canadian,Ontario,,,,,,,,,,,,,
663,Ontario Tech,DCO,Mechatronics Engineering (BEng/BEngM) (Co-op),Offer,84,,11/25/2024,12/9/2024,Canada,Ontario,,,,,,,,,,,,,
664,Ontario Tech,DCO,Mechatronics Engineering (BEng/BEngM) (Co-op),Offer,92.2,,11/6/2024,12/10/2024,Canada,Ontario,,,,,,,,,,,,,
665,Ontario Tech,DCO,Mechatronics Engineering (BEng/BEngM) (Co-op),Offer,96.17,Group A,1/3/2025,1/7/2025,Canada,Ontario,,,"Pre-AP/AP Physics, Chemistry, Biology, Advanced Functions, Calculus & Vectors",,,,,,,,,,
666,Ontario Tech,DCT,Business - Technology Management (BCom) (Co-op),Offer,88.17,Group A,11/11/2024,11/14/2024,Canada,Ontario,,,,,,,,,,,,,
667,Ontario Tech,DCW,Software Engineering (BEng/BEngM) (Co-op),Offer,97.5,,10/13/2024,11/7/2024,Canada,Ontario,,,,,,,,,,,,,
668,Ontario Tech,DCW,Software Engineering (BEng/BEngM) (Co-op),Offer,93.33,,10/18/2024,11/7/2024,Canada,Ontario,,,,,,,,,,,,,
669,Ontario Tech,DEE,Electrical engineering,Offer,91,Group A,11/7/2024,12/9/2024,Canadian,Ontario,,,,,,,,,,,,,
670,Ontario Tech,DEH,Mechatronics Engineering,Offer,97.2,,10/8/2024,12/10/2024,Canada,Ontario,,,,,,,,,,,,,
671,Ontario Tech,DEN,Nuclear Engineering,Offer,93.78,Group A,1/13/2025,2/14/2025,Canadian Citizen,Ontario,,,,,,,,,,,,,
672,Ontario Tech,DEO,Educational Studies - Early Childhood Studies (BA),Offer,89,,10/25/2024,11/14/2024,Canada,Ontario,,,"Applied for Con-Ed, have not found out yet",,,,,,,,,,
673,Ontario Tech,DHL,Medical Laboratory Science (BHSc),Offer,88,Group A,,2/14/2025,Canadian,Ontario,,,,,,,,,,,,,
674,Ontario Tech,DHN,Nursing (BScN),Offer,Gr 11: 91.71; Completed Gr 12 Courses: 94,Group A,10/31/2024,11/7/2024,Canadian,Ontario,,,,,,,,,,,,,
675,Ontario Tech,DHN,Nursing (BScN),Offer,97,,10/30/2024,11/7/2024,Canada,Ontario,,,,,,,,,,,,,
676,Ontario Tech,DHN,Nursing (BScN),Offer,93,,10/31/2024,11/7/2024,Canada,Ontario,,,,,,,,,,,,,
677,Ontario Tech,DHN,Nursing (BScN),Offer,90,Group A,11/6/2024,12/12/2024,Canadian,Ontario,,,,,,,,,,,,,
678,Ontario Tech,DHN,Nursing (BScN),Offer,91.16,Group A,12/16/2024,4/28/2025,Canadian,Ontario,,,,,,,,,,,,,
679,Ontario Tech,DNC,Nuclear Engineering,Offer,96,Group A,10/24/2024,12/10/2024,Canada,Ontario,,,,,,,,,,,,,
680,Ontario Tech,DSN,BSc Forensic Science,Offer,88.25,Group A,11/13/2024,12/9/2024,Canadian,Ontario,,,,,,,,,,,,,
681,Ontario Tech,DSW,Bachelor of Science (Hons) - Chemistry - Pharmaceutical Chemistry (Non-Co-op),Offer,89,,10/22/2024,11/14/2024,Canada,Ontario,,"70+ volunteer hours, multiple concert bands, high school band section leader, music tutoring, and math contests.",,,,,,,,,,,
682,Polytechnique Montréal,,Génie Physique,Offer,92,,11/10/2024,4/17/2025,Canadian,Ontario,,,,,,,,,,,,,
683,Queen's,QA,Arts (Linguistics),Offer,96,,10/10/2024,12/4/2024,Canada,Alberta,,"Rotary/Interact (RYE, RAHR)",,,,,,,,,,,
684,Queen's,QA,Arts,Offer,97,,11/14/2024,12/11/2024,Canada,Ontario,,,,,,,,,,,,,
685,Queen's,QA,Arts,Offer,96.33,Group A,10/14/2024,12/11/2024,Canadian,Ontario,,,Admissions principal scholarship & MAA applicant,,,,,,,,,,
686,Queen's,QA,Arts (Psychology),Offer,96,,11/19/2024,12/11/2024,Canada,Ontario,,,,,,,,,,,,,
687,Queen's,QA,Arts,Offer,94.16,Group A,12/2/2024,12/11/2024,Canada,Ontario,,,,,,,,,,,,,
688,Queen's,QA,Arts (Economics),Offer,89%,Group A,11/16/2024,12/11/2024,India,Ontario,,Decent EC's,,,,,,,,,,,
689,Queen's,QA,Arts (Psychology),Offer,91,,11/5/2024,1/16/2025,Canada,British Colombia,,,applied with a 36 in the ib,,,,,,,,,,
690,Queen's,QA,Arts (Economics),Offer,91.83,Group A,12/27/2024,1/22/2025,PR,Ontario,,,IB program,,,,,,,,,,
691,Queen's,QA,Arts (Psychology),Offer,94%,Group A,11/16/2024,1/22/2025,Canadian,Ontario,,,,,,,,,,,,,
692,Queen's,QA,Arts (Economics),Offer,87.33,Group A,10/10/2024,2/27/2025,Canadian,Ontario,,,,,,,,,,,,,
693,Queen's,QA,Political Studies,Offer,89.67,Group A,2/6/2025,3/5/2025,Canadian,Ontario,,,,,,,,,,,,,
694,Queen's,QA,General Arts and Science,Offer,85.33%,Group A,2/13/2025,3/26/2025,Canadian Citizen,Ontario,,,Honestly I don’t know how I got an offer so soon with the average I have. I was expecting a decision in May but I got a full offer 1.5 months after applying (Feb 13 - Mar 26) 😭,,,,,,,,,,
695,Queen's,QA,Arts (Economics),Offer,84,Group A,11/6/2024,4/8/2025,Canadian,Ontario,,,,,,,,,,,,,
696,Queen's,QB,Concurrent Education/Arts (Music),Offer,97.5,,11/13/2024,12/11/2024,Canada,Ontario,,,,,,,,,,,,,
697,Queen's,QB,Concurrent Education/Arts,Offer,97,,11/14/2024,12/11/2024,Canada,Ontario,,,,,,,,,,,,,
698,Queen's,QB,Concurrent Education/Arts,Offer,96.33,Group A,10/14/2024,12/11/2024,Canadian,Ontario,,,Admissions principal scholarship & MAA applicant,,,,,,,,,,
699,Queen's,QB,Concurrent Education/Arts,Offer,96.5,Group A,,2/27/2025,Canadian,Ontario,,,,,,,,,,,,,
700,Queen's,QB,Concurrent Education/Arts,Offer,92.33,Group A,11/2/2024,3/5/2025,Canadian,Ontario,,,,,,,,,,,,,
701,Queen's,QB,Concurrent Education/Arts,Offer,96.67,Group A,10/29/2024,3/20/2025,Canada,Ontario,,,,,,,,,,,,,
702,Queen's,QB,Concurrent Education/Arts,Waitlisted,94.5,Group A,9/15/2024,5/15/2025,Canadian Citizen,Ontario,,,,,,,,,,,,,
703,Queen's,QC,Smith Commerce,Offer,Grade 12 - 96%,Group A,12/19/2024,2/12/2025,Canadian,British Columbia,Kira,Just be yourself,Reddit user: u/Content-Coach7721,,,,,,,,,,
704,Queen's,QC,Smith Commerce,Offer,91,Group A,9/30/2024,2/12/2025,CANADA,Ontario,KIRA,NO ECs,,,,,,,,,,,
705,Queen's,QC,Smith Commerce,Offer,95,Group A,11/5/2024,2/13/2025,Canadian,Ontario,KIRA,Competitive athlete/ club leader/ did clothing drive,,,,,,,,,,,
706,Queen's,QC,Smith Commerce,Offer,96-97%,Group A,1/15/2025,3/5/2025,Canadian,Ontario,"KIRA (1 10-Minute Writing, and 1 Video Interview)",I did not mention a single EC.,"for the class of '26 and onwards, listen up! i hate it when people say ""be authentic!"" without much guidance on what that quite means. so maybe this wall of text helps. disclaimer: im not affiliated with Queen's admissions, therefore, i have no idea what actually led to my offer; i could just be yappin for nothing lol. you have been warned. also, stick to the supplementary rubric Queen's posted officially too. i want to start by saying that QComm doesn't want your references (unlike Ivey / Schulich), meaning that they don't really care about your ECs. as impressive as your ECs might be, Queen's admissions doesn't have the mentality to actually verify them (they might audit occasionally though, who knows). therefore, it's best to stick to whatever u feel is genuine to the heart. for me, i wrote a story with dialogue, for other students, they might use a poem, or delve into a truly unique experience. if in the end, you still think tying an EC into your application helps, then make sure you talk about it! it's all part of your identity and should really should share that aspect of urself. although i had a ton of ECs and awards i could've shared, i said none of that on my app. i started talking about my elementary school experiences instead, because i found it far more interesting. you certainly don't need to replicate this formula, but it does help during your 15 minute combined interview to discuss something you are really excited about & something the interviewer should know abt. after all, no one wants to read for the 100th time of a student's ""lifechanging"" moment at QLEAD or SHAD if you don't discuss what you gained from it; theres hundreds of other students writing the same EC as a flex in their Queen's app, and not as a transferable experience. do better. do you. im happy to talk more about queens or OUAC in general! shoot me a quick DM: r/Interesting-Coyote89",,,,,,,,,,
707,Queen's,QC,Smith Commerce,Offer,95.67,Group A,,3/5/2025,canada,Ontario,KIRA,,,,,,,,,,,,
708,Queen's,QC,Smith Commerce,Offer,94.3,Group A,2/13/2025,3/12/2025,Canada,Ontario,KIRA,"DECA Exec, Fashion Club Head",,,,,,,,,,,
709,Queen's,QC,Smith Commerce,Offer,92.5,Group A,11/14/2024,3/12/2025,Canadian,Ontario,KIRA,,do well on your supplementary,,,,,,,,,,
710,Queen's,QC,Smith Commerce,Offer,93.2,Group A,2/7/2025,3/19/2025,Canada,Ontario,Queens Supp APP,"Founded and scaled a tech startup, multiple Exec positions, also a charter fisherman for salmon on Lake Ontario",,,,,,,,,,,
711,Queen's,QC,Smith Commerce,Offer,97.5,Group A,1/2/2025,4/2/2025,Canada,Ontario,"KIRA, 300 word written portion and 2 minute video portion","For my topics I talked about volunteering as an assistant coach at my badminton club, and a class project. Thought it went pretty mid overall since I didn't really prepare for the supp app, but got in to both health sci and qcomm, so ig it was good enough 😭","Full IB Diploma Program student, took AP courses on the side outside of school.",,,,,,,,,,
712,Queen's,QC,Smith Commerce,Offer,96.8,Group A,11/5/2024,4/2/2025,United States,Ontario,KIRA,"Student Council President, Vice-President of Yearbook Committee, Marketing Internship",,,,,,,,,,,
713,Queen's,QC,Smith Commerce,Offer,93.5,Group A,12/16/2024,4/2/2025,Canadian,Ontario,KIRA,"I don't really remember my supp app or what ECs I talked about in it, but my only notable ECs were volunteering a lot with the city and tutoring","I was in IB, level 6 in SL Math and level 7 in SL Physics",,,,,,,,,,
714,Queen's,QC,Smith Commerce,Offer,95,Group B,2/14/2025,4/8/2025,Canadian,British Columbia,Kira,,GLHF,,,,,,,,,,
715,Queen's,QC,Smith Commerce,Offer,92,Group B,2/5/2025,4/8/2025,Canada,Alberta,KIRA,Talked About a challenge I faced starting my part time job.,,,,,,,,,,,
716,Queen's,QC,Smith Commerce,Offer,87.5,Group A,1/3/2025,4/8/2025,Canada,Ontario,KIRA,,,,,,,,,,,,
717,Queen's,QC,Smith Commerce,Rejected,98,Group A,2/4/2025,5/15/2025,Yes,Ontario,Kira,"Deca pres + awards, game dev team lead + international award, tutoring - pretty much all i wrote about",,,,,,,,,,,
718,Queen's,QC,Smith Commerce,Waitlisted,95,Group A,,5/15/2025,Canadian,Ontario,Kira,,,,,,,,,,,,
719,Queen's,QD,Computing,Offer,97.75,Group A,10/18/2024,12/10/2024,Canada,Ontario,N/A,,$7k scholarship,,,,,,,,,,
720,Queen's,QD,Computing,Offer,97,,10/10/2024,12/11/2024,Canada,Ontario,,,,,,,,,,,,,
721,Queen's,QD,Computing,Offer,97,Group A,10/25/2024,12/11/2024,Canadian,Ontario,,,,,,,,,,,,,
722,Queen's,QD,Computing,Offer,95.6,,10/22/2024,12/11/2024,Canada,Ontario,,,,,,,,,,,,,
723,Queen's,QD,Computing,Offer,94,,10/23/2024,12/11/2024,Canada,Ontario,,,,,,,,,,,,,
724,Queen's,QD,Computing,Offer,93.83,Group A,11/6/2024,12/11/2024,Canadian,Ontario,,,,,,,,,,,,,
725,Queen's,QD,Computing,Offer,93.67,,10/25/2024,12/11/2024,Canada,Ontario,,,,,,,,,,,,,
726,Queen's,QD,Computing,Offer,93.66,,11/5/2024,12/11/2024,Canada,Ontario,,,,,,,,,,,,,
727,Queen's,QD,Computing,Offer,93,,9/21/2024,12/11/2024,Canada,Ontario,,,,,,,,,,,,,
728,Queen's,QD,Computing,Offer,92.6,,11/27/2024,12/11/2024,Canada,Ontario,,,,,,,,,,,,,
729,Queen's,QD,Computing,Offer,92.5,,11/6/2024,12/11/2024,Canada,Ontario,,,,,,,,,,,,,
730,Queen's,QD,Computing,Offer,91.75,Group A,11/5/2024,1/16/2025,Canada,Ontario,,,,,,,,,,,,,
731,Queen's,QD,Computing,Offer,94.66,Group A,10/13/2024,1/17/2025,PR,Ontario,,,,,,,,,,,,,
732,Queen's,QD,Computing,Offer,92,Group A,10/4/2024,1/22/2025,Canada,Ontario,,"Curriculum designer for programming and robotics place, lead robotics and coding summer camp, CCC top 5% in 2023, 2024, and it should've been 2025 but AI happened, 98 and 99 in computer science related courses",,,,,,,,,,,
733,Queen's,QD,Computing,Offer,91.83,Group A,11/10/2024,1/22/2025,PR,Ontario,,,yay :),,,,,,,,,,
734,Queen's,QD,Computing,Offer,96,Group A,,2/24/2025,Canada,Ontario,,,,,,,,,,,,,
735,Queen's,QD,Computing,Offer,88.67,Group A,11/21/2024,3/5/2025,Canadian,Ontario,,,,,,,,,,,,,
736,Queen's,QD,Computing,Offer,87,Group A,11/15/2024,3/5/2025,Canadian,Ontario,,,,,,,,,,,,,
737,Queen's,QD,Computing,Offer,84.33,Group A,12/27/2024,5/2/2025,Canadian,Ontario,,,,,,,,,,,,,
738,Queen's,QE,Smith Engineering - Common First Year (Civil Engineering),Offer,"Top 5, 87.2",,9/19/2024,11/6/2024,Hong Kong,Ontario,,,,,,,,,,,,,
739,Queen's,QE,Smith Engineering - Common First Year,Offer,95,,10/1/2024,12/4/2024,Canada,Nova Scotia,,,,,,,,,,,,,
740,Queen's,QE,Smith Engineering - Common First Year (Mechanical and Materials Engineering),Offer,94,,11/27/2024,12/4/2024,India,Ontario,,,,,,,,,,,,,
741,Queen's,QE,Smith Engineering - Common First Year,Offer,top:95.8,Group A,10/8/2024,12/11/2024,Trinidad and Tobago,Ontario,,,scholarship offered,,,,,,,,,,
742,Queen's,QE,Smith Engineering - Common First Year (Chemical Engineering),Offer,98.8,,10/26/2024,12/11/2024,Canada,Ontario,,,,,,,,,,,,,
743,Queen's,QE,Smith Engineering - Common First Year,Offer,98.25,,10/7/2024,12/11/2024,Canada,Ontario,,,,,,,,,,,,,
744,Queen's,QE,Smith Engineering - Common First Year,Offer,97.8,Group A,10/1/2024,12/11/2024,Canadian,Ontario,,,$7000 scholarship,,,,,,,,,,
745,Queen's,QE,Smith Engineering - Common First Year,Offer,97.8,,10/2/2024,12/11/2024,Canada,Ontario,,,,,,,,,,,,,
746,Queen's,QE,Smith Engineering - Common First Year,Offer,97.6,,11/4/2024,12/11/2024,Canada,Ontario,,,,,,,,,,,,,
747,Queen's,QE,Smith Engineering - Common First Year,Offer,97.2,Group A,10/10/2024,12/11/2024,Canadian,Ontario,,,,,,,,,,,,,
748,Queen's,QE,Smith Engineering - Common First Year,Offer,93,Group B,12/4/2024,1/15/2025,Some Asian country,British Columbia,,,,,,,,,,,,,
749,Queen's,QE,Smith Engineering - Common First Year (Chemical Engineering),Offer,98,Group A,12/20/2024,1/22/2025,Canadian,Ontario,,,,,,,,,,,,,
750,Queen's,QE,Smith Engineering - Common First Year,Offer,97.6,Group A,,1/22/2025,Canadien,Ontario,,,,,,,,,,,,,
751,Queen's,QE,Smith Engineering - Common First Year (Geological Engineering),Offer,95.6,Group B,10/11/2024,2/12/2025,Canada,British Columbia,,,I took partial IB,,,,,,,,,,
752,Queen's,QE,Smith Engineering - Common First Year,Offer,93,Group B,12/26/2024,2/13/2025,Japanese,Japan,,,,,,,,,,,,,
753,Queen's,QE,Smith Engineering - Common First Year,Offer,94.8-95.2,Group B,10/18/2024,2/19/2025,Canada,British Columbia,,,,,,,,,,,,,
754,Queen's,QE,Smith Engineering - Common First Year,Offer,87.5,Group B,11/15/2024,2/19/2025,Canada,British Columbia,,,,,,,,,,,,,
755,Queen's,QE,Smith Engineering - Common First Year,Offer,96,Group A,10/23/2024,2/25/2025,Canadian,Ontario,,,48k Chancellor Scholarship! :),,,,,,,,,,
756,Queen's,QE,Smith Engineering - Common First Year,Offer,96.4,Group A,11/15/2024,2/26/2025,Canada,Ontario,,,,,,,,,,,,,
757,Queen's,QE,Smith Engineering - Common First Year,Offer,95,Group A,1/23/2025,2/27/2025,Canadian,Ontario,,,,,,,,,,,,,
758,Queen's,QE,Smith Engineering - Common First Year,Offer,97.3,Group A,11/7/2024,3/5/2025,Canadian,Ontario,,,,,,,,,,,,,
759,Queen's,QE,Smith Engineering - Common First Year (Civil Engineering),Offer,96.4,Group A,10/20/2024,3/5/2025,Canadian Citizen,Ontario,,,I am taking AP courses.,,,,,,,,,,
760,Queen's,QE,Smith Engineering - Common First Year,Offer,95.7,Group A,11/20/2024,3/5/2025,Canadian,Ontario,,,,,,,,,,,,,
761,Queen's,QE,Smith Engineering - Common First Year,Offer,95.6,Group A,10/13/2024,3/5/2025,Canadian,Ontario,,,,,,,,,,,,,
762,Queen's,QE,Smith Engineering - Common First Year (Mechanical and Materials Engineering),Offer,94.83,Group A,11/18/2024,3/5/2025,Canadian,Ontario,,,,,,,,,,,,,
763,Queen's,QE,Smith Engineering - Common First Year,Offer,84.5,Group B,1/15/2025,3/26/2025,Canadian,British Columbia,,,"it's a miracle, a damned miracle",,,,,,,,,,
764,Queen's,QE,Smith Engineering - Common First Year,Offer,96,Group A,11/7/2024,4/8/2025,canadian,Ontario,,,,,,,,,,,,,
765,Queen's,QE,Smith Engineering - Common First Year,Offer,93.6,Group A,,4/8/2025,Canadian,Ontario,,,,,,,,,,,,,
766,Queen's,QE,Smith Engineering - Common First Year,Rejected,92,Group A,10/24/2024,5/10/2025,Canadian,Ontario,,,,,,,,,,,,,
767,Queen's,QE,Smith Engineering - Common First Year,Waitlisted,92.4,Group A,,5/13/2025,Canada,Ontario,,,,,,,,,,,,,
768,Queen's,QE,Smith Engineering - Common First Year,Offer,94.8,Group A,1/6/2025,5/14/2025,Canadian,Ontario,,,,,,,,,,,,,
769,Queen's,QE,Smith Engineering - Common First Year,Offer,90.67,Group A,12/20/2024,5/14/2025,Bangladesh,Ontario,,,10k scholarship,,,,,,,,,,
770,Queen's,QE,Smith Engineering - Common First Year,Offer,94.8,Group A,,5/15/2025,Canadian,Ontario,,,,,,,,,,,,,
771,Queen's,QE,Smith Engineering - Common First Year (Mechanical and Materials Engineering),Waitlisted,91 (Top 5),Group A,12/23/2024,5/15/2025,Canadian,Ontario,,,,,,,,,,,,,
772,Queen's,QE,Smith Engineering - Common First Year,Waitlisted,94,Group A,,5/15/2025,Canadian,Ontario,,,,,,,,,,,,,
773,Queen's,QE,Smith Engineering - Common First Year,Waitlisted,91,Group A,11/15/2024,5/15/2025,Canadian,Ontario,,,,,,,,,,,,,
774,Queen's,QE,Smith Engineering - Common First Year,Offer,95,Group A,11/7/2024,,Canada,Ontario,,,I can’t find the date that accepted me,,,,,,,,,,
775,Queen's,QEC,Smith Engineering - Direct Entry Computer Engineering,Offer,91.4,Group A,11/4/2024,12/5/2024,Pakistani,Ontario,,,,,,,,,,,,,
776,Queen's,QEC,Smith Engineering - Direct Entry Computer Engineering,Offer,99.5,,11/5/2024,12/11/2024,Canada,Ontario,,,,,,,,,,,,,
777,Queen's,QEC,Smith Engineering - Direct Entry Computer Engineering,Offer,97.5,,11/30/2024,12/11/2024,Canada,Ontario,,,,,,,,,,,,,
778,Queen's,QEC,Smith Engineering - Direct Entry Computer Engineering,Offer,89,,11/6/2024,12/11/2024,Canada,Ontario,,,,,,,,,,,,,
779,Queen's,QEC,Smith Engineering - Direct Entry Computer Engineering,Offer,96.4,Group B,11/1/2024,1/15/2025,Canadian,British Columbia,,,,,,,,,,,,,
780,Queen's,QEC,Smith Engineering - Direct Entry Computer Engineering,Offer,97.75,Group A,10/18/2024,1/22/2025,Canada,Ontario,,,$7k scholarship,,,,,,,,,,
781,Queen's,QEC,Smith Engineering - Direct Entry Computer Engineering,Offer,96.33,Group A,11/7/2024,3/5/2025,Canadian,Ontario,N/A,,,,,,,,,,,,
782,Queen's,QEC,Smith Engineering - Direct Entry Computer Engineering,Offer,96,Group A,1/15/2025,3/5/2025,Canada,Ontario,,,not sure how i got in so early,,,,,,,,,,
783,Queen's,QEC,Smith Engineering - Direct Entry Computer Engineering,Offer,92.5,Group A,11/20/2024,3/14/2025,Citizen,Ontario,,,Literally Yolo'd it in,,,,,,,,,,
784,Queen's,QEM,Smith Engineering - Direct Entry Mechatronics and Robotics Engineering,Offer,99.5,,11/5/2024,12/11/2024,Canada,Ontario,,,,,,,,,,,,,
785,Queen's,QEM,Smith Engineering - Direct Entry Mechatronics and Robotics Engineering,Offer,97.5,,11/30/2024,12/11/2024,Canada,Ontario,,,,,,,,,,,,,
786,Queen's,QEM,Smith Engineering - Direct Entry Mechatronics and Robotics Engineering,Offer,97,,11/3/2024,12/11/2024,China,Ontario,,,,,,,,,,,,,
787,Queen's,QEM,Smith Engineering - Direct Entry Mechatronics and Robotics Engineering,Offer,95.1,Group B,10/28/2024,2/13/2025,Canadian/Korean,International School in South Korea,,,,,,,,,,,,,
788,Queen's,QEM,Smith Engineering - Direct Entry Mechatronics and Robotics Engineering,Offer,93,Group B,12/26/2024,2/13/2025,Japanese,Japan,,,,,,,,,,,,,
789,Queen's,QEM,Smith Engineering - Direct Entry Mechatronics and Robotics Engineering,Offer,95.8,Group A,10/8/2024,3/5/2025,Canadian Citizen,Ontario,,,,,,,,,,,,,
790,Queen's,QF,Concurrent Education/Science,Offer,98.5,Group A,10/16/2024,12/11/2024,Canadian,Ontario,,,,,,,,,,,,,
791,Queen's,QF,Concurrent Education/Science,Offer,99%,Group A,10/29/2024,12/11/2024,Canadian,Ontario,,,,,,,,,,,,,
792,Queen's,QF,Concurrent Education/Science,Offer,94,Group A,10/21/2024,3/5/2025,Canadian,Ontario,,,,,,,,,,,,,
793,Queen's,QF,Concurrent Education/Science,Offer,92.2,Group A,9/21/2024,3/5/2025,Canadian,Ontario,,,got it at 6pm,,,,,,,,,,
794,Queen's,QF,Concurrent Education/Science,Offer,91.83,Group A,11/10/2024,3/5/2025,Canadian,Ontario,,,,,,,,,,,,,
795,Queen's,QH,Health Sciences,Offer,99,Group A,10/1/2024,4/2/2025,Canadian,Ontario,KIRA,,$7000 entrance scholarship,,,,,,,,,,
796,Queen's,QH,Health Sciences,Offer,99,Group A,10/5/2024,4/2/2025,Canada,Ontario,KIRA,,,,,,,,,,,,
797,Queen's,QH,Health Sciences,Offer,97.5,Group A,1/2/2025,4/2/2025,Canada,Ontario,"KIRA, written portion (300 words) and video portion (2 min)","For my topics I talked about volunteering as an assistant coach at my badminton club, and a class project. Thought it went pretty mid overall since I didn't really prepare for the supp app, but got in to both health sci and qcomm, so ig it was good enough 😭","Full IB Diploma Program student, did AP courses on the side outside of school.",,,,,,,,,,
798,Queen's,QH,Health Sciences,Offer,97,Group B,11/17/2024,4/2/2025,Canada,British Columbia,KIRA,,,,,,,,,,,,
799,Queen's,QH,Health Sciences,Offer,96.3,Group A,12/10/2024,4/2/2025,Canadian,Ontario,Kira talent,"Briefly mentioned one ec, completed supp app on the last day",,,,,,,,,,,
800,Queen's,QH,Health Sciences,Offer,96,Group B,11/25/2024,4/2/2025,Canadian citizen,Alberta,KIRA,,,,,,,,,,,,
801,Queen's,QH,Health Sciences,Offer,95.5,Group A,,4/2/2025,Canadian,British Columbia,Kira,,I’m taking one AP course (bio),,,,,,,,,,
802,Queen's,QH,Health Sciences,Offer,99.33,Group A,11/4/2024,4/8/2025,Canadian,Ontario,KIRA,,,,,,,,,,,,
803,Queen's,QH,Health Sciences,Offer,97.67,Group A,10/25/2024,4/8/2025,Canadian,Ontario,KIRA,talked abt my experiences as a tutor and as HOSA pres of my school chapter.,"thought i completely fumbled the supp app, during my spoken i got cut off at the end. believe in yourself!!",,,,,,,,,,
804,Queen's,QH,Health Sciences,Offer,97.17,Group A,10/13/2024,4/8/2025,Canada,Ontario,KIRA,,IB,,,,,,,,,,
805,Queen's,QH,Health Sciences,Rejected,89.5,Group A,12/3/2024,5/15/2025,Canadian,Ontario,"KIRA talent I think was the name, video and written on the spot",My questions were about team work,,,,,,,,,,,
806,Queen's,QH,Health Sciences,Waitlisted,96.67,Group A,11/30/2024,5/15/2025,Canada,Ontario,KIRA,"Talked about volunteering at my local hospital to get over my social anxiety, and winning a hackathon.","I thought I did so well... hit every point on the rubric, spoke clearly, and my video response ended at exactly 2 mins. Welp",,,,,,,,,,
807,Queen's,QH,Health Sciences,Waitlisted,93,Group A,10/16/2024,5/15/2025,Canadian,Ontario,"Yes, Kira",,,,,,,,,,,,
808,Queen's,QK,Kinesiology,Offer,85%,Group B,10/14/2024,2/12/2025,Canadian,Spain,,,"IB - predicted 39/45, 6 in all HL",,,,,,,,,,
809,Queen's,QK,Kinesiology,Offer,94,,,3/5/2025,Canadian,Ontario,,,,,,,,,,,,,
810,Queen's,QL,Life Sciences and Biochemistry,Offer,95,Group A,10/15/2024,12/10/2024,Canada,Ontario,,,,,,,,,,,,,
811,Queen's,QL,Life Sciences and Biochemistry,Offer,99.67,,10/21/2024,12/11/2024,Canada,Ontario,,,,,,,,,,,,,
812,Queen's,QL,Life Sciences and Biochemistry,Offer,97,,10/13/2024,12/11/2024,Canada,Ontario,,,,,,,,,,,,,
813,Queen's,QL,Life Sciences and Biochemistry,Offer,96.3,,11/1/2024,12/11/2024,Canada,Ontario,,,IB programme so I already had 3 grade 12 OSSD courses completed from last year + 3 from this year,,,,,,,,,,
814,Queen's,QL,Life Sciences and Biochemistry,Offer,96,,11/3/2024,12/11/2024,Canada,Ontario,,,,,,,,,,,,,
815,Queen's,QL,Life Sciences and Biochemistry,Offer,96,,11/19/2024,12/11/2024,Canada,Ontario,,,,,,,,,,,,,
816,Queen's,QL,Life Sciences and Biochemistry,Offer,95%,Group A,10/15/2024,12/11/2024,Canadian,Ontario,,,,,,,,,,,,,
817,Queen's,QL,Life Sciences and Biochemistry,Offer,96.5,Group B,12/30/2024,1/15/2025,Canadian,Pakistan,,,(I did A levels),,,,,,,,,,
818,Queen's,QL,Life Sciences and Biochemistry,Offer,96,Group A,12/31/2024,2/22/2025,Canadian,Ontario,,,,,,,,,,,,,
819,Queen's,QL,Life Sciences and Biochemistry,Offer,96.5,Group B,11/27/2024,3/5/2025,Canadian,Newfoundland and Labrador,,,,,,,,,,,,,
820,Queen's,QL,Life Sciences and Biochemistry,Offer,94,Group A,11/27/2024,3/5/2025,Canada,Ontario,,,Were going to Queen's!!!!!!!,,,,,,,,,,
821,Queen's,QL,Life Sciences and Biochemistry,Offer,93.2,Group A,12/21/2024,3/5/2025,Canadian,Ontario,,,,,,,,,,,,,
822,Queen's,QL,Life Sciences and Biochemistry,Offer,91.83,Group A,11/10/2024,3/5/2025,Canadian,Ontario,,,,,,,,,,,,,
823,Queen's,QL,Life Sciences and Biochemistry,Offer,84,Group B,10/8/2024,3/5/2025,Canadian,Alberta,,,,,,,,,,,,,
824,Queen's,QL,Life Sciences and Biochemistry,Offer,92.67,Group A,11/7/2024,4/8/2025,Canadian,Ontario,,,did not take 12 bio,,,,,,,,,,
825,Queen's,QL,Life Sciences and Biochemistry,Offer,90.67,Group A,11/13/2024,4/8/2025,Canadian,Ontario,,,,,,,,,,,,,
826,Queen's,QL,Life Sciences and Biochemistry,Offer,94.5,Group A,11/1/2024,5/2/2025,Canadian,Ontario,,,,,,,,,,,,,
827,Queen's,QN,Nursing,Offer,94.8,Group A,,2/12/2025,Canadian,Ontario,KIRA,"Talked a lot about medical experience in hospitals, my personal experience and teamwork","Taking AP biology, research, chemistry and statistics",,,,,,,,,,
828,Queen's,QN,Nursing,Offer,92.6,Group A,12/9/2024,2/12/2025,Canadian,Ontario,KIRA,,,,,,,,,,,,
829,Queen's,QN,Nursing,Offer,90.5,Group A,2/14/2025,2/19/2025,None,Ontario,,,,,,,,,,,,,
830,Queen's,QN,Nursing,Offer,94.8,Group A,11/7/2024,4/2/2025,Canadian,Ontario,Yes through their potral,,n/a,,,,,,,,,,
831,Queen's,QN,Nursing,Offer,93.16,Group A,10/31/2024,4/2/2025,Canadian,Ontario,KIRA,,,,,,,,,,,,
832,Queen's,QN,Nursing,Offer,93,Group A,10/16/2024,4/3/2025,Canadian,Ontario,"Yes, Kira",,,,,,,,,,,,
833,Queen's,QN,Nursing,Waitlisted,91,Group A,11/16/2024,5/15/2025,Canadian,Ontario,KIRA,Was reccomended not to talk about ECs,,,,,,,,,,,
834,Queen's,QS,Science (Astrophysics),Offer,94,,10/22/2024,12/11/2024,Canada,Ontario,,Debate co-head,,,,,,,,,,,
835,Queen's,QS,Science (Biotechnology),Offer,93.67,,10/25/2024,12/11/2024,Canada,Ontario,,,,,,,,,,,,,
836,Queen's,QS,Statistics,Offer,93,,11/14/2024,12/11/2024,Canada,Ontario,,,,,,,,,,,,,
837,Queen's,QS,Life science and Biochemistry,Offer,91,Group A,11/3/2024,12/11/2024,Canadian,Ontario,],,,,,,,,,,,,
838,Queen's,QS,Science,Offer,96.4,Group A,11/1/2024,12/18/2024,Canada,Ontario,,,,,,,,,,,,,
839,Queen's,QS,Bachelor of Science (Honours) in Biochemistry,Offer,92.75,Group A,11/2/2024,3/5/2025,Canadian,Ontario,,,,,,,,,,,,,
840,Queen's,QS,Science,Offer,83,Group A,11/15/2024,3/5/2025,Canadian,Ontario,,,,,,,,,,,,,
841,TMU,SAA,Aerospace Engineering,Offer,93,,11/3/2024,12/4/2024,Canada,Ontario,,,,,,,,,,,,,
842,TMU,SAA,Aerospace Engineering,Offer,92,Group A,,1/23/2025,Canada,Ontario,,,,,,,,,,,,,
843,TMU,SAA,Aerospace Engineering (Co-op Available),Offer,92.16,Group A,12/23/2024,2/14/2025,Canadian,Ontario,,,,,,,,,,,,,
844,TMU,SAB,Computer Science (Co-op available),Offer,97.5,,10/27/2024,11/6/2024,Canada,Ontario,,,,,,,,,,,,,
845,TMU,SAB,Computer Science,Offer,90.33,,10/21/2024,11/7/2024,Canada,Ontario,,,,,,,,,,,,,
846,TMU,SAB,Computer Science (Co-op available),Offer,91,,10/24/2024,11/22/2024,Canada,Ontario,,,,,,,,,,,,,
847,TMU,SAB,Computer Science (Co-op available),Offer,89.16,Group A,12/5/2024,2/2/2025,Canadian,Ontario,,,,,,,,,,,,,
848,TMU,SAB,Computer Science (Co-op available),Offer,97.16,Group A,11/2/2024,2/5/2025,Canada,Ontario,,,,,,,,,,,,,
849,TMU,SAB,Computer Science (Co-op available),Offer,86.66,Group A,12/19/2024,2/26/2025,Born in Canada,Ontario,,,,,,,,,,,,,
850,TMU,SAB,Computer Science (Honours),Offer,86,Group A,11/15/2024,2/26/2025,Canadian,Ontario,,,,,,,,,,,,,
851,TMU,SAB,Computer Science (Co-op available),Offer,88,Group A,9/30/2024,3/18/2025,Canada,Ontario,,,yippee,,,,,,,,,,
852,TMU,SAC,Geographic Analysis Co-op,Offer,96,,11/14/2024,12/6/2024,Canada,Ontario,,,,,,,,,,,,,
853,TMU,SAD,Architectural Science,Offer,92.5,Group A,11/7/2024,2/20/2025,Canadian,Ontario,Portfolio,"14 pieces + home exercise, submitted on the Jan 31st",,,,,,,,,,,
854,TMU,SAD,Architectural Science (Co-op available),Offer,98.17,Group A,1/4/2025,2/22/2025,Yes,Ontario,Yes - 12-14 pieces of artwork + creative exercise,"I've been drawing for a LONG time, had my art studio help prepare for my portfolio as well.",,,,,,,,,,,
855,TMU,SAD,Architectural Science,Offer,96.4,Group A,11/14/2024,3/19/2025,Canada,Ontario,Grades-Plus 12-14 pieces + an exercise,,,,,,,,,,,,
856,TMU,SAH,History,Offer,81.67,Group A,11/25/2024,12/6/2024,Canada,Ontario,,,,,,,,,,,,,
857,TMU,SBB,Business Technology Management,Offer,88,,10/22/2024,11/12/2024,Canada,Ontario,,,,,,,,,,,,,
858,TMU,SBB,Business Technology Management,Offer,82,Group A,,,Canada,Ontario,,,,,,,,,,,,,
859,TMU,SBI,Biomedical Engineering (Co-op available),Offer,92.5,,10/10/2024,12/4/2024,U.S.A,Ontario,,,,,,,,,,,,,
860,TMU,SBI,Biomedical Engineering (Co-op available),Offer,88.7,Group A,,2/15/2025,Canadian,Ontario,,,,,,,,,,,,,
861,TMU,SBO,Accounting and Finance,Offer,93.2,Group A,10/16/2024,2/7/2025,canadian,Ontario,,,,,,,,,,,,,
862,TMU,SBO,Accounting and Finance (regular),Offer,93,Group A,11/6/2024,3/19/2025,Canadian,Ontario,,,,,,,,,,,,,
863,TMU,SBO,Accounting and Finance,Offer,89%,Group A,1/13/2025,3/21/2025,Portuguese,Ontario,,,,,,,,,,,,,
864,TMU,SBO,Accounting and Finance (regular),Offer,86,Group A,3/26/2025,4/4/2025,Canada,Ontario,,,,,,,,,,,,,
865,TMU,SBO,Accounting and Finance (regular),Offer,93.16,,11/7/2024,11/13/2024,Canada,Ontario,,,,,,,,,,,,,
866,TMU,SBS,Biomedical Sciences (Co-op available),Offer,99,,10/29/2024,11/5/2024,Canada,Ontario,,,,,,,,,,,,,
867,TMU,SBS,Biomedical Sciences (Co-op available),Offer,97.5,,11/6/2024,11/7/2024,Canada,Ontario,,,Conditional (maintain 80%+ average),,,,,,,,,,
868,TMU,SBS,Biomedical Sciences (Co-op available),Offer,90.5,,11/7/2024,11/12/2024,Canada,Ontario,,,,,,,,,,,,,
869,TMU,SBS,Biomedical Sciences (Co-op available),Offer,94,,11/11/2024,11/22/2024,Canada,Ontario,,,,,,,,,,,,,
870,TMU,SBS,Biomedical Sciences (Co-op available),Offer,90,Group A,11/4/2024,11/22/2024,Canadian,Ontario,,,,,,,,,,,,,
871,TMU,SBS,Biomedical Sciences,Offer,90.25%,Group A,11/22/2024,2/18/2025,Canadian,Ontario,,,,,,,,,,,,,
872,TMU,SBS,Biomedical Sciences (Co-op available),Offer,89,Group A,11/10/2024,3/3/2025,Canadian,Ontario,,,Special consideration form :),,,,,,,,,,
873,TMU,SBS,Biomedical Sciences (Co-op Available),Offer,89.2,Group A,11/16/2024,3/19/2025,Canadian,Ontario,,,,,,,,,,,,,
874,TMU,SBS,Biomedical Sciences (Co-op available),Offer,91,Group A,10/22/2024,3/28/2025,Yes,Ontario,,,,,,,,,,,,,
875,TMU,SBX,Biology (Honours),Offer,84,Group A,1/8/2025,2/20/2025,Canadian,Ontario,,,,,,,,,,,,,
876,TMU,SBX,Biology (Honours),Offer,89%,Group A,1/13/2025,2/20/2025,Portuguese,Ontario,,,,,,,,,,,,,
877,TMU,SBX,Biology (Honours) (Co-op Available),Offer,86,Group A,2/19/2025,2/21/2025,Canadian,Ontario,,,,,,,,,,,,,
878,TMU,SCD,Creative Industries,Offer,70,,11/18/2024,11/21/2024,Canada,Ontario,,,,,,,,,,,,,
879,TMU,SCE,Computer Engineering (Co-op available),Offer,97.5,,10/8/2024,12/4/2024,Canada,Ontario,,,,,,,,,,,,,
880,TMU,SCE,Computer Engineering (Co-op available),Offer,96,Group A,10/24/2024,12/4/2024,Canada,Ontario,,,,,,,,,,,,,
881,TMU,SCE,Computer Engineering (Co-op available),Offer,96.2,Group A,10/19/2024,12/5/2024,Canadian,Ontario,,,,,,,,,,,,,
882,TMU,SCE,Computer Engineering (Co-op available),Offer,94,Group A,11/13/2024,12/17/2024,Canadian,Ontario,,,,,,,,,,,,,
883,TMU,SCE,Computer Engineering (Co-op available),Offer,92%,Group A,11/7/2024,1/27/2025,Dual Citizenship,Ontario,,,non-required sub apop no ap or ib,,,,,,,,,,
884,TMU,SCE,Computer Engineering (Co-op available),Offer,85,Group A,,3/7/2025,Canadian,Ontario,,,Special consideration,,,,,,,,,,
885,TMU,SCF,Chemical Engineering (Co-operative),Offer,96,,11/3/2024,12/4/2024,Canada,Ontario,,,,,,,,,,,,,
886,TMU,SCF,Chemical Engineering (Co-op),Offer,87.5,Group A,11/7/2024,5/7/2025,Canada,Ontario,,,,,,,,,,,,,
887,TMU,SCG,Civil Engineering,Offer,90.25,Group A,,11/19/2024,Canada,Ontario,,,,,,,,,,,,,
888,TMU,SCG,Civil Engineering (Co-op available),Offer,92.4,Group A,11/4/2024,12/4/2024,Canadian,Ontario,,,,,,,,,,,,,
889,TMU,SCG,Civil Engineering,Offer,87.5,Group A,11/7/2024,5/9/2025,Canada,Ontario,,,,,,,,,,,,,
890,TMU,SCH,Chemistry Non-Co-op,Offer,87.6,,10/16/2024,11/7/2024,Canada,Ontario,,,,,,,,,,,,,
891,TMU,SCH,Chemistry (Co-op available),Offer,89,Group A,1/14/2025,2/24/2025,Canadian (Domestic),Ontario,,,,,,,,,,,,,
892,TMU,SCY,Child and Youth Care,Offer,93,,11/9/2024,11/11/2024,Canada,Ontario,,,,,,,,,,,,,
893,TMU,SCY,Child and Youth Care,Offer,95.33%,Group A,,11/14/2024,Canadian,Ontario,,,,,,,,,,,,,
894,TMU,SDM,Performance Production,Offer,89.5,,11/4/2024,11/5/2024,Canada,Ontario,,,Conditional offer: 72% + ENG4U + OSSD (midterms not available),,,,,,,,,,
895,TMU,SDM,Performance Production,Offer,70,,11/18/2024,11/21/2024,Canada,Ontario,,,,,,,,,,,,,
896,TMU,SEH,Early Childhood Studies,Offer,95.33%,Group A,,11/14/2024,Canadian,Ontario,,,,,,,,,,,,,
897,TMU,SEH,Early Childhood Studies,Offer,80,Group A,,2/10/2025,Canada,Ontario,,,,,,,,,,,,,
898,TMU,SEJ,Electrical Engineering (Co-op available),Offer,96,,11/15/2024,12/5/2024,Bangladesh,Ontario,,,,,,,,,,,,,
899,TMU,SEJ,Electrical Engineering (Co-op available),Offer,93.83,Group A,9/21/2024,1/24/2025,Canada,Ontario,,,,,,,,,,,,,
900,TMU,SEJ,Electrical Engineering (Co-op available),Offer,91.5,Group A,,3/15/2025,Canadian,Ontario,,,,,,,,,,,,,
901,TMU,SEU,Undeclared Engineering,Offer,95.6,,10/22/2024,12/6/2024,Canada,Ontario,,,,,,,,,,,,,
902,TMU,SEU,Undeclared Engineering,Offer,93.75,Group A,1/31/2025,2/3/2025,Canada,Ontario,,,,,,,,,,,,,
903,TMU,SEU,Undeclared Engineering,Offer,92.5,Group A,11/15/2024,4/29/2025,Canadian,Ontario,,,,,,,,,,,,,
904,TMU,SIE,Economics and Finance (Co-op available),Offer,91,,11/7/2024,12/20/2024,Canada,Ontario,,,,,,,,,,,,,
905,TMU,SIE,Economics and Finance (Co-op available),Offer,89,,10/27/2024,,Canada,Ontario,,,,,,,,,,,,,
906,TMU,SMM,Professional Communication,Offer,87,Group A,10/26/2024,11/7/2024,Canadian,Ontario,,,,,,,,,,,,,
907,TMU,SMM,Professional Communication,Offer,95,,10/31/2024,11/14/2024,Canada,Ontario,,,,,,,,,,,,,
908,TMU,SMM,Professional Communication,Offer,75,Group A,11/11/2024,2/20/2025,Canadian,Ontario,,,,,,,,,,,,,
909,TMU,SMM,Professional Communication,Offer,87%,Group A,12/20/2024,2/21/2025,Canada,Ontario,,,got a 12k entrance scholarship for this program,,,,,,,,,,
910,TMU,SMP,Medical Physics (Co-op available),Offer,89,,9/24/2024,11/21/2024,Canada,Ontario,,,,,,,,,,,,,
911,TMU,SMW,Mechanical Engineering (Co-op available),Offer,96,,10/20/2024,12/4/2024,Canada,Ontario,,,Conditional offer: average of 80% + in gr. 12 courses,,,,,,,,,,
912,TMU,SMW,Mechanical Engineering (Co-op available),Offer,95,,10/23/2024,12/4/2024,Canada,Ontario,,,,,,,,,,,,,
913,TMU,SMW,Mechanical Engineering,Offer,90.5,Group A,11/7/2024,4/30/2025,canadian,Ontario,,,,,,,,,,,,,
914,TMU,SNG,Nursing at George Brown College,Offer,Gr 11: 91.71; Completed Gr 12 Courses: 94,Group A,10/31/2024,11/7/2024,Canadian,Ontario,,,,,,,,,,,,,
915,TMU,SNG,Nursing at George Brown College,Offer,93,,10/31/2024,11/7/2024,Canada,Ontario,,,,,,,,,,,,,
916,TMU,SNG,Nursing at George Brown College,Offer,97,,11/1/2024,11/15/2024,Canada,Ontario,,,"I applied to three campus of TMU, heard back from George brown and Centennial.",,,,,,,,,,
917,TMU,SNG,Nursing at George Brown College,Offer,89.5,Group A,2/6/2025,2/19/2025,Canadian,Ontario,,,,,,,,,,,,,
918,TMU,SNG,Nursing at George Brown College,Offer,84.5,Group A,11/14/2024,2/25/2025,Citizen,Ontario,,,,,,,,,,,,,
919,TMU,SNG,Nursing at George Brown College,Offer,93.4- Alberta high scool applicant use only top 5 prereq,Group B,12/29/2024,3/6/2025,Canadian PR,Alberta,Mature student- submitted a applicant profile,,"I am a transfer student, somehow there was an English proficiency test requirement, I emailed them for exemption. They replied me after a week, and I received the offer the day after they got back to me.",,,,,,,,,,
920,TMU,SNN,Nursing at Centennial College,Offer,89,,1/13/2025,1/20/2025,Canada,Ontario,,,,,,,,,,,,,
921,TMU,SNN,Nursing at Centennial College,Offer,91.17,Group A,12/18/2024,4/28/2025,Canadian,Ontario,,,,,,,,,,,,,
922,TMU,SNX,Nursing at TMU,Offer,96,,10/2/2024,11/12/2024,Canada,Ontario,,,Looked at gr 11 finals only,,,,,,,,,,
923,TMU,SNX,Nursing at TMU,Offer,90.86,Group A,10/31/2024,11/22/2024,Canadian,Ontario,,,"Accepted by Centennial and Georger Brown at the same time, still waiting for Main Campus",,,,,,,,,,
924,TMU,SNX,Nursing at TMU,Offer,96,Group A,12/15/2024,1/8/2025,Canadian,Ontario,,,,,,,,,,,,,
925,TMU,SNX,Nursing at TMU,Offer,92.16,Group B,11/11/2024,2/5/2025,Canadian,Ontario,,,My acceptance deadline was March 1st.,,,,,,,,,,
926,TMU,SNX,Nursing at TMU,Offer,88,Group A,11/6/2024,2/14/2025,Canadian citizen,Ontario,,,,,,,,,,,,,
927,TMU,SNX,Nursing at TMU,Offer,95.2,Group A,11/10/2024,2/19/2025,Canadian,Ontario,,,,,,,,,,,,,
928,TMU,SNX,Nursing at TMU,Offer,93.33,Group A,10/5/2024,2/19/2025,canadian,Ontario,,,,,,,,,,,,,
929,TMU,SNX,Nursing at TMU,Offer,90,Group A,11/9/2024,2/20/2025,Canadian,Ontario,,,,,,,,,,,,,
930,TMU,SNX,Nursing at TMU,Offer,91,Group A,11/16/2024,5/5/2025,Canadian,Ontario,,,,,,,,,,,,,
931,TMU,SPA,Image Arts - Film,Offer,95.17,Group A,12/16/2024,3/17/2025,Canadian,Ontario,Yes. Short film and portfolio on Vimeo,,,,,,,,,,,,
932,TMU,SPB,New Media,Offer,91,,11/10/2024,11/22/2024,Canada,Ontario,,,,,,,,,,,,,
933,TMU,SPG,Politics and Governance (Co-op available),Offer,90,,10/5/2024,11/7/2024,Canada,Ontario,,,,,,,,,,,,,
934,TMU,SPG,Politics and Governance (Co-op available),Offer,90.50%,,10/6/2024,11/7/2024,Canadian Citizen,Ontario,,,,,,,,,,,,,
935,TMU,SPG,Politics and Governance,Offer,81.67,Group A,11/25/2024,12/6/2024,Canada,Ontario,,,,,,,,,,,,,
936,TMU,SPS,Psychology (Co-op Available),Offer,94,,10/24/2024,11/7/2024,Canada,Ontario,,,,,,,,,,,,,
937,TMU,SPS,Psychology (Co-op Available),Offer,93,,11/11/2024,11/22/2024,Canada,Ontario,,,,,,,,,,,,,
938,TMU,SPS,Psychology (Honours),Offer,87%,Group A,10/31/2024,1/9/2025,Canada,Ontario,,,,,,,,,,,,,
939,TMU,SPS,Psychology (Honours),Offer,84.8,Group A,12/15/2024,2/22/2025,Canada,Ontario,,,,,,,,,,,,,
940,TMU,SQA,Accounting & Finance (Co-op),Offer,94,,11/6/2024,11/22/2024,Canada,Ontario,,,,,,,,,,,,,
941,TMU,SQA,Accounting & Finance (Co-op),Offer,92,Group A,11/7/2024,11/22/2024,Canada,Ontario,,,,,,,,,,,,,
942,TMU,SQA,Accounting & Finance (Co-op),Offer,89.1,Group A,11/16/2024,2/26/2025,Canada,Ontario,,,,,,,,,,,,,
943,TMU,SQA,Accounting & Finance (Co-op),Offer,91%,Group A,10/30/2024,2/26/2025,Canadian,Ontario,,,,,,,,,,,,,
944,TMU,SQA,Accounting & Finance (Co-op),Rejected,86,Group A,1/6/2025,3/26/2025,Canadian,Ontario,,,,,,,,,,,,,
945,TMU,SQA,Accounting & Finance (Co-op),Offer,92.83,Group A,11/27/2024,5/2/2025,Canadian,Ontario,,,,,,,,,,,,,
946,TMU,SQB,Business Management (Co-op),Offer,97,,11/6/2024,11/21/2024,Canada,Ontario,,,,,,,,,,,,,
947,TMU,SQB,Business Management (Co-op),Offer,98.1,Group A,11/7/2024,11/22/2024,Canada,Ontario,,,,,,,,,,,,,
948,TMU,SQB,Business Management (Co-op),Offer,92,,11/11/2024,11/22/2024,Canada,Ontario,,,,,,,,,,,,,
949,TMU,SQC,Business Technology Management (Co-op),Offer,94.5,Group A,10/15/2024,2/15/2025,Canadian,Ontario,,,,,,,,,,,,,
950,TMU,SQC,Business Technology Management (Co-op),Offer,89.33,Group A,11/11/2024,5/16/2025,Canada,Ontario,,,,,,,,,,,,,
951,TMU,SRD,Media Production,Offer,88.5,Group A,11/2/2024,11/6/2024,Canadian,Ontario,,,,,,,,,,,,,
952,TMU,SRD,Media Production,Offer,70,,11/18/2024,11/21/2024,Canada,Ontario,,,,,,,,,,,,,
953,TMU,SRT,Media Production,Offer,91%,Group A,11/28/2024,1/20/2025,Canadian,Ontario,,,,,,,,,,,,,
954,TMU,SSE,Social work,Offer,"73%, 83%,78%,86%, 80%",Group A,2/14/2025,5/12/2025,Canadian,Ontario,,,,,,,,,,,,,
955,TMU,SSO,Sociology,Offer,95.33%,Group A,,11/14/2024,Canadian,Ontario,,,,,,,,,,,,,
956,TMU,STR,Mechatronics Engineering (Co-op available),Offer,93,,12/1/2024,12/4/2024,Canada,Ontario,,,conditional offer as long as i graduate w atleast an 80,,,,,,,,,,
957,TMU,STR,Mechatronics Engineering (Co-op available),Offer,96,,12/28/2024,1/6/2025,Canada,Ontario,,,,,,,,,,,,,
958,TMU,SUN,Undeclared Arts,Offer,84,,10/30/2024,11/7/2024,Canada,Ontario,,,,,,,,,,,,,
959,TMU,SUP,Urban and Regional Planning,Offer,97.8,Group A,10/16/2024,11/5/2024,Canada,Ontario,,,,,,,,,,,,,
960,TMU,SUP,Urban and Regional Planning,Offer,89.5,,11/4/2024,11/5/2024,Canada,Ontario,,,Conditional offer of 76% + ENG4U + OSSD (midterms were not available),,,,,,,,,,
961,TMU,SUP,Urban and Regional Planning,Offer,90,,10/30/2024,11/7/2024,Canada,Ontario,,,,,,,,,,,,,
962,TMU,SUP,Urban and Regional Planning,Offer,91,,10/24/2024,11/14/2024,Canada,Ontario,,,Conditional offer; with an overall top 6 average of at least 76% including 70% or higher in ENG4U,,,,,,,,,,
963,TMU,SUP,Urban and Regional Planning,Offer,94.33,Group A,12/3/2024,12/6/2024,Yes,Ontario,,,,,,,,,,,,,
964,TMU,SUP,Urban and Regional Planning,Offer,94.5,Group A,10/15/2024,2/21/2025,Canadian,Ontario,,,,,,,,,,,,,
965,TMU,,Commerce (BCom: Finance),Offer,90,,10/27/2024,,Canada,Ontario,,,,,,,,,,,,,
966,Trent,RAP,Criminology,Offer,62.16,Group A,1/2/2025,1/13/2025,Canadian,Ontario,,,,,,,,,,,,,
967,Trent,RBS,Biomedical Science (Honours Science),Offer,95,,9/29/2024,11/12/2024,Canada,Ontario,,,,,,,,,,,,,
968,Trent,RBS,Biomedical Science (Honours Science),Offer,81,,11/18/2024,11/19/2024,Canada,Ontario,,"Ultimate frisbee for 3 years, Deca provincials and top 10 exam scores",,,,,,,,,,,
969,Trent,RBS,Biomedical Science (Honours Science),Offer,91,,11/20/2024,11/29/2024,Canada,Ontario,,,,,,,,,,,,,
970,Trent,RCE,Chemical Engineering (Dual Degree),Offer,82,,12/2/2024,12/2/2024,Canada,Ontario,,"Senior And Junior Soccer Team, Hosa, Cross Country",,,,,,,,,,,
971,Trent,RCN,Bachelor of Science in Nursing,Offer,94,,10/31/2024,12/13/2024,Canada,Ontario,,,,,,,,,,,,,
972,Trent,RCN,Bachelor of Science in Nursing,Offer,90.67,Group A,,12/13/2024,Canadian,Ontario,,,,,,,,,,,,,
973,Trent,RCN,Nursing,Offer,90,Group A,,12/13/2024,Canadian,Ontario,,,,,,,,,,,,,
974,Trent,RCN,Bachelor of Science in Nursing,Offer,93.20%,Group A,1/31/2025,2/27/2025,Canadian,Ontario,,,,,,,,,,,,,
975,Trent,RDL,Business Administration (BBA),Offer,84,Group A,,11/16/2024,Canadian,Ontario,,,,,,,,,,,,,
976,Trent,RIO,Durham Campus - Artificial Intelligence (Honours Arts) - Co-op,Offer,88.33,Group A,11/11/2024,4/11/2025,Canada,Ontario,,,,,,,,,,,,,
977,Trent,RKA,Medical Professional Stream,Offer,94.8,,12/6/2024,12/10/2024,Canada,Ontario,,,,,,,,,,,,,
978,Trent,RMD,Bachelor of Arts and Science - Medical: Trent/Swansea Dual Degree,Offer,96,,9/27/2024,11/12/2024,Canada,Ontario,,,,,,,,,,,,,
979,Trent,RMD,Bachelor of Arts and Science - Medical: Trent/Swansea Dual Degree,Offer,94.8,,12/10/2024,12/12/2024,Canada,Ontario,,,,,,,,,,,,,
980,Trent,ROQ,Teacher Education Stream - Arts (Honours) (Child & Youth Studies),Offer,93,,11/20/2024,11/21/2024,Canada,Ontario,,,,,,,,,,,,,
981,Trent,RPS,Bsc Psychology,Offer,79%,Group A,12/19/2024,4/30/2025,Canadian,Ontario,,,,,,,,,,,,,
982,Trent,RPU,Political Studies (Honours Arts) - Co-op,Offer,90.5,Group A,10/26/2024,11/25/2024,Canadian,Ontario,,,,,,,,,,,,,
983,Trent,RSU,Forensics & Honours Science,Offer,90.67,Group A,,11/12/2024,Canadian,Ontario,,,,,,,,,,,,,
984,Trent,RSU,Forensics & Honours Science,Offer,88.25,Group A,11/13/2024,11/14/2024,Canadian,Ontario,,,,,,,,,,,,,
985,Trent,RSU,Forensics & Honours Science,Offer,75,,11/19/2024,11/21/2024,Canada,Ontario,,,,,,,,,,,,,
986,Trent,RTA,Teacher Education Stream - Arts (Honours) (Women's Studies),Offer,91,,10/28/2024,11/21/2024,Canada,Ontario,,,,,,,,,,,,,
987,Trent,RTS,Honours Science - Teacher Ed Stream,Offer,95,Group A,10/21/2024,11/14/2024,Canadian,Ontario,,,"Offered $12,000 scholarship if maintained average throughout time at Trent.",,,,,,,,,,
988,Trent,RTS,Teacher Education Stream - Science (Honours) - Mathematics,Offer,95.83,Group A,11/12/2024,11/24/2024,Canadian,Ontario,,,,,,,,,,,,,
989,Trent,RUF,Forensic Biology,Offer,86,,10/28/2024,11/2/2024,China,Ontario,,,,,,,,,,,,,
990,Trent,RUF,Forensic Biology,Offer,88.25,Group A,11/13/2024,2/18/2025,Canada,Ontario,,,AP English Literature and Composition,,,,,,,,,,
991,Trent,RZN,Computer Science & Forensics,Offer,80,,10/11/2024,11/21/2024,Canada,Ontario,,,,,,,,,,,,,
992,Trent,,Trent/Swansea Dual Degree B.A Criminology/ LL.B. Law,Offer,96,,11/12/2024,11/14/2024,Canada,Ontario,,,,,,,,,,,,,
993,Trent,,Teacher Education Stream - Arts (Honours) (Psychology),Offer,93,,11/20/2024,11/21/2024,Canada,Ontario,,,,,,,,,,,,,
994,UBC,Applied Science (Engineering),,Offer,96.4,,11/28/2024,12/13/2024,Canadian,British Columbia,Personal Profile,Mentioned part time job as tutor; building and selling computers for over 5 years; coding projects; numerous awards; club executive; sports.,AP Calculus,,,,,,,,,,
995,UBC,Applied Science (Engineering),,Offer,95.5,,11/15/2024,12/17/2024,Canadian,Ontario,"4-5 1000-character essays, List 5 ECs and 2 references","Student council, Club president, research, talked about growth in my essays",,,,,,,,,,,
996,UBC,Applied Science (Engineering),,Offer,97.8,,12/1/2024,12/20/2024,Canada,Ontario,Education Planner,,,,,,,,,,,,
997,UBC,Applied Science (Engineering),,Offer,97.6,,12/1/2024,1/8/2025,Canada,British Columbia,Personal Profile,"Robotics (FRC and VEX IQ), Piano, Squash, Physics and Design Clubs, Physics Olympics, Work experience",AP Physics 1 and AP Calc AB completed at time of application,,,,,,,,,,
998,UBC,Applied Science (Engineering),,Offer,98.4,,12/31/2024,1/12/2025,Canadian,India,Yes,"Debate Team, Quiz Team, Model UN, Organized National Literary Festival, SOF Olympiad gold medalist, JEE Mains (all India open exam) 99.7 Percentile, Youth Club, Class Representative.",,,,,,,,,,,
999,UBC,Applied Science (Engineering),,Offer,96.2,,12/1/2024,1/28/2025,Canada,Ontario,Education Planner BC,"Robotics Team Captain, Lead in School Musical for two years","Pre-AP/AP Physics, Chemistry, Biology, Advanced Functions, Calculus & Vectors",,,,,,,,,,
1000,UBC,Bachelor of Applied Science,,Offer,97.8,,12/1/2024,12/20/2024,Canada,Ontario,,,,,,,,,,,,,
1001,UBC,Bachelor of Applied Science,,Offer,95.1,,1/10/2025,2/12/2025,Canadian/Korea,International school in South Korea,UBC supplemental,"VEX Robotics, sports, personal projects","5 5s in AP courses. Calc BC, Bio, Comouter Science Principles, World History, Seminar",,,,,,,,,,
1002,UBC,Bachelor of Applied Science,,Offer,97.5,,1/15/2025,3/3/2025,Canadian,Ontario,"UBC supp app, questions idk",Im kind of a baddie 🤷‍♀️,,,,,,,,,,,
1003,UBC,Bachelor of Applied Science,,Offer,92.4,,11/4/2024,3/6/2025,Pakistani,Ontario,Education Planner BC,,,,,,,,,,,,
1004,UBC,Bachelor of Applied Science,,Rejected,95.5,,12/2/2024,4/18/2025,Some Asian country,British Columbia,Written Response,mid ECs,,,,,,,,,,,
1005,UBC,Bachelor of Applied Science,,Rejected,93,,1/4/2025,4/30/2025,Canadian,Ontario,UBC Supp App,"McMaster Engineering Physics Lab intern - programmed telescope and drone for alignment for optical communication; Schulich leader nominee, FRC (FIRST Robotics Competition) programming team lead; Various science fair projects - AI water pollution detection drone, pipe inspection robot, device that uses machine learning to estimate future water pollution levels, won $5000+ dollars, qualified for Canada Wide Science Fair, International Science and Engineering Fair (could not attend due to difficulties with cross border travel at this time), selected to present at an international youth research conference; paper published in national journal; ran an initiative in my community where I taught 20+ kids how to code; founded coding club at my school; DECA VP- 2X provincial finalist; Multiple AI projects - cancer cell classifier, car feed object detection model etc.; Assistant math teacher; played volleyball for school; Student Council General Events Chair;",Full IB course load. Don't do IB!!!,,,,,,,,,,
1006,UBC,Bachelor of Applied Science (Okanagan),,Offer,93,,1/15/2025,2/26/2025,Japanese,Japan,UBC supp app,,,,,,,,,,,,
1007,UBC,Bachelor of Arts,,Offer,98,,11/17/2024,12/3/2024,Canada,Ontario,,,,,,,,,,,,,
1008,UBC,Bachelor of Arts (Okanagan),,Offer,93,,11/30/2024,12/12/2024,Canada,british colombia,,,,,,,,,,,,,
1009,UBC,Bachelor of Arts (Vancouver),,Offer,96,,1/16/2025,3/6/2025,Canadian,Ontario,UBC Supp app,- Ski Club; Involved in student led environmental non profit; Repertoire for four years; Video Editor for school video announcements; Student aid liaison (helped new kids get acclimated),,,,,,,,,,,
1010,UBC,Bachelor of Science,,Offer,93,,11/13/2024,12/3/2024,Canada,Ontario,,"Startup, volunteering work, tutor,",,,,,,,,,,,
1011,UBC,Bachelor of Science,,Offer,95,,12/1/2024,12/17/2024,Canada,Ontario,,,,,,,,,,,,,
1012,UBC,Bachelor of Science,,Offer,97,,,12/20/2024,Canadian,Ontario,UBC Personal Profile,"Editor in chief of yearbook committee, HOSA, concert band flute first chair, volunteering, gymnastics","My school only offers regular classes, no AP or IB",,,,,,,,,,
1013,UBC,Bachelor of Science,,Offer,96.5,,12/1/2024,12/24/2024,PR,Ontario,"Yes, personal statement",,,,,,,,,,,,
1014,UBC,Bachelor of Science,,Offer,96.8,,11/17/2024,1/20/2025,Australian,Australia,Education BC,"Student Council President, MUN SG","IB full diploma, Predicted 41/45",,,,,,,,,,
1015,UBC,Bachelor of Science,,Rejected,95.5,,12/2/2024,4/30/2025,Some Asian country,British Columbia,Written Response,mid ECs,,,,,,,,,,,
1016,UBC,Bachelor of Science (Vancouver),,Offer,98.67,,1/14/2025,3/11/2025,China,Ontario,Personal Profile,,,,,,,,,,,,
1017,UBC,Bachelor of Science in Applied Biology (Vancouver),,Offer,90,,11/30/2024,12/13/2024,Canada,British Columbia,,"volunteering at bird rescue, christian club exec",,,,,,,,,,,
1018,UBC,Sauder School of Business (Commerce),,Offer,96,,11/22/2024,1/17/2025,Canadian,Ontario,Education Planner BC,,reddit user: u/Content-Coach7721,,,,,,,,,,
1019,UBC,Sauder School of Business (Commerce),,Offer,97,,1/12/2025,3/11/2025,Canada,Ontario,"Personal profile, supplemental commerce questions, video interview (2 questions)",Mainly talked about being leader of a student council and club,"Personal profile is most important imo, be genuine and demonstrate who you are. I didn't think I did that well on the video interview so I don't think it's weighted as heavily",,,,,,,,,,
1020,UBC,Sauder School of Business (Commerce),,Offer,92,,1/6/2025,3/14/2025,Canada,Alberta,EPBC,"Lifeguarding, Varsity Sports, Job",,,,,,,,,,,
1021,UBC,Arts and Science - Poli Sci,,Offer,92.17,,11/25/2024,12/16/2024,Canadian,Alberta,Yes,"Part time job, children’s hospital foundation",,,,,,,,,,,
1022,University of Alberta,,Engineering Foundational/Qualifying Year,Offer,96,,11/5/2024,11/12/2024,Canada,Ontario,,,,,,,,,,,,,
1023,University of Illinois Urbana Champaign,,Computer Engineering,Offer,98.67,,11/15/2024,1/31/2025,Canada,Ontario,CommonApp,"Vex Robotics, Part time job doing IT for a small business, RoboCup Robotics (made it to the world championship and qualified for one of two spots given to Canada)","Early Action Offer (American Universities), 10 AP courses done/taken in school as of the application date",,,,,,,,,,
1024,University of Pennsylvania (Jerome Fisher M&T Program),,Mechanical Engineering (Minor in Economics),Offer,96.3,,12/18/2024,3/27/2025,Canadian,Ontario,"SAT, Interview","- CWSF Platinum Award (not leaking project or year to avoid getting doxxed :) ); ISEF 3rd place category; Ingenious+ Regional; a bunch of random international awards; a bunch of olympiads; Biomedical Research Intern at local University; Work at Kumon for all of HS; A bunch of Waterloo honor rolls + SIN exam; AIME 2x; Competitive badminton player (took high performance training for grades 9/10), won many awards; QSYS and Catalyst; Non-profit which helped 5,000 people be able to walk again in Asia; Ran local contests which amassed over 800 students total","Full IB Courseload; HL AA Math, HL AA Physics, HL English, SL Geography, SL French, SL Chemistry",,,,,,,,,,
1025,UofT - SG,TAC,Rotman Commerce,Offer,96.8,Group A,11/27/2024,2/24/2025,Canada,Ontario,KIRA,"Head of Training DECA, Camp Counselor",,,,,,,,,,,
1026,UofT - SG,TAC,Rotman Commerce,Offer,96,Group A,9/20/2024,2/24/2025,Canadian,Ontario,"Kira, submitted on Dec 1st",Had technical difficulties with Kira but still got in,,,,,,,,,,,
1027,UofT - SG,TAC,Rotman Commerce,Offer,96,Group B,11/7/2024,2/24/2025,Canadian,China,Kira Talent,"1 out of 50 worldwide to participate in Oxbridge organ trials, ¥20k (~$4k) charity group, NEC National finalist","IB courses, 39/42, Math AA, English, Econ HL; Comp Sci, Music, French SL",,,,,,,,,,
1028,UofT - SG,TAC,Rotman Commerce,Offer,96,Group A,12/5/2024,2/24/2025,canadian,Ontario,KIRA,"I was DECA vice president, and sustainability coordinator in g12. G11 house captains at school so like mini student council. Volleyball from g5-g12 as a team champions for g11 and g12 senior girls at school. G9 volleyball team captain and received most valuable player award. G11 part of school band. Level 10 piano certificate from RCM. Got into 2nd round of U of T Rotman's case competition in g12 so like the top 15 teams.",,,,,,,,,,,
1029,UofT - SG,TAC,Rotman Commerce,Offer,95.83,Group A,10/16/2024,2/24/2025,Canada,Ontario,KIRA,"deca exec, top 15 in written exam, robotics club, 2 jobs",,,,,,,,,,,
1030,UofT - SG,TAC,Rotman Commerce,Offer,92.75,Group A,11/16/2024,2/24/2025,Canadian,Ontario,Kira,"School council, law club, passion for arts",your getting in bro,,,,,,,,,,
1031,UofT - SG,TAC,Rotman Commerce,Offer,99.3,Group A,12/2/2024,3/19/2025,Canadian,Ontario,KIRA,"founder of a club, deca regional award recipient",Applied to victoria college and got in,,,,,,,,,,
1032,UofT - SG,TAC,Rotman Commerce,Offer,98.1,Group A,11/7/2024,3/19/2025,Canada,Ontario,KIRA,"played in rock and concert band, part-time job, karate. did interview on Feb 1st","UofT Scholars Program ($10,000 scholarship)",,,,,,,,,,
1033,UofT - SG,TAC,Rotman Commerce,Offer,97.83,Group A,12/18/2024,3/19/2025,Canada,Ontario,KIRA,"volunteering, student athletics club",,,,,,,,,,,
1034,UofT - SG,TAC,Rotman Commerce,Offer,96.8,Group A,10/30/2024,3/19/2025,South Korean,Ontario,KIRA,"Internship as an assistant accountant at a consulting company, national track runner, school new students helping club executive, Korean club executive, badminton club executive, also international accounting competition 2nd place, book keeping certificate level 2",I got 10k,,,,,,,,,,
1035,UofT - SG,TAC,Rotman Commerce,Offer,95.2,Group A,10/1/2024,3/19/2025,Canadian / South Korean,Ontario,Kira,"DECA for 4 years + exec, Finance Club VP, Swim/Lifesaving Instructor 2 years.",,,,,,,,,,,
1036,UofT - SG,TAC,Rotman Commerce,Offer,94,Group A,,3/19/2025,Canadian,Ontario,Yes,,IB,,,,,,,,,,
1037,UofT - SG,TAC,Rotman Commerce,Offer,92.33,Group A,11/7/2024,3/19/2025,Canada,Ontario,KIRA,"Dance, Student Council",,,,,,,,,,,
1038,UofT - SG,TAC,Rotman Commerce,Offer,91,Group A,1/25/2025,3/19/2025,Canadian,Ontario,KIRA,,,,,,,,,,,,
1039,UofT - SG,TAC,Rotman Commerce,Offer,90,Group A,,3/19/2025,Korean,Ontario,Yes,Intern at an actual business company,,,,,,,,,,,
1040,UofT - SG,TAC,Rotman Commerce,Offer,95,Group A,1/15/2025,3/21/2025,Canadian,Ontario,KIRA,,,,,,,,,,,,
1041,UofT - SG,TAC,Rotman Commerce,Offer,95,Group B,10/7/2024,4/16/2025,Canada,"MA, USA",KIRA,,,,,,,,,,,,
1042,UofT - SG,TAC,Rotman Commerce,Offer,93.5,Group A,11/7/2024,4/16/2025,Canadian,Ontario,KIRA,"DECA President, DECA Regionals Top 10 Overall, Top 10 Oral - DECA Provincials Top 12 Overall, Top 10 Exam - Sales Job - High Level of Leadership in School Music Dept. (Concert/Jazz Band Student Leader, created/helped with Junior Band).",,,,,,,,,,,
1043,UofT - SG,TAC,Rotman Commerce,Offer,92,Group A,12/16/2024,4/17/2025,Canadian/American,Ontario,KIRA,"Tutoring business, club founder, part time job",,,,,,,,,,,
1044,UofT - SG,TAC,Rotman Commerce,Offer,98,Group A,12/3/2024,5/23/2025,Yes,Ontario,Kira,"Deca pres, game dev team lead + international award, tutoring, sports, etc.",,,,,,,,,,,
1045,UofT - SG,TAC,Rotman Commerce,Offer,97,Group A,,5/23/2025,Canadian,Ontario,KIRA,Mid supp app,,,,,,,,,,,
1046,UofT - SG,TAC,Rotman Commerce,Offer,95,Group A,11/29/2024,5/23/2025,Canada,Ontario,Kira,was my first sup app and did it on the last day,,,,,,,,,,,
1047,UofT - SG,TAC,Rotman Commerce,Offer,91.7,Group A,10/10/2024,5/23/2025,Canadian,Ontario,KIRA,"3 internships, deca, shsm business, job",,,,,,,,,,,
1048,UofT - SG,TAC,Rotman Commerce,Rejected,89,Group A,12/6/2024,5/23/2025,Canadian,Ontario,Yes - KIRA,,,,,,,,,,,,
1049,UofT - SG,TAC,Rotman Commerce,Rejected,89,Group A,11/6/2024,5/23/2025,Canadian,Ontario,KIRA,,,,,,,,,,,,
1050,UofT - SG,TAD,Computer Science,Offer,98.86,Group A,11/20/2024,2/24/2025,Citizen,Ontario,"Yes, 4 short answer questions","Student council tech position, business startup, hobby/skill",,,,,,,,,,,
1051,UofT - SG,TAD,Computer Science,Offer,98.11,Group A,1/6/2025,2/24/2025,Candian,Ontario,SAF,"Co-President of AV Team, Tutor, Sports Teams",hooray!,,,,,,,,,,
1052,UofT - SG,TAD,Computer Science,Offer,97.6,Group A,10/28/2024,2/24/2025,Canadian,Ontario,"Yes, four written questions","EC's involved software development projects, founder of a club at school, work with nonprofits, etc.",,,,,,,,,,,
1053,UofT - SG,TAD,Computer Science,Offer,97.5,Group A,10/18/2024,2/24/2025,Canada,Ontario,Supplemental with 4 short essays for CS,- incorporated ec's into all 4 questions for the supplemental; talked about how my ec's have shaped me today and have motivated me to go into cs,Acceptance to Vic College & Vic Ones Program,,,,,,,,,,
1054,UofT - SG,TAD,Computer Science,Offer,96.33,Group A,12/2/2024,2/24/2025,Canadian,Ontario,SAF,No notable ECs,,,,,,,,,,,
1055,UofT - SG,TAD,Computer Science,Offer,96.12,Group A,12/2/2024,2/24/2025,Canadian,Ontario,uoft webpage,"Good at my sport, robotics captain, some data science program, vp of student gov council, part-time tutor for AP physics & chem",AP courses,,,,,,,,,,
1056,UofT - SG,TAD,Computer Science,Offer,94.83,Group A,12/1/2024,2/24/2025,Canadian,Ontario,UofT CS Supp App,"Team Canada competitor in 3 renowned business/econ competitions, international finalist in 2. President of the 3 biggest clubs of a public high school ranked Top 10 in Ontario. National/Provincial Officer at 3 very big organizations. Schulich Leader Nominee & Western National Scholar Nominee. Wharton Global Youth LBW '24. Self-studied full scale (5) on AP Calc BC, Stats, Micro, Macro, CSA, Lang, and Psych. 1550 SAT. Competitive athlete at Rep & Varsity level.",,,,,,,,,,,
1057,UofT - SG,TAD,Computer Science,Offer,96.50%,Group A,10/16/2024,2/24/2025,Canadian,Ontario,SAF,"President of robotics club, a few awards at various small competitions",,,,,,,,,,,
1058,UofT - SG,TAD,Computer Science,Offer,98.4,Group B,11/6/2024,2/27/2025,Canadian,India,Yes - 4 Short Essays,"MUNs, Debate Team, Quiz Team, Math Olympiad, Literary fest organizer, Youth Club founder, Drums, Computer Science Olympiad.",,,,,,,,,,,
1059,UofT - SG,TAD,Computer Science,Offer,94.3,Group A,12/18/2024,3/9/2025,Canadian,Ontario,Kira Talent,League Of Legends Gamer,,,,,,,,,,,
1060,UofT - SG,TAD,Computer Science,Offer,98.5,Group B,,3/19/2025,Canada,Quebec,CS supplemental essays,Didn't really talk about anything significant in my essays. Idk if uoft look at this but I had CMOQR qualifier,,,,,,,,,,,
1061,UofT - SG,TAD,Computer Science,Offer,98.17,Group A,10/18/2024,3/19/2025,Non-Canadian,Ontario,4 short questions,,"IBDP Student, 4 AP exams, SAT 1520, no notable competitions",,,,,,,,,,
1062,UofT - SG,TAD,Computer Science,Offer,98,Group A,2/3/2025,3/19/2025,Canada,Ontario,CS Sup App,professional gooner,,,,,,,,,,,
1063,UofT - SG,TAD,Computer Science,Offer,97.5,Group B,11/28/2024,3/19/2025,Canadian,British Columbia,Supp App,"Varsity basketball & football captain; Interact club executive; STEM tutor; Computer assembly salesman; National French speech competition; Coding projects, developed an accounting firms website; Volunteering; Numerous awards.",,,,,,,,,,,
1064,UofT - SG,TAD,Computer Science,Offer,97,Group A,11/4/2024,3/19/2025,Canada,Ontario,4 written questions,"MUN, Tutoring, UofT Summer Program",,,,,,,,,,,
1065,UofT - SG,TAD,Computer Science,Offer,96.83,Group A,12/1/2024,3/19/2025,Canadian,Ontario,supp app required,ig: woo._.dr,,,,,,,,,,,
1066,UofT - SG,TAD,Computer Science,Offer,96,Group A,12/2/2024,3/19/2025,Canada,Ontario,SAF,"Robotics club VP, green council president, coding club exec, lifeguarding","AP CS A, Calc BC, Stats (i don't think they cared)",,,,,,,,,,
1067,UofT - SG,TAD,Computer Science,Offer,95.83,Group A,2/2/2025,3/19/2025,Canadian,Ontario,cs supp app required,"didn't have good ECs like many others, I just yapped about the few things I had (summer job, personal projects and hobbies)","did not apply for early consideration, submitted application 1 day before document deadline",,,,,,,,,,
1068,UofT - SG,TAD,Computer Science,Offer,95.67,Group A,,3/19/2025,Canada,Ontario,CS Supp App,"uoft eng contest, deca, model un, finlit nonprofit.",,,,,,,,,,,
1069,UofT - SG,TAD,Computer Science,Offer,95.33,Group A,2/3/2025,3/19/2025,Canadian,Ontario,4 Question Written Response,"Programming Lead & Founding Member for FRC Team, started a robotics camp for underprivileged kids in my neighbourhood, habitat for humanity, peer tutor, SAC",,,,,,,,,,,
1070,UofT - SG,TAD,Computer Science,Rejected,82.83,Group B,9/20/2024,4/24/2025,Canada,Quebec,"Yes, CS Supp App",,CEGEP Applicant - 32.73 R-Score,,,,,,,,,,
1071,UofT - SG,TAD,Computer Science,Offer,99.5,Group A,11/6/2024,5/23/2025,Chinese,Ontario,Yes - Supplementary Application Form,,,,,,,,,,,,
1072,UofT - SG,TAD,Computer Science,Offer,99.2,Group A,11/30/2024,5/23/2025,Canadian,Ontario,CS Supp App,,,,,,,,,,,,
1073,UofT - SG,TAD,Computer Science,Deferred,"94.8 sem 1 1, 97.13 sem 2 midterms",Group A,10/24/2024,5/26/2025,Chinese,Ontario,Yes,,,,,,,,,,,,
1074,UofT - SG,TAD,Computer Science,Deferred,95,Group A,2/3/2025,5/26/2025,Canadian,Ontario,Written,,Deferred to Physical and Mathematical Sciences,,,,,,,,,,
1075,UofT - SG,TAD,Computer Science,Rejected,94,Group A,10/14/2024,5/26/2025,Canada,Ontario,AIF,did CS projects/learnt multiple coding languages outside of school,committed to UTM cs </3 (im cooked),,,,,,,,,,
1076,UofT - SG,TAD,Computer Science,Rejected,91.83,Group A,11/5/2024,5/26/2025,Canadian,Ontario,CS 4 Question Supp App,,,,,,,,,,,,
1077,UofT - SG,TAH,Humanities,Offer,97,Group A,10/31/2024,2/24/2025,Canadian,Ontario,"No, just an application for the college I wanted membership to (Trinity)",,,,,,,,,,,,
1078,UofT - SG,TAH,Humanities,Offer,93,Group A,10/30/2024,2/24/2025,Canadian,Ontario,,,I recommend taking a grade 12 course in grade 11,,,,,,,,,,
1079,UofT - SG,TAH,Humanities,Offer,86.70%,Group A,11/23/2024,2/24/2025,Canada,Ontario,,,,,,,,,,,,,
1080,UofT - SG,TAH,Humanities,Offer,90.5,Group A,12/18/2024,3/19/2025,Canadian,Ontario,,,,,,,,,,,,,
1081,UofT - SG,TAX,Social Sciences,Offer,94.5,Group A,10/15/2024,2/20/2025,Canadian,Ontario,,,,,,,,,,,,,
1082,UofT - SG,TAX,Social Sciences,Offer,97,Group A,11/7/2024,2/24/2025,Canadian,Ontario,Victoria College,,,,,,,,,,,,
1083,UofT - SG,TAX,Social Sciences,Offer,96,Group A,10/26/2024,2/24/2025,Yes,Ontario,,,Applied with an interest in Urban Studies @Innis College,,,,,,,,,,
1084,UofT - SG,TAX,Social Sciences,Offer,94,Group A,9/6/2024,2/24/2025,Canadian,Ontario,,,Offer to University College.,,,,,,,,,,
1085,UofT - SG,TAX,Social Sciences: Criminology,Offer,86,Group A,10/8/2024,2/24/2025,Canada,Ontario,,,,,,,,,,,,,
1086,UofT - SG,TAX,Social Sciences,Offer,92.33%,Group A,11/2/2024,2/24/2025,Canada,Ontario,,,,,,,,,,,,,
1087,UofT - SG,TAX,Social Sciences,Offer,92%,Group A,10/30/2024,2/25/2025,Canadian,Taiwan,,,,,,,,,,,,,
1088,UofT - SG,TAX,Social Sciences,Offer,91%,Group A,11/15/2024,3/19/2025,Canadian,Ontario,,,,,,,,,,,,,
1089,UofT - SG,TAX,Social Sciences,Offer,96.5,Group A,12/12/2024,4/16/2025,Indonesian,Ontario,,,,,,,,,,,,,
1090,UofT - SG,TB,Chemical Engineering,Offer,94.5,Group A,12/10/2024,2/24/2025,Canadian,Ontario,KIRA,not really about engineering just easy creative thinking questions,n/a,,,,,,,,,,
1091,UofT - SG,TB,Chemical Engineering,Offer,95,Group A,10/18/2024,5/15/2025,Canadian,Ontario,KIRA,Youtube Channel for tutoring math and science and more!,,,,,,,,,,,
1092,UofT - SG,TCS,Computer Engineering (including PEY Co-op option),Offer,98.6,Group A,11/30/2024,2/11/2025,Canadian,Ontario,"KIRA, Awards Profile","part-time job, uoft Summer Camp",,,,,,,,,,,
1093,UofT - SG,TCS,Computer Engineering (Including PEY Co-op option),Offer,96.5,Group A,,3/10/2025,canada,Ontario,"Yes, uoft supplementary","ec's were like 4 part time jobs, little to no relevant tech EC's, passion in art. my interview was straight ass",,,,,,,,,,,
1094,UofT - SG,TCS,Computer Engineering (Including PEY Co-op option),Offer,96.33,Group A,1/14/2025,3/10/2025,Study Permit,Ontario,Kira,"Clubs, Summer program, nothing crazy",I did REALLY bad on the interview,,,,,,,,,,
1095,UofT - SG,TCS,Computer Engineering (including PEY Co-op option),Offer,94.4,Group A,11/6/2024,3/10/2025,China,Ontario,Kira,,,,,,,,,,,,
1096,UofT - SG,TCS,Computer Engineering (including PEY Co-op option),Offer,97.6,Group A,11/27/2024,3/11/2025,Citizen,Ontario,Yes. ECs/short answer and video,,,,,,,,,,,,
1097,UofT - SG,TCS,Computer Engineering (Including PEY Co-op option),Offer,96,Group A,10/27/2024,3/11/2025,Canada,Ontario,KIRA,"Automotive Apprenticeship (City of Toronto), Tutoring club president (200+ hours), Robotics Club president, MUN Vice president, Small business owner (pc building), JA Company program, Vex V5 Team Lead, Fashian Magazine Club Head of Development.",I didn’t think I was gonna get in lol I did explain the conceptual question in the supp really well so i think that’s how i got in,,,,,,,,,,
1098,UofT - SG,TCS,Computer Engineering (including PEY Co-op option),Offer,95,Group A,,3/11/2025,Canadian,Ontario,Written app and kira,"conference chair, exec in couple clubs and organizations, math tutor, hackathons (didn’t win)",Doing IB in Ontario,,,,,,,,,,
1099,UofT - SG,TCS,Computer Engineering (including PEY Co-op option),Offer,94.67,Group A,11/2/2024,3/11/2025,Canada,Ontario,KIRA,"national team for sprint canoeing, swim team team captain, waterloo math contest distinction award and school champion,... (just a couple of examples)",no AP or IB courses (all honors/(3/4) U courses for top 6),,,,,,,,,,
1100,UofT - SG,TCS,Computer Engineering (including PEY Co-op option),Offer,94.4,Group A,12/2/2024,3/11/2025,Citizen,Ontario,Interview and supp app,Very strong ecs,,,,,,,,,,,
1101,UofT - SG,TCS,Computer Engineering (including PEY Co-op option),Offer,94.4,Group A,12/2/2024,3/11/2025,Canada,Ontario,"AIF, Kira",,,,,,,,,,,,
1102,UofT - SG,TE,Electrical Engineering (Including PEY Co-op option),Offer,39 R-Score (CEGEP),Group B,10/20/2024,2/20/2025,Canada,Quebec,KIRA + Student Profile,300-400hrs of tutoring (also mentored other tutors)/Research Project/Part-time job/Volunteer/and negligible stuffs,10000$ Entrance Scholarship,,,,,,,,,,
1103,UofT - SG,TE,Electrical Engineering (Including PEY Co-op option),Offer,97,Group A,1/14/2025,3/11/2025,Canadian,Ontario,KIRA + OSP,"Club leader, music participation, sports, robotics",,,,,,,,,,,
1104,UofT - SG,TE,Electrical Engineering (including PEY Co-op option),Offer,93,Group B,1/15/2025,3/13/2025,Japanese,Japan,"EC writing, KIRA",,,,,,,,,,,,
1105,UofT - SG,TEO,"TrackOne, Undeclared Engineering (including PEY Co-op option)",Offer,98.67,Group A,12/2/2024,2/11/2025,Canadian,Ontario,"KIRA, EC descriptions",,10k entrance scholarship (no application),,,,,,,,,,
1106,UofT - SG,TEO,"TrackOne, Undeclared Engineering (including PEY Co-op option)",Offer,94.6,Group A,12/1/2024,2/11/2025,Canadian,Ontario,yes - online student profile and interview,avg ecs,IB diploma,,,,,,,,,,
1107,UofT - SG,TEO,"TrackOne, Undeclared Engineering (including PEY Co-op option)",Deferred,96.5,Group A,1/14/2025,3/10/2025,Canadian,Ontario,"KIRA, ECs",,Got into Computer Engineering instead lol,,,,,,,,,,
1108,UofT - SG,TEO,"TrackOne, Undeclared Engineering (including PEY Co-op option)",Offer,95,Group A,12/2/2024,3/11/2025,Canadian,Ontario,"uoft eng supp app, kira interview",none lol,ib. 7 hl math 6 sl physics 7 hl chem 5 hl english lol got lucky !!,,,,,,,,,,
1109,UofT - SG,TG,Mineral Engineering (including PEY Co-op option),Offer,90.8,Group A,10/25/2024,5/15/2025,Canadian,Ontario,KIRA + EC'S,"Volleyball Nationals, Founded a Charity to host volleyball tournaments for less privleged kids, Ultimate Frisbee Nationals, Captain of school volleyball team 4 years and ultimate frisbee, eco club, research at TORONTO ZOO, 1st in Canada for F1inschools(stem competition) twice and 2nd in north america once.","make sure ur 250 words is taliored well with the eng ur applying to, make sure its to the point.",,,,,,,,,,
1110,UofT - SG,TI,Industrial Engineering (including PEY Co-op option),Offer,93.6,Group A,10/23/2024,2/11/2025,Canada,Ontario,Student Profile,"Interview went really well, above average ec's (published research, programmed an app on app store, competitive level niche sport)",IB Student from Ontario. 4/5 required courses done (only english left),,,,,,,,,,
1111,UofT - SG,TI,Industrial Engineering (Including PEY Co-op option),Offer,95,Group B,10/25/2024,3/25/2025,Canada,British Columbia,UofT Eng OSP/KIRA,"ECs: Girl Guides, club leadership positions, part-time job, UofT National Book Award, a few others",,,,,,,,,,,
1112,UofT - SG,TK,Engineering Science (Including PEY Co-op Option),Offer,98.8,Group A,,2/10/2025,Canadian,Ontario,KIRA interview and engineering portal paragraph answer to question,"robotics lead coder, band, music committee, piano, badminton, swimming, aquatic camp counselling.",good luck to anyone viewing this next year applying for universities! also i got UW software eng.,,,,,,,,,,
1113,UofT - SG,TK,Engineering Science (Including PEY Co-op Option),Offer,"97.6 top 5, 97.83 top 6",Group A,12/1/2024,2/11/2025,Canadian,Ontario,"Kira, EC Section (+ 250 word written essay)","lifeguard, robotics, waterloo EVC team, peer helpers program, physics tutor, provincial competitive swimmer, school band, school's musical association executive",I am a full IB student,,,,,,,,,,
1114,UofT - SG,TK,Engineering Science (Including PEY Co-op Option),Offer,"96.0 (top 5, if substituting calc w/g11 func)",Group A,10/18/2024,2/11/2025,Canada,Ontario,"KIRA, Online Student Profile","listed 30+ ec's, awful interview",$10k scholarship,,,,,,,,,,
1115,UofT - SG,TK,Engineering Science (Including PEY Co-op Option),Offer,97.8,Group A,10/1/2024,2/11/2025,Canadian,Ontario,yes,horrible video interview,$10000 scholarship,,,,,,,,,,
1116,UofT - SG,TK,Engineering Science (Including PEY Co-op Option),Offer,97.67,Group A,11/30/2024,2/11/2025,Canadian,Ontario,"Engineering portal (ECs, one essay about ECs, personal profile (KIRA))",,,,,,,,,,,,
1117,UofT - SG,TK,Engineering Science (Including PEY Co-op Option),Offer,97.33,Group A,12/6/2024,2/11/2025,Canadian,Ontario,KIRA and Portal,,got in first round,,,,,,,,,,
1118,UofT - SG,TK,Engineering Science (Including PEY Co-op Option),Offer,96.8,Group A,11/30/2024,2/11/2025,Canadian,Ontario,"ECs, Personal Statement about ECs, KIRA Interview","Aquatics Deck Supervisor, School Concert Band Founder/President, Piano & Violin, A Lot of Social Work Volunteering, MYSO. Interview was mediocre, in my opinion.",Maintain an 85% top-6 average with at least 80% in the 5 prerequisite courses,,,,,,,,,,
1119,UofT - SG,TK,Engineering Science (Including PEY Co-op Option),Offer,96,Group A,12/1/2024,2/11/2025,Canada,Ontario,"Yes, KIRA and Student Profile","Robotics Team Captain, Lead in School Musical for two years, not so great video interview","Pre-AP/AP Physics, Chemistry, Biology, Advanced Functions, Calculus & Vectors",,,,,,,,,,
1120,UofT - SG,TK,Engineering Science (Including PEY Co-op Option),Offer,95.83,Group A,12/1/2024,2/11/2025,China,Ontario,KIRA and AIF,same person who got into waterloo EE (row 106),"0 AP or IB courses, uncompetitive grades as well but somehow I got it in feb. discord username is Whereishin",,,,,,,,,,
1121,UofT - SG,TK,Engineering Science (including PEY Co-op option) (Electrical & Computer Engineering (co-op optional)),Offer,(R-score) 37,Group B,11/15/2024,2/14/2025,China,Quebec,KIRA,"Two clubs execs, math competitons",,,,,,,,,,,
1122,UofT - SG,TK,Engineering Science (Including PEY Co-op Option),Offer,98,Group A,12/2/2024,3/10/2025,Canadian,Ontario,KIRA and additional ec section,"Summer internship at engineering consultancy, hospital volunteer, head of a few clubs, math tutor, school sports and school awards, band","Doing AP Calc, Chem, Physics 1 and 2",,,,,,,,,,
1123,UofT - SG,TK,Engineering Science (Including PEY Co-op Option),Offer,92.4,Group A,1/14/2025,3/10/2025,Pakistani,Ontario,KIRA,,,,,,,,,,,,
1124,UofT - SG,TK,Engineering Science (Including PEY Co-op Option),Offer,98,Group A,1/15/2025,3/11/2025,Canada,Ontario,KIRA and writing,,,,,,,,,,,,
1125,UofT - SG,TK,Engineering Science (Including PEY Co-op Option),Offer,95.33,Group A,11/26/2024,3/11/2025,Canada/Japan,Ontario,KIRA & AIF,"Queen's Summer Health Science Program, Locally developed math tutor, Science tutor, presentation on nanoparticle research @ McDonald Institute, Varsity swimming, varsity ultimate, captain of trivia team, technology club, summer job @ The Keg Steakhouse + Bar","Took AP Lit, AP Calculus AB, currently taking AP Physics C: Mechanics. ""We did it!!!!!"" - Jayson Tatum",,,,,,,,,,
1126,UofT - SG,TK,Engineering Science (including PEY Co-op Option),Offer,94.17,Group A,11/29/2024,3/11/2025,Canadian,Ontario,KIRA and UofT Engineering Portal,"President of Yearbook Council, Science Club and 3D Printing Club; LRCM Piano Performance + Piano Teacher :D; Aerospace/Astronomy Related Co-op Program; 3 Music Ensembles in School (Jazz/Band/Vocals) -> talked about what I learned and did in each EC! Also yapped about aerospace + related during my interview",I didn't think I'd actually get into TK cuz my marks were really low D: But here we are! and good luck to everyone else <3 If anyone wants my socials here's my discord: shyahaltyo After I got accepted I crashed out and played an entire day of League of Legends and didn't study for Calc and Chem and whatsoever hehehe... gotta lock in again for the conditional offer :D,,,,,,,,,,
1127,UofT - SG,TK,Engineering Science (Including PEY Co-op Option),Offer,99.2,Group B,10/30/2024,3/25/2025,Canada,Alberta,KIRA,,,,,,,,,,,,
1128,UofT - SG,TK,Engineering Science (Including PEY Co-op Option),Deferred,"Top 5: 97.4, Top 6: 97.8",Group A,11/11/2024,5/15/2025,Indian,Ontario,Yes,"Mid-ECs, Interview was fine",Deferred to Computer Engineering from Engineering science,,,,,,,,,,
1129,UofT - SG,TK,Engineering Science (Including PEY Co-op Option),Deferred,97.4,Group A,1/15/2025,5/15/2025,Canadian,Ontario,KIRA,"Good ECs, Good interview","Deferred to TrackOne, Undeclared Engineering. whatever man",,,,,,,,,,
1130,UofT - SG,TK,Engineering Science (Including PEY Co-op Option),Deferred,95.2,Group A,1/10/2025,5/15/2025,Canada,Ontario,Eng Profile,"DECA 4x ICDC qualifier, 4th place ICDC finalist, club exec; math club member; cs club member; math and cs contests (mostly distinction); varsity baseball; violin; tutoring.","Deferred to chem eng, will be going.",,,,,,,,,,
1131,UofT - SG,TK,Engineering Science (Including PEY Co-op Option),Offer,96 top 5,Group A,11/2/2024,5/15/2025,Canadian,Ontario,"KIRA, Online Student Profile",many strong ECs,,,,,,,,,,,
1132,UofT - SG,TK,Engineering Science (including PEY Co-op option),Deferred,99.5,Group A,11/7/2024,5/21/2025,Chinese,Ontario,Yes - KIRA + Student Profile,,Deferred to mechanical engineering,,,,,,,,,,
1133,UofT - SG,TK,Engineering Science (including PEY Co-op option),Rejected,90.5,Group B,12/29/2024,5/21/2025,Canadian,Ontario,"Kira, UofT Supp App","McMaster Engineering Physics Lab intern - programmed telescope and drone for alignment for optical communication; Schulich leader nominee, FRC (FIRST Robotics Competition) programming team lead; Various science fair projects - AI water pollution detection drone, pipe inspection robot, device that uses machine learning to estimate future water pollution levels, won $5000+ dollars, qualified for Canada Wide Science Fair, International Science and Engineering Fair (could not attend due to difficulties with cross border travel at this time), selected to present at an international youth research conference; paper published in national journal; ran an initiative in my community where I taught 20+ kids how to code; founded coding club at my school; DECA VP- 2X provincial finalist; Multiple AI projects - cancer cell classifier, car feed object detection model etc.; Assistant math teacher; played volleyball for school; Student Council General Events Chair;",First gen. Full IB course load. DON'T DO IB!!!,,,,,,,,,,
1134,UofT - SG,TK,Engineering Science (including PEY Co-op option),Waitlisted,96.8,Group A,10/13/2024,5/23/2025,Canadian,Ontario,KIRA & Small supp,"Many good ecs, few awards","Applied for mech and comp as alternate, in that order",,,,,,,,,,
1135,UofT - SG,TLA,Architectural Studies (BA),Offer,94,Group A,12/31/2024,2/24/2025,PR,Ontario,One Idea Short Essay,N/A,,,,,,,,,,,
1136,UofT - SG,TLA,Architectural Studies (BA),Rejected,95,Group A,,3/7/2025,Canadian,Ontario,Essay & Optional Portfolio,,,,,,,,,,,,
1137,UofT - SG,TLA,Architectural Studies (BA),Offer,91.2,Group A,11/26/2024,3/19/2025,Canadian,Ontario,one idea + optional portfolio,"exec of 2 design-related clubs, viral social media art account",,,,,,,,,,,
1138,UofT - SG,TLA,Architectural Studies (BA),Rejected,93.5,Group A,2/14/2025,4/14/2025,Canadian,Ontario,One Idea Essay,Track and Field,,,,,,,,,,,
1139,UofT - SG,TLG,Life Sciences,Offer,96,Group A,12/31/2024,1/27/2025,Canadian,Ontario,,,,,,,,,,,,,
1140,UofT - SG,TLG,Life Sciences,Offer,92,Group A,12/31/2024,1/27/2025,Yes,Ontario,,,,,,,,,,,,,
1141,UofT - SG,TLG,Life Sciences,Offer,96.44,Group A,11/1/2024,2/24/2025,Canadian,Ontario,,,,,,,,,,,,,
1142,UofT - SG,TLG,Life Sciences,Offer,95,Group A,10/3/2024,2/24/2025,Canada,Ontario,,,,,,,,,,,,,
1143,UofT - SG,TLG,Life Sciences,Offer,93.8,Group A,11/6/2024,2/24/2025,Canadian,Ontario,,,"1520 SAT (December 2023, submitted February 2025)",,,,,,,,,,
1144,UofT - SG,TLG,Life Sciences (including Psychology),Offer,93.67,Group A,10/13/2024,2/24/2025,Canadian,Ontario,Victoria College supp app,,,,,,,,,,,,
1145,UofT - SG,TLG,Life Sciences,Offer,92,Group A,10/14/2024,2/24/2025,Canadian,Ontario,,,,,,,,,,,,,
1146,UofT - SG,TLG,Life Sciences,Offer,91.83,Group A,11/10/2024,2/24/2025,Canada,Ontario,,,,,,,,,,,,,
1147,UofT - SG,TLG,Life Sciences,Offer,91,Group A,10/25/2024,2/24/2025,Canadian,Ontario,Not required for Life Sci!,Not required! But I did fill in the awards profile :),"Only AP class is bio and I'm taking rn in semester 2. For semester 1, my classes were Chem, English (got a 93) , Adv functions and physics, and my first semester avg was 91 right on the dot lol. This second semester I'm taking Calc, writers craft, bio and nutrition and health. My reddit user is Pink_Capybara_712 if anyone has questions!",,,,,,,,,,
1148,UofT - SG,TLG,Life Sciences,Offer,90.5,Group A,11/6/2024,2/24/2025,Canadian,Ontario,,,,,,,,,,,,,
1149,UofT - SG,TLG,Life Sciences,Offer,89.83,Group A,11/6/2024,2/24/2025,yuh,Ontario,,,,,,,,,,,,,
1150,UofT - SG,TLG,Life Sciences,Offer,89,Group B,11/2/2024,2/24/2025,South Korea,Quebec,,"Tennis, family trip, leadership, peer tutor",I was cegep applicant so my info will be different as Ontario students but 89 is solid for uoft life science ig,,,,,,,,,,
1151,UofT - SG,TLG,Life Sciences,Offer,92%,Group A,9/19/2024,2/24/2025,Syrian,Ontario,,-,*I submitted an extenuating circumstances form with a strong letter from my counselor to back it up if that matters.,,,,,,,,,,
1152,UofT - SG,TLG,Life Sciences,Offer,90.25%,Group A,11/22/2024,2/24/2025,Canadian,Ontario,,,,,,,,,,,,,
1153,UofT - SG,TLG,Life Sciences,Offer,94,Group A,11/7/2024,3/18/2025,Canadian,Ontario,,,,,,,,,,,,,
1154,UofT - SG,TLG,Life Sciences,Offer,95.3,Group A,10/29/2024,3/19/2025,Canadian,Ontario,,,,,,,,,,,,,
1155,UofT - SG,TLG,Life Sciences,Offer,96.3,Group B,11/27/2024,4/16/2025,Canadian,Newfoundland and Labrador,,,Long wait! They were waiting for proof of enrolment in calculus. AP psych.,,,,,,,,,,
1156,UofT - SG,TLG,Life Sciences (including Psychology),Rejected,91.5,Group A,11/13/2024,5/26/2025,Canadian,Ontario,Victoria College Student Profile,"president of biology club, 100+ volunteer hours, tutor, babysitter",,,,,,,,,,,
1157,UofT - SG,TM,Mechanical Engineering (including PEY Co-op option),Offer,98,Group A,10/10/2024,2/12/2025,Canadian,Ontario,Yes. KIRA as well as a small paragraph and listing all extracurricular and volunteer activities,"Kira asked about which clubs I would like to be involved in at U of T, had to write a paragraph about why my volunteering and extracurriculars would help me be a better engineer",,,,,,,,,,,
1158,UofT - SG,TM,Mechanical Engineering (including PEY Co-op option),Offer,96,Group A,12/2/2024,5/15/2025,Canadian,Ontario,Yes - KIRA,,,,,,,,,,,,
1159,UofT - SG,TM,materials eng,Offer,95,Group A,11/9/2024,5/15/2025,canadian,Ontario,video and written,,,,,,,,,,,,
1160,UofT - SG,TM,Mechanical Engineering (including PEY Co-op option),Offer,94.83,Group A,12/2/2024,5/15/2025,Canadian,Ontario,Kira and Online Student Profile,"I created a documentary that discussed the importance of the arts and creativity in STEM related careers as a passion project, connecting that to my interests in both the arts and science and my ability to manage projects and collaborate with others. I also was an executive of a few clubs and worked at a robotics company, so I mentioned how I gained valuable transferable skills (ie. communication, time management, project management) and how they connect to what an engineer tends to or could do in their day-to-day work life.","Given what I saw from other admitted students, I don't think my average is super competitive so I think my supp app and interview really helped my application !!",,,,,,,,,,
1161,UofT - SG,TM,Mechanical Engineering (including PEY Co-op option),Rejected,89.5,Group A,11/7/2024,5/21/2025,Canadian,Ontario,"KIRA, osp",,,,,,,,,,,,
1162,UofT - SG,TM,Mechanical Engineering (including PEY Co-op option),Rejected,91 (Top 5),Group A,1/15/2025,5/23/2025,Canadian,Ontario,"OSP, Video Interview","Lots of volunteering, leadership roles (president of a club and other exec positions)",,,,,,,,,,,
1163,UofT - SG,TPG,Physical & Mathematical Sciences,Offer,98.83,Group A,10/1/2024,2/24/2025,Canadian,Ontario,,,$10k scholarship,,,,,,,,,,
1164,UofT - SG,TPG,Physical & Mathematical Sciences,Offer,97.67,Group A,11/26/2024,2/24/2025,Canadian,Ontario,,,,,,,,,,,,,
1165,UofT - SG,TPG,Physical & Mathematical Sciences,Offer,95.6,Group A,10/8/2024,2/24/2025,Canadian,Ontario,,,,,,,,,,,,,
1166,UofT - SG,TPG,Physical & Mathematical Sciences,Offer,95.5,Group A,11/21/2024,2/24/2025,Canada,Ontario,,,Grade 12 courses taken by the time of offer: MHF4U: 97; SPH4H: 97 (taken in grade 11); IDC4U: 95; ICS4U: 96 (taken in grade 11); SBI4U (summer of grade 11): 95,,,,,,,,,,
1167,UofT - SG,TPG,Physical & Mathematical Sciences,Offer,93.75,Group A,11/3/2024,2/24/2025,Canada,Ontario,Victoria College Student Profile,,,,,,,,,,,,
1168,UofT - SG,TPG,Physical & Mathematical Sciences,Offer,93.5,Group A,10/14/2024,2/24/2025,canadian,Ontario,,,,,,,,,,,,,
1169,UofT - SG,TPG,Physical & Mathematical Sciences,Offer,93,Group A,11/10/2024,2/24/2025,Canada,Ontario,Victoria College supp app,"ecs included chess club, investment club, air cadets, npo exec",did victoria college supp app early,,,,,,,,,,
1170,UofT - SG,TPG,Physical & Mathematical Sciences,Offer,93,Group B,,2/24/2025,Chinese,British Columbia,,,,,,,,,,,,,
1171,UofT - SG,TPG,Physical & Mathematical Sciences,Offer,91.7,Group A,11/14/2024,2/24/2025,Canadian,Ontario,,,AP Advanced functions and physics in first sem (might have helped idk). GL :)!,,,,,,,,,,
1172,UofT - SG,TPG,Physical & Mathematical Sciences,Offer,89,Group B,11/4/2024,2/24/2025,Malaysian,Singapore,,"Swim team 3 years, started a workers well-being prj for local migrant workers w 3 others, Water sanitation prj for locals on Bintan island, 10K trail running","IB, SL: Eng LL, Chi B, Theatre; HL: Chem, Math, Digital society - Committed :P",,,,,,,,,,
1173,UofT - SG,TPG,Physical & Mathematical Sciences,Offer,89.17%,Group A,11/6/2024,2/24/2025,Canada,Ontario,,,IBDP student,,,,,,,,,,
1174,UofT - SG,TPG,Physical & Mathematical Sciences,Offer,98.67,Group B,11/28/2024,2/25/2025,Canada,Saskatchewan,,,10k scholarship. Completed 5/6 admission average Gr 12 courses already.,,,,,,,,,,
1175,UofT - SG,TPG,Physical & Mathematical Sciences,Offer,87.16%,Group A,12/2/2024,2/25/2025,Canadian,Ontario,,,,,,,,,,,,,
1176,UofT - SG,TPG,Physical & Mathematical Sciences,Offer,92,Group B,10/27/2024,3/18/2025,Canadian,British Columbia,,,,,,,,,,,,,
1177,UofT - SG,TPG,Physical & Mathematical Sciences,Offer,83.67,Group B,10/20/2024,3/20/2025,South Africa,South Africa,Victoria College Student Profile,"3xprovincial team, 1xnational team, +270 hours of community service, school team captain, selected to compete at a world youth tournament",,,,,,,,,,,
1178,UofT - SG,TPK,Kinesiology & Physical Education (BKin),Offer,96.8,Group A,10/24/2024,2/6/2025,Canada,Ontario,Ya,"Idk, played volleyball",,,,,,,,,,,
1179,UofT - SG,TPK,Kinesiology & Physical Education (BKin),Offer,91.8,Group A,11/11/2024,3/19/2025,Canadian,Ontario,Statement of Interest,"HOSA General Member; Yearbook Club Photographer; Children's Hospital Volunteer; Dance Studio Volunteer Assistant Teacher; provided former dance coach as a reference (you are required to have known your reference for at least 2 years prior to submission of your application); asked what i find interesting and what i hope to gain from the program: talked about research experience, hands on experience, general interest in kinesiology; asked about a barrier to academic success: talked about a medical issue that inspired me to pursue kinesiology.",,,,,,,,,,,
1180,UofT - SG,TPK,Kinesiology & Physical Education (BKin),Offer,86,Group A,11/9/2024,3/19/2025,Canadian,Ontario,yes,"awards, achievements, why I'm interested in the program",,,,,,,,,,,
1181,UofT - SG,TPK,Kinesiology & Physical Education (BKin),Offer,85%,Group B,10/16/2024,3/19/2025,Canadian,Spain,Yes,International & sports,"IB predicted 39/45, 6 in all HL",,,,,,,,,,
1182,UofT - SG,TPK,Kinesiology & Physical Education (BKin),Offer,84%,Group A,10/29/2024,4/16/2025,canadian,Ontario,statement of intrest,,,,,,,,,,,,
1183,UofT - SG,TSM,BBA (co-op),Offer,95,Group B,10/17/2024,1/27/2025,Canada,"MA, USA",basic written,,,,,,,,,,,,
1184,UofT - SG,TTM,Materials Engineering (including PEY Co-op option),Offer,93,Group A,10/15/2024,3/10/2025,United States,Ontario,Kira Talent interview,"Zero EC's, wrote a paragraph on how I go birding with my dad, on Kira interview I talked about how Concorde was based off a falcon",,,,,,,,,,,
1185,UofT - SG,TTM,Materials Engineering (including PEY Co-op option),Offer,92.83,Group A,11/1/2024,3/10/2025,Canadian/ Taiwanese,Ontario,Kira,"President of a small club, school and community ensembles, teaching experience",,,,,,,,,,,
1186,UofT - SG,TTM,Materials Engineering (including PEY Co-op option),Offer,92.2,Group A,1/15/2025,3/11/2025,Canada,Ontario,KIRA,"JOBS: assistant robotics coach (vex iq), demetres hostess, tutor CLUBS: engineering and robotics club president, toronto science fair club president' NYASJA student researcher, QSYS participant' VEX VRC lead designer on team AWARDS worlds qualified vex robotics, like 7x other vex awards and 3x hackathon winner; worlds qualified dancer, 11x 1st place and various awards in a bunch of dance comps",,,,,,,,,,,
1187,UofT - SG,TTM,Chemical Engineering (including PEY Co-op),Deferred,96.2,Group A,,5/15/2025,Canadian,Ontario,Kira,,,,,,,,,,,,
1188,UofT - SG,TV,Civil Engineering (including PEY Co-op option),Offer,97,Group A,10/20/2024,2/11/2025,Canadian Citizen,Ontario,KIRA,Model United Nations President; Yearbook Executive; Teaching Assistant (CO-OP); 165 Volunteer Hours; Hackathons with a few wins,I am taking AP courses.,,,,,,,,,,
1189,UofT - SG,TV,Civil Engineering (including PEY Co-op option),Offer,93.6,Group A,,3/11/2025,Canadian,Ontario,Yes,,IB,,,,,,,,,,
1190,UofT - SG,TV,Civil Engineering (including PEY Co-op option),Offer,92.8,Group A,10/29/2024,3/11/2025,Canadian,Ontario,Kira,,,,,,,,,,,,
1191,UofT - SG,TV,Civil Engineering (including PEY Co-op option),Offer,92.6,Group A,10/31/2024,3/11/2025,Canadian,Newfoundland and Labrador,Kira and AIF,,,,,,,,,,,,
1192,UofT - SG,TV,Civil Engineering (including PEY Co-op option),Offer,93.4,Group B,11/23/2024,3/26/2025,Canada,British Columbia,KIRA,Volunteering not related to Civil Engineering,"Took AP Physics 1 and AP Calc AB. I thought my interview went terribly, didn’t meet word reqs, could barely answer recorded questions.",,,,,,,,,,
1193,UofT - SG,TXD,Life Sciences (Health Stream),Offer,87,Group A,11/7/2024,2/24/2025,Canadian / Ontario,Ontario,,,"I did some grade 12 courses in grade 9, 10, and 11 as my school board is small and only offered courses at a grade 12 level.",,,,,,,,,,
1194,UofT - SG,TXQ,Co-oop BBA Management + BSc Statistics - Quantitative Finance,Offer,Adv functions - 96.34% | AP Microecon - 98.44% | English - 94.23% | Gr. 11 Econ - 99.12% | Gr. 11 Music - 98.31% | French - 95.42%,Group A,11/7/2024,1/27/2025,Canada,Ontario,On website,"RCM level 9 violin competitor, recipient of a city-provided business grant","I talked about specifically in my violin competitions how I lost to two violinists several years my junior, and how that experience affected me. I think why I got accepted so early, and why I got the scholarships I did, was because I maneuvered the experience into something more opportunistic.",,,,,,,,,,
1195,UofT - SG,TXQ,Co-oop BBA Management + BSc Statistics - Quantitative Finance,Offer,95,,11/17/2024,1/27/2025,Canada,Ontario,,,,,,,,,,,,,
1196,UOttawa,OBA,BASc Civil Engineering and BSc Computing Technology,Offer,96,Group A,10/24/2024,11/25/2024,Canada,Ontario,,,,,,,,,,,,,
1197,UOttawa,OBA,BASc Civil Engineering and BSc Computing Technology,Offer,90,,9/25/2024,11/25/2024,Canada,Ontario,,,Hospitalized last year,,,,,,,,,,
1198,UOttawa,OBA,BASc Civil Engineering and BSc Computing Technology,Offer,94,,1/6/2025,1/8/2025,Canada,Ontario,,,,,,,,,,,,,
1199,UOttawa,OBC,BASc Mechanical Engineering and BASc Computing Technology,Offer,96.33333,,9/30/2024,11/27/2024,Canada,Ontario,,,,,,,,,,,,,
1200,UOttawa,OBC,BASc Mechanical Engineering and BASc Computing Technology,Offer,95,,10/20/2024,11/27/2024,Canada,Ontario,,,,,,,,,,,,,
1201,UOttawa,OBC,BASc Mechanical Engineering and BASc Computing Technology,Offer,94.2,,10/2/2024,11/27/2024,Canada,Ontario,,,,,,,,,,,,,
1202,UOttawa,OBC,BASc Mechanical Engineering and BASc Computing Technology,Offer,83,Group A,11/15/2024,2/19/2025,Canadian,Ontario,Optional but I didnt do it,,,,,,,,,,,,
1203,UOttawa,OBE,Computer Engineering,Offer,98,Group A,10/25/2024,11/26/2024,Korean with Canadian Citizenship,Ontario,Declaration of Personal Experience,I got admitted before I submitted Declaration of Personal Experience,AP courses doesn't matter,,,,,,,,,,
1204,UOttawa,OBE,Computer Engineering CO-OP,Offer,92,,10/18/2024,11/26/2024,Canada,Ontario,,,,,,,,,,,,,
1205,UOttawa,OBE,Computer Engineering CO-OP,Offer,92,,11/16/2024,11/26/2024,Canada,Ontario,,,,,,,,,,,,,
1206,UOttawa,OBE,Computer Engineering CO-OP,Offer,92.17,,11/10/2024,11/27/2024,Canada,Ontario,,,,,,,,,,,,,
1207,UOttawa,OBE,Computer Engineering,Offer,90,,11/11/2024,12/11/2024,India,Ontario,,,,,,,,,,,,,
1208,UOttawa,OBE,Computer Engineering,Offer,90,Group A,12/20/2024,2/11/2025,Bangladesh,Ontario,,,Maintain 80% for conditionals,,,,,,,,,,
1209,UOttawa,OBE,Computer Engineering,Offer,91.83,Group A,11/20/2024,2/18/2025,Canadian,Ontario,,,,,,,,,,,,,
1210,UOttawa,OCJ,Honours Bachelor of Commerce (Business Technology Management) and Masters of Science in Management,Offer,94.5,,10/22/2024,11/27/2024,Canada,Ontario,,,"alr did advanced functions, got a 97",,,,,,,,,,
1211,UOttawa,OCT,Honours BComm + MSc in Mgmt & French Immersion,Offer,95,Group A,9/27/2024,11/25/2024,Canadian,Ontario,,,$4000 Scholarship,,,,,,,,,,
1212,UOttawa,OEE,BASc Chemical Engineering,Offer,80,,10/7/2024,11/25/2024,Canada,Ontario,,,,,,,,,,,,,
1213,UOttawa,OEE,BASc Chemical Engineering,Offer,96,,11/5/2024,11/27/2024,Canada,Ontario,,,,,,,,,,,,,
1214,UOttawa,OEE,BASc Chemical Engineering,Offer,95.5,,10/7/2024,11/27/2024,Canada,Ontario,,Shad OTU,,,,,,,,,,,
1215,UOttawa,OEE,BASc Chemical Engineering,Offer,89.33,Group A,1/7/2025,1/21/2025,Canadian,Ontario,,,,,,,,,,,,,
1216,UOttawa,OEY,BASc Biomedical Mechanical Engineering and BSc Computing Technology,Offer,96.33333,,9/30/2024,11/27/2024,Canada,Ontario,,,,,,,,,,,,,
1217,UOttawa,OEY,BASc Biomedical Mechanical Engineering and BSc Computing Technology,Offer,93.67,,10/25/2024,11/27/2024,Canada,Ontario,,,,,,,,,,,,,
1218,UOttawa,OHE,Civil Engineering,Offer,95.6,Group A,11/5/2024,12/1/2024,Vietnam,Ontario,,,$80k scholarship for international students,,,,,,,,,,
1219,UOttawa,OHE,Civil Engineering Co-op,Offer,90,,12/20/2024,1/7/2025,Canada,Ontario,,,,,,,,,,,,,
1220,UOttawa,OHE,Civil Engineering,Offer,90,Group A,12/20/2024,2/11/2025,Bangladesh,Ontario,,,,,,,,,,,,,
1221,UOttawa,OIC,BASc Electrical Engineering and BSc Computing Technology,Offer,93,,10/31/2024,11/26/2024,Canada,Ontario,,,,,,,,,,,,,
1222,UOttawa,OIC,BASc Electrical Engineering and BSc Computing Technology,Offer,96.8,,10/1/2024,11/27/2024,Canada,Ontario,,"Waterloo QSYS summer program, president of engineering club, math club executive, string orchestra member, peer tutoring, mentorship programs and apart of an environmental council. Proficiency in math award as well.",,,,,,,,,,,
1223,UOttawa,OIE,BASc Electrical Engineering,Offer,84,Group A,10/27/2024,11/25/2024,Canada,Ontario,,,,,,,,,,,,,
1224,UOttawa,OIE,BASc Electrical Engineering,Offer,91.67,Group A,10/15/2024,11/27/2024,United States,Ontario,,,$2000 scholarship,,,,,,,,,,
1225,UOttawa,OIE,Bachelor of Science Electrical Engineering Co-Op,Offer,85,,9/29/2024,11/27/2024,Canada,Ontario,,,,,,,,,,,,,
1226,UOttawa,OJA,BASc Software Engineering (coop),Offer,95.3,,11/15/2024,11/26/2024,Canada,Ontario,,,,,,,,,,,,,
1227,UOttawa,OJA,BASc Software Engineering,Offer,95.6,,10/22/2024,11/27/2024,Canada,Ontario,,,,,,,,,,,,,
1228,UOttawa,OJA,BASc Software Engineering,Offer,97.5,,11/30/2024,12/11/2024,Canada,Ontario,,Filled the supp app,,,,,,,,,,,
1229,UOttawa,OJA,BASc Software Engineering,Offer,91.83,Group A,11/20/2024,2/18/2025,Canadian,Ontario,,,cool program :p,,,,,,,,,,
1230,UOttawa,OJA,BASc Software Engineering,Offer,86.25,Group B,12/30/2024,3/12/2025,Not canadian,Ontario,,,,,,,,,,,,,
1231,UOttawa,OJB,B.Sc.A. Génie logiciel,Offer,95,,11/5/2024,11/28/2024,Canada,Ontario,,,,,,,,,,,,,
1232,UOttawa,OJE,Mechanical Engineering,Offer,97.8,,10/3/2024,11/25/2024,Canada,Ontario,,,,,,,,,,,,,
1233,UOttawa,OJE,Mechanical Engineering (Co-op),Offer,92,,11/16/2024,11/26/2024,Canada,Ontario,,,,,,,,,,,,,
1234,UOttawa,OJE,Mechanical Engineering (Co-op),Offer,96,,9/22/2024,12/12/2024,Canada,BC,,,,,,,,,,,,,
1235,UOttawa,OJE,Mechanical Engineering,Offer,90,Group A,12/20/2024,2/11/2025,Bangladesh,Ontario,,,Maintain 80% avg for conditionals,,,,,,,,,,
1236,UOttawa,OJE,Mechanical Engineering (Co-op),Offer,89,Group A,9/22/2024,2/13/2025,Canadian,Ontario,,,,,,,,,,,,,
1237,UOttawa,OJE,Mechanical Engineering (Co-op),Offer,86,Group A,1/12/2025,2/13/2025,Canadian,Ontario,,,,,,,,,,,,,
1238,UOttawa,OJE,Mechanical Engineering (Co-op),Offer,86,Group A,11/11/2024,2/19/2025,Canadian,Ontario,,,,,,,,,,,,,
1239,UOttawa,OJM,Honours Bachelor of Commerce and Juris Doctor,Offer,94,Group A,12/26/2024,1/8/2025,Canadian,Ontario,,,,,,,,,,,,,
1240,UOttawa,OKA,Honours Bachelor of Human Kinetics,Offer,73,,10/21/2024,11/26/2024,Canada,Ontario,,,,,,,,,,,,,
1241,UOttawa,OKA,Honours Bachelor of Human Kinetics,Offer,76.3,Group A,2/24/2025,4/29/2025,canada,Ontario,,,,,,,,,,,,,
1242,UOttawa,OKC,Honours Bachelor of Health Sciences,Offer,86,Group A,10/25/2024,11/8/2024,Canadian Citizen,Ontario,,,"Tbh I have no clue how they calculated my average. My grade 11 chem was 80% and then tanked to 75% in grade 12 midterm, yet still got an offer?? 🤷‍♀️",,,,,,,,,,
1243,UOttawa,OKC,Honours Bachelor of Health Sciences,Offer,97,,10/28/2024,11/26/2024,Canada,Ontario,,,,,,,,,,,,,
1244,UOttawa,OKC,Honours Bachelor of Health Sciences,Offer,95,,10/25/2024,11/26/2024,Canada,Ontario,,,,,,,,,,,,,
1245,UOttawa,OKC,Honours Bachelor of Health Sciences,Offer,94.4,,11/5/2024,11/26/2024,India,Ontario,,"Volunteering at the hospital, duel credit at mohawk (applied health science), started the photography club, and debate team, I got top 10 in deca and deca provincials.",,,,,,,,,,,
1246,UOttawa,OKC,Honours Bachelor of Health Sciences,Offer,96,,9/27/2024,11/27/2024,Canada,Ontario,,IB programme so I already had 3 grade 12 OSSD courses completed from last year + 3 from this year,,,,,,,,,,,
1247,UOttawa,OKC,Honours Bachelor of Health Sciences,Offer,96,,11/10/2024,11/27/2024,Canada,Ontario,,,,,,,,,,,,,
1248,UOttawa,OKC,Honours Bachelor of Health Sciences,Offer,95,,11/15/2024,11/27/2024,Canada,Ontario,,Lifeguard,,,,,,,,,,,
1249,UOttawa,OKC,Honours Bachelor of Health Sciences,Offer,90.5,Group A,10/13/2024,11/27/2024,Canadian,Ontario,,,,,,,,,,,,,
1250,UOttawa,OKC,Honours Bachelor of Health Sciences,Offer,87.3,,10/27/2024,11/27/2024,Canada,Ontario,,,"I took 3 grade 12 courses before entering grade 12: English (94), Advanced Functions (95), and Nutrition and Health (94)",,,,,,,,,,
1251,UOttawa,OKC,Honours Bachelor of Health Sciences (With French Immersion),Offer,94,,12/21/2024,1/8/2025,Canada,Ontario,,,,,,,,,,,,,
1252,UOttawa,OKC,Honours Bachelor of Health Sciences,Offer,90.65,Group A,1/3/2025,2/18/2025,Canadian,Ontario,,,,,,,,,,,,,
1253,UOttawa,ONA,Honours Bachelor of Science in Nursing - Algonquin Ottawa Campus,Offer,92.88,,10/11/2024,11/26/2024,Canada,Ontario,,Indigenous,,,,,,,,,,,
1254,UOttawa,ONA,Honours Bachelor of Science in Nursing - Algonquin Ottawa Campus,Offer,90.67,Group A,,2/18/2025,Canadian,Ontario,Casper,3rd quartile,,,,,,,,,,,
1255,UOttawa,ONE,Honours Bachelor of Science in Nursing - Main Campus,Offer,93.17,Group A,10/31/2024,2/11/2025,Canadian,Ontario,,,,,,,,,,,,,
1256,UOttawa,ONE,Honours Bachelor of Science in Nursing - Main Campus,Offer,94.8,Group A,11/2/2024,2/13/2025,Canada,Ontario,,,,,,,,,,,,,
1257,UOttawa,ORA,Bachelor of Science Joint Honours in Computer Science and in Mathematics COOP Program,Offer,97,,10/17/2024,11/25/2024,Nigeria,Ontario,,,,,,,,,,,,,
1258,UOttawa,ORC,Honours BSc Computer Science Co-op,Rejected,98,,10/15/2024,11/19/2024,Canada,Ontario,,,I was refused because I did not include their program in my top 3 list. It is kind of weird.,,,,,,,,,,
1259,UOttawa,ORC,Honours BSc Computer Science Co-op,Offer,95.4,,11/1/2024,11/25/2024,Canada,Ontario,,,,,,,,,,,,,
1260,UOttawa,ORC,Honours BSc Computer Science,Offer,98,Group A,10/25/2024,11/26/2024,Korean with Canadian PR,Ontario,Declaration of Personal Experience,I got admitted before I submitted Declaration of Personal Experience,AP courses doesn't matter,,,,,,,,,,
1261,UOttawa,ORC,Honours BSc Computer Science,Offer,98.83,,11/5/2024,11/27/2024,Canada,Ontario,,,,,,,,,,,,,
1262,UOttawa,ORC,Honours BSc Computer Science,Offer,97.6,,10/21/2024,11/27/2024,Canada,Ontario,,,,,,,,,,,,,
1263,UOttawa,ORC,Honours BSc Computer Science Co-op,Offer,97,,11/17/2024,11/27/2024,Canada,Ontario,,"Swim team captain & competitive swimmer, Robotics and CAD founder / president, Engineering club teaching executive",,,,,,,,,,,
1264,UOttawa,ORC,Honours BSc Computer Science,Offer,96.83,,10/15/2024,11/27/2024,Canada,Ontario,,,,,,,,,,,,,
1265,UOttawa,ORC,Honours BSc Computer Science,Offer,91,,11/10/2024,11/27/2024,Canada,Ontario,,,,,,,,,,,,,
1266,UOttawa,ORC,Honours BSc Computer Science Co-op,Offer,94.8,,10/17/2024,12/17/2024,Canada,Ontario,,,,,,,,,,,,,
1267,UOttawa,ORC,Honours BSc Computer Science,Offer,93.66,,11/5/2024,12/17/2024,Canada,Ontario,,,,,,,,,,,,,
1268,UOttawa,ORC,Honours BSc Computer Science Co-op,Offer,93.5,,10/28/2024,12/17/2024,Canada,Ontario,,,Did personal statement,,,,,,,,,,
1269,UOttawa,ORC,Honours BSc Computer Science Co-op,Offer,92.6,,10/27/2024,12/18/2024,Canada,Ontario,,,,,,,,,,,,,
1270,UOttawa,ORC,Honours BSc Computer Science,Offer,93.4,Group A,10/18/2024,12/19/2024,Canada,Ontario,,,,,,,,,,,,,
1271,UOttawa,ORC,Honours BSc Computer Science,Offer,88.67,Group A,12/16/2024,1/19/2025,Canadian Citizenship,Ontario,,,,,,,,,,,,,
1272,UOttawa,ORC,Honours BSc Computer Science Co-op,Offer,90.02,Group A,10/17/2024,2/12/2025,Canada,Ontario,No,,,,,,,,,,,,
1273,UOttawa,ORC,Honours BSc Computer Science,Offer,90.5,Group A,1/16/2025,2/19/2025,canada,Ontario,,,2k entry scholarship,,,,,,,,,,
1274,UOttawa,ORC,Honours BSc Computer Science Co-op,Offer,90,Group A,3/23/2025,4/1/2025,Canada,Ontario,,,,,,,,,,,,,
1275,UOttawa,ORC,Honours BSc Computer Science,Offer,83.83,Group A,1/15/2025,4/29/2025,Canadian,Ontario,,,,,,,,,,,,,
1276,UOttawa,ORC,Honours BSc Computer Science,Offer,84.98,Group A,,5/6/2025,Canadian,Ontario,,,,,,,,,,,,,
1277,UOttawa,OTA,Honours Bachelor of Commerce (Healthcare Analytics) COOP Program,Offer,95,Group B,10/17/2024,1/6/2025,Canada,"MA, USA",,,,,,,,,,,,,
1278,UOttawa,OTC,Honours Bachelor of Commerce (Option in Accounting),Offer,95.67,,11/6/2024,11/26/2024,Canada,Ontario,,Conditional 85% final acceptance average,Acceptance received after midterm but used Grade 11 marks,,,,,,,,,,
1279,UOttawa,OTC,Honours Bachelor of Commerce (Option in Accounting),Offer,93.4,Group A,10/18/2024,11/27/2024,Canada,Ontario,,,,,,,,,,,,,
1280,UOttawa,OTC,Honours Bachelor of Commerce in Accounting,Offer,91,,10/14/2024,11/27/2024,Canada,Ontario,,,,,,,,,,,,,
1281,UOttawa,OTC,Honours Bachelor of Commerce in Accounting Co-op,Offer,91,,11/7/2024,11/27/2024,Canada,Ontario,,,,,,,,,,,,,
1282,UOttawa,OTC,Honours Bachelor of Commerce in Accounting Co-op,Offer,86.56,Group A,11/6/2024,11/27/2024,Canada,Ontario,,,,,,,,,,,,,
1283,UOttawa,OTC,Honours Bachelor of Commerce (Option in Accounting),Offer,84.2,Group A,11/30/2024,12/10/2024,Canadian,Ontario,,,,,,,,,,,,,
1284,UOttawa,OTC,Honours Bachelor of Commerce in Accounting,Offer,85,Group A,11/22/2024,4/29/2025,Canada,Ontario,,,,,,,,,,,,,
1285,UOttawa,OTO,Honours Bachelor of Commerce (Option in Finance) Co-op,Offer,92.5,,10/5/2024,11/27/2024,Canada,Ontario,,,,,,,,,,,,,
1286,UOttawa,OTO,Honours Bachelor of Commerce (Option in Finance),Offer,91.7,,11/14/2024,12/6/2024,Canada,Ontario,,,,,,,,,,,,,
1287,UOttawa,OTO,Honours Bachelor of Commerce (Option in Finance),Offer,85,,11/28/2024,12/10/2024,Nigeria,Ontario,,,,,,,,,,,,,
1288,UOttawa,OTS,Honours Bachelor of Commerce (International Management) (Co- op),Offer,95.55,Group A,,12/17/2024,Canada,Ontario,,,,,,,,,,,,,
1289,UOttawa,OUL,Honours Bachelor of Science in Human Kinetics,Offer,85%,Group B,10/16/2024,2/12/2025,Canadian,Spain,,,"IB - predicted 39/45, 6s in all HLs",,,,,,,,,,
1290,UOttawa,OUM,Honours Bachelor of Science in Biopharmaceutical Chemistry COOP,Offer,90.67,Group A,,11/25/2024,Canadian,Ontario,,,,,,,,,,,,,
1291,UOttawa,OUN,Honours BSc Biomedical Science,Offer,93.5,,11/6/2024,11/25/2024,Canada,Ontario,,,,,,,,,,,,,
1292,UOttawa,OUN,Honours BSc Biomedical Science,Offer,86,,10/15/2024,11/26/2024,Canada,Ontario,,,,,,,,,,,,,
1293,UOttawa,OUN,Honours BSc Biomedical Science,Offer,96,,11/3/2024,11/27/2024,Canada,Ontario,,,,,,,,,,,,,
1294,UOttawa,OUN,Honours BSc Biomedical Science,Offer,94,,11/21/2024,11/27/2024,Canada,Ontario,,,,,,,,,,,,,
1295,UOttawa,OUN,Honours BSc Biomedical Science,Offer,94,,11/21/2024,11/27/2024,Canada,Ontario,,,,,,,,,,,,,
1296,UOttawa,OUN,Honours BSc Biomedical Science,Offer,93.5,Group A,12/7/2024,11/27/2024,Canada,Ontario,,,"$3000 entry scholarship, IB",,,,,,,,,,
1297,UOttawa,OUN,Honours BSc Biomedical Science,Offer,93,,11/4/2024,11/27/2024,Canada,Ontario,,,,,,,,,,,,,
1298,UOttawa,OUN,Honours BSc Biomedical Science,Offer,91,,11/11/2024,11/27/2024,Canada,Ontario,,,,,,,,,,,,,
1299,UOttawa,OUN,Honours BSc Biomedical Science,Offer,89,,10/18/2024,11/27/2024,Canada,Ontario,,HOSA Vice President,,,,,,,,,,,
1300,UOttawa,OUN,Honours BSc Biomedical Science,Offer,95%,Group A,10/15/2024,11/27/2024,Canadian,Ontario,,,,,,,,,,,,,
1301,UOttawa,OUN,Honours BSc Biomedical Science,Offer,94,,11/28/2024,12/10/2024,Canada,Ontario,,,,,,,,,,,,,
1302,UOttawa,OUN,Honours BSc Biomedical Science,Offer,85,,12/11/2024,12/17/2024,China,Ontario,,,,,,,,,,,,,
1303,UOttawa,OUN,Honours BSc Biomedical Science (French Immersion stream),Offer,92.8,Group A,12/28/2024,1/6/2025,Yes,Ontario,,,,,,,,,,,,,
1304,UOttawa,OUN,Honours BSc Biomedical Science,Offer,85,,1/8/2025,1/22/2025,Canada,Ontario,,,,,,,,,,,,,
1305,UOttawa,OUN,Honours BSc Biomedical Science,Offer,89.5,Group A,11/3/2024,2/18/2025,Canadian,Ontario,,,Ottawa only uses final marks!!,,,,,,,,,,
1306,UOttawa,OUN,Honours BSc Biomedical Science,Offer,85,Group A,12/4/2024,2/19/2025,Yes,Ontario,,,,,,,,,,,,,
1307,UOttawa,OUN,Honours BSc Biomedical Science,Offer,91.33,Group B,1/16/2025,2/28/2025,Canada,Manitoba,,,,,,,,,,,,,
1308,UOttawa,OUQ,Honours BSc Biochemistry,Offer,91.2,Group A,11/8/2024,11/25/2024,Canadian,Ontario,,,,,,,,,,,,,
1309,UOttawa,OUQ,Honours Bachelors of Biochemistry Co-op,Offer,90.67,Group A,,11/25/2024,Canadian,Ontario,,,,,,,,,,,,,
1310,UOttawa,OUQ,Honours Bachelors of Biochemistry Co-op,Offer,91.3,Group A,10/13/2024,11/27/2024,Canadian,Ontario,,,,,,,,,,,,,
1311,UOttawa,OUQ,Honours Bachelors of Biochemistry Co-op,Offer,89,,11/4/2024,11/27/2024,Canada,Ontario,,Pres of some clubs but they didn't look,I'm 99% sure they only looked at my grade 11 marks,,,,,,,,,,
1312,UOttawa,OUQ,Honours Bachelors of Biochemistry Co-op,Offer,85,,11/28/2024,12/10/2024,Canada,Ontario,,,,,,,,,,,,,
1313,UOttawa,OUR,Honours BSc Biology CO-OP,Offer,93.5,,11/7/2024,11/25/2024,Canada,Ontario,,,,,,,,,,,,,
1314,UOttawa,OUR,Honours BSc Biology CO-OP,Offer,93.5,Group A,11/7/2024,11/27/2024,Canada,Ontario,,,"$3000 entry scholarship, IB",,,,,,,,,,
1315,UOttawa,OUR,Honours BSc Biology CO-OP,Offer,89,,11/4/2024,11/27/2024,Canada,Ontario,,,Grade 11 marks only,,,,,,,,,,
1316,UOttawa,OUR,Honours BSc Biology,Offer,90.33,Group B,12/9/2024,12/9/2024,Canadian,Ontario,,,,,,,,,,,,,
1317,UOttawa,OUR,Honours BSc Biology,Offer,90.33,Group B,12/9/2024,12/19/2024,Canadian,Ontario,,,,,,,,,,,,,
1318,UOttawa,OUS,Honours BSc Chemistry,Offer,87.6,,10/16/2024,11/26/2024,Canada,Ontario,,,,,,,,,,,,,
1319,UOttawa,OUT,Honours BSc Financial Mathematics and Economics Co-op,Offer,91,,11/3/2024,11/27/2024,Canada,Ontario,,,,,,,,,,,,,
1320,UOttawa,OUW,Honours BSc mathematics CO-OP,Offer,92,,11/1/2024,11/27/2024,Canada,Ontario,,,didn’t fill optional supplemental application,,,,,,,,,,
1321,UOttawa,OUW,Honours BSc mathematics CO-OP,Offer,86,Group A,11/15/2024,11/27/2024,Canadian,Ontario,,,,,,,,,,,,,
1322,UOttawa,OUY,Honours BSc Physics-Mathematics,Offer,94,,10/22/2024,11/27/2024,Canada,Ontario,,Debate co-head,,,,,,,,,,,
1323,UOttawa,OUZ,Honours BSc Statistics,Offer,91,,11/10/2024,11/27/2024,Canada,Ontario,,,,,,,,,,,,,
1324,UOttawa,OVA,Honours BA in English (Co-op),Offer,99,,9/28/2024,11/27/2024,Canada,Ontario,,,,,,,,,,,,,
1325,UOttawa,OVY,Joint Honours BA in Communication and Political Science,Offer,90.5,Group A,10/26/2024,11/27/2024,Canadian,Ontario,,,,,,,,,,,,,
1326,UOttawa,OWI,Honours BSc Mathematics and Honours BSc Computer Science (Data Science),Offer,97,,11/6/2024,11/27/2024,Canada,Ontario,,,,,,,,,,,,,
1327,UOttawa,OWI,Honours BSc Mathematics and Honours BSc Computer Science (Data Science),Offer,96,,11/5/2024,11/27/2024,Canada,Ontario,,,,,,,,,,,,,
1328,UOttawa,OWI,Honours BSc Mathematics and Honours BSc Computer Science (Data Science),Offer,87,Group A,11/15/2024,2/19/2025,Canadian,Ontario,,,,,,,,,,,,,
1329,UOttawa,OWM,Business Technology Management,Offer,93,Group A,11/9/2024,11/27/2024,Canadian,Ontario,,,,,,,,,,,,,
1330,UOttawa,OXC,Honours bachelor of social sciences in conflict studies and human rights (co op),Offer,92,,10/17/2024,11/27/2024,Canada,Ontario,,Started a charity,,,,,,,,,,,
1331,UOttawa,OXC,Honours Bachelor of Social Sciences in Conflict Studies and Human Rights,Offer,79,Group A,4/12/2025,4/29/2025,Canadian,Ontario,,,,,,,,,,,,,
1332,UOttawa,OXD,Honours BSocSc Criminology (french immersion stream),Offer,92,,10/21/2024,12/3/2024,Canada,Ontario,,,,,,,,,,,,,
1333,UOttawa,OXD,Criminology,Offer,78,,12/8/2024,12/10/2024,Canada,Ontario,,,did not do any subapps,,,,,,,,,,
1334,UOttawa,OXL,Honours BSocSc Political Science (Co-op),Offer,92.5,,10/4/2024,11/27/2024,Canada,Ontario,,,,,,,,,,,,,
1335,UOttawa,OXL,Honours BSocSc Political Science (Co-op),Offer,92.5,,10/5/2024,11/27/2024,Canada,Ontario,,,,,,,,,,,,,
1336,UOttawa,OXL,Honours BSocSc Political Science (Co-op),Offer,87,,11/18/2024,11/27/2024,Canada,Ontario,,,,,,,,,,,,,
1337,UOttawa,OXL,Honours BSocSc Political Science (Co-op),Offer,88,,12/19/2024,1/8/2025,Canada,Ontario,,,,,,,,,,,,,
1338,UOttawa,OXL,Honours BSocSc Political Science (Co-op),Offer,89.67,Group A,2/6/2025,2/12/2025,Canadian,Ontario,,,,,,,,,,,,,
1339,UOttawa,OXM,Honours BA Psychology,Offer,90,,10/17/2024,11/19/2024,Canada,Ontario,,,,,,,,,,,,,
1340,UOttawa,OXM,Honours BA Psychology,Offer,94,,11/16/2024,11/27/2024,Canada,Ontario,,,,,,,,,,,,,
1341,UOttawa,OXM,Honours BA Psychology,Offer,75,,11/27/2024,12/8/2024,Canada,Ontario,,,,,,,,,,,,,
1342,UOttawa,OXM,Honours BA Psychology,Offer,90,,12/13/2024,12/19/2024,Canada,Ontario,,,,,,,,,,,,,
1343,UOttawa,OXN,Honours BSc Psychology,Offer,91,Group A,11/6/2024,11/25/2024,Canadian,Ontario,,,,,,,,,,,,,
1344,UOttawa,OXN,Honours BSc Psychology,Offer,88,,11/12/2024,11/27/2024,Canada,Ontario,,,,,,,,,,,,,
1345,UOttawa,OXN,Honours BSc Psychology,Offer,87.6,,11/17/2024,,Canada,Ontario,,IB,,,,,,,,,,,
1346,UOttawa,OXV,Joint Honours BSocSc in Economics and Political Science,Offer,84,,10/14/2024,11/26/2024,Canada,Ontario,,,,,,,,,,,,,
1347,UOttawa,OXV,Joint Honours BSocSc in Economics and Political Science,Offer,84,Group A,11/30/2024,12/10/2024,Canadian,Ontario,,,,,,,,,,,,,
1348,UOttawa,OXV,Joint Honours BSocSc in Economics and Political Science (coop),Offer,94.67,,12/8/2024,,Canada,Ontario,,IB program,,,,,,,,,,,
1349,UOttawa,OXW,Bachelor of Social Sciences Joint Honours in History and in Political Science COOP Program French Immersion Stream,Offer,96,,11/14/2024,11/27/2024,Canada,Ontario,,,,,,,,,,,,,
1350,UOttawa,OXW,Joint Honours BA in History and Political Science,Offer,81.67,Group A,11/25/2024,12/10/2024,Canada,Ontario,,,,,,,,,,,,,
1351,UOttawa,OXX,Joint Honours BSc in Mathematics and Economics,Offer,98,,10/21/2024,11/26/2024,Canada,Ontario,,,,,,,,,,,,,
1352,UOttawa,OXZ,Joint Honours BSocSc in Public Administration and Political Science Co-op French Immersion,Offer,90,,9/30/2024,11/25/2024,Canada,Ontario,,"VP Student Council, Founder of Tutoring Club, building relationships with special ed students club",,,,,,,,,,,
1353,UOttawa,OXZ,Joint Honours BSocSc in Public Administration and Political Science Co-op French Immersion,Offer,98,,9/23/2024,11/26/2024,Canada,Ontario,,,,,,,,,,,,,
1354,UOttawa,OXZ,Joint Honours BSocSc in Public Administration and Political Science Co-op,Offer,92.5,,10/5/2024,11/27/2024,Canada,Ontario,,,,,,,,,,,,,
1355,UOttawa,OXZ,Joint Honours BSocSc in Public Administration and Political Science Co-op,Offer,90,,11/12/2024,11/27/2024,Canada,Ontario,,,,,,,,,,,,,
1356,UOttawa,OXZ,Joint Honours BSocSc in Public Administration and Political Science,Offer,81.67,Group A,11/25/2024,12/10/2024,Canada,Ontario,,,,,,,,,,,,,
1357,UOttawa,OXZ,Joint Honours BSocSc in Public Administration and Political Science (Co-op),Offer,92,,12/16/2024,12/18/2024,Canada,Ontario,,,,,,,,,,,,,
1358,UOttawa,OXZ,Joint Honours BSocSc in Public Administration and Political Science Co-op,Offer,81%,Group A,11/12/2024,2/19/2025,Canadian,Ontario,,,,,,,,,,,,,
1359,UTM,TMC,"Communication, Culture, Information & Technology",Offer,94.66,Group A,10/26/2024,1/27/2025,Canadian,Ontario,,,,,,,,,,,,,
1360,UTM,TMC,"Communication, Culture, Information & Technology",Offer,96,Group B,12/10/2024,2/24/2025,Canadian,British Columbia,,,,,,,,,,,,,
1361,UTM,TME,Commerce,Offer,95,Group A,9/27/2024,1/27/2025,Canadian,Ontario,,,$13000 Scholarship,,,,,,,,,,
1362,UTM,TME,"Commerce (including Accounting, Finance, Marketing)",Offer,90,Group A,11/27/2024,1/27/2025,Canadian,Ontario,,,,,,,,,,,,,
1363,UTM,TME,"Commerce (including Accounting, Finance, Marketing)",Offer,93- MCR3U BAF3M-92 SNC4M-93 MHF4U-82 ENG4U-86 BBB4M- 84,Group A,1/3/2025,2/24/2025,Canada,Ontario,,,,,,,,,,,,,
1364,UTM,TME,Commerce,Offer,91.83,Group A,1/10/2025,2/24/2025,PR,Ontario,,,,,,,,,,,,,
1365,UTM,TME,Commerce,Offer,86.25,Group A,1/6/2025,2/24/2025,Canadian,Ontario,,,,,,,,,,,,,
1366,UTM,TME,"Commerce (including Accounting, Finance, Marketing)",Offer,86.5 (3.94 gpa),Group B,,4/10/2025,Canada,Saskatchewan,,,First year university transfer student. They seem to mainly focus on GPA not % average. Good luck all (Please UTSC accept me I am begging),,,,,,,,,,
1367,UTM,TME,"Commerce (including Accounting, Finance, Marketing)",Offer,86,Group A,11/6/2024,5/23/2025,Canadian,Ontario,,,,,,,,,,,,,
1368,UTM,TMG,BBA,Offer,95,Group B,10/17/2024,1/27/2025,Canada,"MA, USA",,,,,,,,,,,,,
1369,UTM,TMG,Management,Offer,90,Group A,11/28/2024,1/31/2025,Canadian Citizenship.,Ontario,,,,,,,,,,,,,
1370,UTM,TMH,Humanities,Offer,97,Group A,10/31/2024,1/27/2025,Canadian,Ontario,,,12k entrance scholarship,,,,,,,,,,
1371,UTM,TMH,English,Offer,73,Group A,10/14/2024,3/19/2025,Citizen of Canada.,Ontario,,,,,,,,,,,,,
1372,UTM,TMK,Forensic Science,Offer,92.66%,Group A,10/19/2024,1/27/2025,Canada,Ontario,,,"Got a $3k entrance scholarship and took grade 12 english online. Got into 14 other programs w these stats too, good luck to those applying!!!! On EVERYONES soul you got this <3",,,,,,,,,,
1373,UTM,TMK,Forensic Science,Offer,92.33%,Group A,10/19/2024,1/27/2025,Canadian,Ontario,,,,,,,,,,,,,
1374,UTM,TMK,Forensic Science,Offer,92.30%,Group A,10/14/2024,1/27/2025,Canadian,Ontario,,,Enterance Scholarship,,,,,,,,,,
1375,UTM,TMK,Forensic Science,Offer,88.25,Group A,11/11/2024,3/19/2025,Canada,Ontario,,,,,,,,,,,,,
1376,UTM,TML,Life Sciences,Offer,99.2,Group A,10/5/2024,1/18/2025,Canada,Ontario,,,15k entrance + 12k renewable for total 27k,,,,,,,,,,
1377,UTM,TML,Life Sciences,Offer,"Got offer end of Jan. Gr 11 final marks were 92 (two credit),78,80,76, 78,82,86. Grade 12 sem 1 final marks 71,77,90",Group A,11/5/2024,1/27/2025,Canadian,Ontario,,,N/A,,,,,,,,,,
1378,UTM,TML,Life Sciences,Offer,94.67,Group A,,1/27/2025,Canadian,Ontario,,,10k UofT Scholar scholarship + 3k yearly entrance award,,,,,,,,,,
1379,UTM,TML,Life Sciences,Offer,92.67,Group A,11/7/2024,1/27/2025,Canada,Ontario,,,"$10,000 scholars award for first year, $3000 renewable scholarship for 3 years, IB",,,,,,,,,,
1380,UTM,TML,Life Sciences,Offer,92.6,Group A,10/20/2024,1/27/2025,Canadian,Ontario,,,,,,,,,,,,,
1381,UTM,TML,Life Sciences,Offer,90.25%,Group A,11/22/2024,1/27/2025,Canadian,Ontario,,,,,,,,,,,,,
1382,UTM,TML,Life Sciences,Offer,97,Group A,,1/29/2025,Canadian,Ontario,,,22k scholarship offered,,,,,,,,,,
1383,UTM,TML,Life Sciences,Offer,95.33,Group A,11/10/2024,2/24/2025,Canadian,Ontario,,,,,,,,,,,,,
1384,UTM,TML,Life Sciences,Offer,89,Group A,1/13/2025,2/25/2025,Portuguese,Ontario,,,,,,,,,,,,,
1385,UTM,TML,Life Sciences - Biotechnology,Offer,83,Group A,1/11/2025,4/16/2025,Canadian,Ontario,,,,,,,,,,,,,
1386,UTM,TML,Molecular Biology/Life Sciences,Offer,80,Group A,10/21/2024,4/16/2025,Canadian,Ontario,,,"I took AP Calculus AB and got a 4, Currently Taking AP Chemistry and AP Biology, and I took the National Biology Competition this year because why not.",,,,,,,,,,
1387,UTM,TMP,Psychology BSc,Offer,91,Group A,11/6/2024,1/27/2025,Canadian,Ontario,,,,,,,,,,,,,
1388,UTM,TMS,"Social Science (Criminology, Law & Society)",Offer,86,Group A,10/8/2024,2/24/2025,Canada,Ontario,,,,,,,,,,,,,
1389,UTM,TMS,"Social Science (Criminology, Law & Society)",Offer,86,Group A,,3/14/2025,Pakistani & Canadian,Ontario,,,Submitted my resume which probably had an impact on my acceptance chances. (Sec.TMUN & Head Chair UTMUN),,,,,,,,,,
1390,UTM,TMS,Social science (History/Political Science),Offer,77,Group B,2/27/2025,4/16/2025,Hong Kong,Hong Kong,IELTS,,,,,,,,,,,,
1391,UTM,TMW,Chemical & Physical Sciences,Offer,93.83,Group B,11/18/2024,1/27/2025,Canada,British Columbia,,,,,,,,,,,,,
1392,UTM,TMW,Chemical & Physical Sciences,Offer,82,Group A,10/27/2024,1/27/2025,Canadian,Ontario,,,,,,,,,,,,,
1393,UTM,TMW,Chemical & Physical Sciences,Offer,89,Group B,11/4/2024,1/29/2025,Malaysia,Singapore,,"Swim team 3 years, started a workers well-being prj for local migrant workers w 3 others, Water sanitation prj for locals on Bintan island, 10K trail running","IB, SL: Eng LL, Chi B, Theatre; HL: Chem, Math, Digital society",,,,,,,,,,
1394,UTM,TMZ,Commerce,Offer,top5:95.8,Group A,10/8/2024,1/27/2025,Trinidad and Tobago,Ontario,,,,,,,,,,,,,
1395,UTM,TMZ,"Computer Science, Mathematics & Statistics",Offer,96.83,Group A,10/27/2024,1/27/2025,China,Ontario,,,$22000 scholarship,,,,,,,,,,
1396,UTM,TMZ,"Computer Science, Mathematics & Statistics",Offer,95.5,Group B,11/7/2024,1/27/2025,Canadian,Alberta,,,IB Certificate Student,,,,,,,,,,
1397,UTM,TMZ,"Computer Science, Mathematics & Statistics",Offer,95.4,Group A,11/15/2024,1/27/2025,Canada,Ontario,,,,,,,,,,,,,
1398,UTM,TMZ,"Computer Science, Mathematics & Statistics",Offer,95.3,Group A,11/7/2024,1/27/2025,China,Ontario,Computer Science Supplementary Application,Math/CS Club President,"Scholarship: $202,000",,,,,,,,,,
1399,UTM,TMZ,"Computer Science, Mathematics & Statistics",Offer,94.6,Group A,12/24/2024,1/27/2025,Yes,Ontario,AIF,"Team captain of FRC team, tutoring for 4 years in school and community, sports such as basketball and track and field, computer science award winner runner up and rising star, member of hack club, attending multiple hackathons, overcame illnesses and near death at start of highschool, oldest of 6 siblings, first to attend university",,,,,,,,,,,
1400,UTM,TMZ,"Computer Science, Mathematics & Statistics",Offer,91.75,Group A,11/5/2024,1/27/2025,Canada,Ontario,,,Waiting for Uoft St George wish me luck 💔,,,,,,,,,,
1401,UTM,TMZ,"Computer Science, Mathematics & Statistics",Offer,98.33,Group A,11/7/2024,1/28/2025,Chinese,Ontario,,,,,,,,,,,,,
1402,UTM,TMZ,"Computer Science, Mathematics & Statistics",Offer,97.67,Group A,,1/28/2025,Canadian,Ontario,,,Completed IB courses with $10k entrance scholarship and $3k per year,,,,,,,,,,
1403,UTM,TMZ,"Computer Science, Mathematics & Statistics",Offer,93,Group A,10/24/2024,2/24/2025,India,Ontario,,,,,,,,,,,,,
1404,UTM,TMZ,"Computer Science, Mathematics & Statistics",Offer,92.16,Group A,11/9/2024,2/24/2025,Canada,Ontario,,,,,,,,,,,,,
1405,UTM,TMZ,"Computer Science, Mathematics & Statistics",Offer,93,Group A,11/28/2024,3/19/2025,Canada,Ontario,,,,,,,,,,,,,
1406,UTSc,TPS,Psychology & Health Studies + Co-op,Offer,94.25,Group A,10/14/2024,1/27/2025,Canadian,Ontario,,,,,,,,,,,,,
1407,UTSc,TQX,Co-op BBA (Management & Finance) and Co-op BSc (Statistics - Quantitative Finance),Offer,91.33,Group A,12/27/2024,3/19/2025,Canadian,Ontario,Yes,"Good ecs, in supplemental. 3 years working in recreation volunteering + job, rep sports, several school sports, school sport captain 3 yrs, school athletic awards, deca chapter president, multiple deca regional and provincial awards, academic awards.",IB predicted 32/42,,,,,,,,,,
1408,UTSc,TSL,Life Sciences (co-op),Offer,92.67,Group A,12/3/2024,1/27/2025,Canada,Ontario,,,"$3000 renewable scholarship for 3 years, IB",,,,,,,,,,
1409,UTSc,TSL,Life Sciences,Offer,90.25%,Group A,11/22/2024,1/27/2025,Canadian,Ontario,,,,,,,,,,,,,
1410,UTSc,TSL,Life Sciences (co-op and regular),Offer,90.67,Group A,2/4/2025,2/24/2025,Canadian,Ontario,,,,,,,,,,,,,
1411,UTSc,TSL,Life Sciences,Offer,79%,Group A,12/19/2024,4/30/2025,Canadian,Ontario,,EC,,,,,,,,,,,
1412,UTSc,TSM,Management (BBA) (co-op and regular) (Strategic Management (co-op optional)),Offer,"93.14 for gr11 average, gr12 midterm average of 95",Group A,11/7/2024,1/27/2025,Canadian,Ontario,"Yes, uoft portal","Student Council Grade 9 Representative, Advocated for a POS System to be implemented into school community or I wrote about being an MC twice for my school board's annual Dance Off.","Recognized as a University of Toronto Scholar: offered a $10,000 scholarship for first year studies.",,,,,,,,,,
1413,UTSc,TSM,Management (BBA) (co-op and regular),Offer,94,Group A,,1/27/2025,Canadian,Ontario,,,,,,,,,,,,,
1414,UTSc,TSM,Managment with coop,Offer,93.66,Group A,11/2/2024,1/27/2025,Canadian,Ontario,Yes,,"$2,000 entrance scholarship",,,,,,,,,,
1415,UTSc,TSM,Managment with coop,Offer,90.3,Group A,,1/31/2025,Canadian,Ontario,Yes,,,,,,,,,,,,
1416,UTSc,TSM,Managment with coop,Offer,90.33,Group A,,2/24/2025,Canada,Ontario,AIF,"Employment, two simple volunteer experiences",,,,,,,,,,,
1417,UTSc,TSP,Physical & Environmental Sciences,Offer,93.83,Group B,11/18/2024,1/27/2025,Canada,British Columbia,,,,,,,,,,,,,
1418,UTSc,TSP,Physical & Environmental Sciences,Offer,90.15,Group A,11/30/2024,1/27/2025,Canada,Ontario,,,,,,,,,,,,,
1419,UTSc,TSP,Physical & Environmental Sciences (Biochemistry(co-op optional)),Offer,90.16,Group A,11/21/2024,2/24/2025,Canadian,Ontario,,,,,,,,,,,,,
1420,UTSc,TUD,Social Sciences and Humanities (co-op and regular),Offer,81.83,Group A,11/25/2024,2/24/2025,Canada,Ontario,,,,,,,,,,,,,
1421,UTSc,TUD,Social Sciences&Humanities(Public Policy) non-co-op,Offer,78%,Group B,2/26/2025,4/16/2025,HK,HK,,,,,,,,,,,,,
1422,UTSc,TXB,Management and International Business (BBA) (co-op),Offer,95.5,Group A,,2/24/2025,Canada,Ontario,Yes - online form via Join U of T,Completed SAF and interview,,,,,,,,,,,
1423,UTSc,TXC,Computer Science,Offer,94.8,Group A,10/24/2024,2/1/2025,Chinese,Ontario,,,"I did not receive an offer on Feb 1, I forgot the exact date.",,,,,,,,,,
1424,UTSc,TXC,Computer Science,Offer,94.5,Group B,11/5/2024,2/22/2025,Canadian,Alberta,,,IB Courses but both in progress,,,,,,,,,,
1425,UTSc,TXC,Computer Science (co-op and regular),Offer,97.8,Group A,,2/24/2025,Canadian,Ontario,,,Got scholarship too,,,,,,,,,,
1426,UTSc,TXC,Computer Science (Co-op),Offer,96.67,Group A,9/20/2024,2/24/2025,Canadian,Ontario,,,,,,,,,,,,,
1427,UTSc,TXC,Computer Science (Co-op),Offer,95.66,Group A,10/3/2024,2/24/2025,Canadian,Ontario,,,IB student indicated in OUAC,,,,,,,,,,
1428,UTSc,TXC,Computer Science,Rejected,95.5,Group B,12/4/2024,3/18/2025,Some Asian country,British Columbia,,,,,,,,,,,,,
1429,UTSc,TXC,Computer Science (co-op and regular),Offer,98.5,Group B,,3/19/2025,Canada,Quebec,CS supplemental essays,,,,,,,,,,,,
1430,UTSc,TXC,Computer Science (Co-op),Offer,94.8,Group A,11/15/2024,3/19/2025,Canadian,Ontario,,,idk why utsc wants me despite sub 95 and they don't take supp app,,,,,,,,,,
1431,UTSc,TXC,Computer Science (co-op and regular),Offer,93.5,Group A,10/10/2024,3/19/2025,China,Ontario,,,IB Math SL 7 and Physics SL 6 (dropped ib after gr 11),,,,,,,,,,
1432,UTSc,TXC,Computer Science,Offer,95.33,Group A,11/15/2024,4/14/2025,Canadian,Ontario,,,"Just lock in, only thing that matters is marks and connection w teachers that can boost/help you",,,,,,,,,,
1433,UTSc,TXC,Computer Science (Co-op),Offer,97.16,Group A,11/2/2024,4/16/2025,Canadian,Ontario,,,,,,,,,,,,,
1434,UTSc,TXC,Computer Science (Co-op),Offer,97,Group A,10/29/2024,4/16/2025,China,Ontario,,,$10k scholarship + $3k renewable yearly,,,,,,,,,,
1435,UTSc,TXC,Computer Science (co-op and regular),Offer,96.8,Group A,10/16/2024,4/16/2025,Chinese,Ontario,,,,,,,,,,,,,
1436,UTSc,TXC,Computer Science (Co-op),Offer,96,Group A,1/20/2025,4/16/2025,Chinese,Ontario,,,,,,,,,,,,,
1437,UTSc,TXC,Computer Science (Co-op),Offer,95.67,Group A,11/11/2024,4/16/2025,Canadian,Ontario,,,,,,,,,,,,,
1438,UTSc,TXC,Computer Science (co-op and regular),Offer,95,Group A,11/7/2024,4/16/2025,Canadian,Ontario,,,,,,,,,,,,,
1439,UTSc,TXC,Computer Science,Offer,94.67,Group A,11/4/2024,4/16/2025,Canadian,Ontario,,,"AP Calculus, AP Language and Composition",,,,,,,,,,
1440,UTSc,TXC,Computer Science (Co-op),Offer,93,Group A,2/13/2025,4/16/2025,Canadian,Ontario,,,got co op. got 2k in scolarships,,,,,,,,,,
1441,UTSc,TXC,Computer Science (Co-op),Offer,93,Group A,,4/16/2025,Canadian,Ontario,,,,,,,,,,,,,
1442,UTSc,TXD,Life Sciences (Health Sciences Stream),Offer,95.5,Group A,10/30/2024,1/27/2025,Canadian,Ontario,,,,,,,,,,,,,
1443,UTSc,TXD,Life Sciences (Health Sciences Stream) (co-op and regular),Offer,95.5,Group B,11/7/2024,1/27/2025,Canadian,Alberta,,,IB Certificate Student,,,,,,,,,,
1444,UTSc,TXD,Life Sciences (Health Sciences Stream),Offer,93.4,Group A,10/17/2024,1/27/2025,India,Ontario,,,,,,,,,,,,,
1445,UTSc,TXD,Life Sciences (Health Sciences Stream) (co-op and regular),Offer,92.67,Group A,11/5/2024,1/27/2025,Canadian,Ontario,,,,,,,,,,,,,
1446,UTSc,TXD,Life Sciences (Health Science Stream) (Co-op),Offer,92.6,Group A,10/20/2024,1/27/2025,Canadian,Ontario,,,,,,,,,,,,,
1447,UTSc,TXD,Life Sciences (Health Sciences Stream),Offer,90.67,Group A,10/17/2024,1/27/2025,Canada,Ontario,,,,,,,,,,,,,
1448,UTSc,TXD,Life Sciences (Health Science Stream) (Co-op),Offer,86.7,Group A,,3/19/2025,Canadian,Ontario,,,,,,,,,,,,,
1449,UTSc,TXQ,Double Degree: Management & Finance (BBA) and Statistics – Quantitative Finance (BSc) Co-op,Offer,95,Group A,11/17/2024,1/27/2025,Canadian,Ontario,UofT webpage,,,,,,,,,,,,
1450,UTSc,TXQ,Double Degree: Management & Finance (BBA) and Statistics – Quantitative Finance (BSc) Co-op,Offer,93.99,Group B,12/3/2024,3/19/2025,Yes,Ontario,UofT portal,Peer Tutoring,IB,,,,,,,,,,
1451,UTSc,TXQ,Double Degree: Management & Finance (BBA) and Statistics – Quantitative Finance (BSc) Co-op,Offer,89.66,Group A,1/15/2025,4/30/2025,Citizen,Ontario,Form,"Couple businesses, volunteering, sports etc",,,,,,,,,,,
1452,UTSc,TXU,Statistics - Co-Op,Offer,98.5,Group A,10/16/2024,1/27/2025,Canadian,Ontario,,,,,,,,,,,,,
1453,UTSc,TXU,Statistics - Co-Op,Offer,92,Group A,10/2/2024,1/27/2025,Protected person,Ontario,,,Yayyyy!!!,,,,,,,,,,
1454,UVIC,,Engineering (co-op),Offer,93,,10/8/2024,11/21/2024,Canada,BC,,,,,,,,,,,,,
1455,Waterloo,WA,Honours Arts - English: Literature and Rhetoric,Offer,97,Group A,10/31/2024,12/3/2024,Canadian,Ontario,,,,,,,,,,,,,
1456,Waterloo,WA,Arts,Offer,94.33,Group A,10/26/2024,12/3/2024,Yes,Ontario,,,Applied with an interest in Poli Sci,,,,,,,,,,
1457,Waterloo,WA,Honours Arts Main Campus (Co-op ),Offer,93,,11/11/2024,12/3/2024,Canada,Ontario,,,Co-op offer,,,,,,,,,,
1458,Waterloo,WA,Honours Arts (English Literature and Rhetoric),Offer,83,,9/19/2024,12/3/2024,Canada,Ontario,,,,,,,,,,,,,
1459,Waterloo,WA,Honours Arts University Main Campus (Co-op and Regular) Major of Interest-Psychology,Offer,90.5,,9/28/2024,12/5/2024,USA,Ontario,,,,,,,,,,,,,
1460,Waterloo,WA,Honours Arts University Main Campus (Psychology co-op),Offer,91,,10/24/2024,12/6/2024,Canada,Ontario,,,,,,,,,,,,,
1461,Waterloo,WA,Honours Art Co-op,Offer,"99, 85, 85, 96, 89, 94, 88, 92 = 91",Group A,10/30/2024,12/18/2024,Canada,Ontario,,,,,,,,,,,,,
1462,Waterloo,WAB,Honours Arts and Business Co-op,Offer,93,,11/5/2024,12/3/2024,Canada,Ontario,,,,,,,,,,,,,
1463,Waterloo,WAB,Honours Arts and Business Co-op,Offer,89,Group A,12/1/2024,1/28/2025,Canadian,Ontario,,,,,,,,,,,,,
1464,Waterloo,WAB,Honours Arts and Business Co-op,Offer,88.5,Group A,1/14/2025,1/29/2025,Canadian,Ontario,Didn't complete,,,,,,,,,,,,
1465,Waterloo,WAB,Honours Arts and Business,Offer,94%,Group A,11/24/2024,1/29/2025,Canada,Ontario,No but Aif was recommended,,,,,,,,,,,,
1466,Waterloo,WBA,Business Administration (Laurier) and Mathematics (Waterloo) Double Degree (Co-op only),Offer,96.33,Group A,11/15/2024,3/17/2025,Canadian,Ontario,AIF,"350 ish volunteering hours, 2 years of working, 31/60 CSMC",,,,,,,,,,,
1467,Waterloo,WBA,Business Administration (Laurier) and Mathematics (Waterloo) Double Degree (Co-op only),Offer,94,Group A,10/12/2024,3/17/2025,Canadian,Ontario,AIF,"Hypatia, CSMC & Euclid Distinction, Shad Program, some business competitions & volunteers, 5 on both AP Calc BC & AP Microeconomics",our school has a pretty high adjustment factor,,,,,,,,,,
1468,Waterloo,WBA,Business Administration (Laurier) and Mathematics (Waterloo) Double Degree (Co-op only),Offer,98,Group A,1/3/2025,3/18/2025,Yes,Ontario,AIF,"game dev team lead, deca pres, tutoring, aspirations, other ecs, academic and extracurricular awards",,,,,,,,,,,
1469,Waterloo,WBA,Business Administration (Laurier) and Mathematics (Waterloo) Double Degree (Co-op only),Offer,97,Group A,11/8/2024,3/18/2025,Canadian,Ontario,AIF,idk bro,IB,,,,,,,,,,
1470,Waterloo,WBA,Business Administration (Laurier) and Mathematics (Waterloo) Double Degree (Co-op only),Offer,96.33,Group A,10/30/2024,5/8/2025,Canadian,Ontario,AIF,,,,,,,,,,,,
1471,Waterloo,WBA,Business Administration (Laurier) and Mathematics (Waterloo) Double Degree (Co-op only),Offer,93,Group A,10/24/2024,5/8/2025,Canadian,Ontario,AIF,,,,,,,,,,,,
1472,Waterloo,WBA,Business Administration (Laurier) and Mathematics (Waterloo) Double Degree (Co-op only),Offer,91.33%,Group A,12/18/2024,5/8/2025,Canada,Ontario,Yes (AIF),"CSMC and Euclid (29 CSMC, below average Euclid), I had 12 extracurriculars (nothing special, mostly sports)",I did a medical form bc I took a mandatory class twice due to medical circumstances,,,,,,,,,,
1473,Waterloo,WBC,Business Administration (Laurier) and Computer Science (Waterloo) Double Degree (Co-op only),Offer,98.67,Group A,10/6/2024,3/18/2025,Canadian,Ontario,AIF,,,,,,,,,,,,
1474,Waterloo,WBC,Business Administration (Laurier) and Computer Science (Waterloo) Double Degree (Co-op),Offer,96.33,Group A,,5/7/2025,Canadian,Ontario,KIRA + AIF,"National level Violin, Varsity Baseball, First Robotics, Hockey, Olympiads, Orchestra Concertmaster, Food Service Job, SHAD, All Waterloo Math contests",,,,,,,,,,,
1475,Waterloo,WBC,Business Administration (Laurier) and Computer Science (Waterloo) Double Degree (Co-op only),Offer,97.83,Group A,,5/8/2025,Indian,Ontario,AIF,a bunch of tutoring and a bunch of volunteering and a bunch of sports,"Really high Math marks, MHF:99, MDM:100, MCV:98",,,,,,,,,,
1476,Waterloo,WBC,Business Administration (Laurier) and Computer Science (Waterloo) Double Degree (Co-op only),Offer,96.67,Group A,10/18/2024,5/8/2025,Canada,Ontario,"Kira, AIF",,Contest scores were awful,,,,,,,,,,
1477,Waterloo,WBC,Business Administration (Laurier) and Computer Science (Waterloo) Double Degree (Co-op only),Offer,96,Group A,10/19/2024,5/8/2025,Canadian,Ontario,"KIRA, AIF","Robotics, School Council, few part-time jobs",,,,,,,,,,,
1478,Waterloo,WBC,Business Administration (Laurier) and Computer Science (Waterloo) Double Degree (Co-op only),Deferred,95.5,Group B,1/7/2025,5/10/2025,Canadian,Alberta,AIF,"League Soccer, Vex Robotics, Track & Field Team, Cross Country Team, A lot of Math, Physics, and Chemistry Contests, Science Fair, Science Olympics, Volunteering","IB Certificate Student, Deferred to WMB, Mathematics/Business Administration (Co-op and Regular)",,,,,,,,,,
1479,Waterloo,WBC,Business Administration (Laurier) and Computer Science (Waterloo) Double Degree (Co-op only),Deferred,90.5,Group B,12/27/2024,5/15/2025,Canadian,Ontario,AIF,"McMaster Engineering Physics Lab intern - programmed telescope and drone for alignment for optical communication; Schulich leader nominee, FRC (FIRST Robotics Competition) programming team lead; Various science fair projects - AI water pollution detection drone, pipe inspection robot, device that uses machine learning to estimate future water pollution levels, won $5000+ dollars, qualified for Canada Wide Science Fair, International Science and Engineering Fair (could not attend due to difficulties with cross border travel at this time), selected to present at an international youth research conference; paper published in national journal; ran an initiative in my community where I taught 20+ kids how to code; founded coding club at my school; DECA VP- 2X provincial finalist; Multiple AI projects - cancer cell classifier, car feed object detection model etc.; Assistant math teacher; played volleyball for school; Student Council General Events Chair;",Full IB course load. Don't do IB!!!,,,,,,,,,,
1480,Waterloo,WBM,Biomedical Engineering (Co-op only),Offer,98.17,Group A,11/3/2024,3/7/2025,Canadian Citizen,Ontario,AIF and Video Interview,VERY minimal ECs. A bit of unrelated volunteer work and some school clubs.,Don't worry about ECs if your grades are high enough! BME is really competitive and I still got in! Stay strong and study hard!,,,,,,,,,,
1481,Waterloo,WBM,Biomedical Engineering (Co-op only),Offer,98,Group A,1/23/2025,3/7/2025,Canadian,Ontario,KIRA and AIF,"engineering intern at consultancy, hospital volunteer, club heads, school sports, math tutor, some school awards, band","AP Calc, Chem, Physics 1 and 2",,,,,,,,,,
1482,Waterloo,WBM,Biomedical Engineering (Co-op only),Offer,96.5,Group A,10/15/2024,3/7/2025,Canadian,Ontario,AIF and KIRA (optional but did it),Talked about volunteering for the city's library and combating diversity issues as one of the questions on the AIF,,,,,,,,,,,
1483,Waterloo,WBM,Biomedical Engineering (Co-op only),Offer,95.33%,Group A,,5/7/2025,Canadian,Ontario,"KIRA, AIF","Founded engineering and robotics club at my school, participated in waterloo stem events (ex. catalyst conference, euclid)",,,,,,,,,,,
1484,Waterloo,WC,Chemical Engineering (Co-op only),Offer,97.83,Group A,1/31/2025,2/7/2025,"Canadian, German",Ontario,"AIF, KIRA","Aquaponics Club, Math Competitions (CSMC)",,,,,,,,,,,
1485,Waterloo,WC,Chemical Engineering (Co-op only),Offer,97.67,Group A,1/29/2025,2/7/2025,Canadian,Ontario,aif + interview,decent ecs; avogadro top 1%,,,,,,,,,,,
1486,Waterloo,WC,Chemical Engineering (Co-op only),Offer,93.33,Group A,11/5/2024,3/7/2025,Iran (Permanent Resident of Canada),Ontario,AIF + KIRA,Member of SAC (MLL student representative); Chemistry Club founder and President; Physics Club executive; School Ambassador; Tutoring and helping other students in subjects like math and science,,,,,,,,,,,
1487,Waterloo,WC,Chemical Engineering (Co-op only),Offer,93.33,Group B,12/31/2024,4/16/2025,Canadian,Ontario,AIF,Works multiple jobs stimoulstabously.,,,,,,,,,,,
1488,Waterloo,WC,Chemical Engineering (Co-op only),Offer,95.5,Group B,12/4/2024,4/30/2025,Some Asian country,British Columbia,KIRA and AIF,"very mid ECs(did some volunteering, some musical awards, been in the school band)",,,,,,,,,,,
1489,Waterloo,WC,Chemical Engineering (Co-op only),Offer,92.33,Group A,10/22/2024,5/7/2025,Canada,Ontario,"AIF, video interview",,,,,,,,,,,,
1490,Waterloo,WC,Chemical Engineering (Co-op only),Offer,92.3,Group A,10/16/2024,5/7/2025,Canadien,Ontario,AIF,Internship at apple,,,,,,,,,,,
1491,Waterloo,WCF,Computing and Financial Management (Co-op only),Offer,98.33%,Group A,1/13/2025,3/17/2025,Canadian,Ontario,AIF,,IB diploma student,,,,,,,,,,
1492,Waterloo,WCF,Computing and Financial Management (Co-op only),Offer,96,Group A,10/19/2024,5/8/2025,Canadian,Ontario,"KIRA, AIF",,,,,,,,,,,,
1493,Waterloo,WCF,Computing and Financial Management (Co-op only),Offer,98,Group A,12/28/2024,5/12/2025,Canadian,Ontario,AIF,"Many awards, led a dev team to top 4 in international comp, pres of deca chapter, many many tutoring stuff, sports, discussed wanting to work at a fund or be a quant",,,,,,,,,,,
1494,Waterloo,WCS,Computer Science,Offer,100,Group A,11/20/2024,3/15/2025,Canadian,Private,AIF,,,,,,,,,,,,
1495,Waterloo,WCS,Computer Science (Co-op and Regular),Offer,98.16,Group A,1/15/2025,3/17/2025,Canadian,Ontario,AIF,Lots of awards from national debate tournaments and 6 leadership positions with verifiable impacts.,"IB in grade 11, dropped out grade 12",,,,,,,,,,
1496,Waterloo,WCS,Computer Science (Co-op),Offer,99.4,Group B,12/23/2024,3/18/2025,Indian,India,"AIF for CS, KIRA for SWE","Founder of multiple projects related to empowerment of neurodivergent and transgender individuals, president of a few clubs, international award winner (olympiads)",,,,,,,,,,,
1497,Waterloo,WCS,Computer Science,Offer,98.6,Group A,10/6/2024,3/18/2025,Canadian,Ontario,AIF,,,,,,,,,,,,
1498,Waterloo,WCS,Computer Science,Offer,98.6,Group B,,4/1/2025,International,British Columbia,AIF,"euclid 2024 73, fermat 2024 134 - invited and accepted to cemc lloyd auckland invitational workshop held at UWaterloo, shad, led a stem non profit organising events, work experience as UI designer, first place at a mlh hackathon against 50+ teams",,,,,,,,,,,
1499,Waterloo,WCS,Computer Science (Co-op only),Offer,98,Group A,10/24/2024,4/10/2025,Canada and USA,Ontario,AIF,"Tutor, 1000 hours studying math in past year, personal coding projects, math club head",none,,,,,,,,,,
1500,Waterloo,WCS,Computer Science,Offer,98,Group A,,5/7/2025,Canadian,Ontario,"AIF, KIRA","Swim team assistant captain/coach, tutor, math club copresident, student council, hackathon winner, organized school events, distinction in all contests, gauss perfect score, OFSAA bronze, ...",gg,,,,,,,,,,
1501,Waterloo,WCS,Computer Science (Co-op and Regular),Deferred,98.3,Group A,11/11/2024,5/8/2025,canadian,Ontario,"aif, kira","swe internship, robotics instructor, full-time summer job (like working in the shipping department)",i was in ib,,,,,,,,,,
1502,Waterloo,WCS,Computer Science,Deferred,98.2,Group A,,5/8/2025,Canadian,Ontario,AIF,"internship, hackathons, shad, clubs, csmc score close to HR, overall strong i'd say",ts be rigged,,,,,,,,,,
1503,Waterloo,WCS,Computer Science (Co-op and Regular),Deferred,98,Group B,2/7/2025,5/8/2025,Hong Kong,Ontario,Yes,,Deferred into math,,,,,,,,,,
1504,Waterloo,WCS,Computer Science (Co-op and Regular),Deferred,95.67,Group A,11/8/2024,5/8/2025,Canadian,Ontario,"Yes, AIF.",,"Deferred to ""Mathematics (Co-op and Regular)"".",,,,,,,,,,
1505,Waterloo,WCS,Computer Science (Co-op and Regular),Deferred,94,Group A,,5/8/2025,Canadian,Ontario,4 questions,"Black belt taekwondo, FRC robotics Strategy lead and programmer, Summer camp volunteer and job at computer repair store and more","Deffered to Math, I knew my avg was low, thought my ec's were good enough but ig not :(",,,,,,,,,,
1506,Waterloo,WCS,Computer Science (Co-op and Regular),Offer,99.5,Group A,11/15/2024,5/8/2025,Chinese,Ontario,Yes - AIF,,,,,,,,,,,,
1507,Waterloo,WCS,Computer Science (Co-op and Regular),Offer,99.17,Group A,2/9/2025,5/8/2025,Canadian,Ontario,AIF,"Started a company with a friend (3k rev), did an internship at a small company, Founder/President of my school's computer science club, was in lots of other clubs, did a lot of personal projects (made my own text editor, an mmorpg, etc), did roblox dev since I was 8, did another internship at a very large bank, did code tutoring on the side",$2k entrance scholarship,,,,,,,,,,
1508,Waterloo,WCS,Computer Science (Co-op and Regular),Offer,98.83,Group A,,5/8/2025,Canadian,Ontario,"Kira, AIF",,,,,,,,,,,,
1509,Waterloo,WCS,Computer Science (Co-op and Regular),Offer,98.8,Group A,,5/8/2025,Canadian citizen,Ontario,"AIF, KIRA","2 years work experience, multiple hackathons, club leadership, 200 volunteer hours",,,,,,,,,,,
1510,Waterloo,WCS,Computer Science (Co-op and Regular),Offer,98.33,Group A,12/10/2024,5/8/2025,Canada,Ontario,AIF,"Varsity Lacrosse and Field Hockey Captain, Exceptional Athlete program, lifeguarding, 2 x Athlete of the year, personal coding projects, and every single waterloo math contest lol",,,,,,,,,,,
1511,Waterloo,WCS,Computer Science (Co-op),Offer,98.33,Group A,,5/8/2025,Canadian,Ontario,"AIF, Interview","Air Cadet WO2, part of 6 school bands and extra-curricular marching band, exec in chess, math, and computer science club, Distinction on euclid and csmc, 38 CCC",,,,,,,,,,,
1512,Waterloo,WCS,Computer Science (Co-op and Regular),Offer,97.5,Group A,9/30/2024,5/8/2025,Canadian,Ontario,AIF,"3 jobs, made websites, exec positions in 3 clubs, CCC distinction",,,,,,,,,,,
1513,Waterloo,WCS,Computer Science (Co-op),Offer,97.33,Group A,11/16/2024,5/8/2025,Canadian,Ontario,AIF was good,"Organized a pride walk at my school; cybersecurity competitions; leadership roles (organizing prom, etc); part of mental health committee in school board; math tutoring; writing a novel; guitar ensemble (won three awards on a national level, 5 on provincial level); part time job",I did so bad on euclid and got like 5 on cemc lmao,,,,,,,,,,
1514,Waterloo,WCS,Computer Science (Co-op and Regular),Offer,97.33,Group A,1/31/2025,5/8/2025,Canadian,Ontario,AIF,"Conference published machine learning papers (2) as first author, VEX V5 team lead, 200 hours volunteering with a Sunnybrook-affiliated charity as web design lead.","Spent an eternity writing the responses for the 4 questions - for the first one, I spent a month rewriting it to make it as emotionally appealing as possible.",,,,,,,,,,
1515,Waterloo,WCS,Computer Science,Offer,96.83,Group A,,5/8/2025,Canadian,Ontario,"Waterloo page, no video","Attended cs conferences in the states, high level athlete 6+ years, varsity athlete for multiple sports, robotics team captain, Vice president of major school school council, tutored students in AP Chem + Physics",Talked about wanting to pursue research + how I liked baking lol,,,,,,,,,,
1516,Waterloo,WCS,Computer Science,Offer,96.8,Group A,11/15/2024,5/8/2025,Canadian,Ontario,aif,,,,,,,,,,,,
1517,Waterloo,WCS,Computer Science (Co-op),Offer,96.67,Group A,10/18/2024,5/8/2025,Canada,Ontario,"Kira, AIF",,Didn't do half the contests lol,,,,,,,,,,
1518,Waterloo,WCS,Computer Science,Offer,96.33,Group A,12/18/2024,5/8/2025,People's Republic of China,Ontario,"KIRA, AIF","47 in CSMC 2024, Certificate of Distinction(School Champion) , COMC 2024 Performance of Honours(School Champion) , 83 in Euclid 2025 Certificate of Honours.",Waterloo contest results is really helpful with the applications for Mathematics programs.,,,,,,,,,,
1519,Waterloo,WCS,Computer Science (Co-op),Offer,96.33,Group A,1/15/2025,5/8/2025,Canada,Ontario,AIF + Kira,"Shad; Nominated from my school for schulich scholarship + uoft national scholarship; Won 2nd place at high school hackathon; Did well on Fermat contest, okay on CSMC/Euclid; Worked at convenience store where I implemented a new inventory system; Founded math club + cochair of environment; Waterloo summer problem solving course",No idea how I got in :P,,,,,,,,,,
1520,Waterloo,WCS,Computer Science (Co-op and Regular),Offer,95.17,Group A,11/11/2024,5/8/2025,Canadian,Ontario,AIF,I had a bunch of EC's from leadership positions in my school.,Your AIF matters A LOT.,,,,,,,,,,
1521,Waterloo,WCS,Computer Science (Co-op and Regular),Offer,95.16,Group A,11/4/2024,5/8/2025,Canadian,Ontario,"KIRA, AIF","IBM DS Professional Certification, S&C Electric Co-op (MES Engineer), Humber River Hospital Co-op, Health and Wellness SHSM, Yale FM Course, Investing Website (400hrs), First Place UofT Seek Jr, First Place OMFA Community Bands u19, UofT MedSoc Mentor, 35 CCC, 55 Euclid",,,,,,,,,,,
1522,Waterloo,WCS,Computer Science (Co-op and Regular),Deferred,93.83,Group A,11/10/2024,5/9/2025,Canadian,Ontario,AIF,Founded compsci and physics club. volleyball tier 1 for 4 years and a ton of music involvement. lots of awards in music. hackathon winner and student counsel member.,got deferred to honours math. at least i wasn't rejected or deferred to geomatics.,,,,,,,,,,
1523,Waterloo,WCS,Computer Science,Offer,98.5,Group A,,5/9/2025,Indian,Ontario,AIF,"CS- Club president, won a peel wide hackathon, a sustainability project with university of sydney, all waterloo contests distinctions on almost all of them",,,,,,,,,,,
1524,Waterloo,WCS,Computer Science (Co-op and Regular),Deferred,95.5,Group B,1/7/2025,5/10/2025,Canadian,Alberta,AIF,"League Soccer, Vex Robotics, Track & Field Team, Cross Country Team, A lot of Math, Physics, and Chemistry Contests, Science Fair, Science Olympics, Volunteering","IB Certificate Student, Deferred to WM, Mathematics (Co-op and Regular)",,,,,,,,,,
1525,Waterloo,WCS,Computer Science (Co-op and Regular),Deferred,99.3,Group A,11/15/2024,5/13/2025,Canadian,Ontario,AIF,"Cadets, programming experience from school courses, math contests results, sports teams, leadership positions, 750+ volunteer hours",Deferred to geomatics 💀💀,,,,,,,,,,
1526,Waterloo,WCS,Computer Science (Co-op and Regular),Deferred,94.8,Group A,12/12/2024,5/13/2025,Canadian,Ontario,AIF,Ski instructor and website management,GEOMATICS,,,,,,,,,,
1527,Waterloo,WCS,Computer Science (Co-op),Deferred,93,Group A,10/14/2024,5/13/2025,Canadian,Ontario,AIF,,Deferred to Geomatics (WGM) (rip),,,,,,,,,,
1528,Waterloo,WCS,Computer Science (Co-op and Regular),Deferred,97.83,Group A,,5/14/2025,Canadian,Ontario,AIF and KIRA,"Cadets, glider license, church volunteering, badminton, part time jobs for at sushi bar and a farm, previous programming background.",Deferred to Geomatics,,,,,,,,,,
1529,Waterloo,WCS,Computer Science (Co-op),Offer,96.33,Group A,10/2/2024,5/29/2025,Canadian,Ontario,KIRA + AIF,National Level Violinist; Piano; First Robotics Design; Concertmaster of 2 orchestras; Volleyball; Hockey; Varsity Baseball; Food Service Job,,,,,,,,,,,
1530,Waterloo,WD,Systems Design Engineering (Co-op only),Offer,99.3,Group A,11/11/2024,3/7/2025,Canadian,Ontario,AIF and Kira,,,,,,,,,,,,
1531,Waterloo,WD,Systems Design Engineering (Co-op only),Offer,98.67,Group A,10/6/2024,3/7/2025,Canadian,Ontario,"AIF, Kira",,,,,,,,,,,,
1532,Waterloo,WD,Systems Design Engineering (Co-op only),Offer,96.33,Group A,1/30/2025,3/7/2025,Canadian,Ontario,"AIF, Kira","Student government, hackathons, club execs, namedropped professors",low adj factor!,,,,,,,,,,
1533,Waterloo,WD,Systems Design Engineering (Co-op only),Offer,95,Group B,,3/7/2025,Canadian,Ontario,AIF and Kira,,,,,,,,,,,,
1534,Waterloo,WD,Systems Design Engineering (Co-op only),Offer,97.5,Group A,8/17/2024,5/7/2025,Canada,Ontario,AIF,"ARCT, piano competition awards, rock climbing exec and member, band, music fundraiser leader, camp counselor",,,,,,,,,,,
1535,Waterloo,WD,Systems Design Engineering (Co-op only),Offer,96.67,Group A,,5/8/2025,Canadian,Ontario,KIRA + AIF,"Vice President of major club, attended research conference in the states, tutoring for AP Chem/physics, high level sports for 6 years, varsity teams",AP courses,,,,,,,,,,
1536,Waterloo,WE,Civil Engineering (Co-op only),Offer,98,Group A,1/31/2025,2/7/2025,Canada,Ontario,Yes - KIRA and AIF,,,,,,,,,,,,
1537,Waterloo,WE,Civil Engineering (Co-op only),Offer,95.83,Group A,11/20/2024,2/7/2025,Canadian,Ontario,"AIF, KIRA",,,,,,,,,,,,
1538,Waterloo,WE,Civil Engineering (Co-op only),Offer,95.17,Group A,,2/7/2025,Canadian,Ontario,"AIF, Kira",,,,,,,,,,,,
1539,Waterloo,WE,Civil Engineering (Co-op only),Offer,92.7,Group A,10/29/2024,3/7/2025,canadian,Ontario,aif,,,,,,,,,,,,
1540,Waterloo,WE,Civil Engineering (Co-op only),Offer,95.8,Group A,1/29/2025,3/9/2025,Canads,Ontario,"KIRA, AIF","Swim instructor, Created volunteer group to pick up trash, cross country, hosa",,,,,,,,,,,
1541,Waterloo,WE,Civil Engineering (Co-op only),Offer,93.6,Group A,,3/11/2025,Canadian,Ontario,AIF,,IB,,,,,,,,,,
1542,Waterloo,WE,Civil Engineering (Co-op only),Deferred,92.17,Group A,1/30/2025,5/8/2025,Canadian,Ontario,"AIF, Optional Video Interview",,Given alternative offers for geological and environmental engineering,,,,,,,,,,
1543,Waterloo,WEA,Architectural Engineering (Co-op only),Offer,98.17,Group A,1/4/2025,2/7/2025,Yes,Ontario,"Yes, I submitted both my AIF and a 1 question KIRA interview","I have a stack of debate awards, a couple of DECA provs awards, and I'm involved in leading 6 clubs. I also dabble in badminton, music, and founding a club.","Did IB in grade 11, got 7 in math AA SL and 7 in physics SL then dipped IB for grade 12",,,,,,,,,,
1544,Waterloo,WEA,Architectural Engineering (Co-op only),Offer,97,Group A,10/22/2024,3/11/2025,Canadian Citizen,Ontario,"AIF, KIRA","Model UN president, program with NASA, Hackathons, Yearbook",AP courses,,,,,,,,,,
1545,Waterloo,WEA,Architectural Engineering (Co-op only),Offer,92,Group A,11/29/2024,5/7/2025,Canada,Ontario,"AIF, KIRA",part time job,IB 37,,,,,,,,,,
1546,Waterloo,WEB,Environment And Business,Offer,81,,10/8/2024,12/3/2024,Canada,Ontario,,"Gymnastics Coach, Cheer Coach, Decent number of clubs",ATE ON THE AIF,,,,,,,,,,
1547,Waterloo,WEE,Environmental Engineering Honours Co-op,Offer,92,,11/1/2024,12/4/2024,Canada,Ontario,,"several leadership + non-profit, youth orchestra, summer job positions",,,,,,,,,,,
1548,Waterloo,WEM,Management Engineering (Co-op),Offer,97,Group A,1/28/2025,2/7/2025,Canada,Ontario,AIF and optional Kira Interview,"Student Council, Part-time job, Other school executive clubs, Awards from creative arts festivals",Took ENG4U in summer,,,,,,,,,,
1549,Waterloo,WEM,Management Engineering,Offer,93.83,Group A,9/21/2024,3/7/2025,Canada,Ontario,AIF,,,,,,,,,,,,
1550,Waterloo,WEM,Management Engineering,Offer,93.83,Group A,10/23/2024,3/7/2025,Canada,Ontario,AIF + Interview,,,,,,,,,,,,
1551,Waterloo,WEM,Management Engineering,Offer,95,Group A,,5/7/2025,Canadian,Ontario,KIRA AIF,"business founder, environment initiative, swe internship, culture stuff, sports teams, pres of a few other clubs, impact filled clubs.",,,,,,,,,,,
1552,Waterloo,WEM,Management Engineering,Offer,94.6,Group A,,5/7/2025,Canadian,Ontario,"Kira, Good AIF, avg adj factor","Job, qsys, volunteering",,,,,,,,,,,
1553,Waterloo,WEM,Management Engineering,Offer,91,Group A,10/30/2024,5/7/2025,Canada,Ontario,"KIRA, AIF","DECA president, tech crew captain, various sports teams, Regional champ track and field",,,,,,,,,,,
1554,Waterloo,WEM,Management Engineering,Rejected,92,Group A,1/6/2025,5/14/2025,Canadian,Ontario,AIF and interview,,Was lacking in extracurriculars,,,,,,,,,,
1555,Waterloo,WER,"Honours Environment, Resources and Sustainability, Co-op",Offer,81,,10/8/2024,12/3/2024,Canada,Ontario,,"Gymnastics Coach, Cheer Coach bunch of clubs + Enviroment SHSM",ATE ON THE AIF,,,,,,,,,,
1556,Waterloo,WEV,Geography and Aviation,Offer,92,,11/16/2024,12/3/2024,Canada,Ontario,,,,,,,,,,,,,
1557,Waterloo,WEV,Geography and Aviation,Offer,90,Group A,10/30/2024,1/29/2025,Canadian,Ontario,,,,,,,,,,,,,
1558,Waterloo,WEV,Geography and Aviation,Offer,91.67,Group A,,5/4/2025,Canadian,Ontario,AIF but i submitted it like 2 months after the due date; doubt they even looked at it,"nthn important, mentor stuff, art competition, and club stuff",,,,,,,,,,,
1559,Waterloo,WEV,Geography and Aviation (Regular only),Offer,90,,11/1/2024,2/5/2025,Canada,Ontario,AIF,"Not needed, but did just in case",,,,,,,,,,,
1560,Waterloo,WF,Health Sciences (Co-op),Offer,97.5,Group A,11/1/2024,12/5/2024,Canadian,Ontario,AIF,"didnt even finish it lol, it does not matter at all",came way earlier than expected,,,,,,,,,,
1561,Waterloo,WF,Health Science,Offer,96.5,Group A,12/3/2024,2/27/2025,PM in Canada,Ontario,,,coop,,,,,,,,,,
1562,Waterloo,WF,Health Sciences (Co-op and Regular),Offer,93.83,Group A,11/5/2024,2/27/2025,Canada,Ontario,,,BOOYAH,,,,,,,,,,
1563,Waterloo,WF,Health Science (Regular),Offer,93,Group A,10/15/2024,2/28/2025,Canada,Ontario,,,,,,,,,,,,,
1564,Waterloo,WF,Health Sciences (Co-op),Offer,94.5,Group A,9/19/2024,5/5/2025,Syrian,Ontario,-,-,,,,,,,,,,,
1565,Waterloo,WF,Health Science,Offer,90.33,Group A,11/27/2024,5/5/2025,Canadian,Ontario,,,"Regular, not coop",,,,,,,,,,
1566,Waterloo,WF,Health Sciences (Co-op and Regular),Offer,94.50%,Group A,10/25/2024,5/6/2025,Canadian Citizen,Ontario,,,,,,,,,,,,,
1567,Waterloo,WF,Health Sciences (Co-op),Offer,91.8,Group A,11/2/2024,5/8/2025,Canadian,Ontario,,,,,,,,,,,,,
1568,Waterloo,WF,Health Sciences (Co-op and Regular),Offer,91.8,Group A,11/4/2024,5/8/2025,Canadian,Ontario,,,,,,,,,,,,,
1569,Waterloo,WF,Health Sciences (Regular),Offer,89.5,Group A,12/3/2024,5/9/2025,Canadian,Ontario,,,,,,,,,,,,,
1570,Waterloo,WF,Health Sciences (Co-op),Rejected,91.83,Group A,11/22/2024,5/12/2025,Canadian,Ontario,,,,,,,,,,,,,
1571,Waterloo,WGB,"Honours Global Business and Digital Arts, Co-op",Offer,95,,9/21/2024,12/3/2024,Canada,Ontario,,,,,,,,,,,,,
1572,Waterloo,WGB,Honours Global Business and Digital Arts,Offer,93.83,Group A,9/21/2024,12/3/2024,Canada,Ontario,,,,,,,,,,,,,
1573,Waterloo,WGB,"Honours Global Business and Digital Arts, Co-op",Offer,97,,11/14/2024,12/4/2024,Canada,Ontario,,,,,,,,,,,,,
1574,Waterloo,WGB,"Honours Global Business and Digital Arts, Co-op",Offer,96,,10/20/2024,12/4/2024,Canada,Ontario,,,,,,,,,,,,,
1575,Waterloo,WGB,"Honours Global Business and Digital Arts, Co-op",Offer,85.83,Group A,12/2/2024,5/5/2025,Canadian,Ontario,,,,,,,,,,,,,
1576,Waterloo,WK,"Honours Kinesiology, Co-op",Offer,85.17,Group A,12/1/2024,1/29/2025,Canadian,Ontario,,,,,,,,,,,,,
1577,Waterloo,WK,"Honours Kinesiology, Co-op",Offer,91.5,Group A,1/14/2025,1/31/2025,Canadian,Ontario,,,,,,,,,,,,,
1578,Waterloo,WK,Honours Kinesiology Regular,Offer,88.5 first semester final avg with all prereqs done (currently doing calc you can pick which math grade to give and i gave advanced functions),Group A,11/9/2024,2/27/2025,Canadian,Ontario,,,,,,,,,,,,,
1579,Waterloo,WLS,Life Sciences (Co-op and Regular) (Biomedical Sciences),Offer,96.4,,10/13/2024,11/8/2024,Canada,Ontario,,"HOSA - Exec, Army Cadets, Eco Non Profit Founder, DECA President 1x ICDC Qualified",,,,,,,,,,,
1580,Waterloo,WLS,Life Sciences Honours Regular,Offer,86,,11/11/2024,12/2/2024,Canada,Ontario,,,,,,,,,,,,,
1581,Waterloo,WLS,Life Sciences (Co-op and Regular) (Biomedical Sciences),Offer,97,,10/13/2024,12/3/2024,Canada,Ontario,,"HOSA TC, Air Cadets - Sgt, MCC - Tutor, Astronomy Club - Event Manager, Aviation/Aerospace Club - Founder",,,,,,,,,,,
1582,Waterloo,WLS,Life Sciences (Co-op and Regular),Offer,95.25,,10/29/2024,12/3/2024,Canada,Ontario,,,,,,,,,,,,,
1583,Waterloo,WLS,Life Sciences (Co-op and Regular),Offer,95,,11/8/2024,12/3/2024,Canada,Ontario,,,,,,,,,,,,,
1584,Waterloo,WLS,Life Sciences,Offer,90.25,Group A,11/22/2024,12/3/2024,Canadian,Ontario,,,,,,,,,,,,,
1585,Waterloo,WLS,Life Science Co-op,Offer,89,,10/28/2024,12/3/2024,Canada,Ontario,,"HOSA Vice President, good extra curricular, SHSM, and a lot of awards",,,,,,,,,,,
1586,Waterloo,WLS,Life Sciences (Co-Op and Regular),Offer,89,,11/4/2024,12/3/2024,Canada,Ontario,,,,,,,,,,,,,
1587,Waterloo,WLS,Life Sciences (Co-op and Regular),Offer,96,,11/10/2024,12/4/2024,Canada,Ontario,,,,,,,,,,,,,
1588,Waterloo,WLS,Life Sciences (Co-op and Regular) (Biomedical Sciences),Offer,95,,11/15/2024,12/4/2024,Canada,Ontario,,,,,,,,,,,,,
1589,Waterloo,WLS,Life Sciences Honours Regular,Offer,92,,11/11/2024,12/4/2024,Canada,Ontario,,,,,,,,,,,,,
1590,Waterloo,WLS,Life Sciences (Co-op and Regular),Offer,91,,10/23/2024,12/4/2024,Canada,Ontario,,,,,,,,,,,,,
1591,Waterloo,WLS,"Life Sciences, Honours",Offer,95,Group A,10/3/2024,12/5/2024,Canada,Ontario,,,,,,,,,,,,,
1592,Waterloo,WLS,Life Sciences (Biomedical sciences),Offer,95,Group A,10/15/2024,12/5/2024,Canadian,Ontario,,,,,,,,,,,,,
1593,Waterloo,WLS,Life Sciences (Co-op and Regular),Offer,90.97,Group A,11/10/2024,12/5/2024,Canadian,Ontario,,,,,,,,,,,,,
1594,Waterloo,WLS,Life Sciences (Biomedical sciences),Offer,92,Group A,11/25/2024,1/30/2025,Canadian,Ontario,Did not submit AIF,,Ez,,,,,,,,,,
1595,Waterloo,WLS,Life Sciences (Co-op and Regular),Offer,96,Group A,12/31/2024,1/31/2025,Canadian,Ontario,,,,,,,,,,,,,
1596,Waterloo,WLS,"Life Sciences, Honours",Offer,87.5,Group A,11/18/2024,1/31/2025,Canadian,Ontario,,,,,,,,,,,,,
1597,Waterloo,WLS,Life Science Co-op,Offer,86.56,Group A,12/19/2024,1/31/2025,Canada,Ontario,,,,,,,,,,,,,
1598,Waterloo,WLS,Life Science Co-op,Offer,88.5,Group A,11/11/2024,2/3/2025,canadian,Ontario,,,,,,,,,,,,,
1599,Waterloo,WLS,"Life Sciences, Honours",Offer,80,Group A,10/21/2024,2/26/2025,Canadian,Ontario,,,I did AP Calculus AB last year and am currently doing AP Chemistry and AP Biology,,,,,,,,,,
1600,Waterloo,WLS,Life Science (co-op) (biology),Offer,88.16,Group A,10/31/2024,4/6/2025,Yes,Ontario,AIF,,,,,,,,,,,,
1601,Waterloo,WLS,Life Sciences (Co-op and Regular) (Biomedical Sciences),Offer,92.33,Group A,10/25/2024,5/2/2025,Canadian Citizen,Ontario,,,"My advanced functions mark was pretty low for reference, an 81%.",,,,,,,,,,
1602,Waterloo,WM,Mathematics (Co-op and Regular),Offer,98,Group A,11/5/2024,3/17/2025,Canada,Ontario,AIF,"Clubs, competitions, projects, various experiences, nothing special",,,,,,,,,,,
1603,Waterloo,WM,Mathematics (Co-op and Regular),Offer,96.33,Group A,11/15/2024,3/17/2025,Canadian,Ontario,AIF,,,,,,,,,,,,
1604,Waterloo,WM,Mathematics (Co-op and Regular),Offer,96.33,Group A,1/29/2025,3/17/2025,Canadian,Ontario,AIF,,,,,,,,,,,,
1605,Waterloo,WM,Mathematics (Co-op),Offer,95.6,Group A,10/8/2024,3/17/2025,Canadian,Ontario,AIF,"SAC Treasurer, DECA Exec, Math Club President/Co-Founder, Physics Club Co-President, Volleyball Team, 300+ Volunteer Hours, Competitive Hockey, CSMC 34",,,,,,,,,,,
1606,Waterloo,WM,Mathematics,Offer,93.83,Group A,10/12/2024,3/17/2025,Canada,Ontario,AIF,swimming instructor 3+ years,already completed 6 gr 12 courses as of last semester (including required courses),,,,,,,,,,
1607,Waterloo,WM,Mathematics (Co-op),Offer,98.67,Group B,11/27/2024,4/10/2025,Canada,Saskatchewan,AIF,"Math contests (79 Euclid 2024, 144 Fermat), Math club organizer, EMACS alumnus, provincial francophone youth association board member",$20k René Descartes National Scholarship,,,,,,,,,,
1608,Waterloo,WM,Mathematics (Co-op and Regular),Offer,99.5,Group A,11/15/2024,5/8/2025,Chinese,Ontario,Yes - AIF,,,,,,,,,,,,
1609,Waterloo,WM,Mathematics (Co-op),Offer,97.67,Group A,10/8/2024,5/8/2025,Ontario,Ontario,AIF,"school ECs, DECA, founder of club, nothing crazy",,,,,,,,,,,
1610,Waterloo,WM,Mathematics,Offer,97.5,Group A,12/10/2024,5/8/2025,Canadian,Ontario,AIF,Began writing on the last day. A couple of contest distinctions,~10-11 adj factor if that matters,,,,,,,,,,
1611,Waterloo,WM,Mathematics (Co-op),Offer,96.83,Group A,10/19/2024,5/8/2025,Canadian,Ontario,AIF,music stuff,,,,,,,,,,,
1612,Waterloo,WM,Mathematics (Co-op),Offer,96.82,Group A,11/29/2024,5/8/2025,Canadian,Ontario,AIF,"5 sports + worked at theatre, several contests",,,,,,,,,,,
1613,Waterloo,WM,Mathematics (Co-op),Offer,96.33,Group A,10/30/2024,5/8/2025,Canadian,Ontario,AIF,,,,,,,,,,,,
1614,Waterloo,WM,Mathematics (Co-op),Offer,94.3,Group A,12/11/2024,5/8/2025,Canadian,Ontario,AIF,Ski instructor and some website management,,,,,,,,,,,
1615,Waterloo,WM,Mathematics (Co-op),Offer,93.67,Group A,11/8/2024,5/8/2025,Canadian citizen,Ontario,AIF,Tutored grade 9/10's + over 300 volunteer hours,"AP calculus AB, above average scores on Euclid/hypatia/fermat/intermediate math contest/ senior math contest",,,,,,,,,,
1616,Waterloo,WM,Mathematics,Offer,93.4,Group A,1/23/2025,5/8/2025,Canada,Ontario,AIF,"no idea how I got in, no competitons done, nothing big in the math world lol",,,,,,,,,,,
1617,Waterloo,WM,Mathematics (Co-op and Regular),Offer,93,Group A,11/7/2024,5/8/2025,Canadian,Ontario,AIF,"volunteering, clubs, badminton, kumon completer and instructor, etc",if i can get in you can too,,,,,,,,,,
1618,Waterloo,WM,Mathematics (Co-op),Offer,92,Group A,11/6/2024,5/8/2025,Canadian,Ontario,AIF,"Orchestra, sports achievements+coaching","96 calc , AP micro/macro",,,,,,,,,,
1619,Waterloo,WM,Mathematics (Co-op and Regular),Offer,91.67,Group A,11/16/2024,5/8/2025,Canadian,Ontario,"AIF, Euclid","Participated in school play, President of Video Club, Treasure of Art Council",,,,,,,,,,,
1620,Waterloo,WM,Mathematics (Co-op and Regular),Offer,91.33,Group A,12/18/2024,5/8/2025,Canada,Ontario,Yes (AIF),"CSMC (29) and Euclid (below average), 12 extracurriculars (nothing special, mostly sports)",I did a medical circumstances form bc I took gr 12 functions twice bc I had medical issues the first time,,,,,,,,,,
1621,Waterloo,WM,Mathematics (Co-op),Offer,93,Group A,1/7/2025,5/9/2025,Canada,Ontario,AIF,"Average Euclid Score, president of chess club, participant in math club and stem club",,,,,,,,,,,
1622,Waterloo,WM,Mathematics,Offer,92,Group B,1/11/2025,5/9/2025,Canadian,Ontario,"President of philosophy club, Volunteered at a bunch of places, 49/100 Euclid",,Did IB math and Chen,,,,,,,,,,
1623,Waterloo,WM,Mathematics (Co-op and Regular),Offer,91.2,Group A,11/23/2024,5/9/2025,Canadian,Ontario,AIF,250+ Volunteer Hours; Science Club Executive; Camp Councillor; Web Development Project,,,,,,,,,,,
1624,Waterloo,WM,Mathematics (Co-op and Regular),Rejected,98.33,Group A,11/1/2024,5/14/2025,Canadian,Ontario,AIF,,,,,,,,,,,,
1625,Waterloo,WMB,Mathematics/Business Administration (Co-op and Regular) (Information Technology Management (co-op optional)),Offer,96.33,Group A,11/15/2024,3/17/2025,Canadian,Ontario,AIF,,,,,,,,,,,,
1626,Waterloo,WMF,Mathematics/Financial Analysis and Risk Management (Regular/Co-op),Offer,95.6,Group A,10/8/2024,3/17/2025,Canadian,Ontario,AIF,"SAC Treasurer, DECA Exec, Math Club President/Co-Founder, Physics Club Co-President, Volleyball Team, 300+ Volunteer Hours, Competitive Hockey, CSMC 34",,,,,,,,,,,
1627,Waterloo,WMF,Mathematics/Financial Analysis and Risk Management (Regular/Co-op),Offer,94,Group A,10/12/2024,3/17/2025,Canadian,Ontario,AIF,"Hypatia, CSMC & Euclid Distinction, Shad Program, some business competitions & volunteers, 5 on both AP Calc BC & AP Microeconomics",our school has a pretty high adjustment factor,,,,,,,,,,
1628,Waterloo,WMF,Mathematics/Financial Analysis and Risk Management (Regular/Co-op),Offer,92,Group A,11/3/2024,3/17/2025,Canadian,Ontario,Aif,"1 school club head, math tutoring, ap calc bc 5",,,,,,,,,,,
1629,Waterloo,WMF,Mathematics/Financial Analysis and Risk Management,Offer,94,Group A,,3/18/2025,Canadian,Ontario,,,,,,,,,,,,,
1630,Waterloo,WMF,Mathematics/Financial Analysis and Risk Management (Regular/Co-op),Offer,95.17,Group A,12/14/2024,5/8/2025,Canada,Ontario,AIF,,,,,,,,,,,,
1631,Waterloo,WMF,Mathematics/Financial Analysis and Risk Management (co-op),Offer,94.5,Group A,10/18/2024,5/8/2025,Canada,Ontario,AIF,"12 years of piano, misc small comps; 6 years of debate, mediocre comp standings; few mid math comps; debate club & programming club president; fashion blogger",,,,,,,,,,,
1632,Waterloo,WMT,Mechatronics Engineering (Co-op only),Offer,96,Group A,1/31/2025,2/7/2025,China,Ontario,AIF,"Notable Waterloo Math Contests Accomplishments: 2024 Euclid Math Contest Student Champion, 2nd Place with 99% score, $500 Cash Prize (Team National Champion); 2024 Fermat Math Contest Student Champion, $200 Cash Prize; 2022 Canadian Intermediate Math Contest Student Champion, $300 Cash Prize; Additional: Made Honour Roll on every other Waterloo math contests since 2022 besides Euclid 2022 (I was underage - grade 9, so 1 point off) and Hypatia 2024 (completely skill issued this one) Other Math Contests: 4x AIME Qualifier; Canadian Open Mathematics Challenge - Canadian Championship Honourable Mention",,,,,,,,,,,
1633,Waterloo,WMT,Mechatronics Engineering (Co-op only),Offer,98.2,Group B,11/11/2024,3/7/2025,Canada,Ontario,"AIF, KIRA","Regional youth council, robotics team leader, music stuff",,,,,,,,,,,
1634,Waterloo,WMT,Mechatronics Engineering (Co-op Only),Offer,97.83,Group A,,3/7/2025,Canadian,Ontario,"KIRA, AIF",,,,,,,,,,,,
1635,Waterloo,WMT,Mechatronics Engineering (Co-op only),Offer,97.6,Group A,10/10/2024,3/7/2025,Canadian,Ontario,KIRA and AIF,"Competitive dance, Iaido, Piano/Voice lessons",AP Calculus,,,,,,,,,,
1636,Waterloo,WMT,Mechatronics Engineering (Co-op only),Offer,97.5,Group A,10/16/2024,3/7/2025,Canadian,Ontario,AIF,"2x 1 month CO-OP; one of them being engineering related. Talked about Biking, volunteering, and barely about engineering.",The ECs that saved me were the coops that I did through my school. gl.,,,,,,,,,,
1637,Waterloo,WMT,Mechatronics Engineering (Co-op only),Offer,97.33,Group A,1/31/2025,3/7/2025,Canadian,Ontario,AIF + Kira,,,,,,,,,,,,
1638,Waterloo,WMT,Mechatronics Engineering (Co-op only),Offer,97.17,Group A,1/15/2025,3/7/2025,,,"AIF, KIRA","Shad, founded math club, co-chair of environment club, programmed arduinos in my spare time",,,,,,,,,,,
1639,Waterloo,WMT,Mechatronics Engineering (Co-op only),Offer,96.2,Group A,10/8/2024,3/7/2025,Canadian,Ontario,"AIF, KIRA","Student Researcher at UW, Math club Executive, Math and Science Help Executive, DECA Vice President, Junior Badminton Coach, FRC Team member, Programming Class Teacher, Co-Founder of a startup that runs engineering events, Senior Varsity Badminton",,,,,,,,,,,
1640,Waterloo,WMT,Mechatronics Engineering (Co-op only),Offer,95.5,Group A,1/29/2025,3/7/2025,canadian,Ontario,AIF,"a few contests awards, part time job, volunteering, clubs, etc..",,,,,,,,,,,
1641,Waterloo,WMT,Mechatronics Engineering (Co-op only),Offer,95,Group A,1/31/2025,3/7/2025,Canadian,Ontario,"AIF, KIRA",,,,,,,,,,,,
1642,Waterloo,WMT,Mechatronics Engineering (Co-op only),Offer,93.16,Group A,1/8/2025,3/7/2025,Canada,Ontario,"AIF, Kira","Volleyball team, part time retail job",Average adjustment factor,,,,,,,,,,
1643,Waterloo,WMT,Mechatronics Engineering (Co-op only),Offer,92.67,Group B,,3/11/2025,Canadian,Alberta,AIF,,,,,,,,,,,,
1644,Waterloo,WMT,Mechatronics Engineering (Co-op only),Offer,~92.5 (US system),Group B,12/15/2024,3/13/2025,United States,"Maryland, USA","KIRA, AIF","Mechatronics internship, co-president/captain robotics club and FTC team",Took 5 STEM AP courses and got 5s,,,,,,,,,,
1645,Waterloo,WMT,Mechatronics Engineering (Co-op only),Offer,100,Group B,5/5/2025,3/14/2025,Canadian,Spain,"Yes, AIF for engineering at Waterloo. asked about leadership, compassion and career plan.","DofE gold, math tutor, robotics/coding competitions, weightlifting",,,,,,,,,,,
1646,Waterloo,WMT,Mechatronics Engineering (Co-op only),Offer,94.2,Group B,1/10/2025,3/31/2025,Canadian/Korean,International school in Korea,"AIF, KIRA","Engineering camp, side projects, varisty sports, coaching middle school",5 on 5 AP exams.,,,,,,,,,,
1647,Waterloo,WMT,Mechatronics Engineering (Co-op only),Offer,94,Group A,10/18/2024,4/11/2025,Canadian,Ontario,AIF and Kira,"Lifeguard, Robotics Founder, Math Club Participant, Local Hackathon Organizer, Varsity Volleyball and Track, house league hockey, honour role, tech award, and won a team math competition within my school board.",I made a request for an earlier acceptance due to a UBC deadline,,,,,,,,,,
1648,Waterloo,WMT,Mechatronics Engineering (Co-op only),Offer,96.83,Group A,10/13/2024,5/7/2025,Canada,Ontario,AIF & KIRA,"Pretty decent ec's good supp app, no internship",,,,,,,,,,,
1649,Waterloo,WMT,Mechatronics Engineering (Co-op only),Offer,95.17,Group A,11/11/2024,5/7/2025,Canadian,Ontario,"AIF, KIRA interview",,,,,,,,,,,,
1650,Waterloo,WMT,Mechatronics Engineering (Co-op only),Deferred,95.6,Group A,,5/8/2025,Canadian,Ontario,AIF,Stuff in the past; mid ECs,deffered to nano,,,,,,,,,,
1651,Waterloo,WMT,Mechatronics Engineering (Co-op only),Offer,96.83,Group A,10/29/2024,5/8/2025,Canadian,Ontario,AIF,"Robotics Club President, Good math contest scores, 5 on AP Physics 1",,,,,,,,,,,
1652,Waterloo,WMT,Mechatronics Engineering (Co-op only),Rejected,95.2,Group A,1/11/2025,5/14/2025,Canada,Ontario,AIF + Interview,"ECs: DECA 3x ICDC qualifier, 4th place ICDC finalist, club exec, math club member; cs club member; varsity baseball; tutoring; violin; math and cs contests. Decent AIF responses and interview.","11.4 adj factor, 2.8 below the 14.2 Ontario common one this year. I think it was abnormally competitive this year, since a whole bunch of my friends got CE. Going to UofT Chem eng.",,,,,,,,,,
1653,Waterloo,WMT,Mechatronics Engineering (Co-op only),Rejected,90.5,Group B,12/27/2024,5/14/2025,Canadian,Ontario,AIF,"McMaster Engineering Physics Lab intern - programmed telescope and drone for alignment for optical communication; Schulich leader nominee, FRC (FIRST Robotics Competition) programming team lead; Various science fair projects - AI water pollution detection drone, pipe inspection robot, device that uses machine learning to estimate future water pollution levels, won $5000+ dollars, qualified for Canada Wide Science Fair, International Science and Engineering Fair (could not attend due to difficulties with cross border travel at this time), selected to present at an international youth research conference; paper published in national journal; ran an initiative in my community where I taught 20+ kids how to code; founded coding club at my school; DECA VP- 2X provincial finalist; Multiple AI projects - cancer cell classifier, car feed object detection model etc.; Assistant math teacher; played volleyball for school; Student Council General Events Chair;",Full IB Course load. DO NOT DO IB!!!,,,,,,,,,,
1654,Waterloo,WMT,Mechatronics Engineering (Co-op only),Offer,97.66,Group A,10/20/2024,,Canadian,Ontario,KIRA and AIF,"Research Position at UW, President of local Engineering Community, FRC, Engineering Club Pres at school, Summer Jobs, Martial Arts for 12 years",,,,,,,,,,,
1655,Waterloo,WN,Mathematics/CPA,Offer,95,Group A,10/15/2024,3/17/2025,Canadian,Ontario,AIF,,,,,,,,,,,,
1656,Waterloo,WN,Mathematics/CPA,Offer,93.83,Group A,10/12/2024,3/17/2025,Canada,Ontario,AIF,swim instructor for 3+ years,already completed 6 gr 12 courses as of last semester (including required courses),,,,,,,,,,
1657,Waterloo,WN,Mathematics/CPA (Co-op Only),Offer,95.17,Group A,10/21/2024,5/8/2025,Canada,Ontario,AIF,,,,,,,,,,,,
1658,Waterloo,WNT,Nanotechnology Engineering (Co-op only),Offer,92,Group A,1/20/2025,2/1/2025,Canadian,Ontario,Kira Aif,"Entrepreneurship club, cadets, library volunteering",,,,,,,,,,,
1659,Waterloo,WNT,Nanotechnology Engineering (Co-op only),Offer,94,Group A,10/2/2024,2/7/2025,Canada,Ontario,AIF,"hackathons, uoft summer programs, part time coding job",$2 000 entrance scholarship,,,,,,,,,,
1660,Waterloo,WNT,Nanotechnology Engineering (Co-op only),Offer,94,Group A,1/30/2025,2/7/2025,Canada,Ontario,"KIRA, AIF","JOBS: assistant robotics coach (vex iq), demetres hostess, tutor; CLUBS: engineering and robotics club president, toronto science fair club president, NYASJA student researcher, QSYS participant, VEX VRC lead designer on team AWARDS: Robotics: VEX Worlds (internationally qualified), 7x other VEX awards, 3x Hackathon winner; Dance: Taoli World Dance (internationally qualified), 11x 1st place and awards in various dance competitions (provincial, regionals); Wushu: 2nd place (regional), 3rd place (provincial)",My grades are pretty low for Waterloo eng so if you do well in EC's (winning international competitions) then you can get in easier,,,,,,,,,,
1661,Waterloo,WNT,Nanotechnology Engineering (Co-op only),Offer,94.4,Group A,10/15/2024,2/8/2025,Canada,Ontario,Yes - Kiratalent interview + About me form,Mentioned that I heard of nanotechnology somewhere and thought it was interesting.,N/A,,,,,,,,,,
1662,Waterloo,WNT,Nanotechnology Engineering (Co-op only),Offer,93,Group A,10/2/2024,3/7/2025,Canada,Ontario,"AIF, KIRA","Lots of interest in nano engineering, material science, electronics, hackathons (hardware and software), put nano for first choice (even though I did technically have the grades for tier 2 engineering, nano caught my eye). Found interest in the program, and showed my ECs that connected with it. Along with that, also head of cultural clubs and mun, played comp soccer and rec football, air cadets, volunteering at universities, and aforementioned hackathons.","Even though my grades weren't awful they certainly weren't the top of the batch, but my supp app played a huge role. DO GOOD ON UR SUPP APP!!",,,,,,,,,,
1663,Waterloo,WNT,Nanotechnology Engineering (Co-op only),Offer,88,Group A,11/6/2024,3/11/2025,Canadian,Ontario,"KIRA, AIF",,Gr11 marks were trash. Just lock in for grade 12. Discord: jonnyo.,,,,,,,,,,
1664,Waterloo,WNT,Nanotechnology Engineering (Co-op only),Offer,95.17,Group A,11/11/2024,5/8/2025,Canadian,Ontario,"KIRA Interview, AIF",,,,,,,,,,,,
1665,Waterloo,WP,Planning (Co-Op),Offer,97.8,Group A,10/16/2024,12/3/2024,Canada,Ontario,,,,,,,,,,,,,
1666,Waterloo,WP,Planning (Co-Op),Offer,95,Group A,11/11/2024,12/3/2024,Canadian,Ontario,,,,,,,,,,,,,
1667,Waterloo,WP,Planning (Co-Op),Offer,94.33,Group A,10/26/2024,12/3/2024,Yes,Ontario,,,Committed !,,,,,,,,,,
1668,Waterloo,WP,Planning (Co-Op),Offer,93,,10/3/2024,12/3/2024,Canada,Ontario,,,,,,,,,,,,,
1669,Waterloo,WP,Planning (Co-Op),Offer,91,,11/19/2024,12/3/2024,Canada,Ontario,,,"Conditional: maintain top 6 80% and ENG4U 75%, took ENG4U in summer school.",,,,,,,,,,
1670,Waterloo,WP,Planning (Co-Op),Offer,96,,11/1/2024,12/4/2024,Canada,Ontario,,IB programme so I already had 3 grade 12 OSSD courses completed from last year + 3 from this year,,,,,,,,,,,
1671,Waterloo,WP,Planning (Co-Op),Offer,91,,11/18/2024,12/4/2024,Canada,Ontario,,,,,,,,,,,,,
1672,Waterloo,WP,Planning (Co-Op),Offer,91,Group A,11/20/2024,5/4/2025,Canadian,Ontario,,,floor loot program,,,,,,,,,,
1673,Waterloo,WP,Planning (Co-Op),Offer,85.83,Group A,12/2/2024,5/5/2025,Canadian,Ontario,,,,,,,,,,,,,
1674,Waterloo,WPS,Physical Sciences Honours Co-Op,Offer,98.8,,10/18/2024,12/3/2024,Canada,Ontario,,,,,,,,,,,,,
1675,Waterloo,WPS,Physical Sciences Honours Co-Op,Offer,94,,10/16/2024,12/3/2024,Canada,Ontario,,,,,,,,,,,,,
1676,Waterloo,WPS,Physical Sciences (Co-op and Regular),Offer,94,,11/16/2024,12/3/2024,Canada,Ontario,,Top 25 in SIN Contest and distinction award in all of the Waterloo contests,,,,,,,,,,,
1677,Waterloo,WPS,Physical Sciences (Co-op and Regular) (Astronomy/Physics (co-op optional)),Offer,93,,10/15/2024,12/3/2024,Canada,Ontario,,,,,,,,,,,,,
1678,Waterloo,WPS,Physical Sciences (Co-op and Regular) (Mathematical Physics (co-op optional),Offer,95,,11/22/2024,12/4/2024,Canada,Ontario,,,,,,,,,,,,,
1679,Waterloo,WPS,Physical Sciences (Co-op and Regular),Offer,93.75,Group A,11/3/2024,12/4/2024,Canada,Ontario,,,,,,,,,,,,,
1680,Waterloo,WPS,Physical Sciences (physics & astronomy) (co-op),Offer,93.2,Group A,10/15/2024,12/4/2024,Canada,Ontario,,,,,,,,,,,,,
1681,Waterloo,WPS,Physical Sciences,Offer,89.17%,Group A,11/6/2024,12/4/2024,Canada,Ontario,,,IBDP student,,,,,,,,,,
1682,Waterloo,WPS,Physical Sciences (Co-op and Regular) (Biological and Medical Physics (co-op optional)),Offer,96,,11/3/2024,12/5/2024,Canada,Ontario,,,,,,,,,,,,,
1683,Waterloo,WPS,Physical Sciences Honours Co-Op,Offer,92.5,Group A,10/14/2024,12/5/2024,Canadian,Ontario,,,,,,,,,,,,,
1684,Waterloo,WPS,Physical Sciences (Co-op and Regular) (Astronomy/Physics (co-op optional)),Offer,97.7,,9/26/2024,12/6/2024,Canada,British Columbia,,Canadian IPhO Training Camp Qualifier,,,,,,,,,,,
1685,Waterloo,WPS,Physical Sciences (Co-op and Regular) (Chemistry (co-op optional)),Offer,96,,11/5/2024,12/6/2024,Canada,Ontario,,,,,,,,,,,,,
1686,Waterloo,WPS,Physical Sciences Honours Co-Op,Offer,94,,10/22/2024,12/10/2024,Canada,Ontario,,Debate co-head,,,,,,,,,,,
1687,Waterloo,WPS,Physical Sciences (Co-op),Offer,92,Group A,10/24/2024,1/21/2025,Canada,Ontario,,,,,,,,,,,,,
1688,Waterloo,WPS,Physical Sciences,Offer,94,Group A,11/3/2024,1/31/2025,Citizen,Ontario,,,,,,,,,,,,,
1689,Waterloo,WPS,Physical Sciences,Offer,90,Group A,10/17/2024,2/26/2025,Canada,Ontario,AIF,,My English mark dropped my average but did not meet standards for the application at a 67 where the min was 70. They definitely accepted bc of math grades being so high,,,,,,,,,,
1690,Waterloo,WPS,Physical Sciences Honours Co-Op,Offer,95,Group B,1/14/2025,3/12/2025,Canada,Alberta,,,,,,,,,,,,,
1691,Waterloo,WPS,Physical Sciences,Offer,86,Group A,12/11/2024,5/2/2025,Canada,Ontario,,,,,,,,,,,,,
1692,Waterloo,WPS,Physical sciences (astronomy/physics),Offer,80.35,Group B,12/12/2024,5/3/2025,Canadian,Quebec,,,,,,,,,,,,,
1693,Waterloo,WR,Architecture (Co-op only),Offer,94,,,4/28/2025,Canadian,Ontario,"Portfolio, interview, english précis test",,,,,,,,,,,,
1694,Waterloo,WS,Honours Science (Regular only),Offer,96,,10/13/2024,12/6/2024,Canada,Alberta,,,,,,,,,,,,,
1695,Waterloo,WS,"Honours Health Sciences, Regular",Offer,93.33,Group A,11/11/2024,2/27/2025,Canada,Ontario,,,$2k entry scholarship + $500 faculty scholarship,,,,,,,,,,
1696,Waterloo,WS,"Honours Health Sciences, Co-op",Offer,93.33,Group A,11/11/2024,2/27/2025,Canada,Ontario,,,$2k entrance scholarship + $500 faculty scholarship,,,,,,,,,,
1697,Waterloo,WSB,Science and Business (Co-op and Regular),Offer,95,,9/21/2024,12/3/2024,Canada,Ontario,,,,,,,,,,,,,
1698,Waterloo,WSB,Science and Business,Offer,93.83,Group A,9/21/2024,12/3/2024,Canada,Ontario,,,,,,,,,,,,,
1699,Waterloo,WSB,"Science and Business, Regular",Offer,87.6,,10/16/2024,12/3/2024,Canada,Ontario,,,,,,,,,,,,,
1700,Waterloo,WSB,Science and Business,Offer,84.5,Group A,11/18/2024,1/26/2025,Canadian,Ontario,,,,,,,,,,,,,
1701,Waterloo,WSB,Science and Business,Offer,84,Group A,11/12/2024,1/30/2025,Canadian,Ontario,,,,,,,,,,,,,
1702,Waterloo,WSF,Sustainability and Financial Management (Co-op only),Offer,94.67,Group A,1/12/2025,3/11/2025,Canadian,Ontario,SAFAA (KIRA),Talked about experience as a swim instructor.,,,,,,,,,,,
1703,Waterloo,WSF,Sustainability and Financial Management (Co-op only),Offer,90.16,Group A,11/11/2024,4/11/2025,Canadian,Ontario,AIF,,,,,,,,,,,,
1704,Waterloo,WSO,Software Engineering (Co-op only),Offer,99,Group A,1/7/2025,3/7/2025,Canada,Ontario,AIF & KIRA,,,,,,,,,,,,
1705,Waterloo,WSO,Software Engineering (Co-op only),Offer,98.17,Group A,1/30/2025,3/7/2025,Canadian,Ontario,"Yes, AIF","Math Club, Cadets, eng team, senior training officer and ALP at cadets Tutoring, a bunch of math contests, volunteering with school clubs and sports teams, played on some of those teams, Athletic Council, reached ahead with high marks in ICS4U, MHF4U and MCV4U, Schulich leader nominee and a bunch of academic awards based on grades","I think I'm the only one at my school that got eng at Waterloo first round, average adjustment factor. Still waiting on CS",,,,,,,,,,
1706,Waterloo,WSO,Software Engineering (Co-op only),Offer,98,Group A,1/31/2025,3/7/2025,Canada,Ontario,AIF + Kira Interview,"professional classical pianist w/ awards, uw math paper, hackathon wins, university calculus 1 & 2 tutor",yes i am a huge fraud. no im not sorry,,,,,,,,,,
1707,Waterloo,WSO,Software Engineering (Co-op only),Offer,97.5,Group A,1/15/2025,3/7/2025,Canadian,Ontario,AIF,,,,,,,,,,,,
1708,Waterloo,WSO,Software Engineering (Co-op only),Offer,97.5,Group A,9/18/2024,3/7/2025,Canada,Ontario,Kira + AIF,"Internship + coding experience heavily related to a passion I wrote about in the aif, good leadership ec’s and diverse hobbies for 2+ years, 7 hackathons, SHAD",IBDP Math/Physics SL 7 + AP Calc BC 5,,,,,,,,,,
1709,Waterloo,WSO,Software Engineering (Co-op only),Offer,97,Group A,10/18/2024,3/7/2025,Canada,Ontario,"Kira, AIF",,best march break present ever~ >$20k scholarship (I don't wanna get doxxed lol and idk how rare this scholarship is),,,,,,,,,,
1710,Waterloo,WSO,Software Engineering (Co-op only),Offer,97,Group A,2/1/2025,3/7/2025,Canadian,Ontario,KIRA and AIF,"Hackathon co-founder, software internship, 4x hackathon winner, RCM ARCT, 4x club exec",AP,,,,,,,,,,
1711,Waterloo,WSO,Software Engineering (Co-op only),Offer,96,Group A,10/1/2024,3/7/2025,visa,Ontario,"AIF, KIRA Talent video interview","Coding club founder, FRC software dev, Web dev job, LAUNCH Waterloo assistant coach, social media app creator, made an app for school during COVID, bunch of personal coding projects, and many experiences in diverse coding languages.",scored 5 on AP Calc BC but I don't think this helped.,,,,,,,,,,
1712,Waterloo,WSO,Software Engineering (Co-op only),Offer,95.67,Group A,1/31/2025,3/7/2025,Canada,Ontario,"AIF, KIRA","Summer job (non-tech) + part time job, environmental initiatives, part of city-wide youth climate action council, green council prez, coding club senior lecturer, distinction on CCC/CSMC, robotics club VP, swim team, wrote about a conversation I had with a UW faculty member.","AP Calc BC, CS A, stats, low adjustment (yes I'm a fraud 😭😭)",,,,,,,,,,
1713,Waterloo,WSO,Software Engineering (Co-op only),Offer,95.5,Group A,1/29/2025,3/7/2025,Canadian,Ontario,"Kira, AIF",Several ecs but almost none tech related. maybe the interview carried me,"sandwich.07 on discord, feel free to reach out! gl everyone <3",,,,,,,,,,
1714,Waterloo,WSO,Software Engineering (Co-op only),Offer,97.5,Group B,12/2/2024,3/12/2025,Canada,Alberta,"AIF, KIRA","consistent top 50 contest scorer in the province, a provincial comp sci contest winner, creator of a deep learning library, and founder of the schools science/math clubs. Dual 1st degree black belt in taekwondo. School badminton as well.",Went a STEM school in Alberta as the first graduating class.,,,,,,,,,,
1715,Waterloo,WSO,Software Engineering (Co-op only),Offer,89.17,Group B,9/21/2024,3/12/2025,Canada,Quebec,AIF + KIRA Interview,"Notable ECs: Sub-Captain of school robotics team, Teaching Assistant of Programming courses, Maintainer/Contributor of Open Source Software; Contests: CCC Senior 2024 & CSMC 2024, both top 25%","Quebec CEGEP student, so with a pretty low adj. factor.",,,,,,,,,,
1716,Waterloo,WSO,Software Engineering (Co-op only),Offer,"I'm a university student so it's acc top 5, but it's a 91",Group B,11/15/2024,3/13/2025,Korea (Canadian PR),Nova Scotia,KIRA interview and AIF,"Summer tech internship at local university, Debate Coach, Chess Player (2nd in province)",I'm a University transfer student.,,,,,,,,,,
1717,Waterloo,WSO,Software Engineering (Co-op only),Offer,98,Group B,,3/28/2025,Canadian,British Columbia,AIF/KIRA,USACO Gold/ CCC 49/ Research Internship / DofE Silver Award,You can message me on discord @raspcherry if you want to talk to me. Good Luck to future applicants.,,,,,,,,,,
1718,Waterloo,WSO,Software Engineering (Co-op only),Offer,97.3,Group B,1/1/2025,3/28/2025,Permanent Resident,Alberta,"KIRA, AIF",I had a lot of ECs,Predicted IB 43/45,,,,,,,,,,
1719,Waterloo,WSO,Software Engineering (Co-op only),Offer,98.5,Group A,11/15/2024,4/10/2025,Chinese,Ontario,Yes - AIF + KIRA,,,,,,,,,,,,
1720,Waterloo,WSO,Software Engineering (Co-op only),Offer,98.5,Group A,11/13/2024,5/7/2025,Canadian,Ontario,"AIF, KIRA","Research assistant, FRC design lead, charity organizer, FLL mentor, 'CodeReach' instructor and organizer, some CEMC distinctions, hackathon wins, several personal projects",`doomsy.` on discord... message me! (remember the period),,,,,,,,,,
1721,Waterloo,WSO,Software Engineering (Co-op only),Offer,98,Group A,1/15/2025,5/7/2025,Visa,Ontario,KIRA and AIF,"honour roll for Euclid and CSMC, Highest grade 11 average, a couple personal coding projects (machine learning, OOP...), very good essays, 1580 SAT score","no IB, no AP, took english online",,,,,,,,,,
1722,Waterloo,WSO,Software Engineering (Co-op only),Offer,97,Group A,,5/7/2025,Canadian,Ontario,"AIF, KIRA","Swim team assistant captain/coach, tutor, math club copresident, student council, school hackathon winner, organized school events, distinction in all contests, gauss perfect score, OFSAA bronze, ...",gg,,,,,,,,,,
1723,Waterloo,WSO,Software Engineering (Co-op Only),Offer,96.5,Group A,1/15/2025,5/7/2025,Canadian,Ontario,"AIF, KIRA","Family business, YRHacks, CS and AI Club Leader",11.8 adj factor and Group A applicant,,,,,,,,,,
1724,Waterloo,WSV,Science and Aviation,Offer,92,,11/16/2024,12/3/2024,Canada,Ontario,,,,,,,,,,,,,
1725,Waterloo,WSV,Science and Aviation (Regular only),Offer,87.83,Group A,12/1/2024,5/2/2025,Canadian,Ontario,,,,,,,,,,,,,
1726,Waterloo,WWF,Electrical Engineering (Co-op only),Offer,95.83,Group A,1/31/2025,2/7/2025,China,Ontario,AIF & KIRA (interview),"President & Founder of school's Technology Club, president of engineering club and pingpong club, Concert band and started a woodwind ensemble, RCM level 10 flute and level 8 theory, a school program where I help freshmen transition into highschool, School STEM tutor, Internship at a local retailing company, volunteer at local churches, varsity badminton and participant of badminton club","0 AP or IB courses, uncompetitive grades as well but somehow I got it in feb. discord username is Whereishin",,,,,,,,,,
1727,Waterloo,WWF,Electrical Engineering (Co-op only),Offer,95.2,Group A,11/3/2024,2/7/2025,Afghanistan,Ontario,AIF,"Volunteered for Durham Region's Newcomer LAND Program, Built a solar panel based electrical system for our house in Afghanistan. (These two are the most significant)","I would say my AIF form carried me, My grade 11 marks were not that great and were from low 80s to low 90s, grade 12 were above 95% though.",,,,,,,,,,
1728,Waterloo,WWF,Electrical Engineering (Co-op only),Offer,98.3,Group A,10/1/2024,3/7/2025,Canadian,Ontario,aif,,,,,,,,,,,,
1729,Waterloo,WWF,Electrical Engineering (Co-op only),Offer,97.5,Group A,1/28/2025,3/7/2025,Canadian Citizen,Ontario,AIF,"Did a ton of tutoring, had a summer + winter job as a camp counselor, and did some hobbying with circuitry",,,,,,,,,,,
1730,Waterloo,WWF,Electrical Engineering (Co-op only),Offer,96.67 (3.6adj factor),Group B,10/20/2024,3/12/2025,Canada,Quebec,"AIF, KIRA",Lot of tutoring + Participation in some math/physics activities in school + nth crazy,2nd year CEGEP student,,,,,,,,,,
1731,Waterloo,WWF,Electrical Engineering (Co-Op Only),Offer,98,Group B,9/23/2024,3/12/2025,Canada,Saskatchewan,AIF & Kira,"internship as a stem camp instructor, exec role in student non profit, lead role in school student initiative, student leadership council member, second place in a start up boot camp, experience thru school courses/side projects with autocad, python, and c++",,,,,,,,,,,
1732,Waterloo,WWF,Electrical Engineering (Co-op only),Offer,97.7,Group B,11/25/2024,3/13/2025,Canadian,International high school,Aif and Kira,I highlighted what i learned from each ec and the impact on my environment,,,,,,,,,,,
1733,Waterloo,WWF,Electrical Engineering (Co-op only),Offer,98.2,Group B,1/15/2025,3/31/2025,Canada,British Columbia,AIF,"Robotics (FRC and VEX IQ), Piano, Squash, Physics and Design Clubs, Physics Olympics, Work experience",Completed AP Physics 1 and AP Calc AB at time of application,,,,,,,,,,
1734,Waterloo,WWF,Electrical Engineering (Co-op only),Offer,93,Group B,1/31/2025,4/11/2025,Japanese,Japan,"AIF, KIRA",,,,,,,,,,,,
1735,Waterloo,WWF,Electrical Engineering (Co-op only),Deferred,91.2,Group A,1/28/2025,5/7/2025,Canadian Citizen,Ontario,AIF + Kira,"UW Design Team, Lots of involvement in First Robotics, Hack Club Leader, Started my own CANSAT Team",Deferred to Nanotechnology Engineering,,,,,,,,,,
1736,Waterloo,WWF,Electrical Engineering (Co-op only),Deferred,89,Group A,11/14/2024,5/7/2025,Canadian Citizen,Ontario,AIF + Kira,mid ecs,deferred to environmental engineering (chosen as alternate),,,,,,,,,,
1737,Waterloo,WWF,Electrical Engineering (Co-op only),Offer,96.17,Group A,12/27/2024,5/7/2025,Canadian,Ontario,"AIF, did KIRA interview on Jan 2 2025","helped lead some hackathons, facilitate school events, participated and then led many clubs in gr 12 (robotics, deca, debate etc..)","I was in AP. Just do decently well in school, make sure you apply early (no one else says this but it gives reviewers more time to submit their stuff)",,,,,,,,,,
1738,Waterloo,WWF,Electrical Engineering (Co-op only),Offer,96,Group A,11/6/2024,5/7/2025,Canadian,Ontario,KIRA + AIF,"above avg. AIF, good interview",no summer/night school or online courses,,,,,,,,,,
1739,Waterloo,WWF,Electrical Engineering (Co-op only),Rejected,96.33,Group A,12/18/2024,5/8/2025,People's Republic of China,Ontario,"KIRA, AIF","2024 CSMC 47 Certificate of Distinction(School Champion) , 2024 COMC Performance of Honours(School Champion) , 2025 Euclid 83 Certificate of Honours.","Waterloo eng requires applicants a high avg with at least 95+in science(eg:SCH4U, SPH4U)",,,,,,,,,,
1740,Waterloo,WWG,Geological Engineering Honours Co-op,Offer,90,Group A,12/11/2024,5/2/2025,Canadian Citizenship,Ontario,Kira and AIF,"#2 Osu!Mania Canada (100th in the world for 4k), Worked as a Manufacturing Apprentice for 6 months, Osu!Mania 4k World cup quarterfinalist.",,,,,,,,,,,
1741,Waterloo,WWH,Mechanical Engineering (Co-op),Offer,96.17,Group A,10/26/2024,3/7/2025,Canadian,Ontario,"KIRA, AIF",,,,,,,,,,,,
1742,Waterloo,WWH,Mechanical Engineering (Co-op),Offer,93.5,Group A,10/4/2024,4/10/2025,Canada,Ontario,KIRA + AIF,"2x YRAA tennis champion, 2x VEX worlds qualification, major roles in FRC Robotics, auto shop mechanic apprentice","IB program, taking HL math and physics",,,,,,,,,,
1743,Waterloo,WWH,Mechanical Engineering (Co-op),Offer,91.5,Group B,1/28/2025,4/16/2025,Canadian/Algerian,Quebec,AIF + KIRA,6 months Internship in SE company; Research Project at Concordia University (Published Paper); Rated Chess Player (45th in province + peak 15th in province); Brown Belt Karate (2nd in East Canada Championship); Co-Founder of a tutoring company (YourProf); Worked (+500h) Bell Canada; 3rd year Referee (Regional Level),"Admitted in Early Admission, but I did send and email to get an earlier admission because I was accepted in McGill which asked me to commit earlier.",,,,,,,,,,
1744,Waterloo,WWH,Mechanical Engineering (Co-op),Offer,97,Group A,11/30/2024,5/7/2025,Canadian,Ontario,"Kira, AIF","Sports team for school and high level outside of school. Volunteering at food bank, peer tutoring",Cool beans,,,,,,,,,,
1745,Waterloo,WWJ,Computer Engineering (Co-op only),Offer,98.17,Group A,1/23/2025,3/7/2025,Canada,Ontario,Kira + AIF,"~10 adjustment factor, ECs not too crazy (club leadership, sports, part-time jobs)",,,,,,,,,,,
1746,Waterloo,WWJ,Computer Engineering (Co-op only),Offer,98,Group A,10/29/2024,3/7/2025,Korean with Canadian PR,Ontario,"AIF, Kira",CEMC contests matters a lot. Also focus on extracurricular activities,AP courses don't matter. Focus on contests and extracurricular activities,,,,,,,,,,
1747,Waterloo,WWJ,Computer Engineering (Co-op only),Offer,98,Group A,11/5/2024,3/7/2025,Canada,Ontario,"KIRA, AIF","Co-founded engineering camp, clubs, small engineering competitions, personal projects, co-op",Low adjustment factor. Good luck everyone!,,,,,,,,,,
1748,Waterloo,WWJ,Computer Engineering (Co-op only),Offer,98,Group A,12/20/2024,3/7/2025,Canadian and American,Ontario,"Yes, AIF and KIRA talent interview","Can solve PDE's, have coded a compiler and an OS, math tutor, co head of school math club, had 0 awards or contest related distinctions","Technically, waterloo had no way of knowing if I actually did my EC's even though I did, leading me to believe they don't hold much merit. I think the way I communicated them was what they cared about.",,,,,,,,,,
1749,Waterloo,WWJ,Computer Engineering (Co-op only),Offer,97.5,Group A,1/30/2025,3/7/2025,Canadian,Ontario,KIRA + AIF,"Club leader, music participation, sports, robotics",,,,,,,,,,,
1750,Waterloo,WWJ,Computer Engineering (Co-op only),Offer,95.5,Group A,1/30/2025,3/7/2025,Canada,Ontario,"AIF, KIRA","Worked at a cafe, involved in local community, a lot of hardware/software projects (nothing impactful, for personal growth only)","Add me on discord at @ip4nda if you want to know more, happy to answer any questions!",,,,,,,,,,
1751,Waterloo,WWJ,Computer Engineering (Co-op only),Offer,95,Group A,11/4/2024,3/7/2025,Canada,Ontario,"Kira Interview, AIF","tons of music related ecs, part-time tutoring job, Varsity Hockey champions, Euclid 67 Gr11","88 SCH3U, fraudulent acceptance",,,,,,,,,,
1752,Waterloo,WWJ,Computer Engineering (Co-op only),Offer,93.2,Group A,10/31/2024,3/7/2025,Canada,Ontario,"KIRA, AIF","some academic clubs, sports, music, contest awards here and there + low adjustment factor",,,,,,,,,,,
1753,Waterloo,WWJ,Computer Engineering (Co-op only),Offer,97.33,Group A,12/20/2024,3/11/2025,Canada and USA,Ontario,AIF,"Tutor, 1000 hours studying math in past year, personal coding projects, math club head",,,,,,,,,,,
1754,Waterloo,WWJ,Computer Engineering (Co-op only),Offer,98.8,Group B,1/31/2025,3/12/2025,Canadian Citizen,Nova Scotia,"AIF, KIRA","Worked Two jobs, did the CSMC, Co-Founded tutoring program.",,,,,,,,,,,
1755,Waterloo,WWJ,Computer Engineering (Co-op only),Offer,97,Group B,11/28/2024,3/12/2025,Canadian,British Columbia,KIRA; AIF,"Varsity basketball & football captain; Interact club executive; STEM tutor; Computer assembly salesman; National French speech competition; Coding projects, developed an accounting firms website; Volunteering; Numerous awards.",AP Calculus BC (5),,,,,,,,,,
1756,Waterloo,WWJ,Computer Engineering (Co-op only),Offer,91.4,Group B,11/21/2024,3/13/2025,Canada,Alberta,KIRA AIF,"No notable ECs, mostly volunteer and club experiences.",Enrolled in IB Diploma predicted 40/45.,,,,,,,,,,
1757,Waterloo,WWJ,Computer Engineering (Co-op only),Offer,97.8; IB 41/45,Group B,1/30/2025,4/3/2025,Canadian,Nova Scotia,"KIRA, AIF","No jobs, a lot of volunteering (mostly because of CAS), some projects that I had planned on using for IB Internal Assignments but scrapped.",I was accepted after requesting early decision since a local university had already accepted me.,,,,,,,,,,
1758,Waterloo,WWJ,Computer Engineering (Co-op only),Offer,97,Group A,11/2/2024,4/10/2025,Yes,Ontario,"AIF, KIRA",Two Summer Coding Co-ops,,,,,,,,,,,
1759,Waterloo,WWJ,Computer Engineering (Co-op only),Offer,95.66,Group A,,4/10/2025,Canadian,Ontario,"AIF, KIRA","avg adj factor, vp robotics club, exec computer club, FTC World Championship invitation 2022, VRC World Championship invitation 2025(but i only wrote ontario provincial invitation at time of application), ccc 2024 36/75 senior, math contest distinctions ~top 6%, badminton training + job,","IB student 39/45 predicted (HL Chem, HL English A Lit, HL Econ, SL Math AA, SL French B, SL Physics)",,,,,,,,,,
1760,Waterloo,WWJ,Computer Engineering (Co-op only),Offer,95.5,Group B,1/7/2025,4/14/2025,Canadian,Alberta,"KIRA, AIF","League Soccer, Vex Robotics, Track & Field Team, Cross Country Team, A lot of Math, Physics, and Chemistry Contests, Science Fair, Science Olympics, Volunteering",IB Certificate Student,,,,,,,,,,
1761,Waterloo,WWJ,Computer Engineering (Co-op only),Offer,98.5,Group A,10/23/2024,5/7/2025,Canada,Ontario,Yes KIRA and AIF,"It was okay I guess (band mainly, and then i think my interview was good)",i think the average carried it,,,,,,,,,,
1762,Waterloo,WWJ,Computer Engineering (Co-op only),Rejected,98.5,Group A,11/4/2024,5/14/2025,Canadian,Ontario,"Kira, AIF","not the best ecs, but interview went well imo",average adjustment factor,,,,,,,,,,
1763,Waterloo,WWJ,Computer Engineering (Co-op only),Rejected,95.5,Group A,10/15/2024,5/14/2025,Canadian,Ontario,AIF,Missed the optional kira talent interview,,,,,,,,,,,
1764,Waterloo,WWJ,Computer Engineering (Co-op only),Rejected,95,Group A,,5/14/2025,Canadian,Ontario,"AIF, Kira","UCMAS Tutor, Website Freelancer, Regional Soccer Team Player",,,,,,,,,,,
1765,Waterloo,WXY,Accounting and Financial Management (Co-op Only),Offer,96.25,Group A,10/21/2024,3/8/2025,Canada,Ontario,SAFAA,,,,,,,,,,,,
1766,Waterloo,WXY,Accounting and Financial Management (co-op only),Offer,low 90s,Group A,10/18/2024,3/11/2025,Canada,Ontario,,,,,,,,,,,,,
1767,Waterloo,WXY,Accounting and Financial Management,Offer,99.2,Group A,,3/11/2025,Canadian,Ontario,SAFAA,idt waterloo asks for EC's,,,,,,,,,,,
1768,Waterloo,WXY,Accounting and Financial Management,Offer,94.67,Group A,1/12/2025,3/11/2025,Canadian,Ontario,KIRA (SAFAA),Yapped about my experience as a swim instructor.,IB but I don't think that mattered very much.,,,,,,,,,,
1769,Waterloo,WXY,Accounting and Financial Management (Co-op Only),Offer,94.5,Group A,11/4/2024,3/11/2025,Canadian,Ontario,Kira,"Deca regionals finalst, Head coach of local skating club, worked at a bubble tea store, Game dev exec, artist, talked about valorant when talking about working together as a group","Finished G11 IB (math and physics) and ended up with 94 and 92 respectively, academic G12. It's okay to be chill don't stress to the end of the world about your uni apps, you're bound to get in :)",,,,,,,,,,
1770,Waterloo,WXY,Accounting and Financial Management,Offer,94.16,Group A,1/12/2025,3/11/2025,Canadian,Ontario,SAFAA and Trait Test,"Didn't think I did well but got accepted so can't complain, dm if you want advice or anything though",,,,,,,,,,,
1771,Waterloo,WXY,Accounting and Financial Management,Offer,93.83,Group A,10/23/2024,3/11/2025,Canada,Ontario,Kira Interview + Trait assesment,,,,,,,,,,,,
1772,Waterloo,WXY,Accounting and Financial Management,Offer,93.67,Group A,2/10/2025,3/11/2025,Canadian,Ontario,KIRA talent video interview,started a business for tutoring; led/president of a few clubs,,,,,,,,,,,
1773,Waterloo,WXY,Accounting and Financial Management (Co-op Only),Offer,92,Group A,,4/21/2025,Canada,Ontario,KIRA,,,,,,,,,,,,
1774,Waterloo,WXY,Accounting and Financial Management (Co-op only),Offer,93.5,Group A,1/14/2025,5/6/2025,Indian,Ontario,KIRA,"Internship in accounting, math club Co president/co founder, comp sci exec, be the change founder/co-president, and 200 volunteer hours.",,,,,,,,,,,
1775,Waterloo,WXY,Accounting and Financial Management (Co-op only),Offer,89.6,Group A,1/15/2025,5/6/2025,Canadian Citizen,Ontario,KIRA + Trait form,,,,,,,,,,,,
1776,Waterloo,WXY,Accounting and Financial Management (Co-op only),Offer,86.5,Group A,,5/13/2025,Canadian,Ontario,AIF and SAFAA,,,,,,,,,,,,
1777,Waterloo,WXY,Accounting and Financial Management (Co-op only),Deferred,93,Group A,11/8/2024,5/14/2025,PR,Ontario,"SAFAA, AIF",,Deferred to SFM,,,,,,,,,,
1778,Waterloo,WXY,Accounting and Financial Management (Co-op only),Deferred,92.83,Group A,11/27/2024,5/14/2025,Canadian,Ontario,KIRA,,Deferred to SFM,,,,,,,,,,
1779,Waterloo,,Legal Studies,Offer,85.5,Group A,1/15/2025,5/3/2025,Canadian,Ontario,,,,,,,,,,,,,
1780,Western,AEO,Ivey AEO,Offer,100,Group B,1/15/2025,2/5/2025,Canada,Alberta,"Kira, 2 essays",ESports operations manager and sports coach. 2 jobs (research assistant and lifeguard),,,,,,,,,,,
1781,Western,AEO,MS,Offer,98,Group B,12/27/2024,2/5/2025,Canadian,Saskatchewan,yes,,,,,,,,,,,,
1782,Western,AEO,Ivey AEO,Offer,98,Group B,1/15/2025,2/18/2025,Canadian,British Columbia,Kira,"taekwondo national team, president of business club, started a non-profit at a care home, youth spokesperson for food bank, internship at architecture firm, captain of varsity basketball",IB,,,,,,,,,,
1783,Western,AEO,Ivey AEO (with Computer Science),Offer,94.83,Group A,1/15/2025,2/18/2025,Canadian,Ontario,Ivey Supp App & KIRA,"Team Canada competitor in 3 renowned business/econ competitions, international finalist in 2; President of the 3 biggest clubs of a public high school ranked Top 10 in Ontario; National/Provincial Officer at 3 very big organizations; Schulich Leader Nominee & Western National Scholar Nominee; Wharton Global Youth LBW '24; Self-studied full scale (5) on AP Calc BC, Stats, Micro, Macro, CSA, Lang, and Psych; 1550 SAT; Competitive athlete at Rep & Varsity level.",,,,,,,,,,,
1784,Western,AEO,Ivey AEO,Offer,94.16,Group A,,3/7/2025,Canadian,Ontario,yep,"solid essays, terrible interview",,,,,,,,,,,
1785,Western,AEO,Ivey AEO,Offer,95.67,Group A,,4/4/2025,Canada,Ontario,AEO Supp App + Kira,"main essays: finlit nonprofit, investment banking internship; minor essays: deca exec, mun head del, school biz conf organizer, public speaking teacher, school culture show exec",,,,,,,,,,,
1786,Western,AEO,Ivey AEO,Rejected,97,Group A,,5/14/2025,Canadian,Ontario,KIRA + Essays,Started a club and entrepreneurial experience,guess supp app wasn't good enough,,,,,,,,,,
1787,Western,AEO,Ivey AEO,Rejected,95.67,Group A,1/13/2025,5/14/2025,Canadian,Ontario,Kira + Essays,"Deca Provs + Regionals Top 15 Exam, Winner of multiple national hackathons, student council all 4 years, first robotics team and youth council, ja vp 2 years (total 3 years of participating), gradwear representative, yearbook, ivey engagement club (also won the highschool case competition)",one of my answers for the interview was talking about how much i loved frank ocean and that honestly could've gotten me rejected,,,,,,,,,,
1788,Western,AEO,Ivey AEO,Rejected,94.17,Group B,1/5/2025,5/14/2025,Canadian,Ontario,"Video interview, Ivey Essays","McMaster Engineering Physics Lab intern - programmed telescope and drone for alignment for optical communication; Schulich leader nominee, FRC (FIRST Robotics Competition) programming team lead; Various science fair projects - AI water pollution detection drone, pipe inspection robot, device that uses machine learning to estimate future water pollution levels, won $5000+ dollars, qualified for Canada Wide Science Fair, International Science and Engineering Fair (could not attend due to difficulties with cross border travel at this time), selected to present at an international youth research conference; paper published in national journal; ran an initiative in my community where I taught 20+ kids how to code; founded coding club at my school; DECA VP 2X provincial finalist; Multiple AI projects - cancer cell classifier, car feed object detection model etc.; Assistant math teacher; played volleyball for school; Student Council General Events Chair;",Full IB course load. DON'T DO IB!!! I got annihilated this admissions cycle. I got into 1 of the 17 programs I applied to. The program that accepted me happened to be my 17th choice. Hope for the best and explore what interests you.,,,,,,,,,,
1789,Western,AEO,Ivey AEO,Rejected,98,Group A,12/10/2024,5/15/2025,Canadian,Ontario,"Kira, 2 essays, 5 paragraphs",Bad essays (didn't even realize they were meant to be written as essays lol),,,,,,,,,,,
1790,Western,AEO,Ivey AEO,Offer,95,Group A,1/14/2025,5/20/2025,Canadian Citizen,Ontario,Kira video and 2 essays,"Student council president, Deca president, MUN co-founder and vice-president, co-founder and lead editor of the yearbook club, school play coordinator and lead actress, optometry clinic front desk receptionist.",,,,,,,,,,,
1791,Western,AEO,Ivey AEO,Offer,94.5,Group A,,5/20/2025,Canadian,Ontario,KIRA,"DECA ICDC 5th place finalist, DECA Pres, Ecomm Startup Founder, Financial Literacy Non profit founder, FBLA Exec, Supervisor and swim instrucotr and lifeguard at Pool",,,,,,,,,,,
1792,Western,EA,Arts and Humanities,Offer,96,,10/16/2024,11/13/2024,Canada,Ontario,,,,,,,,,,,,,
1793,Western,EA,Arts and Humanities (English Language and Literature),Offer,89,,9/19/2024,12/10/2024,Canada,Ontario,,,,,,,,,,,,,
1794,Western,ECS,Computer Science,Offer,94.3,,11/3/2024,10/10/2024,China,Ontario,,played badminton competitively for 7 years and worked with yrp this summer,"didnt take calc yet, so i doubled adv functions, didnt take eng4u yet so i use nbe",,,,,,,,,,
1795,Western,ECS,Computer Science (Computer Science),Offer,98,,10/26/2024,11/12/2024,Canada,BC,,,,,,,,,,,,,
1796,Western,ECS,Computer Science,Offer,99,,10/12/2024,11/13/2024,Canada,Ontario,,,,,,,,,,,,,
1797,Western,ECS,Computer Science,Offer,98.83,,10/2/2024,11/13/2024,Canada,Ontario,,,,,,,,,,,,,
1798,Western,ECS,Computer Science,Offer,97,,10/28/2024,11/13/2024,Canada,Ontario,,,"They did not recieve Grade 12 midterms yet, so this decision was based fully on Grade 11",,,,,,,,,,
1799,Western,ECS,Computer Science,Offer,97,,11/6/2024,11/13/2024,Canada,Ontario,,,,,,,,,,,,,
1800,Western,ECS,Computer Science,Offer,96.8,,10/12/2024,11/13/2024,Canada,Ontario,,,,,,,,,,,,,
1801,Western,ECS,Computer Science (field of interest: Data science),Offer,96.5,,9/20/2024,11/13/2024,Canada,Ontario,,,,,,,,,,,,,
1802,Western,ECS,Computer Science (Computer Science),Offer,96,,10/25/2024,11/13/2024,Canada,Ontario,,,Acceptance was based on grade 11 Average. Finished ICS4U with 100% in grade 11.,,,,,,,,,,
1803,Western,ECS,Computer Science (Computer Science),Offer,95,,11/4/2024,11/13/2024,Canada,Ontario,,,The gr12 midterm number entered is bs I got accepted before midterms.,,,,,,,,,,
1804,Western,ECS,Computer Science (Computer Science),Offer,98.3,,11/25/2024,12/10/2024,Canada,Ontario,,,,,,,,,,,,,
1805,Western,ECS,Computer Science,Offer,97,,11/7/2024,12/10/2024,Canada,Ontario,,,,,,,,,,,,,
1806,Western,ECS,Computer Science,Offer,94.8,,11/7/2024,12/10/2024,Canada,Ontario,,,,,,,,,,,,,
1807,Western,ECS,Computer Science,Offer,93.83,Group A,11/6/2024,12/10/2024,Canadian,Ontario,,,,,,,,,,,,,
1808,Western,ECS,Computer Science,Offer,93.66,,11/5/2024,12/10/2024,Canada,Ontario,,,,,,,,,,,,,
1809,Western,ECS,Computer Science,Offer,92.5,,11/6/2024,12/10/2024,Canada,Ontario,,,,,,,,,,,,,
1810,Western,ECS,Computer Science,Offer,98,,10/15/2024,12/11/2024,Canada,Ontario,,"I have 3, all are executive positions.","I mistakenly put the choice of this program on fifth at OUAC, and I didn't get any offer. After changing it from fifth to top 3, I got the offer in just one day.",,,,,,,,,,
1811,Western,ECS,Computer Science,Offer,92.5,Group A,11/5/2024,2/28/2025,Canadian,Ontario,,,got into utm cs before western cs 😭,,,,,,,,,,
1812,Western,ECS,Computer Science,Offer,89.5,Group A,2/5/2025,2/28/2025,Ontario,Ontario,,,,,,,,,,,,,
1813,Western,ECS,CS + AEO,Offer,96.17,Group A,10/8/2024,3/6/2025,Canadian,Ontario,none (AEO interview + essay),,,,,,,,,,,,
1814,Western,ECS,Computer Science,Offer,92,Group A,,3/6/2025,Canada,Ontario,,,Waterloo CS come home,,,,,,,,,,
1815,Western,ECS,Computer Science,Offer,90.83,Group A,11/5/2024,3/6/2025,Canadian,Ontario,,,,,,,,,,,,,
1816,Western,ECS,Computer Science,Offer,89.5,Group A,11/18/2024,3/6/2025,Canada,Ontario,,,,,,,,,,,,,
1817,Western,ED,Management & Organizational Studies (Management and Legal Studies),Offer,97,,10/6/2024,11/13/2024,Canada,Ontario,,,,,,,,,,,,,
1818,Western,ED,Management & Organizational Studies (Finance),Offer,94,,10/6/2024,11/13/2024,Canada,Ontario,,,"Still applying to AEO, will update soon",,,,,,,,,,
1819,Western,ED,Management & Organizational Studies (Finance),Offer,93.5,,10/28/2024,11/13/2024,Canada,Ontario,,,,,,,,,,,,,
1820,Western,ED,Management & Organizational Studies,Offer,95,Group B,10/17/2024,11/27/2024,Canada,"MA, USA",,,,,,,,,,,,,
1821,Western,ED,Management & Organizational Studies,Offer,95,,10/17/2024,11/28/2024,Canada,MA,,,,,,,,,,,,,
1822,Western,ED,Management & Organizational Studies,Offer,96,Group A,11/3/2024,12/8/2024,Canadian,Ontario,Kira - for Ivey AEO Supp App,,Reddit User: u/Content-Coach7721,,,,,,,,,,
1823,Western,ED,Management & Organizational Studies,Offer,97,,9/30/2024,12/10/2024,China,Ontario,,,,,,,,,,,,,
1824,Western,ED,Management & Organizational Studies (Finance),Offer,97,,10/22/2024,12/10/2024,Canada,Ontario,,,,,,,,,,,,,
1825,Western,ED,Management & Organizational Studies (Finance),Offer,96,,10/8/2024,12/10/2024,Canada,Ontario,,,,,,,,,,,,,
1826,Western,ED,Management & Organizational Studies (Finance),Offer,96,,11/5/2024,12/10/2024,United States of America,Ontario,,"student council pres, yearbook vp",,,,,,,,,,,
1827,Western,ED,Management & Organizational Studies,Offer,94.67,,12/8/2024,12/10/2024,Canada,Ontario,,IB Program,,,,,,,,,,,
1828,Western,ED,Management & Organizational Studies,Offer,94,Group A,,12/10/2024,Canadian,Ontario,,,IB,,,,,,,,,,
1829,Western,ED,Management & Organizational Studies,Offer,98,,10/15/2024,12/11/2024,Canada,Ontario,,,,,,,,,,,,,
1830,Western,ED,Management & Organizational Studies,Offer,93.8,,12/1/2024,1/7/2025,Canada,Alberta,,,,,,,,,,,,,
1831,Western,ED,Management & Organizational Studies,Offer,92.67,Group A,11/6/2024,1/29/2025,Canadian,Ontario,,,,,,,,,,,,,
1832,Western,ED,Management & Organizational Studies,Offer,98.33,Group A,10/10/2024,2/4/2025,Canadian,Ontario,,,,,,,,,,,,,
1833,Western,ED,Management & Organizational Studies w/ Ivey AEO,Offer,96.8,Group A,1/15/2025,2/18/2025,Canada,Ontario,KIRA,"Deca, Theatre",,,,,,,,,,,
1834,Western,ED,Management & Organizational Studies w/ Ivey AEO,Offer,96,Group A,9/29/2024,3/6/2025,Canadian,Ontario,Kira - For Ivey AEO,"solid ec's, video interview went ok but not the best","got into bmos on thursday, accepted into ivey the day after",,,,,,,,,,
1835,Western,ED,Management & Organizational Studies,Offer,93.83,Group A,9/21/2024,3/6/2025,Canada,Ontario,,,,,,,,,,,,,
1836,Western,ED,Management & Organizational Studies w/ Ivey AEO,Offer,99.2,Group A,1/14/2025,3/7/2025,Canadian,Ontario,Ivey Supp App,DECA 3x ICDC qual; DECA/FBLC leadership; Non-profit; Other in-school EC's; Misc. finance awards,I got my Western offer like the day before AEO lmao,,,,,,,,,,
1837,Western,ED,Management & Organizational Studies (Finance) w/ Ivey AEO,Offer,96,Group A,,4/4/2025,Canada,Ontario,KIRA + Ivey Supp App,"talked about: press on nail business, ecoteam vp, math club + deca marketing exec, deca provincials, coop at tax firm, local hackathon, part time at a bubble tea chain, peer tutor x3, ivey hs case comp, qlead.; submitted the day before deadline.","i got my ivey offer like 4 months after my western so don't lose hope, especially when u see everyone get it ! reddit user YYANGG_ - feel free to ask questions :)",,,,,,,,,,
1838,Western,ED,Management & Organizational Studies w/ Ivey AEO,Offer,95,Group A,1/14/2025,4/4/2025,Canadian,Ontario,Ivey Supp. App.,,,,,,,,,,,,
1839,Western,ED,Management & Organizational Studies,Offer,95.67,Group A,12/31/2024,5/16/2025,Canadian,Ontario,,,,,,,,,,,,,
1840,Western,EDN,Management and Organizational Studies (Commercial Aviation Management) – Flight,Offer,90.67,Group A,12/1/2024,5/16/2025,Canadian,Ontario,Yes,Provided a story about how I became interested in the field. Explained volunteer and job experiences in customer service and commitment to lifesaving certifications that reflect my determination skills that could contribute to being successful in the program.,,,,,,,,,,,
1841,Western,EE,Engineering (Co-op and Regular),Offer,96.2,Group A,10/19/2024,11/8/2024,Canadian,Ontario,Casper,,,,,,,,,,,,
1842,Western,EE,Engineering (Co-op and Regular) (Mechanical Engineering),Offer,96,,9/22/2024,11/14/2024,Canada,Nova Scotia,,,Accepted on grade 11 marks (prior to midterms),,,,,,,,,,
1843,Western,EE,Engineering (Co-op and Regular),Offer,95,,10/23/2024,12/6/2024,Canada,Ontario,,highest quartile on casper test (4th quartile),,,,,,,,,,,
1844,Western,EE,Engineering (Co-op),Offer,94,Group A,10/2/2024,12/10/2024,Canada,Ontario,Casper test,scored 4th quartile,$3 500 entrance scholarship,,,,,,,,,,
1845,Western,EE,Engineering,Offer,97.67,Group A,10/10/2024,1/13/2025,Canadian,Ontario,Yes. CASPER Situational Judgement Test (acheived 4th quartile),,,,,,,,,,,,
1846,Western,EE,Engineering (Co-op and Regular),Offer,97.67,Group A,11/10/2024,1/13/2025,Canadian,Ontario,Casper Test,4th quartile on casper,,,,,,,,,,,
1847,Western,EE,Engineering (Co-op),Offer,97,,11/11/2024,1/13/2025,Canada,Ontario,,Casper 4th quartile,,,,,,,,,,,
1848,Western,EE,Engineering (Co-op and Regular) (Mechanical Engineering (co-op optional)),Offer,94.17,Group A,10/31/2024,1/13/2025,Canadian,Ontario,"Yes, Casper test",,,,,,,,,,,,
1849,Western,EE,Engineering - Mechatronic Systems Engineering (co-op optional),Offer,90.5,Group B,12/27/2024,1/13/2025,Canadian,Ontario,Casper,,First gen. Full IB course load. DON'T DO IB.,,,,,,,,,,
1850,Western,EE,Engineering,Offer,93.5,Group B,,1/23/2025,China,British Columbia,,,,,,,,,,,,,
1851,Western,EE,Engineering,Offer,98,Group A,10/28/2024,2/3/2025,Canadian,Ontario,Casper Test,4th Quartile On Casper,,,,,,,,,,,
1852,Western,EE,Engineering,Offer,93.83,Group A,9/21/2024,3/6/2025,Canada,Ontario,Casper,3rd quartile in casper,,,,,,,,,,,
1853,Western,EE,Engineering,Offer,92.3,Group A,11/7/2024,3/6/2025,Dual Citizenship,Ontario,Engineering Casper Test,"part time job, church volunteering, and guitar",,,,,,,,,,,
1854,Western,EE,Engineering (Co-op and Regular) (Mechanical Engineering),Offer,92.17,Group A,12/21/2024,3/6/2025,Canadian,Ontario,Casper Test,4th Quartile Score,,,,,,,,,,,
1855,Western,EE,Engineering (Co-op and Regular),Offer,91.5,Group A,,3/6/2025,Canadian,Ontario,Casper Test,I got within the second percentile,,,,,,,,,,,
1856,Western,EE,Engineering,Offer,89.6,Group A,11/18/2024,3/6/2025,Canada,Ontario,,,IB certificate program,,,,,,,,,,
1857,Western,EE,Engineering,Offer,88,Group A,11/30/2024,4/4/2025,India,Ontario,Casper,,,,,,,,,,,,
1858,Western,EE,Engineering,Waitlisted,90,Group A,10/20/2024,4/16/2025,Citizen,Ontario,CASPER Q4,did casper,,,,,,,,,,,
1859,Western,EE,Engineering,Offer,92.8,Group A,10/24/2024,5/7/2025,Canadian,Ontario,Casper,2nd quartile on casper,,,,,,,,,,,
1860,Western,EE,Engineering,Offer,90.5,Group A,11/22/2024,5/9/2025,Canadian,Ontario,Casper,Got a Q2 in Casper,,,,,,,,,,,
1861,Western,EE,Engineering,Offer,96,Group A,,5/16/2025,Canadian,Ontario,,,,,,,,,,,,,
1862,Western,EE,Engineering,Offer,94,Group A,1/15/2025,5/16/2025,Canadian,Ontario,Casper Test - 4th Quartile,,,,,,,,,,,,
1863,Western,EE,Engineering,Offer,91.67,Group A,11/15/2024,5/16/2025,Canadian,Ontario,"Casper, 3rd quartile",,,,,,,,,,,,
1864,Western,EE,Engineering,Offer,91.5,Group A,,5/16/2025,Canada,Ontario,Casper 4th Qt,6 years Air Cadets,,,,,,,,,,,
1865,Western,EE,Engineering,Waitlisted,96.83,Group A,10/13/2024,5/16/2025,Canadian,Ontario,CASPER,Got Q1 on casper💀,Idk why casper matters so much 💀,,,,,,,,,,
1866,Western,EE,Engineering,Offer,91.5,Group A,10/24/2024,5/17/2025,canadian,Ontario,CASPer - Q3,,,,,,,,,,,,
1867,Western,EE,Engineering,Offer,95,Group A,11/7/2024,,Canada,Ontario,CASPER,,I forgot the date that I was accepted,,,,,,,,,,
1868,Western,EE+AEO,Engineering (Co-op and Regular) + Ivey,Offer,94.6,Group A,,4/4/2025,Canadian,Ontario,Yes,,IB,,,,,,,,,,
1869,Western,Efs,Family studies and human development,Offer,90.2,Group A,11/11/2024,2/10/2025,Canada,Ontario,,,,,,,,,,,,,
1870,Western,EI,Media and Communication Studies,Offer,88.25,Group A,,1/29/2025,Canada,Ontario,,,,,,,,,,,,,
1871,Western,EKC,Childhood and Youth Studies,Offer,97,,10/14/2024,11/15/2024,Canada,Ontario,,,,,,,,,,,,,
1872,Western,EM,BMus,Offer,93,Group A,,3/25/2025,Canada,Ontario,Audition,"Lifeguard, ARCT piano, Piano teacher, Swim Instructor",,,,,,,,,,,
1873,Western,ENF,Fanshawe Collaborative Nursing,Offer,91.68,Group A,11/24/2024,5/16/2025,Canadian,Ontario,Casper - 2nd Quartile,,,,,,,,,,,,
1874,Western,ENW,Nursing BScN (Western site),Offer,96,Group A,12/15/2024,2/25/2025,Canadian,Ontario,CASPer,,,,,,,,,,,,
1875,Western,ENW,Nursing BScN (Western site),Offer,94.8,Group A,11/7/2024,2/25/2025,Canada,Ontario,CASPer on Acuity Insights,n/a,,,,,,,,,,,
1876,Western,ENW,Nursing BScN (Western site),Offer,93.2,Group A,10/15/2024,3/21/2025,canadian,Ontario,casper,this probably doesn’t have an effect on my application but i was nominated for the presidential scholarship,,,,,,,,,,,
1877,Western,ENW,Nursing BScN (Western site),Offer,93.16,Group A,10/31/2024,3/21/2025,Canadian,Ontario,casper—third quartile,,,,,,,,,,,,
1878,Western,ENW,Nursing BScN (Western site),Deferred,91,Group A,11/16/2024,5/16/2025,Canadian,Ontario,CASPER,No time to talk about ECs in supp app,Deferred to Fanshawe Site,,,,,,,,,,
1879,Western,ENW,Nursing BScN (Western site),Offer,94.5,Group A,1/13/2025,5/16/2025,Canadian,Ontario,Casper 3rd Quartile,,,,,,,,,,,,
1880,Western,ENW,Nursing BScN (Western Site),Offer,93.16,Group A,11/22/2024,5/16/2025,Canadian,Ontario,CASPer Test,2nd Quartile score,,,,,,,,,,,
1881,Western,EO,Social Science,Offer,93,,11/18/2024,11/24/2024,Canada,i live in singapore but BC is where im from,,,I took the ib! i applied with a 36.,,,,,,,,,,
1882,Western,EO,Social Science,Offer,94.67,,12/8/2024,12/10/2024,Canada,Ontario,,IB program,,,,,,,,,,,
1883,Western,EO,Social Science,Offer,96.5,Group A,,1/29/2025,Canadian,Ontario,,,,,,,,,,,,,
1884,Western,EO,Social Science (Economics),Offer,91.83,Group A,12/27/2024,2/3/2025,PR,Ontario,,,IB program,,,,,,,,,,
1885,Western,EO,Social Science,Offer,94.61,Group A,1/15/2025,3/6/2025,Canada,Ontario,,,,,,,,,,,,,
1886,Western,EO,Social Science,Offer,94.5,Group A,11/10/2024,3/6/2025,Canadian,Ontario,,,,,,,,,,,,,
1887,Western,EO,Social Science,Offer,91.4,Group A,11/7/2024,3/6/2025,Canadian,Ontario,,,Waiting for Ivey AEO,,,,,,,,,,
1888,Western,EO,Social Science,Offer,92.5,Group A,12/1/2024,5/16/2025,Canadian,Ontario,,,,,,,,,,,,,
1889,Western,EO,Social Science,Offer,91,Group A,11/6/2024,5/16/2025,Canadian,Ontario,,,,,,,,,,,,,
1890,Western,EP,Kineslology,Offer,85,Group B,10/16/2024,11/14/2024,Canadian,Spain,,,"IB predicted 39/45, 6 in HLs",,,,,,,,,,
1891,Western,EP,Kinesiology (BSc),Offer,92.2,Group A,9/21/2024,3/6/2025,Canadian,Ontario,,,,,,,,,,,,,
1892,Western,EP,Kinesiology (BSc),Offer,92.5,Group A,12/1/2024,5/16/2025,Canadian,Ontario,,,,,,,,,,,,,
1893,Western,EP,Kinesiology,Offer,92.16,Group A,11/6/2024,5/16/2025,Canadian,Ontario,,,,,,,,,,,,,
1894,Western,EP,Kinesiology,Offer,89.67,Group A,,5/16/2025,Canadian,Ontario,,,,,,,,,,,,,
1895,Western,ES,Science (Astrophysics),Offer,98.8,,10/18/2024,11/13/2024,Canada,Ontario,,,,,,,,,,,,,
1896,Western,ES,Science (Animal Behaviour),Offer,93.3,,11/16/2024,12/5/2024,Canada,Alberta,,,,,,,,,,,,,
1897,Western,ES,Science,Offer,92,Group A,11/3/2024,2/3/2025,Canadian,Ontario,,,,,,,,,,,,,
1898,Western,ES,Science,Offer,90,Group A,12/31/2024,2/28/2025,Canadian,Ontario,,,,,,,,,,,,,
1899,Western,ES,Science,Offer,94.6,Group A,1/15/2025,3/6/2025,Canadian,Ontario,,,,,,,,,,,,,
1900,Western,ES,Science,Offer,92,Group A,10/14/2024,3/6/2025,Canadian,Ontario,,,,,,,,,,,,,
1901,Western,ES,Science,Offer,91.83,Group A,11/10/2024,3/6/2025,Canadian,Ontario,,,,,,,,,,,,,
1902,Western,ES,Science (Genetics & Biochemistry),Offer,90.67,Group A,11/13/2024,3/6/2025,Canadian,Ontario,Western Integrated Science (WISc) - Supplementary Application,"talked about why i liked science, why i chose wisc and how eczema affected my life or something",,,,,,,,,,,
1903,Western,ES,Science (Genetics & Biochemistry),Rejected,90,Group B,1/21/2025,3/23/2025,Yes,Manitoba,,,,,,,,,,,,,
1904,Western,ESM,Medical Sciences,Offer,95,,9/17/2024,10/7/2024,Canada,Ontario,,,,,,,,,,,,,
1905,Western,ESM,Medical Sciences,Offer,96,,9/27/2024,11/11/2024,Canada,Ontario,,,IB programme so I already had 3 grade 12 OSSD courses completed from last year + 3 from this year,,,,,,,,,,
1906,Western,ESM,Medical Sciences,Offer,98.83,Group A,9/25/2024,11/13/2024,Canada,Ontario,,,,,,,,,,,,,
1907,Western,ESM,Medical Sciences,Offer,97.17,Group A,10/6/2024,11/13/2024,Canadian,Ontario,,,IB DP,,,,,,,,,,
1908,Western,ESM,Medical Sciences (BMSc and BSc),Offer,97,,10/17/2024,11/13/2024,Canada,Ontario,,,Got in before gr 12 midterms,,,,,,,,,,
1909,Western,ESM,Medical Sciences,Offer,96.83,,10/12/2024,11/13/2024,Canada,Ontario,,,,,,,,,,,,,
1910,Western,ESM,Medical Sciences,Offer,96.67,,10/30/2024,11/13/2024,Canada,Ontario,,,,,,,,,,,,,
1911,Western,ESM,Medical Sciences,Offer,96.5,Group A,11/9/2024,11/13/2024,Canadian,Pakistan,,,(I did A levels),,,,,,,,,,
1912,Western,ESM,Medical Sciences (Biochemistry),Offer,96.3,Group A,10/7/2024,11/13/2024,Canadian,Ontario,,,$3500 scholarship entrance,,,,,,,,,,
1913,Western,ESM,Medical Sciences (BMSc and BSc) (Medical Biophysics),Offer,96,,11/3/2024,11/13/2024,Canada,Ontario,,,,,,,,,,,,,
1914,Western,ESM,Medical Sciences,Offer,95.25,,10/29/2024,11/13/2024,Canada,Ontario,,,,,,,,,,,,,
1915,Western,ESM,Medical Sciences,Offer,94,,11/3/2024,11/13/2024,Canada,Ontario,,,,,,,,,,,,,
1916,Western,ESM,Medical Sciences,Offer,93,Group A,10/16/2024,11/13/2024,Canadian,Ontario,,,,,,,,,,,,,
1917,Western,ESM,Medical Sciences (BMSc and BSc),Offer,97,,10/27/2024,11/14/2024,Canada,Ontario,,,accepted before midterms,,,,,,,,,,
1918,Western,ESM,Medical Sciences,Offer,97,,10/14/2024,11/21/2024,Canada,British Columbia,,,,,,,,,,,,,
1919,Western,ESM,Medical Sciences,Offer,95.3,,11/16/2024,11/22/2024,Canada,BC,,,,,,,,,,,,,
1920,Western,ESM,Medical Sciences (BMSc and BSc) (Physiology & Pharmacology),Offer,99.1,,11/4/2024,11/26/2024,India,Alberta,,,,,,,,,,,,,
1921,Western,ESM,Medical Sciences (BMSc and BSc),Offer,96.8,,11/5/2024,12/6/2024,Canada,Ontario,,,,,,,,,,,,,
1922,Western,ESM,Medical Sciences,Offer,99,Group A,10/29/2024,12/10/2024,Canadian,Ontario,,,,,,,,,,,,,
1923,Western,ESM,Medical Sciences (BMSc and BSc),Offer,98.83,Group A,11/7/2024,12/10/2024,Canadian,Ontario,,,"3,5k scholarship + currently enrolled into Western's Initiative for Scholarly Excellence (WISE) program which allows 1 free uni course; I'm taking Applied Music I (piano gang😝)! Not doing AP or IB as my school doesn't offer it",,,,,,,,,,
1924,Western,ESM,Medical Sciences,Offer,97,Group A,11/1/2024,12/10/2024,Canadian,Ontario,,,"im guessing the cutoff for december round was around a 97%, my friend with a 96% got in during the February round",,,,,,,,,,
1925,Western,ESM,Medical Sciences,Offer,96.5,Group B,11/27/2024,12/10/2024,Canadian,Newfoundland and Labrador,No,,,,,,,,,,,,
1926,Western,ESM,Medical Sciences,Offer,95,Group A,10/3/2024,12/10/2024,Canada,Ontario,,,,,,,,,,,,,
1927,Western,ESM,Medical Sciences (BMSc and BSc),Offer,95,,10/11/2024,12/10/2024,Canada,Ontario,,,,,,,,,,,,,
1928,Western,ESM,Medical Sciences (BMSc and BSc),Offer,94,,11/21/2024,12/10/2024,Canada,Ontario,,,,,,,,,,,,,
1929,Western,ESM,Medical Sciences (BMSc and BSc),Offer,93.5,Group A,11/18/2024,12/10/2024,Canadian,Ontario,,,,,,,,,,,,,
1930,Western,ESM,Medical Sciences,Offer,97.16,,10/30/2024,12/12/2024,Canada,Ontario,,,,,,,,,,,,,
1931,Western,ESM,Medical Sciences,Offer,93.8,,12/1/2024,1/7/2025,Canada,AB,,,,,,,,,,,,,
1932,Western,ESM,Medical Sciences,Offer,90,Group B,10/25/2024,1/13/2025,Canadian,Alberta,,,,,,,,,,,,,
1933,Western,ESM,Medical Sciences,Offer,95.6,Group B,1/20/2025,1/24/2025,Permanent Resident,Alberta,,,"AP Chemistry (Gr11), AP Physics 1 (Gr11), AP Biology (Gr 12), AP English Literature (Gr 12), AP Statistics (Gr 12)",,,,,,,,,,
1934,Western,ESM,Medical Sciences,Offer,92.67,Group A,11/6/2024,1/29/2025,Canadian,Ontario,,,,,,,,,,,,,
1935,Western,ESM,Medical Sciences,Offer,98,Group A,10/16/2024,2/3/2025,Canadian,Ontario,,,,,,,,,,,,,
1936,Western,ESM,Medical Sciences,Offer,96.67,Group A,11/30/2024,2/3/2025,Canada,Ontario,,,,,,,,,,,,,
1937,Western,ESM,Medical Sciences,Offer,95.5,Group A,11/24/2024,2/3/2025,Canadian,Ontario,,,,,,,,,,,,,
1938,Western,ESM,Medical Sciences,Offer,94,Group A,11/20/2024,2/3/2025,Canadian,Ontario,,,,,,,,,,,,,
1939,Western,ESM,Medical Sciences,Offer,94,Group A,12/3/2024,2/3/2025,Yes,Ontario,,,,,,,,,,,,,
1940,Western,ESM,Medical Sciences,Offer,93.5,Group A,1/8/2025,2/3/2025,Canada,Ontario,,,,,,,,,,,,,
1941,Western,ESM,Medical Sciences,Offer,99,Group A,10/5/2024,3/6/2025,Canada,Ontario,,,,,,,,,,,,,
1942,Western,ESM,Medical Sciences,Offer,94,Group A,11/7/2024,3/6/2025,Canadian,Ontario,,,IB,,,,,,,,,,
1943,Western,ESM,Medical Sciences,Offer,94,Group A,11/15/2024,3/6/2025,Canada,Ontario,,,,,,,,,,,,,
1944,Western,ESM,Medical Sciences,Offer,91.6,Group A,11/18/2024,3/6/2025,Canada,Ontario,,,,,,,,,,,,,
1945,Western,ESM,Medical Sciences,Offer,90.5,Group A,11/4/2024,3/6/2025,Canadian,Ontario,,,,,,,,,,,,,
1946,Western,ESM,Medical Sciences,Offer,89.83,Group A,11/18/2024,3/6/2025,yup,Ontario,,,i also got general science at the same time,,,,,,,,,,
1947,Western,ESM,Medical Sciences (BMSc and BSc),Offer,87.5,Group A,,3/6/2025,PR,Ontario,,,,,,,,,,,,,
1948,Western,ESM,Medical Sciences,Offer,92.5,Group A,11/18/2024,5/16/2025,Canadian,Ontario,,,,,,,,,,,,,
1949,Western,ESM,Medical Sciences,Offer,91,Group A,11/3/2024,5/16/2025,Canadian,Ontario,,,,,,,,,,,,,
1950,Western,ESM,Medical Sciences,Offer,91,Group A,12/10/2024,5/16/2025,Canadian,Ontario,,,,,,,,,,,,,
1951,Western,ESM,Medical Sciences,Offer,94,Group A,,5/22/2025,Canada,Ontario,,,,,,,,,,,,,
1952,Western,EW,Health Sciences,Offer,96,,11/27/2024,11/11/2024,Canada,Ontario,,,IB programme so I already had 3 grade 12 OSSD courses completed from last year + 3 from this year,,,,,,,,,,
1953,Western,EW,Health Sciences (Health Sciences),Offer,99.67,,10/21/2024,11/13/2024,Canada,Ontario,,,,,,,,,,,,,
1954,Western,EW,Health Sciences (Health Sciences with Biology),Offer,95.33,Group A,10/19/2024,11/13/2024,Canada,Ontario,,,IB,,,,,,,,,,
1955,Western,EW,Health Sciences,Offer,95.25,,10/29/2024,11/13/2024,Canada,Ontario,,,,,,,,,,,,,
1956,Western,EW,Health Sciences,Offer,94,,11/3/2024,11/13/2024,Canada,Ontario,,,,,,,,,,,,,
1957,Western,EW,Health Sciences,Offer,97,,10/14/2024,11/21/2024,Canada,British Columbia,,,,,,,,,,,,,
1958,Western,EW,Health Sciences,Offer,96.67,Group A,12/4/2024,1/29/2025,Canada,Ontario,N/A for health sci but applied to Ivey,,You got this!,,,,,,,,,,
1959,Western,EW,health science (major in bio),Offer,96.5,Group A,12/3/2024,3/6/2025,PR in canada,Ontario,,,,,,,,,,,,,
1960,Western,EW,Health Sciences,Offer,94.3,Group A,1/10/2025,3/6/2025,Canadian,Ontario,,,.,,,,,,,,,,
1961,Western,EW,Health Sciences,Offer,94,Group A,11/7/2024,3/6/2025,Canadian,Ontario,,,IB,,,,,,,,,,
1962,Western,EW,Health Sciences,Offer,94,Group A,11/15/2024,3/6/2025,Canada,Ontario,,,,,,,,,,,,,
1963,Western,EW,Health Sciences,Offer,93.67,Group A,11/11/2024,3/6/2025,Canada,Ontario,,,3.5k scholarship,,,,,,,,,,
1964,Western,EW,Health Sciences,Offer,93,Group A,10/2/2024,3/6/2025,Canadian,Ontario,,,,,,,,,,,,,
1965,Western,EW,Health Sciences,Offer,94,Group A,11/28/2024,5/7/2025,Canadian,Ontario,,,63% average in grade 11 (grade 11 average literally doesnt matter after early admissions lol),,,,,,,,,,
1966,Western,EW,Health Sciences,Offer,92.67,Group A,10/30/2024,5/16/2025,Canadian,Ontario,,,,,,,,,,,,,
1967,Western,EW,Health Sciences,Offer,92.16,Group A,11/6/2024,5/16/2025,Canadian,Ontario,,,,,,,,,,,,,
1968,Western,EW,Health Sciences,Offer,92,Group A,11/13/2024,,Canadian,Ontario,,,,,,,,,,,,,
1969,Western - Huron,EHD,Management & Organizational Studies,Offer,98,Group B,,12/16/2024,Canadian,British Columbia,I got accepted before I submitted mine,"taekwondo national team, president of business club, started a non-profit at a care home, youth spokesperson for food bank, internship at architecture firm, captain of varsity basketball",IB,,,,,,,,,,
1970,Western - Huron,EHD,Management and Organizational Studies - Business Intelligence,Offer,90,Group A,12/31/2024,1/31/2025,Canadian,Ontario,Personal Statement on Huron Portal,explained why i wanted to go there and talked about visiting campus,,,,,,,,,,,
1971,Western - Huron,EHD,Management & Organizational Studies (Finance & Administration),Offer,93,Group A,3/28/2025,4/9/2025,Canadian,Ontario,Optional,,,,,,,,,,,,
1972,Western - Huron,EHO,Social Science/Major of Interest-Psychology,Offer,90.5,,9/28/2024,12/13/2024,USA,Ontario,,Student Counsil,,,,,,,,,,,
1973,Western - Huron,EHO,Social sciences,Offer,93.5,Group A,11/11/2024,2/20/2025,Canadian,Ontario,I didnt sumbit but still get an offer,,,,,,,,,,,,
1974,Windsor,Nef,Mechatronics Engineering,Offer,95,,10/11/2024,11/7/2024,Canadian,Ontario,,,,,,,,,,,,,
1975,Windsor,NN,Nursing,Offer,96,Group A,12/30/2024,2/5/2025,canadian,Ontario,,,,,,,,,,,,,
1976,Windsor,NN,Nursing,Offer,89.5,Group A,2/6/2025,2/28/2025,Canadian,Ontario,,,,,,,,,,,,,
1977,Windsor,NN,Nursing,Offer,91,Group A,11/16/2024,5/1/2025,Canadian,Ontario,,,,,,,,,,,,,
1978,York,YBA,Schulich BBA,Offer,96.8,Group A,2/3/2025,2/28/2025,Canadw,Ontario,KIRA,"DECA, Camp Counselor, tutor, non profit campaign, FBLC",,,,,,,,,,,
1979,York,YBA,Schulich BBA,Offer,96.5,Group A,11/13/2024,2/28/2025,Canada,Ontario,"Yes, Kira","Accounting Intern, Library volunteer, piano teacher, DECA",,,,,,,,,,,
1980,York,YBA,Schulich BBA,Offer,95,Group B,10/7/2024,3/13/2025,Canada,"MA, USA",KIRA,,,,,,,,,,,,
1981,York,YBA,Schulich BBA,Offer,95,Group A,10/15/2024,3/13/2025,Canadian,Ontario,Leadership profile and interview,lock in,,,,,,,,,,,
1982,York,YBA,Schulich BBA,Offer,93,Group A,11/14/2024,3/13/2025,Canadian,Ontario,"KIRA, Leadership profile","Captain of Bollywood Team, DECA general member, Kumon Instructor, VP of marketing for GRAD Committee, Hip-Hop Team Captain",,,,,,,,,,,
1983,York,YBA,Schulich BBA,Offer,93,Group A,12/15/2024,3/13/2025,Canada,Ontario,"KIRA, Leadership profile","tutoring, volunteer, club activites",,,,,,,,,,,
1984,York,YBA,Schulich BBA,Offer,98.1,Group A,11/7/2024,3/14/2025,Canada,Ontario,KIRA,"Completed supp app on Feb 3rd. Part-time job, running family business, band section leader/director's apprentice",,,,,,,,,,,
1985,York,YBA,Schulich BBA,Offer,96,Group A,10/19/2024,3/14/2025,Canadian,Ontario,KIRA,"Student Council, Camp Counsellor, Website Manager/Content Creator, Camp Olympia, STEAM",,,,,,,,,,,
1986,York,YBA,Schulich BBA,Offer,95.67,Group A,,3/14/2025,Canada,Ontario,kira + leadership profile,"investment banking internship, finlit nonprofit, deca exec, mun head del, school biz conf organizer.",,,,,,,,,,,
1987,York,YBA,Schulich BBA,Offer,95,Group A,,3/14/2025,Canadian,Ontario,KIRA and Leadership Profile,rly bad tbh,,,,,,,,,,,
1988,York,YBA,Schulich BBA,Offer,91.4,Group A,2/3/2025,3/14/2025,Canadian,Ontario,"Yes, Kira Talent + Leadership Profile","Grade 9 Rep - StuCo, Kumon Assistant, Dance Competition MC two years in a row, implementing a POS System into high school and Girls E-Mentorship Mentee","Offered a $3,500 renewable scholarship, probably used grade 11 marks in calculation",,,,,,,,,,
1989,York,YBA,Schulich BBA,Offer,91,Group A,2/2/2025,3/14/2025,Canadian,Ontario,KIRA,"Volleyball team, job, volunteering at church, and film competitons. Just the basic",,,,,,,,,,,
1990,York,YBA,Schulich BBA,Offer,86,Group B,1/26/2025,4/3/2025,Canadian,Quebec,KIRA,,,,,,,,,,,,
1991,York,YBA,Schulich BBA,Offer,96.16,Group A,1/13/2025,5/2/2025,Canadian,Ontario,KIRA supp app,"Leadership profile: Mostly all theatre or performing arts related (lead in school play, provincial music competition, dance scholarship recipient), honestly kinda generic in the way I worded things tho ; Live supp app: Did pretty decent in some parts but horrible in others",,,,,,,,,,,
1992,York,YBA,Schulich BBA,Offer,92,Group A,1/25/2025,5/2/2025,Canadian,Ontario,KIRA + Leadership Profile,"Scouts President, Part-Time Job, Co-op at accounting firm",,,,,,,,,,,
1993,York,YBA,Schulich BBA,Offer,91.67,Group A,11/7/2024,5/2/2025,Canada,Ontario,KIRA,"Summer Job, 3 internships, DECA, SHSM, 2nd Lead Trumpet in band",Had Chem in the first sem for fun and got an 81 (not in my top six) which may have delayed my acceptance,,,,,,,,,,
1994,York,YBA,Schulich BBA,Offer,91.67,Group A,2/3/2025,5/2/2025,Canadian,Ontario,Leadership Profile,,,,,,,,,,,,
1995,York,YBA,Schulich BBA,Offer,91,Group A,1/10/2025,5/2/2025,Canadian,Ontario,Yes - KIRA,Required a leadership profile,,,,,,,,,,,
1996,York,YBA,Schulich BBA,Offer,90.67,Group A,,5/2/2025,Canada,Ontario,Kira,"Employment, yearbook club member, 2 volunteer experiences",,,,,,,,,,,
1997,York,YBA,Schulich BBA,Offer,90.3,Group A,,5/2/2025,canada,Ontario,yes,not rlly substancial roles buy very big outcomes,,,,,,,,,,,
1998,York,YBA,Schulich BBA,Offer,89.66,Group A,1/15/2025,5/2/2025,Citizen,Ontario,KIRA,"Couple businesses, sports, volunteering, sibling + relatives attended",,,,,,,,,,,
1999,York,YBA,Schulich BBA,Offer,92.8,Group A,,5/5/2025,Canadian,Ontario,KIRA + Leadership Profile,Assistant Captain + MVP for 2 sports & band (3 ECs on leadership profile),"Focused on specialization of each demonstrating separate skills (leadership, growth, discipline)",,,,,,,,,,
2000,York,YDE,Mathematics (BSc),Offer,97.3,Group A,10/29/2024,1/31/2025,Chinese,Ontario,,,,,,,,,,,,,
2001,York,YEW,Teacher Education: Educational Studies (Concurrent BEd),Offer,90,,10/20/2024,12/11/2024,Canada,Ontario,,,,,,,,,,,,,
2002,York,YFB,Faculty of Liberal Arts and Professional Studies Bachelor of Commerce (Accounting),Offer,91,,10/14/2024,12/9/2024,Canada,Ontario,,,,,,,,,,,,,
2003,York,YFB,Commerce,Offer,90.83,Group A,10/16/2024,12/10/2024,Canada,Ontario,,,,,,,,,,,,,
2004,York,YFB,Commerce,Offer,88,Group A,,2/28/2025,Canadian,Ontario,,,,,,,,,,,,,
2005,York,YFK,Teacher Education: Liberal Arts & Professional Studies (Concurrent BEd),Offer,92.5,Group A,11/2/2024,5/7/2025,Canadian,Ontario,Yes! It'll show up on MyFile when it's time.,I posted a guide on how to format the York ConEd supp app! https://www.reddit.com/r/yorku/comments/1kpy1ds/a_guide_to_formatting_the_york_coned_supp_app/,,,,,,,,,,,
2006,York,YFL,Human Resource Management,Offer,89,,11/10/2024,12/11/2024,Canada,Ontario,,,,,,,,,,,,,
2007,York,YFM,Information Technology (BA),Offer,82,Group A,,12/11/2024,Canada,Ontario,,,,,,,,,,,,,
2008,York,YFT,Law & Society (BA),Offer,83,,10/5/2024,12/13/2024,Canada,Ontario,,,,,,,,,,,,,
2009,York,YFZ,Criminology (BA),Offer,83,,10/5/2024,12/13/2024,Canada,Ontario,,,,,,,,,,,,,
2010,York,YHA,Psychology (BA) Keele Campus,Offer,93,,11/11/2024,12/10/2024,Canada,Ontario,,,,,,,,,,,,,
2011,York,YHA,Psychology (BA),Offer,91,,10/17/2024,12/10/2024,Canada,Ontario,,,,,,,,,,,,,
2012,York,YHA,Psychology (BA),Offer,87,Group A,10/31/2024,12/16/2024,Canada,Ontario,,,,,,,,,,,,,
2013,York,YHB,Psychology (BSc),Offer,95,,11/8/2024,12/10/2024,Canada,Ontario,,,,,,,,,,,,,
2014,York,YHB,Psychology (BSc),Offer,90.16,Group A,11/17/2024,12/12/2024,Canadian,Ontario,,,,,,,,,,,,,
2015,York,YHC,Kinesiology & Health Science (BA),Offer,89,,11/10/2024,12/11/2024,Canada,Ontario,,,,,,,,,,,,,
2016,York,YHC,Kinesiology & Health Science (BA),Offer,76.3,Group A,12/5/2024,4/30/2025,canada,Ontario,,,,,,,,,,,,,
2017,York,YHD,Kinesiology & Health Science (BSc),Offer,97,,11/9/2024,11/22/2024,Canada,British Columbia,,,,,,,,,,,,,
2018,York,YHD,Kinesiology & Health Science (BSc),Offer,97.7,,10/11/2024,12/11/2024,Canada,Ontario,,,,,,,,,,,,,
2019,York,YHD,Kinesiology & Health Science (BSc),Offer,93,Group A,11/7/2024,12/12/2024,Canadian,Ontario,,,,,,,,,,,,,
2020,York,YHD,Kinesiology & Health Science (BSc),Offer,86.6,,11/20/2024,12/12/2024,Canada,Ontario,,,,,,,,,,,,,
2021,York,YHD,Kinesiology & Health Science (BSc) - Keele Campus,Offer,86,,11/18/2024,12/13/2024,Canada,Ontario,,,,,,,,,,,,,
2022,York,YHD,Kinesiology & Health Science (BSc),Offer,89.5,Group A,12/3/2024,1/9/2025,Canadian,Ontario,,,,,,,,,,,,,
2023,York,YHE,Biology (Biomedical Science) - Keele Campus,Offer,92,,11/11/2024,12/10/2024,Canada,Ontario,,,,,,,,,,,,,
2024,York,YHE,Kinesiology & Health Science - Keele Campus,Offer,92,,11/11/2024,12/10/2024,Canada,Ontario,,,,,,,,,,,,,
2025,York,YHE,Health Studies (BHS),Offer,91,,10/24/2024,12/10/2024,Canada,Ontario,,,,,,,,,,,,,
2026,York,YHU,Neuroscience BSc: Psychology,Offer,91,Group A,11/6/2024,2/19/2025,Canadian,Ontario,,,,,,,,,,,,,
2027,York,YHU,Neuroscience BSc: Psychology,Offer,84,Group A,11/9/2024,2/20/2025,Canadian,Ontario,,,,,,,,,,,,,
2028,York,YHV,Cities regions and planning,Offer,87.5,,10/28/2024,12/14/2024,Canada,Ontario,,,,,,,,,,,,,
2029,York,YHW,Nursing (Direct Entry),Offer,90,Group A,11/4/2024,12/9/2024,Canadian,Ontario,,,,,,,,,,,,,
2030,York,YHW,Nursing (Direct Entry),Offer,94,,10/31/2024,12/11/2024,Canada,Ontario,,,,,,,,,,,,,
2031,York,YHW,Nursing (Direct Entry),Offer,90,,12/7/2024,12/18/2024,Canada,Ontario,,,,,,,,,,,,,
2032,York,YHW,Nursing (Direct Entry),Offer,89.25,Group A,,2/14/2025,Canada,Ontario,,,,,,,,,,,,,
2033,York,YHW,Nursing (Direct Entry),Offer,90.89,Group A,,2/19/2025,Canadian,Ontario,,,,,,,,,,,,,
2034,York,YHW,Nursing (Direct Entry),Offer,91.17,Group A,12/18/2024,4/29/2025,Canadian,Ontario,,,,,,,,,,,,,
2035,York,YHW,Nursing (Direct Entry),Offer,91,Group A,11/16/2024,4/29/2025,Canadian,Ontario,,,,,,,,,,,,,
2036,York,YMF,Computer Science for Software Development (BASc),Offer,92.2,,11/6/2024,12/10/2024,Canada,Ontario,,,gr 11 marks weren't it,,,,,,,,,,
2037,York,YMF,Computer Science for Software Development (BASc),Offer,92.2,,11/24/2024,12/11/2024,Canada,Ontario,,,,,,,,,,,,,
2038,York,YMG,First Year Engineering Core Program,Offer,92.2,,11/5/2024,12/10/2024,Canada,Ontario,,,gr 11 marks werent it,,,,,,,,,,
2039,York,YMG,First Year Engineering Core Program,Offer,86,,11/3/2024,12/11/2024,Canada,Ontario,,,,,,,,,,,,,
2040,York,YMG,First Year Engineering Core Program,Offer,83,Group A,11/15/2024,12/18/2024,Canadian,Ontario,,,,,,,,,,,,,
2041,York,YMS,Statistics,Offer,80,Group A,1/10/2025,1/12/2025,Yeah,Ontario,,,,,,,,,,,,,
2042,York,YPC,Teacher Education: Science (Concurrent BEd: Chemistry),Deferred,95,Group A,10/21/2024,12/11/2024,Canadian,Ontario,Yes.,"I originally applied for the Concurrent-Education Stream at York, however it required a supplementary application. As I was already accepted into my top university, I did not do the supplementary application, and was instead offered another program at York. The program I was offered is in the comments section",Was deferred to YSC (Faculty of Science Bachelor of Science Chemistry),,,,,,,,,,
2043,York,YPK,"Computer Science (BA, iBA) - including Co-op",Offer,88,Group A,11/19/2024,4/11/2025,Canadian,Ontario,,,They only had 2 4U/4M courses to go off of 💀. Also $1.5k scholarship,,,,,,,,,,
2044,York,YSB,Biology (BSc),Offer,89,Group A,1/13/2025,1/20/2025,Portugese,Ontario,,,,,,,,,,,,,
2045,York,YSB,Biology (BSc),Offer,84,Group A,12/22/2024,2/20/2025,Canadian,Ontario,,,,,,,,,,,,,
2046,York,YSE,Earth & Atmospheric Science (BSc),Offer,93.66,,11/5/2024,12/10/2024,Canada,Ontario,,,,,,,,,,,,,
2047,York,YSE,Earth & Atmospheric Science (BSc),Offer,93.78,Group A,1/13/2025,1/20/2025,Canada,Ontario,,,,,,,,,,,,,
2048,York,YSF,Biochemistry (BSc),Offer,90,,10/9/2024,12/4/2024,Canada,Ontario,,,,,,,,,,,,,
2049,York,YSG,Computer Science (BSc) - including Co-op,Offer,91.33,Group A,11/5/2024,12/9/2024,Canadian,Ontario,,,,,,,,,,,,,
2050,York,YSG,Computer Science (BSc) - including Co-op,Offer,92,,10/20/2024,12/11/2024,Canada,Ontario,,,,,,,,,,,,,
2051,York,YSG,"Computer Science (BSc, iBSc) - including Co-op",Offer,92.5,,11/6/2024,12/12/2024,Canada,Ontario,,,,,,,,,,,,,
2052,York,YSG,"Computer Science (BSc, iBSc) - including Co-op",Offer,93.83,Group A,11/6/2024,12/20/2024,Canadian,Ontario,,,,,,,,,,,,,
2053,York,YSG,Computer Science (BSc) - including Co-op,Offer,94.33,Group A,1/10/2025,1/17/2025,Canadian,Ontario,,,Option to do a boost video interview but got accepted before I did it,,,,,,,,,,
2054,York,YSW,Biomedical Science - Keele Campus,Offer,93,,11/4/2024,12/11/2024,Canada,Ontario,,,,,,,,,,,,,
2055,York,YSW,"Biomedical Science (BSc, iBSc)",Offer,92,,10/6/2024,12/11/2024,Canada,Ontario,,,,,,,,,,,,,
2056,York,YSW,Biomedical Science - Keele Campus,Offer,86,,11/11/2024,12/11/2024,Canada,Ontario,,,,,,,,,,,,,
2057,York,YSW,Biomedical Sciences,Offer,88.16,Group A,1/10/2025,2/12/2025,Canadian,Ontario,,,,,,,,,,,,,
2058,York,YSW,Biomedical Sciences,Offer,88.25,Group A,11/13/2024,2/19/2025,Canadian,Ontario,,,Ap Lit,,,,,,,,,,
2059,York,YSW,Biomedical Sciences,Offer,84,Group A,12/22/2024,2/20/2025,Canadian,Ontario,,,,,,,,,,,,,
2060,York,YT,Engineering (BEng) - including Co-op,Offer,92,,11/28/2024,11/18/2024,Canada,Ontario,,,,,,,,,,,,,
2061,York,YT,Engineering (BEng) - including Co-op,Offer,94.6,Group A,12/9/2024,12/9/2024,Yes,Ontario,,,,,,,,,,,,,
2062,York,YT,Engineering (BEng) - including Co-op,Offer,90.33,Group A,,12/9/2024,Canadian,Ontario,,,,,,,,,,,,,
2063,York,YT,Engineering (BEng) - including Co-op,Offer,95,,11/4/2024,12/10/2024,Canada,Ontario,,,,,,,,,,,,,
2064,York,YT,Engineering (BEng) - including Co-op,Offer,92,,11/28/2024,12/10/2024,Canada,Ontario,,,,,,,,,,,,,
2065,York,YT,Engineering (BEng) - including Co-op,Offer,96,Group A,10/24/2024,12/11/2024,Canada,Ontario,,,,,,,,,,,,,
2066,York,YT,Engineering (BEng) - including Co-op,Offer,92,,11/25/2024,12/13/2024,Canada,Ontario,,,,,,,,,,,,,
2067,York,YT,Engineering (BEng) - including Co-op,Offer,91,Group A,1/15/2025,1/17/2025,Canadian,Ontario,,,,,,,,,,,,,
2068,York,YT,Engineering (BEng) - including Co-op,Offer,86.56,Group A,12/19/2024,2/18/2025,Canada,Ontario,,,,,,,,,,,,,
2069,York,YT,Engineering (BEng) - Including Co-op,Offer,92.16,Group A,12/23/2024,2/19/2025,Canadian,Ontario,,,,,,,,,,,,,
2070,York,YUE,Political Science (BA),Offer,83,,10/5/2024,12/13/2024,Canada,Ontario,,,,,,,,,,,,,
2071,York,YVA,Neuroscience,Offer,90.25,Group A,11/22/2024,12/11/2024,Canadian,Ontario,,,,,,,,,,,,,
2072,York,YVA,Neuroscience,Offer,94,,12/21/2024,1/6/2025,Canada,Ontario,,,,,,,,,,,,,
2073,York,YYH,Glendon Campus - Psychology (BSc) / Psychologie (B.Sc.),Offer,95,,11/8/2024,12/9/2024,Canada,Ontario,,,,,,,,,,,,,
2074,York,YYQ,Ethics and Political Philosophy (BA),Offer,97,Group A,10/31/2024,12/9/2024,Canadian,Ontario,,,"2k entrance scholarship, 3k scholarship to study French",,,,,,,,,,
2075,York,YYT,Glendon Campus - Communications (BA) / Communications (B.A.) (Communications (BA)/Communications (B.A.)),Offer,77,,11/11/2024,12/11/2024,Canada,Ontario,,,,,,,,,,,,,