,,,,,,,,,,
1,Timestamp,What program did you apply to?,Which university was this program from?,What was your average when accepted? (average for particular program),What date was the offer/rejection/deferral received?,Did you add any notable extra curricular activities or special circumstances to your application?,Are you a 101 or 105 applicant?,"Accepted, rejected, waitlisted, or deferred? (if deffered let us know to which program)",Exact discord or reddit username,Any additional comments?(discord username would be preferred)
,,,,,,,,,,
2,12/11/2022 18:59:11,Business Administration,Wilfrid Laurier University,86%,26-Nov,I did the ABS form,101,Accepted,,
3,12/11/2022 19:15:14,Psychology,Queens University,96%,01-Dec,No,101,Accepted,,
4,12/11/2022 19:17:27,Physics,University of Ottawa,93%,06-Dec,No,101,Accepted,,
5,12/11/2022 19:35:00,Computer Science,Trent University,88%,07-Dec,nope,101,Accepted,,
6,12/11/2022 19:38:02,Physical and Mathematical Sciences,University of Waterloo,94%,"November 30th, 2022","Nope, none.",101,Accepted,,
7,12/11/2022 19:51:16,History,Laurentian University,79%,28-Nov-22,No,101,Accepted,,This was my top choice!
8,12/11/2022 20:11:57,Urban and Regional Planning,Toronto Metropolitan University,97,November 23rd,no,101,Accepted,,
9,12/11/2022 20:13:37,History,Toronto Metropolitan University,97%,November 23rd,No,101,Accepted,,
10,12/11/2022 20:18:05,Computer Science,Toronto Metropolitan University,98.3,11/23/2022,no,101,Accepted,,
11,12/11/2022 20:18:31,Computer Engineering,Toronto Metropolitan University,97.7,12/1/2022,no,101,Accepted,,
12,12/11/2022 20:18:51,Mechanical Engineering,University of Ottawa,96,December 7th,No,101,Accepted,,
13,12/11/2022 20:19:02,Undeclared Engineering,Toronto Metropolitan University,97.7,12/1/2022,no,101,Accepted,,
14,12/11/2022 20:20:18,mechanical engineering,Toronto Metropolitan University,96,December 9th,No,101,Accepted,,
15,12/11/2022 20:20:30,Geographic Analysis,Toronto Metropolitan University,97%,November 23rd,no,101,Accepted,,
16,12/11/2022 20:20:42,Computing,Queens University,98.3,12/7/2022,no,101,Accepted,,7k president's scholarship
17,12/11/2022 20:21:18,Engineering,Queens University,97.7,12/7/2022,no,101,Accepted,,7k president's scholarship[
18,12/11/2022 20:22:06,Engineering- Direct Entry Electrical and Computer,Queens University,97.7,12/7/2022,no,101,Accepted,,7k president's scholarship awarded
19,12/12/2022 1:31:11,honours life sciences with co-op,University of Waterloo,92%,30-Nov,no,101,accepted,,
20,12/12/2022 1:31:43,Arts (Psychology),Queens University,98,December 1st,N/A,101,Accepted,,
21,12/12/2022 1:33:23,Biochemistry,University of Ottawa,89,30-Nov,No,101,Accepted,,
22,12/11/2022 20:39:56,Health sci,Wilfrid Laurier University,91 gr12 midterm,10-Dec,no abs,101,accepted,,
23,12/11/2022 20:40:29,Kin,Wilfrid Laurier University,91 gr12 midterm,10-Dec,no abs,101,Accepted,,
24,12/11/2022 20:46:01,Sociology,Toronto Metropolitan University,76,01-Dec,None,101,Accepted,,
25,12/11/2022 20:46:49,Bachelors of Arts sociology major with management option,Wilfrid Laurier University,76,02-Dec,None,101,Accepted,,
26,12/11/2022 20:50:41,Honours Science,University of Waterloo,93,30-Nov-22,No,101,Accepted,,
27,12/11/2022 21:00:40,Health sciences,Wilfrid Laurier University,88,14-Nov,Working at shoppers,101,Accepted,,
28,12/11/2022 21:04:36,Bachelor of Arts (Honours) program,Queen's University,94%,Nov 23rd,No,105,Accepted,,British Columbia
29,12/11/2022 21:14:34,Honours Arts and Business (psych) co-op,University of Waterloo,grade 12 midterm average of 90.5%,11/30/2022,"Link Crew, DECA, Job experience, volunteer hours",101,Accepted,,
30,12/11/2022 21:16:05,Business Management co-op,Toronto Metropolitan University,90.5 for grade 12 midterm,11/25/2022,No,101,Accepted,,
31,12/11/2022 21:16:16,Nursing,Toronto Metropolitan University,96,December 1st 2022,No,105,Accepted,,N/A
32,12/11/2022 21:16:57,Computer Science,Toronto Metropolitan University,97,07/12/2022,no,101,Accepted,,
33,12/11/2022 21:21:50,Computer Science (BSc),Wilfrid Laurier University,98.30%,17-Nov,no,101,accepted,,no
34,12/11/2022 21:33:16,"(Multiple programs) - Laurier BBA, TMU Accounting and Finance, Ottawa Management (Accounting)","Wilfrid Laurier University, Toronto Metropolitan University , Ottawa",95%,"Laurier: Nov. 4th, TMU: Nov. 25th, Ottawa: Nov. 30th",No - didn't do ABS for Laurier,101,Accepted all,,
35,12/11/2022 21:36:23,Health Science Co-Op,University of Waterloo,96.16,30-Nov,No,101,Accepted,,
36,12/11/2022 21:41:27,Political Science (coop),University of Ottawa,85,Early Dec,no,101,accept,,
37,12/11/2022 21:54:43,Urban & Regional Planning,Toronto Metropolitan University,93,24-Nov,No,101,Accepted,,
38,12/11/2022 22:17:55,Computer Engineering,Toronto Metropolitan University,89,December 3rd,no,101,Accepted (conditional),,how tf did i get in LMFAO
39,12/11/2022 22:18:10,Computer Science,Wilfrid Laurier University,90.5,December 8th,Nah,101,Accepted,,Basically my last choice. Got in in less than two weeks after applying.
40,12/11/2022 22:18:25,Mechanical,University of Ottawa,89,November 30th,no,101,Accepted,,
41,12/11/2022 22:19:01,Electrical Engineering and Computing Technology,University of Ottawa,89,November 30th,no,101,Accepted,,
42,12/11/2022 22:21:02,Honours Bachelor of Commerce in Accounting COOP Program,University of Ottawa,87-88%,Nov. 29th,No,101,Accepted,,
43,12/11/2022 22:25:13,Science,Queens University,94,07/12/2022,No,101,Accepted,,
44,12/11/2022 22:25:37,Honours science co-op,University of Waterloo,96,30-Nov,No,101,Accepted,,
45,12/11/2022 22:28:36,Health Science,University of Ottawa,94,30/11/2022,no,101,Accepted,,
46,12/11/2022 22:36:02,Accounting and finance,Toronto Metropolitan University,90.50%,25-Nov,no,101,Accepted,,most likely will be accepting this offer (considering I pass the conditional)
47,12/11/2022 22:43:56,Civil Engineering with Co-Op,University of Ottawa,98.3,15-Oct,No,105,Accepted,,
48,12/11/2022 22:47:39,Math and Statistics,University of Ottawa,91.83% Grade 11,November 30th,No,101,Accepted,,
49,12/11/2022 22:57:44,Electrical and Computer Engineering,Queens University,"95% gr11, 91% gr12",2012-07-22,No,101,Accepted,,
50,12/11/2022 22:59:00,Mechanical Engineering,Toronto Metropolitan University,"95% gr11, 91% gr12",2012-01-22,No,101,Accepted,,
51,12/11/2022 23:00:03,biopharmaceutical sciences,University of Ottawa,92.17,30-Nov,no,101,accepted,,
52,12/11/2022 23:00:04,BBA in Finance,Trent University,83%,29-Nov,No,101,Accepted,,No
53,12/11/2022 23:00:29,Commerce,University of Ottawa,91%,22-Nov-22,Didn’t even fill out the supplementary application,101,Accepted,,None
54,12/11/2022 23:01:09,chemistry,Toronto Metropolitan University,92.16,november 25th,no,101,accepeted,,
55,12/11/2022 23:17:13,Finance and Wealth Management,Western University,grade 12 midterm 94,02-Dec,No,101,Accepted,,
56,12/11/2022 23:18:22,Honours Bachelor of Science in Financial Mathematics and Economics,Ottawa University,94,November 30th,French diploma,101,Accepted,,
57,12/11/2022 23:31:02,General Engineering,Queens University,97.8,07-Dec,N/a,101,Accepted,,
58,12/11/2022 23:34:26,Biology & Psychology BSc,Wilfrid Laurier University,94 grade 11 - 74 grade 12 midterm,26-Nov,No,101,Accepted,,
59,12/11/2022 23:36:49,Political Science,University of Ottawa,91,December 1st,No,101,Accepted,,
60,12/11/2022 23:37:29,Computer Science,Wilfrid Laurier University,91,November 9th,No,101,Accepted,,
61,12/11/2022 23:37:50,biochemistry,University of Ottawa,85,30-Nov,declaration of personal experience,101,accepted,,(grade 11 avg was 83)
62,12/11/2022 23:41:50,Computer Engineering,University of Ottawa,92%,07-Dec-22,no,101,Accepted,,
63,12/12/2022 0:00:45,BBA international double degree,Brock University,94,28-Nov,no supp app,101,Accepted,,
64,12/12/2022 0:01:46,Political Science - Honours,University of Windsor,95%,"November 10th, 2022",Mo,101,Accepted,,
65,12/12/2022 0:11:21,Public health,Toronto Metropolitan University,84,28-Nov,no,101,Accepted,,
66,12/12/2022 0:12:25,CS,Toronto Metropolitan University,98,Late Nov,N/A,101,Accepted,,didn't get sent an email
67,12/12/2022 0:13:06,Computing,Queens University,98,Early Dec,Diversity form (?),101,Accepted,,
68,12/12/2022 0:16:29,computer science,Wilfrid Laurier University,82%,20-Nov,no,101,Accepted,,
69,12/12/2022 0:55:17,Computer Science,Toronto Metropolitan University,96.4,Dec 10th 2022,No,105,Accepted,,
70,12/12/2022 0:56:43,Integrated math and computer science,Ontario Tech University,96.4,Oct 28th 2022,no,105,accepted,,
71,12/12/2022 1:02:08,computer science,Toronto Metropolitan University,95,03-Dec,no,101,Accepted,,
72,12/12/2022 1:06:14,Health science,Wilfrid Laurier University,86.3,09-Dec,no,101,Accepted,,
73,12/12/2022 1:19:25,Planning,University of Waterloo,97.30%,11-Dec,President of student council,101,Accepted,,
74,12/12/2022 2:24:57,Community Health (Now Applied Health Sci),Wilfrid Laurier University,85 i think,09-Nov-22,"Co-Pres of Equity Club, Research Paper w/ UofT & AP Canada, HOSA top 10 in SLC",101,Accepted,,n/a
75,12/12/2022 6:17:29,Political Science (Co-op),University of Ottawa,90,30-Nov,No,101,Accepted,,
76,12/12/2022 7:31:39,Geomatics,University of Waterloo,86,30-Nov-22,No,101,Accepted,Ryan.D#6175,
77,12/12/2022 7:31:45,Life Sciences,University of Waterloo,98.3,11/30/2022,"Nope, but I'm applying for CAP status.",101,Accepted,,
78,12/12/2022 8:10:46,papm,Carleton University,97%,16k Scholaships+co op,No,101,Accepted,,
79,12/12/2022 8:11:11,Accounting,Brock University,85%,October 28th,No,101,Accepted(conditional),,
80,12/12/2022 8:12:47,Honours Science,University of Waterloo,97%,29-Dec-22,No,101,Accepted,,
81,12/12/2022 8:25:38,Computer Science,Wilfrid Laurier University,Grade 11=91 Grade 12 midterm=91,09-Nov-22,No,101,Accepted,,
82,12/12/2022 8:27:18,BBA + CS double degree (Laurier),Wilfrid Laurier University,Grade 11 = 91 Grade 12 midterm=91,17-Nov-22,No,101,Accepted,,
83,12/12/2022 8:56:29,Bachelor of Arts,Queens University,93,December 7th,"Not in the application itself, but scholarships",101,Accepted,,
84,12/12/2022 8:57:15,"Bachelor of Social Sciences in Environmental Economics and Public Policy, French Immersion + Co-op",University of Ottawa,93,December 1st,Not in the application itself,101,Accepted,,
85,12/12/2022 9:01:19,Bachelor of Science,University of Ottawa,93,01-Dec,No,101,Accepted,,
86,12/12/2022 9:02:20,Bachelor of Science,Queens University,93,07-Dec,No,101,Accepted,,
87,12/12/2022 9:24:43,Mechanical engineering,University of Ottawa,92,30-Nov,No,101,Accepted,,
88,12/12/2022 9:35:43,Human Kinetics,University of Ottawa,89,November 19th,No,101,Accepted,,
89,12/12/2022 10:03:32,International development & globalization,University of Ottawa,97% grade 11,29-Nov,No,101,Accepted,,
90,12/12/2022 10:07:21,Computer science,Dal,96.125 gr 11,17-Nov,No,101,Accepted,,Sorry if ur not collecting out of Ontario
91,12/12/2022 11:17:32,Public Administration w/ Co-op and French Immersion Stream,University of Ottawa,Mid 80s,29-Nov-22,N/A,101,Accepted,justine #9104,
92,12/12/2022 11:43:00,Computer science coop,Trent University,81.7,2029-11-22,None,105,Waitlisted,,
93,12/12/2022 12:47:01,Philosophy,University of Ottawa,"94% Gr 11 , 97% Gr 12",November 30th,No,101,Accepted,,
94,12/12/2022 12:49:31,Ethics and Political Philosophy,University of Ottawa,"94% Gr 11 , 97% Gr 12",November 30th,No,101,Accepted,ᓚᘏᗢ#3496,
95,12/12/2022 13:19:27,Bachelor of Economics and Political Science,University of Ottawa,95,November 30 2022,No,101,Accepted,,
96,12/12/2022 13:20:08,Bachelor of Economics (financial economics concentration),Carleton University,95,December 8 2022,No,101,Accepted,,
97,12/12/2022 14:55:36,Computer Science,Wilfrid Laurier University,85,09-Dec,No supplementals,101,Accepted,,
98,12/12/2022 15:52:06,Chemistry (Physical Sciences),University of Waterloo,95,"November 30th, 2022","Yes, filled out the AIF",101,Accepted,,
99,12/12/2022 16:01:39,Health Science,Wilfrid Laurier University,93,2022-11-02,nope,101,accepted,,
100,12/12/2022 16:02:07,Honours Science,Wilfrid Laurier University,93 gr 11,2022-11-02,nope,101,accepted,,
101,12/12/2022 16:02:37,Medical Science,Brock University,93 gr 11,2022-11-04,nope,101,accepted,,
102,12/12/2022 16:20:11,"Urban And Regional Planning, Graphic Communications Managment",Toronto Metropolitan University,93,23-Nov,No,101,Accepted,,
103,12/12/2022 16:25:26,Business Technology Management,Wilfrid Laurier University,88%,16-Nov-22,N/A,101,Accepted,,
104,12/12/2022 16:28:50,Physics,University of Ottawa,86.3,December 2nd,no,101,Accepted,,i applied right when i got my pin
105,12/12/2022 16:43:41,Computer science,Toronto Metropolitan University,94%,December 6th,no,101,Accepted,,
106,12/12/2022 16:46:03,Political science,University of Ottawa,87,early december,no,101,accepted,,
107,12/12/2022 16:51:48,Comp sci and psych,Wilfrid Laurier University,92%,09-Nov-22,No,101,Accepted,,
108,12/12/2022 16:56:03,Civil Engineering,University of Ottawa,85%,30-Nov,N/A,101,Accepted,,
109,12/12/2022 17:02:48,Bachelor of Arts (political science),Dalhousie,93,December 1st,No,101,Accepted,,
110,12/12/2022 17:23:00,Business Administration,Brock University,88,06-Dec-22,No,101,Accepted,,
111,12/12/2022 17:31:01,Political science and Juris Doctor,University of Ottawa,95,November 29th,no,101,Accepted,,
112,12/12/2022 17:37:27,comp eng,Toronto Metropolitan University,96,01-Dec,no,101,accepted,,
113,12/12/2022 17:39:54,Undeclared Engineering,Toronto Metropolitan University,93.8,December 1st,TMU doesn't require a supp app,101,accepted,NLR_Abood#1747,
114,12/12/2022 17:59:22,Biomedical science,York University,89,11/14/2022,No,105,Accepted,,
115,12/12/2022 18:01:07,Health Science,Wilfrid Laurier University,90,02-Dec,no,101,Accepted,,
116,12/12/2022 18:02:18,Biochemistry,York University,89,14/11/2022,No,105,Accepted,,
117,12/12/2022 18:03:32,Bio pharmaceutical Science,University of Ottawa,95,11/30/2022,No,105,Accepted,,
118,12/12/2022 18:37:11,Life Sciences,University of Waterloo,95%,30-Nov,No,101,Accepted,,
119,12/12/2022 19:01:48,Accounting,University of Ottawa,87,07-Dec,No,101,Accepted,,
120,12/12/2022 19:25:33,business management (bcomm),Toronto Metropolitan University,96 grade 12 midterm,30-Nov,no,101,accepted,,
121,12/12/2022 20:02:55,Honours Bachelor of Commerce in Accounting COOP Program (French),University of Ottawa,90.3,29-Nov,"my own business (did good figures), lot of non-profit work",101,Accepted,angelina#3592,
122,12/12/2022 20:46:41,Biology,Toronto Metropolitan University,87,09-Dec,No,101,Accepted (conditional),,
123,12/12/2022 20:47:34,Biology,Wilfrid Laurier University,87,08-Dec,No,101,Accepted (conditional),,
124,12/13/2022 9:04:47,Computer Science Co Op,Ontario Tech University,93,December 13th,No,101,Accepted,asadbmirza,
125,12/13/2022 9:16:18,Joint Honours Mathematics and Economics,University of Ottawa,Grade 11 91%,11/29/2022,"FRC Robotics, manufacturing SHSM, DECA,",101,Accepted,u/twinebased,
126,12/13/2022 9:17:39,COmputer engineering,Toronto Metropolitan University,"Grade 11, 91%",Late Nov,"SHSM manufacturing, DECA, FRC Robotics",101,Accepted,u/twinebased,
127,12/13/2022 9:19:35,Honours BA Psychology,University of Ottawa,"Grade 11(IB): 79%, Grade 12: 89%",11/29/2022,No supplemental applications were required,101,Offer,>:(,
128,12/13/2022 9:22:20,Business - Technology Management,Ontario Tech University,97%,December 13th,No,101,Accepted,Averagestudent1721,
129,12/13/2022 9:38:22,Computer Engineering,Toronto Metropolitan University,87,01-Dec,N/A,101,Accepted,,
130,12/13/2022 9:49:53,Neuroscience,Brock University,94,November 2nd,No,101,Accepted,N/A,
131,12/13/2022 11:37:29,Health Science,Wilfrid Laurier University,94%,November 26th,No,101,Accepted,,
132,12/13/2022 11:38:35,Life Sciences,University of Waterloo,94%,November 30th,No,101,Accepted,,
133,12/13/2022 12:26:09,Mathematics and it's Applications,Toronto Metropolitan University,91.50%,23-Nov-22,No,101,Accepted(conditional),N/A,Cutoff is 72%
134,12/13/2022 15:08:17,Business Admin,Guelph-Humber,90.5 grade 12 midterm,12/13/22,no,101,Accepted,u/maddy7x reddit,
135,12/13/2022 15:51:46,Computing,Queens University,98,07-Dec,NA,101,Accepted,NA,
136,12/13/2022 16:22:29,Neuroscience and Mental Health,Carleton University,91.25,December 12th,No,101,Accepted,reddit_sjs.mcm,
137,12/13/2022 16:24:57,Electrical and Computer Engineering,Queens University,"95.67 (4U prereqs + sixth 4U) (non-semestered, first report card)",07-Dec,No,101,Accepted,SeventhestSon,ECEi stream
138,12/13/2022 17:10:48,Bioinformatics,Carleton University,87,2022-12-13,nope,101,Accepted (conditional),.,
139,12/13/2022 17:12:28,Computer Engineering,University of Ottawa,97,13-Dec,No,101,Accepted,n/a,
140,12/13/2022 17:18:27,Business Administration,University of Guelph - Humber,93%,12/13/2022,nope,101,Accepted,aatika#0952 (discord),
141,12/13/2022 17:38:46,Civil Engineering,Toronto Metropolitan University,93,December 1st,No,101,Accepted (conditional),N/A,
142,12/13/2022 19:00:46,Joint honours political science & public administration (Co-op),University of Ottawa,92% combination of highest gr11 marks & current gr12 marks,13-Dec,no,101,accepted,N/A,Uottawa received my application dec 13 and gave me admission dec 13
143,12/13/2022 19:03:20,Political Science & Juris Doctor (JD),University of Ottawa,92% combination of highest gr11 & current gr 12 marks,13-Dec,N/A,101,accepted,N/A,admitted on the same day they received my app
144,12/13/2022 20:56:53,Chemistry and Physics,Wilfrid Laurier University,95 grade 11,12-Nov,no,101,accepted,n/a,
145,12/13/2022 20:57:20,Honours health science,University of Ottawa,96%,late november,no,101,accepted,N/A,
146,12/13/2022 20:58:19,Mechatronics and Robotics Engineering,Queens University,95% grade 11,07-Dec,no,101,accepted,n/a,
147,12/13/2022 21:38:37,chemistry (honours),Carleton University,92.16,13-Dec,no,101,accepted,evan#4509,
148,12/13/2022 22:33:30,Computer engineering,University of Ottawa,93,2022-12-06,No supplemental application.,101,Accepted,spasticnerd97#3762,Early acceptance
149,12/14/2022 0:02:14,Computer Science,Toronto Metropolitan University,97%,23-Nov,No,101,Accepted,,
150,12/14/2022 8:47:38,Bsc Mathematics,Wilfrid Laurier University,90.2,13-Dec,Didn’t even complete the supp app yet,101,Accepted,N/A :),Not my first choice but I’m just glad to have gotten smn so far lol
151,12/14/2022 9:56:03,Mathematics & Its Applications,Toronto Metropolitan University,90.2,14-Dec,No,101,Accepted,N/A :),Accepted as soon as I got the application confirmation email
152,12/14/2022 11:48:52,Honours Planning,University of Waterloo,94.50%,30-Nov,no,101,Accepted,,
153,12/14/2022 12:27:04,Con-Ed,University of Windsor,91,Nov 7th,no,101,accepted,Curtis,
154,12/14/2022 13:01:10,Bachelor in Business Administration (BBA),Wilfrid Laurier University,97,"November 17th, 2022",No,101,Accepted,Jesseica #5978,
155,12/14/2022 17:24:41,BSc-Environmental Geosciences-Co-op,Brock University,89,14-Dec,Nope,101,Accepted,n/a,
156,12/14/2022 17:48:12,Computing Science,University of Alberta,96.20%,12-Oct-22,No,101,Accepted,,
157,12/14/2022 18:05:21,Bachelor of Social Science Joint Honours Political Science and Public Administration,University of Ottawa,95,09-Dec-22,nope,105,Accepted,noahsmale26,
158,12/14/2022 18:06:48,Bachelor of Arts (Honours) Sociology,Queens University,95,23-Nov-22,nope,105,Accepted,noahsmale26,
159,12/14/2022 18:20:16,Economics and Financial Management with Management Option,Wilfrid Laurier University,97,26-Oct,Nope,101,Accepted,ermine#9710,
160,12/14/2022 19:51:25,Life Sciences,University of Waterloo,96,30-Nov,No,101,Accepted,n/a,
161,12/14/2022 20:59:33,Arts/Education Concurrent,Queens University,3.5 GPA,14-Dec,No,105,Accepted,leanne#6931,This is one of my top choices!
162,12/14/2022 22:25:19,Economics and Accounting,Wilfrid Laurier University,85,December 13th 2022,No,101,Accepted,_,
163,12/15/2022 1:10:39,Political Science & Public Adminstration,University of Ottawa,"91 (grade 11) 86 (grade 12 - 1 final, 4 mt, 1 g11)",first week december,no,101,accepted,,
164,12/15/2022 2:58:04,Computing,Queens University,96.4,14th Dec,No,105,Accepted,,
165,12/15/2022 8:25:42,Public Affairs and Policy Management,Carleton University,93,14-Dec,No,101,Accepted,queen carson#0027,
166,12/15/2022 8:50:24,Aerospace Engineering,Toronto Metropolitan University,"97% Gr 11, 96% Gr 12",Dec 3rd 2022,No,101,Accepted,Elin DeGeneres#8621,
167,12/15/2022 8:55:03,Life Sciences,University of Waterloo,91.5 (top 6 average IB student),November 30th 2022,n/a,101 (IB),Accepted,Arnav Goklani IB student Mississauga,Ib student
168,12/15/2022 9:59:29,"Neuroscience, biochemistry, psychology",University of Guelph,94%,December 15th,No,101,Accepted,N/A,
169,12/15/2022 11:59:19,Zoology,University of Guelph,94%,December 15th,No,101,Accepted,,
170,12/15/2022 13:11:27,Forensic Chemistry,Trent University,91,29-Nov,No,101,Accepted,Used_Engineering_479,
171,12/15/2022 13:21:02,Science,Queens University,98,07-Dec,No,101,Accepted,readredirt,
172,12/15/2022 15:26:21,Financial Mathematics,Toronto Metropolitan University,91.75,15-Dec-22,no,101,Accepted,jigglywigglyspoghetto#9429,
173,12/15/2022 16:04:46,Computer Science,Ontario Tech University,94.5,14-Dec,No,101,Accepted,wrafp#0247,
174,12/15/2022 17:26:53,PAPM,Carleton University,92% (between gr11 and two gr12 marks),15-Dec,N/A,101,Accepted (conditional),N/A,Applied December 9
175,12/15/2022 19:27:49,Psychology,York University,89,15-Dec-22,no,101,Accepted,po,
176,12/15/2022 19:29:39,Physics and Astronomy,York University,89,Dec 15 2022,no,101,Accepted,po,
177,12/15/2022 20:12:38,"B.Sc., Hons. Data Science",York University,98.3,12/15/2022,no,101,Accepted,N/A,6k total scholarships
178,12/15/2022 20:13:41,"B.Eng., Spec. Hons. Engineering",York University,97.7,12/15/2022,no,101,Accepted,N/A,6k total scholarships
179,12/15/2022 20:23:43,Applied Human Nutrition,University of Guelph,94.67,December 15th 2022,No,101,Accepted,u/_sengwee_,
180,12/15/2022 22:02:59,Biomedical Science,York University,grade 11: 93 grade 12 midterm: 87,2022/15/12,no,101,accepted,Katethegreat#9221,
181,12/15/2022 22:03:32,Commerce,York University,95 grade 12 midterm,December 15th,None,101,Accepted,angle#5708,
182,12/15/2022 22:28:03,mechanical engineering,University of Guelph,95.5,Dec 15th 2022,no,101,accepted,,
183,12/15/2022 23:22:22,Biomedical Sciences,University of Guelph,98,15-Dec,No,101,Accepted,Readredirt,None
184,12/15/2022 23:59:50,Civil Engineering,Carleton University,88% gr11 85% gr12,12/15/2022,N/A,101,Accepted,N/A,
185,12/16/2022 9:24:32,General Science,Western University,95,December 16th,No supplemental,101,Accepted,WetToast#0329,
186,12/16/2022 10:34:14,Software Engineering,Carleton University,86 Grade 12 (Non-Semestered),15-Dec,No,101,Accepted,n/a,IB Local Student
187,12/16/2022 11:19:08,"Media, Information and Technoculture",Western University,91,16-Dec,no,101,accepted,Curtis,
188,12/16/2022 11:20:12,Con-Ed,Brock University,91,07-Nov,no,101,Accepted,Curtis,
189,12/16/2022 12:15:12,Medical Sciences,Western University,98,"December 16th, 2022",No,101,Accepted,n/a,
190,12/16/2022 12:26:10,Actuarial Science,York University,96.2,"December 16th, 2022","No, was not required",101,Accepted,_r2285#6862,"$6,000 scholarship (Faculty of Science & YorkU automatic entrance scholarship)"
191,12/16/2022 14:28:53,Health Sciences,Western University,98,16-Dec,No,101,Accepted,,
192,12/16/2022 14:29:41,Medical Sciences,Western University,98,16-Dec,No,101,Accepted,,
193,12/16/2022 14:30:24,Health Sciences,University of Ottawa,98,16-Dec,No,101,Accepted,,
194,12/16/2022 14:38:08,Data Science,York University,94,16-Dec-22,No,101,Accepted,Chomusuke#9856,"My last choice, new program starting in 2023 - Applied Nov. 13"
195,12/16/2022 14:47:14,Data science,Western University,93%,16-Dec,no,101,Accepted,reddit_queenie2847,
196,12/16/2022 17:43:29,Biomedical science,University of Ottawa,97,Dec. 13,N/A,101,Accepted,N/A,
197,12/16/2022 19:11:33,Engineering (EE),Western University,98,16-Dec-22,No,101,Accepted,xEQUIN0Xx,
198,12/16/2022 19:32:00,"Animal Biology, Wildlife biology coop",University of Guelph,98.6,December 16th,No,101,Accepted,N,N
199,12/16/2022 20:13:34,Medical Sciences,Western University,"98.3% Grade 12, 99% Grade 11",12/16/2022,"Nope, but I had a really good Grade 11 average",101,Accepted,szsusannaszs - reddit,
200,12/16/2022 21:42:00,Science,Western University,96.33%,16-Dec-22,No,101,Accepted,,
201,12/16/2022 21:44:38,Computer Science,York University,95.67%,16-Dec-22,No,101,Accepted,,
202,12/16/2022 21:50:52,medical and health science,Western University,95.6,16-Dec,no,101,accepted,.,
203,12/16/2022 23:04:19,Honours Bachelor of Commerce (Business Technology Management),University of Ottawa,86.7,"November 29th, 2022",Declaration of Personal Experience,101,Accepted,insanitygirl#8788,Early Acceptance
204,12/16/2022 23:26:52,Science,University of Guelph,90,December 15th 2022,No,101,Accepted,N/a,
205,12/16/2022 23:30:27,General Science (Astrophysics),Western University,94%,16-Dec,None,101,Accepted,Kibi#7799,Nah
206,12/16/2022 23:32:27,Hons. Psychology,York University,"grade 11: 79, grade 12: 89",16-Dec-22,N/a,101,Accepted,:),Keele Campus
207,12/16/2022 23:32:46,Computer Science,Western University,96.25,16-Dec,No,101,Accepted,N/A,
208,12/16/2022 23:47:27,BMOS,Western University,97% (grade 12 midterm) 96% ( grade 11 finals),12/16/22,no!,101,accepted,N/A,
209,12/16/2022 23:55:17,Civil Engineering,Carleton University,82%,16-Dec-22,no,101,Accepted,yoduhfhru,they accepted me WITH SCHOLARSHIP 3 days after i applied lmao
210,12/17/2022 0:35:19,Computer Science,York University,97.2,16-Dec,No,101,Accepted,,
211,12/17/2022 0:37:08,General Sciences,Western University,97.2,16-Dec,No,101,Accepted,,
212,12/17/2022 1:36:22,Kinesiology and Health Science,York University,80.75,12/16/2022,No,101,Accepted,.,Applied 5 days ago
213,12/17/2022 1:56:32,Engi,Western University,97,Today,No,101,Accepted,Diyanosaurex,
214,12/17/2022 8:44:18,Engineering,York University,90.75,12/17/2022,Nah,101,Accepted,.everyone#7591,No idea how I got in early with marks like that
215,12/17/2022 9:59:16,Health sciences,Western University,93,December 16 2022,No,101,Accepted,N/A,
216,12/17/2022 11:09:28,Hons. Criminology,York University,92,16-Dec-22,n/a,105,Accepted,,
217,12/17/2022 11:12:52,Hons. Criminology,York University,92,16-Dec,no,105,Accepted,,
218,12/17/2022 11:13:34,Hons. Criminology,University of Ottawa,92%,14-Dec,n/a,105,Accepted,,
219,12/17/2022 11:14:38,Hons. Criminology,Toronto Metropolitan University,92%,08-Dec,,105,Accepted,,
220,12/17/2022 11:24:12,Medical Sciences,Western University,95,16-Dec,No,101,Accepted,Artloverr#9015,
221,12/17/2022 11:56:57,Engineering,Western University,97,Dec 16 2022,n/a,101,Accepted,Anne Boleyn#4432,
222,12/17/2022 13:29:10,Bachelor of Medical Sciences,Western University,97,December 16th,Nope they didn't ask for any,101,Accepted,Jiyarad29,
223,12/17/2022 13:29:47,Health Sciences,Western University,97,December 16th,Nope,101,Accepted,Jiyarad29,
224,12/17/2022 13:32:15,Health Sciences,University of Ottawa,97,November 29th,Nope,101,Accepted,Jiyarad29,
225,12/17/2022 14:50:46,BSc Environmental Science,Waterloo Campus,95,November 12th 2022,I did ABS the night before they accepted me so I don’t know if that helped.,105,Accepted,Yaqi#0759,
226,12/17/2022 15:27:41,Biomedical Sciences,Brock University,95.5 (grade 11),"November 16th, 2022",Nope,101,Accepted,i dont have a username,Got a 13.6k scholarship
227,12/17/2022 16:13:41,Computer Engineering COOP,University of Ottawa,93%,14-Dec,no,101,Accepted,n/a,
228,12/17/2022 16:29:25,Science (Integrated Science),Western University,Grade 12 Midterm: 96 Grade 11 Final: 94,December 16th,No.,101,Accepted,,
229,12/17/2022 21:00:34,Social Sciences (politics philosophy economics with economics specialization was chosen as intended major),Western University,98,16-Dec,No,101,Accepted,henri#3264,
230,12/17/2022 22:41:43,Computer science,York University,93.5,16-Dec-22,No,101,Accepted,lavendermug,
231,12/17/2022 23:56:05,Engineering (BEng),York University,90,17-Dec-22,No,101,Accepted,u/Bitesh9,
232,12/18/2022 4:14:17,"Bachelors of Science (Honours), (BScH)",Queens University,94.70%,December 14th,None,105,Accepted,N/A,third choice insofar
233,12/18/2022 10:51:11,Information Technology BCom,York University,82,December 14th,Certified Lifeguard and working as a tutor,105,Accepted,AHintOfWaffles#2828,
234,12/18/2022 11:21:35,english,University of Guelph,90,december 16th,no,101,accepted,.,
235,12/18/2022 13:09:42,Public Administration/Political Science,University of Ottawa,92%,07-Dec-22,Yes,101,Accepted,so we#8198,
236,12/18/2022 16:26:41,Honours Batchelor of Mathematics,Carleton University,95,09-Dec-22,No,101,Accepted,Flux#9967,
237,12/18/2022 16:28:06,Honours Bachelor of Science in Mathematics Co-op,University of Ottawa,95,30-Nov-22,I filled out the Declaration of Personal Experience,101,Accepted,Flux#9967,
238,12/18/2022 17:53:16,Computer Engineering,Toronto Metropolitan University,95.10%,December 15th,No,101,Accepted,Street-Crab-3955,
239,12/19/2022 8:03:10,Political Science,York University,93,16-Dec,no,101,Accepted,queen carson#0027,Glendon Campus
240,12/19/2022 11:39:42,Computer Science,Wilfrid Laurier University,92%,Nov 17th 2022,No,101,Accepted,N/a,
241,12/19/2022 12:44:59,Honours Arts and Business,University of Waterloo,95,November 30 2022,did not even submit AIF,101,Accepted,n/a,
242,12/19/2022 19:37:40,Civil Engineering,Carleton University,85%,16-Dec-22,nope,101,Conditional Acceptance,,nope :>
243,12/19/2022 20:04:34,Computer Systems Engineering,Carleton University,92,15-Dec,No,101,Accepted,Ordinary_Narwhal_516,
244,12/19/2022 20:14:01,Business Management,Toronto Metropolitan University,90.20%,15-Dec-22,No,101,Accepted,N/A,N/A
245,12/19/2022 23:08:05,Computer Science,Carleton University,91.5,19-Dec,No,101,Accepted,n/a,
246,12/19/2022 23:09:47,Computational & Applied Math and Statistics: Applied Statistics & Probability,Carleton University,91.5,19-Dec,No,101,Eligible for admission,N/A,
247,12/19/2022 23:10:22,Mathematics,University of Ottawa,90.3,29-Nov,No,101,Accepted,N/A,
248,12/20/2022 6:13:35,Medical Sciences,Western University,91,"December 15th, 2022",N/A,105,Accepted,N/A,
249,12/20/2022 9:55:27,Mechatronics and Robotics Engineering,Queens University,96 (Grade 12),07-Dec,No,101,Accepted,N/A,
250,12/20/2022 9:58:00,Mechatronics Engineering,Toronto Metropolitan University,96 (Grade 12),01-Dec,No,101,Accepted,N/A,
251,12/20/2022 9:59:16,CS (Co-op) - SWE concentration,Carleton University,98.3,20-Dec,Nah,101,Accepted,Henri#3264,
252,12/20/2022 11:10:58,Criminology,Western University,92%,20-Dec,,105,Accepted,,
253,12/20/2022 11:32:33,Health Science,Wilfrid Laurier University,81,20-Dec-22,No,101,Conditional,eevee#9612,"Very high Grade 11 marks, dropped in my grade 12 midterms because I transferred schools"
254,12/20/2022 12:09:34,Bachelor of Engineering: Computer Systems Engineering,Carleton University,88,December 19th,"Apart from the listing of extra circulars on my 105 apps where I mentioned my job at Starbucks, there was nothing else",105,Accepted,na,Having taken a gap year to try and reapply to these programs for fall 2023 im very happy to say it’s been successful:)
255,12/20/2022 15:54:23,Computer science honours,Carleton University,96 gr 11. 89.6 gr 12 midterm semester 1,20th December 2022,No,101,Accept,Okapi🇺🇦#1224,
256,12/20/2022 18:00:14,Bachelor of Science,Memorial University,93,20-Dec-22,No,105,Accepted,N/a,
257,12/20/2022 20:34:06,Engineering,York University,"95% gr11, 91% gr12",12/15/22,No,101,Accepted,tin_huy_dang#8480,
258,12/20/2022 21:59:09,B. Computer Science Honours,Carleton University,"Gr. 12 Midterm: 96.5, Gr. 12 Projected top 6: 96.67",20-Dec-22,No,101,Accepted,N/A,Wooooo!
259,12/21/2022 1:16:35,Computer Science,Carleton University,95 Grade 12 mid terms 96 grade 11 finals,"December 20, Tuesday",No,101,Accepted,Hams#4848,
260,12/21/2022 6:39:48,Biology,University of Ottawa,89,13-Dec,Yes,105,Accepted,snow88,nope
261,12/21/2022 18:48:25,Medical Science,Western University,93,12/16/2022,No,105,Accepted,No,No
262,12/21/2022 19:55:49,Political Science (Honours Arts) - co-op,Trent University,91,12-12-2022,No,101,Accepted,u/slowdivej,
263,12/21/2022 19:56:58,Political Science - co-op,University of Ottawa,91,06-Dec,No,101,Accepted,u/slowdivej,
264,12/21/2022 19:58:10,BA Joint Honours in History and Political Science (co-op),University of Ottawa,91,06-Dec,No,101,Accepted,u/slowdivej,
265,12/21/2022 19:59:23,Honours Arts (BA) Political Science,Wilfrid Laurier University,91,09-Dec,No,101,Accepted,u/slowdivej,
266,12/22/2022 17:59:41,Cognitive science,Carleton University,94,22-Dec,no,101,Accepted,n/a,
267,12/22/2022 19:29:47,Computer science with managment option,Wilfrid Laurier University,88,dec 19th,none,101,accepted,Jass#3255,
268,12/24/2022 16:07:48,Computer Science (CS Honours Co-op),Carleton University,"93.7 top 6 (5/6 g12, 1/6 g11)",18-Dec,No,101,Accepted,DonYall#0567,Applied Dec 1
269,12/25/2022 21:00:31,Disaster and Emergency Management,York University,97,December 22nd,No,101,Accepted,.,
270,12/25/2022 21:01:11,Game Development,Ontario Tech University,97,December 22nd,No,101,Accepted,0,
271,12/26/2022 1:36:27,Computer Science (BSc),Wilfrid Laurier University,Gr.11 : 88.5% Gr.12: 87.3,02-Dec-22,No,101,Accepted,k29gaming#0001,
272,12/26/2022 1:38:11,Computer Science with Subject of Major Interest: Computer Science with Software Engineering Specialization (Honours) (co-op only),University of Windsor,Gr.11 : 88.5% Gr.12: 87.3,06-Dec-22,No,101,Accepted,k29gaming#0001,
273,12/26/2022 1:40:23,BSc Honours: Computer Science (Co-op),Brock University,Gr.11 : 88.5% Gr.12: 87.3,30-Nov-22,No,101,Accepted,k29gaming#0001,
274,12/26/2022 21:11:23,Software eng,Carleton University,84,09-Dec,n/a,101,accepted,Mastzθ#5027,12k scolarship
275,12/27/2022 3:44:51,Economics I,McMaster University,ABB (A levels),21st December,No,105,Accepted,u/AnatidaeLac,
276,12/28/2022 16:43:36,Communication with political science,University of Ottawa,87,19-Nov,Nope,101,Accepted,i don’t have :(,
277,12/30/2022 12:39:24,Honours Bachelor of Health Sciences,University of Ottawa,90.33,November 30th 2022,No,101,Accepted,-,
278,12/30/2022 13:56:35,Bachelor of Engineering,Memorial University of Newfoundland,98,"30th November, 2022",No,105,Accepted,Yaqi#0759,
279,12/30/2022 16:06:31,Information Technology (BCom),York University,85.5,Dec 14th,no,101,Accepted,.,"I only had 2 midterms marks on my ouac, as I dropped a course midway to take it private school. So offer was most likely based on gr 11 marks."
280,12/30/2022 16:08:52,Industrial Engineering,Ontario Tech University,85.5 (gr 12) 83 (gr11),Dec 14th,no,101,Accepted,.,
281,1/1/2023 16:37:01,B. of Computer Science Honours,Carleton University,94,21-Dec-22,No,101,Accepted,Steve5731#9495,No comments
282,1/2/2023 12:48:53,Mechanical Engineering,University of Ottawa,94,14-Dec-22,n/a,101,Accepted,RUANTHEALT,
283,1/2/2023 16:40:23,Commerce,York University,80.25 gr 11 and 89.5 gr 12 midterm,December 16 2022,no,101,Accepted,not calvin#2063,
284,1/2/2023 16:41:08,Computer Science,Wilfrid Laurier University,80.25 gr 11 and 89.5 gr 12 midterm,December 20 2022,no,101,Accepted,not calvin#2063,
285,1/4/2023 13:53:54,Mechanical Engineering,University of Ottawa,86,30-Nov-22,N/A,101,Accepted,saucyboi#3505,"86 was my midterm avg, but in the letter they said that the admission was based on my gr 11 marks (94 avg)"
286,1/4/2023 18:01:30,Psychology,York University,87,12/17/22,No,101,Accepted,diabolically red#0433,"Safety school :) Only had three courses this semester, so the 65 in 4U bio last year brought my avg down :("
287,1/4/2023 18:02:12,Cognitive Science,York University,87,12/17/22,No,101,Accepted,diabolically red#0433,
288,1/5/2023 13:45:28,Computer Science,Wilfrid Laurier University,95,05-Jan-23,No,101,Accepted,The Chair#3036,
289,1/6/2023 0:28:30,BIomedical Engineering,Toronto Metropolitan University,96.5,08-Dec,No,101,Accepted,neoscream#1807,
290,1/6/2023 4:28:40,Computer Science (BSc) with Management Option,Wilfrid Laurier University,92,Jan 5th,none,101,accepted,Zamasu#9673,seems that they are mass accepting anyone with high marks.
291,1/6/2023 15:22:13,Social Science (Psychology),Western University,95.33 (Grade 11),16-Dec-22,n/a,101,Accepted,n/a,
292,1/8/2023 12:36:25,Computer Science,Carleton University,"3.27/4.0, completed another degree.",05-Jan-23,N/A,105,Accepted,,
293,1/8/2023 21:48:22,Computer Science (BSc),Wilfrid Laurier University,92.5,November 16th,N/A,101,Accepted,reanimatedjav#6736,
294,1/9/2023 11:03:46,Honours Bachelor of Business Administration - Co-op,Brock University,85.7,January 3rd,No,101,Accepted,LightningMcFast#9228,
295,1/9/2023 16:27:48,Neuroscience,York University,90% mid term average,January 9th,No.,101,Accepted,Jaewohn,
296,1/9/2023 16:40:09,Engineering (B. Eng),York University,89.5,January 6th 2023,No,101,Accepted,-,
297,1/9/2023 22:47:44,Engineering (B.Eng),York University,89,December 16th,nope,101,Accepted,kap#2021,
298,1/10/2023 9:59:38,"Bachelor of Commerce Honours, Concentration in Finance (Co-op)",Carleton University,85.70%,January 9th,No,101,Accepted (Conditional),LightningMcFast#9228,
299,1/10/2023 12:25:55,Commerce (with co-op),Carleton University,86,10-Jan,No,101,Accepted,---,
300,1/10/2023 12:35:27,Business Administration - Co-op,Trent University,95,Jan 6 2023,No supp,101,Accepted,n/a,
301,1/10/2023 12:39:41,Med Sci,Western University,97,Dec 16 2022,IB program at HBMSS,101,Accepted,n/a,
302,1/10/2023 17:40:22,Commerce honours,Carleton University,89.8,December 17th,nah,101,Accepted,Pharatic,
303,1/10/2023 22:07:54,Bachelor of Public Affairs and Policy Management: International Policy Studies (International Relations and Conflict),Carleton University,low 90s,20-Dec-22,No,101,Accepted,sakeenah#8007,
304,1/10/2023 22:28:10,software engineering,Carleton University,85,01/10/2023,no,101,accepted (conditional)!,carme#8513,
305,1/11/2023 1:09:00,Computer Science,Carleton University,94,January 9th,None,105,Accepted,J.rando#8942,None
306,1/11/2023 2:45:06,Computer Engineering Co-Op,University of Ottawa,>95 based on scholarship received,10-Jan,no sup app,101,Accepted,carys#4997,“admitted at an early date based on excellent academic record in gr11”
307,1/11/2023 15:14:46,Engineering (BEng),York University,95%,11-Jan,no sup app,101,Accepted,na,$4K renewable entrance scholarship + $2K lassonde scholarship
308,1/11/2023 15:16:26,Engineering Physics,Carleton University,95,11-Jan,no sup app,101,Accepted,na,$16K scholarship
309,1/11/2023 18:47:18,Biomedical science,University of Guelph,97.2,1/11/2023,None,101,Accepted,-,Didn't fill out the student profile form (SPF)
310,1/12/2023 10:10:57,Politics and Governance,Toronto Metropolitan University,90%,January 12th,No,101,Accepted,"discord: potentialfrog#4671, reddit: potentialforg",
311,1/12/2023 22:20:46,Engineering,University of Guelph,95 gr 11,19-Dec,no,101,accepted,n/a,
312,1/12/2023 22:21:30,Engineering,Western University,95 gr 11,19-Dec,no,101,accepted,n/a,
313,1/13/2023 1:04:30,Electrical engineering & maths and computer science,McGill University,IB: 41/45 (39/42 & 777 HL),9th January,McGill only requires transcripts,105,Accepted to both,DazAnat,
314,1/13/2023 17:54:24,Political Science,York University,90%,January 13th,No,101,Accepted,"potentialfrog#4671, potentialforg",very happy lol
315,1/13/2023 18:12:45,Science (Computer Science),Western University,94.8,December 14 2022,N/A,101,Accepted,bellamy#8378,
316,1/14/2023 22:43:58,Business Technology Management,Toronto Metropolitan University,95%,"November 23rd, 2022","No, not required",101,Accepted,aureus#0001,
317,1/16/2023 21:54:57,Electrical Engineering,Carleton University,94 Gr 11,15-Dec,No,101,Accepted,maemaelyn,
318,1/16/2023 21:55:30,Finance,University of Ottawa,94 Gr 11,18-Dec,No,101,Accepted,maemaelyn,
319,1/16/2023 22:12:09,Networking and IT security (Bachelors of Information Technology),Ontario Tech University,~84,13-Jan,N/A,101,Accepted,N/A,trying for a cisco internship after I accept🙏
320,1/16/2023 22:23:12,Mechanical Engineering,University of Ottawa,92,20-Nov,No,101,Accepted,ENGuyen7713,
321,1/16/2023 22:23:47,Mechanical Engineering,Carleton University,92,20-Nov,Mo,101,Accepted,ENGuyen7713,
322,1/16/2023 23:56:15,Computer science,Carleton University,97 (grade 12),2022-12-19,No,101,Accepted,N/A,
323,1/17/2023 9:38:32,Mathematics and statistics gateway,McMaster University,I have a 43 predicted for the ib diploma. I got a 41/42 in my most recent exams,20th December,I don’t think so,105,Accepted,thedumplinqueen#4937,Applied on the 22nd November
324,1/17/2023 9:39:25,Civil Eng,Carleton University,91,January 17th,No,101,Accepted,No,
325,1/17/2023 12:56:30,BBA,Wilfrid Laurier University,94,17-Jan,didn't do ABS,101,accepted,n/a,
326,1/17/2023 12:57:52,Computer Science,Wilfrid Laurier University,94,January 17th,nope,101,Accepted,don't have one,
327,1/17/2023 20:27:55,Financial Mathematics and Economics,University of Ottawa,92,"January 17th, 2022",No,101,Accepted,ordinary_narwhal_516,
328,1/17/2023 20:36:10,Computer Science,University of Toronto,93,Jan 16 2023,A few,105,Accepted,Jay#8310,
329,1/17/2023 23:21:58,Software Engineering,Ontario Tech University,87,16-Jan,no,101,Accepted,abtt21,
330,1/17/2023 23:23:21,Networking and IT security,Ontario Tech University,91,16-Jan,no,101,Accepted,abtt21,
331,1/18/2023 0:40:36,Comp Sci,University of Ottawa,84,13-Jan,No,105,Accepted,N/A,
332,1/18/2023 10:30:16,Data Science,York University,91.25,17-Jan-23,N/A,101,Accepted,n/a,
333,1/18/2023 10:31:24,Engineering,York University,91.25,05-Jan-23,N/A,101,Accepted,N/A,
334,1/18/2023 14:59:24,Bachelor of Science (Honours) - Computer Science,Toronto Metropolitan University,91.8 (I think – not completely sure how it works),January 17 2023,N/A,101,Accepted,bellamy#8378,
335,1/18/2023 17:05:03,Civil Engineering,Carleton University,78,"January 18th, 2023",No,101,Accepted,Hello1377#1968,
336,1/18/2023 19:01:34,Civil Engineering,Carleton University,78,"January 18th, 2023",No,101,Accepted,ethen#8519,
337,1/19/2023 2:38:39,computer science,Queens University,96,jan 18 2023,nah,105,accepted,luvlee-monster,
338,1/19/2023 2:39:30,general science,Western University,96,dec 13 2022,nah,105,accepted,luvlee-monster,
339,1/19/2023 10:48:34,Public Affairs and Policy Management (Social Policy Specialization),Carleton University,"85? Not sure, but somewhere around there.",19/01/2023,No,101,Accepted,justine#9104,"I got into the Co-op program, as well."
340,1/19/2023 17:53:53,Undeclared Engineering,Toronto Metropolitan University,89,January 19th,no,101,Accepted,kap#2021,82 physics midterm how tf did i get in
341,1/19/2023 17:55:24,Mechatronics Engineering,Ontario Tech University,89,January 16th,no,101,Accepted,kap#2021,no
342,1/19/2023 23:38:29,Computer Science,Toronto Metropolitan University,94,17-Jan-23,No,101,Accepted,Chomusuke#9856,
343,1/20/2023 8:51:34,Psychology BA,York University,3.5/4.0 GPA,20-Jan-23,N/A,105,Accepted (Conditional),leanne#6931,I literally just submitted my semester 1 transcript yesterday (19th) and I already got an offer today lol
344,1/21/2023 8:40:22,Biomedical Engineering,Toronto Metropolitan University,96.4,21/01/2023,I participated in an amount of engineering extracurriculars,105,Accepted,Yaqi#0759,
345,1/21/2023 17:24:49,Computer Engineering,Toronto Metropolitan University,93,December 2nd,"NONE PROVIDED, NO SUPP APP",101,Accepted,Beasttime25#1894,"Although not proivded, I have lots of extracurriculars including 4 jobs, stem club pres, coding club pres, deca exec, SHAD winner 2022, etc"
346,1/21/2023 17:26:07,Computer Science,Western University,93,Dec 16th,"none provided, based on marks solely",101,accepted,Beasttime25#1894,
347,1/23/2023 11:53:37,Engineering,Western University,96.8,16-Dec-22,No,101,Accepted,IHaveNOIdeas2,Didn't complete Western CONNECT Profile by the time I received acceptance
348,1/23/2023 17:43:25,Nursing,GBC/TMU (collab) and York,94.40%,GBC/TMU - Early Dec / York - Jan 23,N/A,101,Accepted,n/a,
349,1/23/2023 22:56:39,Biology,Carleton University,86,"January 21st, 2023",No,105,Accepted with conditions,,
350,1/24/2023 3:52:27,Mathematics,Western University,my predicted grade was a 43/45,24/01/2023,yeah i guess,105,accepted to math,thedumplinqueen#4937,i applied 8 december
351,1/24/2023 7:51:49,BMOS,Western University,42 predicted IB,3rd November 2022,nah,"105, overseas Canadian citizen",Accepted,YeknodTheDonkey,
352,1/24/2023 12:29:11,Undeclared Engineering,Toronto Metropolitan University,89.5,January 19th 2023,No,101,Accepted,-,
353,1/24/2023 13:35:44,Computer Engineering,Toronto Metropolitan University,89,January 19th,N/A,101,Accepted,N/A,"No email was sent, be sure to check ChooseTMU"
354,1/24/2023 13:36:29,Computer Engineering,York University,89,January 9th,N/A,101,Accepted,N/A,
355,1/24/2023 13:37:18,Computer Engineering,University of Ottawa,89,November 30th,N/A,101,Accepted,N/A,
356,1/24/2023 17:24:20,Biology,University of Ottawa,87,24-Jan-23,no,101,Accepted,no,
357,1/25/2023 16:01:33,Life Sciences (Biomed Sci),University of Waterloo,Grade 11: 95.5 & Grade 12: 87.5,"January 25th, 2022",Nope!,101,Accepted,dont have either!,slay!!!
358,1/25/2023 16:04:06,Mechatronics and Robotics Engineering,Queens University,92 midterm,25-Jan,No,101,Accepted,N/A,
359,1/25/2023 16:18:55,Computing,Queens University,98,25-Jan,No,101,Accepted,,
360,1/25/2023 16:19:42,Bachelor of Science,Queens University,98,25-Jan,No,101,Accepted,,
361,1/25/2023 16:33:20,Computing,Queens University,96.5,Jan 25 (2023),No supplemental application,101,Accepted,NTY,
362,1/25/2023 19:43:56,Honours Science,University of Waterloo,92,25-Jan,"Nope, no AIF either",101,Accepted,negligence#5621,
363,1/25/2023 19:44:37,Physical Sciences (Med Chem),University of Waterloo,92,25-Jan,No,101,Accepted,negligence#5621,
364,1/25/2023 23:34:57,Computer Science - AI and Machine Learning,Carleton University,Grade 12 Sem 1 midterm - 97.5 Grade 11 - 96.4,10-Jan-23,No,101,Accepted,PrateeKyt#0917,$16K Scholarship
365,1/25/2023 23:36:19,Mechatronics & Robotics Eng,Queens University,Midterm grade 12 sem 1 = 97.5,25-Jan-23,No,101,Accepted,PrateeKyt#0917,
366,1/25/2023 23:38:10,Software Engineering,University of Guelph,Grade 11 = 96.5 (if they saw grade 11) Grade 12 sem - 97.5,16-Dec-22,No,101,Accepted,PrateeKyt#0917,Just $2k scholarship
367,1/26/2023 12:10:52,Life Sciences Coop,University of Waterloo,87,25-Jan-23,no,101,Accepted,no,
368,1/26/2023 13:48:35,Social Sciences (Criminology),University of Ottawa,83,"January 19th, 2023",No,105,Accepted,Distinct_Staff_4,
369,1/26/2023 15:00:10,Bachelor of Arts (Health Studies),Queens University,94,Jan 25 2023,3 grade 12 courses completed,101,Accepted,Student.life,
370,1/26/2023 15:49:55,Nursing,York University,92 (Grade 12 Midterms) 93 (Grade 11 Final),25-Jan,N/A,101,Accepted,.,
371,1/26/2023 18:30:11,Mechatronics and Robotics Engineering,Queens University,91 Gr.12 midterm,25-Jan,No,101,Accepted,N/A,
372,1/27/2023 8:34:37,Kinesiology (no coop),University of Waterloo,86%,2023-01-26,No,101,Accepted,AccomplishedHippo474,
373,1/27/2023 8:47:29,Kinesiology and Health Science,York University,86%,2023-01-17,No,101,Accepted,AccomplishedHippo474,
374,1/27/2023 17:17:32,Biomedical Engineering,Toronto Metropolitan University,Grade 11: 95.5 & Grade 12 Midterms: 87.5,January 27th,nope!,101,Accepted,,i applied on november 14th and slayyy!!
375,1/27/2023 17:23:14,Physical Sciences (Astronomy/Physics),University of Waterloo,95,25-Jan-23,"no, had not gotten around to doing the AIF yet even",101,accepted,messifan27#1249,
376,1/27/2023 19:04:35,Computer Science (Co-op),Ontario Tech University,90,December 14 2022,No,101,Accepted,,
377,1/27/2023 22:22:13,Computational and Applied Mathematics and Statistics,Carleton University,88.75,17-Jan,no,101,accepted conditional,N/A,
378,1/27/2023 23:22:39,Graphic Communications Management,Toronto Metropolitan University,Grade 11 Final Average: 97%,11/24/22,N/A,101,Accepted (conditional),n/a,
379,1/29/2023 12:43:52,Computing,Queens University,98.8,"January 25th, 2023",-,101,Accepted,red#2798,conditional average is 75%
380,1/29/2023 12:48:26,Social Science,Western University,94,"January 6th, 2023",Yes,105,Accepted,aggresivelad,No
381,1/29/2023 13:00:50,Electrical Engineering,Carleton University,84,26-Jan-23,Notable EC,105,Accepted,Karim#1838,
382,1/29/2023 15:06:23,Health Science,Wilfrid Laurier University,grade 11: 96 - Grade 12: 93,December 20th,I did the AIF one day prior to acceptance.. dk if that matters,101,Accepted,ModelE#4485,
383,1/29/2023 20:07:19,Cognitive Science,Carleton University,87,January 10th 2023,No,101,Accepted,ѕami#0001,i luv tammy Fr
384,1/30/2023 11:19:26,Life Sciences,Queens University,98,23-Jan-23,No,101,accepted,readredirt,
385,1/30/2023 13:41:38,Management & Organizational Studies,Western University,94,December,No,101,Accepted,_,
386,1/31/2023 17:08:52,Comp Sci,Wilfrid Laurier University,87-89 not sure exactly,Jan 17/22,no,101,accepted,dont have any,
387,1/31/2023 18:08:39,Networking & IT security,Ontario Tech University,87,mid january,no,101,Accepted,n/a,
388,2/1/2023 9:57:59,Humanities 1,McMaster University,97,January 31st,No,101,Accepted,zoegaylee,
389,2/1/2023 15:09:12,Business Administration,Wilfrid Laurier University,96,04-Nov-22,No,101,Accepted,NayOel#6422,
390,2/1/2023 15:10:17,Bachelor of Applied Science Civil Engineering COOP Program,University of Ottawa,96,30-Nov-22,No,101,Accepted,NayOel#6422,
391,2/1/2023 15:12:18,Social Science,Western University,96,16-Dec-22,No,101,Accepted,NayOel#6422,
392,2/1/2023 16:28:02,Life Science,McMaster University,96%,01-Feb,Nope there is no supp app,101,Accepted,N/A,
393,2/1/2023 21:35:37,ibiomed,McMaster University,95,01/02/2023,No McMaster only looks at grades,105,Accepted,Yaqi#0759,
394,2/1/2023 21:39:41,Engineering,UBC,96,31/01/2023,I did an amount of robotics extracurriculars,105,Accepted,Yaqi#0759,
395,2/2/2023 8:23:07,Computer science,University of Guelph,a levels aab,13-Jan,No,105,Accepted,sistershook1,
396,2/2/2023 8:34:26,Honours Bachelor of Arts in Psychology,University of Ottawa,3.5 GPA,01-Feb-23,N/A,105,Accepted,leanne#6931,
397,2/2/2023 9:30:47,Financial Mathematics and Economics,University of Ottawa,95,Nov-31,Nope.,101,Accepted,None.,Offered with 3k in entrance admissions.
398,2/2/2023 9:32:47,Economics,Western University,95,16-Dec,Nope.,101,Accepted,none.,3k entrance scholarship.
399,2/2/2023 9:50:26,Mathematics and Statistics gateway,McMaster University,4 A*s A Levels (predicted),2001-02-23,No,105,Accepted,king_krrabis,
400,2/2/2023 10:08:55,Honours Bachelor of Health Sciences,University of Ottawa,~89,24-Jan-23,No,101,Accepted,Steve5731#9495,No comments
401,2/2/2023 14:17:25,Life Science (CO-OP),University of Waterloo,85,01/25/2023,Did not complete AIF,101,Accepted,zoey#9848,
402,2/2/2023 14:19:01,Honours Science,University of Waterloo,85,1/25/2023,Did not complete AIF,101,Accepted,zoey#9848,
403,2/2/2023 14:20:56,Honours Science (Biology) (CO-OP),University of Ottawa,85,1/25/2023,No supp app but there is an equity app/am part of a minority.,101,Accepted,zoey#9848,
404,2/2/2023 22:34:57,Life sciences and Honours science,University of Waterloo,"92% grade 11, 85% grade 12 midterms","Life sci: Nov. 30th, honours sci: Jan. 25th",No,101,Accepted,walkinghornet31,
405,2/3/2023 15:24:20,Engineering,Western University,95.66,Feb 2 2023,/,101,Accepted,SeventhestSon,
406,2/3/2023 15:25:48,Engineering,Queens University,95.66,Jan 25 2023,/,101,Accepted,SeventhestSon,
407,2/3/2023 15:52:21,Social Science,Western University,98.7,03-Feb-23,No,101,Accepted,quantitativereddit,Also applied for Ivey AEO and haven’t heard back yet.
408,2/3/2023 22:35:30,Science,Western University,94,03-Feb,nope,101,acceoted,.,
409,2/4/2023 8:58:35,Life Sciences (Biomedical Science),University of Waterloo,86,03/02/2023,"Yes, school clubs and a number of academic and non-academic awards",105,Accepted,,
410,2/4/2023 8:59:27,Science (Biology),Western University,86,03/02/2023,None required,105,Accepted,,
411,2/5/2023 18:18:45,Health Science,Wilfrid Laurier University,Gr.11 avg: 87,November 17th,No supp app was done,101,Accepted,Manuuuuuuuu#8999,
412,2/5/2023 18:19:31,Computer Science,Wilfrid Laurier University,87,November 17th,None,101,Accepted,Manuuuuuuuu#8999,
413,2/5/2023 18:20:13,Neuroscience,Brock University,87 (Grade 11 final),November 20th,None,101,Accepted,Manuuuuuuuu#8999,
414,2/5/2023 23:09:35,Life Science,McMaster University,98,02-Feb,N.A,101,Accepted,N.A.,3k scholarship :)
415,2/6/2023 12:12:01,Biomedical science,York University,94,dec 22 2022,no,101,accepted,toomanyservers#1267,
416,2/8/2023 20:44:36,Computer Science,Carleton University,97%,19-Dec-22,No,101,Accepted,,
417,2/8/2023 20:48:35,Science,University of British Columbia,96.30%,08-Feb-23,"internship, part-time jobs, volunteering, tutoring",101,Accepted,,
418,2/8/2023 23:53:31,Social Science: Psychology,Western University,92% in English : 90% Overall,12-Dec,No,101,Accepted,,Western : Kings
419,2/9/2023 21:18:38,law and society,York University,87,05-Jan,no,101,accepted,egye,
420,2/9/2023 22:02:20,Engineering,Western University,88,09-Feb-23,N/A,101,Accepted,saucyboi#3505,
421,2/10/2023 9:23:40,Engineering,Western University,93,09-Feb,"I filled out the supplementary application, I did robotics and ran a non-profit",101,Accepted,no,
422,2/10/2023 9:24:44,Environmental engineering,University of Guelph,93,09-Feb,"I filled out the SPF, and did robotics and ran a non-profit outside of school",101,Accepted,n/a,
423,2/11/2023 8:10:11,Law & Society,York University,86%,16-Dec-22,No,101,Accepted,Anonymous,
424,2/11/2023 8:12:01,Honours Political Science with Management Option,Wilfrid Laurier University,86%,10-Dec-22,No,101,Accepted,Anonymous,
425,2/11/2023 8:13:15,Political Science,Brock University,86%,"Dec 6,2022",No,101,Accepted,Anonymous,
426,2/11/2023 8:33:14,Applied Science (Engineering),UBC,96.7,03-Feb,Submitted before Dec 1st,101 (UBC though),Accepted,N/A,
427,2/11/2023 8:55:33,Honours Arts and Business,University of Waterloo,86%,25-Jan-23,No,101,Accepted,Anonymous,
428,2/11/2023 8:57:07,Social Sciences I (Political Science specialization in Public Law and Judicial Studies),McMaster University,86%,01-Feb-23,No,101,Accepted,Anonymous,
429,2/11/2023 8:58:30,Social Science (Political Science),Western University,86%,"Jan 23,2023",No,101,Accepted,Anonymous,Huron University College
430,2/11/2023 11:43:24,Life Science,McMaster University,95,01-Feb,IB program,101,Accepted,artloverr#9015,
431,2/11/2023 11:55:04,"Bachelor of Commerce, (co-op) Government, Economics and Management",University of Guelph,94%,February 11th,No,101,Accepted,Gta-gamer4321,
432,2/11/2023 11:55:45,Engineering,York University,88.6,06-Jan,No,101,Accepted,KrispγKrunch_#1852,Nah
433,2/11/2023 12:29:58,Life Sciences & Biochemistry,Queens University,90.33,January 25th,No,101,Accepted,no,
434,2/11/2023 12:30:48,Biomedical Sciences,University of Ottawa,90.3,30-Nov,No,101,Accepted,no,
435,2/11/2023 12:31:38,Health Sciences,University of Ottawa,90.3,30-Nov,No,101,Accepted,No,
436,2/11/2023 12:32:22,Biomedical Science,University of Waterloo,90.3,30-Nov,No,101,Accepted,No,
437,2/11/2023 12:35:12,Bachelor of Arts (Undeclared),Simon Fraser University,82%,"February 1st, 2023",nope,101,Accepted,yoduhfhru,
438,2/11/2023 12:59:38,Economics,Wilfrid Laurier University,94.9 Gr.11,17-Nov,No,101,Accepted,u/PenguinWatcher,
439,2/11/2023 13:00:28,BBA,Wilfrid Laurier University,94.9 Gr.11,17-Nov,No,101,Accepted,u/PenguinWatcher,
440,2/11/2023 13:02:48,Economics,Western University,95.7 Gr.12 Midterm,12-Dec,No,101,Accepted,u/PenguinWatcher,
441,2/11/2023 13:04:54,"Government, Economics and Management (w/ Co-op)",University of Guelph,95.7 Gr.12 Midterm,16-Dec,No,101,Accepted,u/PenguinWatcher,
442,2/11/2023 13:22:00,Electrical Engineering,Toronto Metropolitan University,89,19-Jan,no,101,Accepted,na,
443,2/11/2023 14:39:52,Mechanical Engineering,Toronto Metropolitan University,92,09-Feb,"Nope, like almost 0 ec’s",105,Accepted,TripxReaper#3700,
444,2/11/2023 14:40:46,Engineering,York University,92,17-Jan,Nope,105,Accepted,TripxReaper#3700,
445,2/11/2023 15:34:36,Undeclared Engineering,Toronto Metropolitan University,89.33,"not sure, im pretty sure i received it within two weeks after the 101 deadline",no,101,Accepted,Kenneth1587#0678,
446,2/11/2023 15:35:22,Engineering,York University,89.33,not sure but i received it very soon after i applied (Within 2 weeks),No,101,Accepted,Kenneth1587#0678,
447,2/11/2023 16:22:44,Health Sciences,Carleton University,95,December 14 2022,no,101,Accepted,Altruistic-Motor-999,n/a
448,2/11/2023 18:00:02,Anthropology and Forensics,Trent Peterborough,79%,2022-11-24,No,101,Accepted,reddit: k-itlyn,Committed to program :)
449,2/11/2023 21:36:46,Health sciences,Western University,90.80%,2022-12-05,Nope,101,Accepted,NIKKI!!☆#4134,Brescia not main campus yet :;)
450,2/11/2023 21:39:27,Health sciences,Ontario Tech University,90.80%,2022-11-08,Nope,101,Accepted,NIKKI!!☆#4134,
451,2/11/2023 23:47:04,Chemistry BSc,University of Waterloo,87,"November 30th, 2022",No,101,Accepted,DiscrdPeopleNamesAngerMe#4197,N/A
452,2/12/2023 0:45:40,Life sci,McMaster University,96,February 2nd,No 💀,101,Accepted,kidnamedkidnamed,
453,2/12/2023 20:16:30,Software Engineering,University of Guelph,95%,10-Feb,Nah,101,Accepted,ムジカル忍#8976,
454,2/12/2023 21:27:38,Engineering,Queens University,99,Dec-22,No,101,Accepted,,
455,2/13/2023 0:24:21,Concurrent education/Bachelor of Arts at Bader College,Queens University,89.7,25-Jan,No,101,Accepted,Anonymous,No
456,2/13/2023 13:04:01,Computer Science,University of Toronto,95,10-Feb,clubs,101,Accepted,anonymous,IB @ HBMSS
457,2/13/2023 17:33:18,Electrical engineering,University of Toronto,96.5 (if advanced func was counted twice) or 95.83,2023-02-13,not much: 1st place eng competition- part time job- model UN- clubs-sports,101,Accepted,SirMan#6441,
458,2/13/2023 18:18:03,Engineering Science,University of Toronto,97,13-Feb-23,"yes, it really matters how u phrase it rather than listing out ur ecs in the written",101,Accepted,N/A,"i recommend participating in uoft hiskule engineering events for hs students!! it's a great networking opportunity and if u win, u can put it in ur supp"
459,2/14/2023 7:56:51,Biomedical Science,Toronto Metropolitan University,95.6 (Gr11),"November 23rd, 2022",No,101,Accepted,jewelia#4698,
460,2/14/2023 22:57:48,Engineering Science,University of Toronto,99,"February 13th, 2023","National Book Award, Research Paper Publication, Breakthrough Juinor Challenge Top 5%, National Global Health Competition Winner",101,Accepted,dh,Top Choice
461,2/15/2023 16:16:45,Life Science,McMaster University,94.1 (IB: 38/45),Feb 10th,No,105,Accepted,N/A,N/A
462,2/15/2023 22:07:20,Life Sciences,McMaster University,96,01-Feb,No,101,Accepted,N/A,
463,2/15/2023 22:08:21,"Honours Science, Life Science/ Biochem",Queens University,96,07-Dec,no,101,accepted,N/A,
464,2/15/2023 22:09:19,"Medical science, Science",Western University,96,30-Dec,no,101,accepted,N/A,
465,2/15/2023 22:10:11,Biochemistry,York University,96,16-Dec,no,101,accepted,N/A,
466,2/15/2023 23:46:12,Honours Physical Sciences,University of Waterloo,92,January 25th 2023,no,101,Accepted,n/a,
467,2/15/2023 23:51:40,Engineering,Western University,91,February 12th 2023,"Robotics, part time job and school clubs",101,accepted,N/A,
468,2/16/2023 15:55:04,Business Technology Management,Toronto Metropolitan University,97,February 16th,No,101,Accepted,averagestudent1721,
469,2/16/2023 16:06:07,Ivey AEO,Western University,98.6,"16 February, 2023",Nope,105D,Accepted,hetopycc#0661,N/a
470,2/16/2023 16:58:59,Business Admin (co-op),Trent University (Both Campuses),95% (90.5 when I originally applied),"February 16th, 2023",No extra application,101,Accepted,reddit_Maddy7X,
471,2/16/2023 17:22:58,nursing,tmu-gbc,92,16-Feb,no,101,accepted,n/a,
472,2/16/2023 17:23:30,business management,Toronto Metropolitan University,92,16-Feb,no,101,accepted,n/a,
473,2/16/2023 18:43:25,Computer Science,UTM,97,16-Feb,No,101,Accepted,N/A,
474,2/16/2023 20:19:54,Bachelor of Commerce,Toronto Metropolitan University,88.7,02/16/2023,Didn't do any supps,101,Accepted,adrien#5525,
475,2/16/2023 21:02:33,Life Science,University of Toronto,96,16-Feb,no,101,accepted,N/A,
476,2/16/2023 21:13:12,Physical and Mathematical Sciences,University of Toronto,96.5,16-Feb-23,"No, there was no supplemental application",101,Accepted,_r2285#6862,Top choice
477,2/16/2023 21:15:00,Life sciences,University of Toronto,96,16-Feb-23,no,101,accepted,artloverr#9015,IB student
478,2/16/2023 21:33:34,Life Sciences,University of Toronto,99,February 16 2023,No,101,Accepted,,"UTSG, U of T Scholar ($7,500 scholarship)"
479,2/16/2023 21:36:04,Computer Science,University of Toronto,96.2,"February 16th, 2023","Student council, SHSM exec",101,Accepted,n/a,
480,2/16/2023 21:48:26,Computer Science,University of Ottawa,94,16-Feb,"nope, I didn't submit their optional supplementary application",101,accepted,.,
481,2/16/2023 21:51:13,Computer Engineering,Toronto Metropolitan University,94,15-Jan,No,101,Accepted,Friedfroggy,
482,2/16/2023 21:51:36,Mathematical and physical sciences (art sci),University of Toronto,94,16-Feb,not when applying to the program - but I completed the trinity application,101,accepted,-,utsg (I also got into trinity college)
483,2/16/2023 21:52:25,Computer Science,Toronto Metropolitan University,94,Offer,No,101,Accepted,Fried-froggy,
484,2/16/2023 21:53:49,Electrical and Computer Engineering,Queens University,94,02-Feb-23,No,101,Accepted,FriedFroggy,
485,2/16/2023 21:54:09,Social Science,University of Toronto,"Gr 11: 95, Gr. 12: 97",16-Feb-23,n/a,101,accepted,n/a,Applied to Trinity College for early acceptance and got in!
486,2/16/2023 22:39:40,Rotman Commerce,University of Toronto,96.5,16-Feb,"Clubs, Volunteering",101,Accepted,tin#6528,
487,2/16/2023 23:02:10,Life Science,University of Toronto,90.33,16-Feb,yes but not related to life science,101,Accepted,puiyi,UTM
488,2/16/2023 23:02:59,Life Science,University of Toronto,91.8,02/16/2023,sex,101,Accepted,AGIB46,UTSC campus
489,2/16/2023 23:04:09,Life Sciences,University of Toronto,95.8?,"February 16th, 2023",No,101,Accepted,-,
490,2/16/2023 23:50:20,General Engineering,Simon Fraser University (SFU),89,Feb 1st,No,101,Accepted,tomate #1365,N/A
491,2/17/2023 0:15:29,Rotman Commerce,University of Toronto,96.5,16-Feb,no,101,accepted,Successful-Cupcake52,also got a Vic college $3k scholarship
492,2/17/2023 0:28:24,life science,University of Toronto St.G,99,16-Feb,NA,101,accepted,NA,
493,2/17/2023 0:34:56,Computer Science,University of Toronto,98.3,17-Feb-23,"DECA President, DECA ICDC Qualifier, Student Council Executive, Personal Projects",101,Accepted,red#2798,"conditional is 80% english and 85% calc for june 30, 2023"
494,2/17/2023 1:50:46,Co-op Life Sciences,University of Toronto,~93%,16-Feb,no,101,accepted,evan#4509,scaraborough
495,2/17/2023 4:06:47,Life Science,University of Toronto,95.20%,February 16 2023,No,101,Accepted,n/a,
496,2/17/2023 7:39:59,Rotman Commerce,University of Toronto,94,2/16/23,nah,101,Accepted,a,
497,2/17/2023 7:57:38,Life sciences,University of Toronto,98,16-Feb,No,101,Accepted,-,
498,2/17/2023 11:04:36,Rotman Commerce,UofT St George,International A Level 3A* 2A,16-2-2023,"top 10 in local finals for a business competition, film society president, multiple club roles and duties, being part of a fundraiser, internships",105,Accepted,nah,also applied to UofT Mississauga commerce and UofT Scarborough Social Sciences and Humanities with the same grades and got accepted all with a scholarship to Mississauga
499,2/17/2023 11:39:09,Social Sciences,University of Toronto,AAB (A levels),16th February 2023,N/A,105,Accepted,anatidaelac,
500,2/17/2023 11:43:49,Business Management and Business Tech Management,Toronto Metropolitan University,88.5% for sem 1 and 86 for grade 11,Feb 15th,Nope,101,Accepted,-,
501,2/17/2023 13:01:36,Rotman Commerce,University of Toronto,99.5,16-Feb-23,Interview went well and I spoke of a few good EC’s.,101,Accepted,quantitativereddit,
502,2/17/2023 13:27:35,Computer Science,Wilfrid Laurier University,98.333,"Tue, Nov 29, 2022",No,101,Accepted,YY#7691,dont become a golden hawk
503,2/17/2023 13:28:25,Computer Science,University of Guelph,98.33,"Fri, Dec 16, 2022",No,101,Accepted,YY#7691,
504,2/17/2023 13:29:22,Computer Science,Carleton University,98.33,"Tue, Dec 20, 2022",No,101,Accepted,YY#7691,
505,2/17/2023 13:30:02,Computing,Queens University,98.33,"Wed, Jan 25, 2023",No,101,Accepted,YY#7691,
506,2/17/2023 13:30:50,Computer Science,Toronto Metropolitan University,98.33,"Thu, Jan 19, 2023",No,101,Accepted,YY#7691,
507,2/17/2023 13:32:26,Computer Science,University of Ottawa,99,"Thu, Feb 16, 2023",No,101,Accepted,YY#7691,Carleton > Ottawa in every single way lmfao
508,2/17/2023 13:33:39,Computer Science,University of Toronto,99,"Thu, Feb 16, 2023",My supp app was decent for how limited it was,101,Accepted,YY#7691,Saint George (UC)
509,2/17/2023 13:57:55,sociology,Toronto Metropolitan University,91,15,no,101,accepted,n/a,:)
510,2/17/2023 13:58:31,social work,Toronto Metropolitan University,91,15,no,101,accepted,n/a,😁
511,2/17/2023 14:46:08,Life Sciences,University of Toronto,96,February 16th 2023,N/A,101,Accepted,N/A,This is the Mississauga Campus (UTM)
512,2/17/2023 16:42:19,Life Sciences,University of Toronto,92,2023-02-16,No,101,Accepted,N/A,UofT Scarborough
513,2/17/2023 21:22:40,Business Management (Bcomm),Toronto Metropolitan University,85% top 6 (including uni level courses from gr 11),Feb 17 2023,n/a,101,Accepted,Discord: galore#5616,the way they looked at my 70% in gr 11 functions and still accepted me.... BYEEEEE
514,2/17/2023 21:44:59,"Studies in Computer Science, Mathematics and Statistics",University of Toronto,95,16-Feb-23,No,101,Accepted,Chomusuke#9856,Mississauga campus
515,2/17/2023 22:38:53,Life Science,University of Toronto,94%,February 16th,No,101,Accepted,,
516,2/17/2023 23:34:49,Computer Science,Toronto Metropolitan University,93.5,16-Feb,no,101,Accepted,grizz#2958,
517,2/18/2023 10:59:30,Business Management,Toronto Metropolitan University,95,Feb 16th,None,101,Accepted,Gta-gamer4321,3k/year scholarship
518,2/18/2023 11:00:52,BBA,Wilfrid Laurier University,95,Feb 18th,"President of STUCO, raised 20k for relay4life, president of JA company, co-president of SHSM council, 200 hours of volunteering.",101,Accepted,Gta-gamer4321,Presidents gold scholarship - 4k/year
519,2/18/2023 12:00:49,Health Sci on Main Campus,Queens University,97,15-Feb,None,105,Accepted,Hanauma680#8740,
520,2/18/2023 13:08:56,BBA,Wilfrid Laurier University,96.5,02-18-2023,no,101,accepted,Successful-cupcake62,Got a president’s Gold Scholarship
521,2/18/2023 16:46:04,Bachelors Computer Science,University of New Brunswick,89%,jan 12th 2023,i got recruited by the cross country and track coach,"N/A, wasnt a ontario uni",Accepted,MiseryGay,got a nice $4000 per year scholarship
522,2/18/2023 19:57:10,CS + Ivey AEO,Western University,93.75%,February 16th,biggest EC imo was my managerial role in my family business where I quantified our sales to show my production,105,Accepted w/ Ivey AEO!,Arf#9694,
523,2/18/2023 22:42:27,Business Administration,Wilfrid Laurier University,92.67,18-Feb-23,Nope,101,Accepted,Angela._.#3070,I didn’t do the ABS
524,2/19/2023 15:46:35,English lit (Humanities),University of Toronto,89.5,17-Feb,No,101,Accepted,Nanamia#7478,
525,2/19/2023 15:47:39,Honours arts with coop (English lit and rhetoric),University of Waterloo,89.5,Jan 26th,no,101,Accepted,Nanamia#7478,
526,2/19/2023 18:34:27,Mathematical and physical sciences,University of Toronto,89,2023-02-16,n/a,191,accepted,twinebased,
527,2/19/2023 21:03:27,Nursing,Toronto Metropolitan University,90.5,Offer,No,105,Accepted,Masoum,
528,2/21/2023 15:01:44,Science,Western University,95.5,February 21st,No,105 Domestic,Accepted,J.rando#8942,"Recieved offer in Western student portal, haven't updated in OUAC"
529,2/21/2023 15:03:44,Engineering,Western University,93.7,Febuary 21st,"Yes, filled out Western Connect profile",105 domestic,Accepted,J.rando#8942,"Received acceptance in student portal, haven't gotten email yet"
530,2/21/2023 15:05:03,health science,Western University,95.2,16-Dec-22,no,101,accepted,cost#2117,main campus
531,2/21/2023 15:07:33,Medical Radiation Sciences,McMaster University,95.5,February 13th,No,105 Domestic,Accepted,J.rando#894,
532,2/21/2023 16:03:57,Health Sciences,Wilfrid Laurier University,94.67%,19-Dec-22,None,101,Accepted,Hannah_P#9061,
533,2/21/2023 16:06:44,Honours Life Sciences (Regular),University of Waterloo,94.67%,21-Jan-23,None,101,Accepted,Hannah_P#9061,
534,2/22/2023 10:28:20,Health sci,University of Ottawa,93,Wednesday 22 Feb 2023,Whole bunch of extracurriculars,101,Accepted,N/A,2k scholarship
535,2/22/2023 17:53:46,Computer Science (4 years),University of Ottawa,89,21-Feb-23,No,101,Accepted,,
536,2/22/2023 17:56:16,Computer Science – Honours (regular and co-op),Carleton University,89,22-Feb-23,No,101,Accepted,,
537,2/22/2023 19:18:22,Helath Science,University of Ottawa,92,Feb 22 2023,Insane amount of extracurriculars,101,Accepted,n/a,2kscholarship
538,2/22/2023 19:51:05,Health Sciences,Queens University,92,"February 16th, 2023","StudCo, LINK, Waterloo Avogadro",101,Accepted,N/A,
539,2/22/2023 19:57:45,Software Engineering,University of Ottawa,93,2/22/2023,No,101,Accepted,thesurrealboi#3109,
540,2/22/2023 21:30:01,financial mathematics and economics,University of Ottawa,90,22-Feb,no,101,accepted,n/a,
541,2/22/2023 22:35:16,Stats,University of Toronto,94,02/16/2023,N/A,101,Accepted,him123,U of T Scarborough
542,2/22/2023 22:36:25,Data Science (double degree math + compsci),University of Ottawa,94,02/22/2023,n/a,101,Accepted,him123,
543,2/23/2023 0:11:19,Applied Science (Engineering),University of Ottawa,95(G11) 95.5(G12),18/1/2023,No,101,Accepted,No1Lol#2232,
544,2/23/2023 0:13:34,Applied Science (Engineering),Queens University,"95(G11), 95.5 (G12)",22/2/2023,No,101,Accepted,No1Lol#2232,
545,2/23/2023 11:06:53,BBA/CS DD (WL Only),Wilfrid Laurier University,95,Feb 22nd,"President of STUCO, raised 20k for relay4life, president of JA company, co-president of SHSM council, 200 hours of volunteering.",101,Accepted,Gta-gamer4321,Applied Dec 15th
546,2/23/2023 15:41:31,Health Sciences,Wilfrid Laurier University,87%,2023-02-23,No,101,Accepted (conditional),u/AccomplishedHippo474,
547,2/23/2023 18:25:06,BSc (Hons) Biopharm Sci,University of Ottawa,93,13-Dec,no,101,Accepted,n/a,$3k scholarship
548,2/23/2023 19:45:19,Computer Science,University of Ottawa,91,21-Feb-23,No,101,Accepted,N/A,
549,2/24/2023 9:58:44,Business management,Toronto Metropolitan University,84,23-Feb,Not really,101,Accepted,Motor replacement,
550,2/24/2023 12:28:50,Nursing,University of Ottawa,90,16-Feb,Filled out the Declaration of Personal Experience,101,Accepted,mmark17#0300,
551,2/24/2023 22:11:43,Electrical engineering and Computing technology,University of Ottawa,83,Feb 24 2023,No,101,Accepted,Reddit: VermicelliNo4218,1000$ scholarship
552,2/24/2023 22:12:39,Electrical engineering,University of Ottawa,83,Feb 24 2023,No,101,Accepted,Reddit: VermicelliNo4218,1k scholarship
553,2/24/2023 22:13:38,"Bachelor of Science (Honours) - Biomedical Sciences, Bachelor of Science in Nursing (Fall 2023)",Toronto Metropolitan University,"95 Grade 12 Semester 1 Average, 93 Gr 11 average",24-Feb-23,No,101,Accepted,Shrestha#1275,
554,2/25/2023 11:35:32,Civil Engineering,Toronto Metropolitan University,86,24-Feb,-,101,Accepted,-,80 conditional
555,2/25/2023 13:22:03,Health Sciences,Wilfrid Laurier University,91.5,19-Nov,No,101,Accepted,N/A,
556,2/25/2023 18:49:05,Nursing (woodroofe campus),University of Ottawa,87.3,Feb 22nd,Nope,101,Accepted,n/a,
557,2/26/2023 0:55:09,Commerce - Finance (Co-op),University of Ottawa,idek bro,Feb 2 2023,No,101,Accepted,LightningMcFast#9228,
558,2/26/2023 2:13:31,Engineering,Western University,95(g11) 95.5(g12),24/2/2023,Did the Western Engineering Optional Supplementals,101,Accepted,No1Lol#2232,
559,2/26/2023 14:52:10,Mechatronics Engineering,Toronto Metropolitan University,90,25-Feb-23,No,101,Accepted,JoeRoll#3955,
560,2/26/2023 16:05:27,Biomedical Science,University of Ottawa,95.8,29-Nov-22,No,101,Accepted,TypeL3mon#1019,N/A
561,2/26/2023 16:08:56,Life Sciences,University of Toronto,95.3,16-Feb-23,"President of school club, NPO work, OFSAA, part-time job",101,Accepted,TypeL3mon#1019,St. George Campus - St. Michael's College
562,2/26/2023 16:10:41,Social Sciences & Humanities (Evolutionary Anthropology),University of Toronto,95.3,16-Feb-23,No,101,Accepted,TypeL3mon#1019,N/A
563,2/27/2023 8:21:56,Bachelor of Arts (Psychology),University of Ottawa,89,Jan-23,/,101,Accepted,Friendly-Relative524,
564,2/27/2023 17:11:08,BBA,Wilfrid Laurier University,95.50%,February 17th,No ABS form,101,Accepted,souvlakiearthstation,
565,2/27/2023 17:15:13,Business Administration,Wilfrid Laurier University,95.50%,"February 17th, 2023",No ABS form,101,Accepted,souvlakiearthstation,Received President’s Gold Scholarship (4k/per year)
566,2/27/2023 18:03:21,Double Degree in Management & Finance (BBA) and Statistics—Quantitative Finance Stream (BSc),University of Toronto,96,02/16/23,"Just work, volunteer experience and co-op",101,Accepted,N/A,
567,2/28/2023 13:58:15,Computer Science Honours (Game Dev Stream),Carleton University,91.60%,27-Feb,no,101,Accepted,.,offered $12k scholarship
568,2/28/2023 18:22:45,Social science-neuroscience/psych specialization,McMaster University,87.5,Jan 31st,no,101,Accepted,anonymous,nope!
569,2/28/2023 22:28:21,Computer Science (COD),Carleton University,93.67,28-Feb-23,no,101,Accepted,gek#0461,
570,3/1/2023 2:12:32,Civil Engineering,Toronto Metropolitan University,85%,Jan 28th,,105,Accepted,,
571,3/1/2023 8:48:54,Honours arts (psychology),University of Waterloo,92.75%,Feb 27th 2023,Nope!,101,Accepted,NIKKI!!☆#4134,
572,3/1/2023 12:06:26,Engineering,Queens University,93,01-Mar,No,101,Accepted,n/a,
573,3/1/2023 12:09:00,Bachelor of Arts,Queens University,90.75,01-Mar-23,/,101,Accepted,n/a,
574,3/1/2023 12:09:44,Bachelor of Science,Queens University,90.75,01-Mar-23,/,101,Accepted,/,
575,3/1/2023 12:32:25,Applied Science (Engineering),Queens University,92.50%,01-Mar-23,Applied for Bursary,101,Accepted,maemaelyn,
576,3/1/2023 13:30:58,Queen's Nursing,Queens University,92,01-Mar-23,Completed supplementary essays,101,Accepted,N/a,
577,3/1/2023 14:15:26,Bachelor of Health Sciences (Honours),Queens University,97 (rejected),27-Feb-23,I didn't do a supplementary application lol idek if there was one,101,Rejection,waffle#3459,"I'm not sure if there was a supplementary application to do or not, but I did not do one if there was"
578,3/1/2023 14:29:40,General Engineering,Queens University,93,"Wed, Mar 1",No Sup app,101,Accepted,ashsmilycash#5552,Nope
579,3/1/2023 14:49:02,Applied Science,Queens University,94,01-Mar,No,101,Accepted,n/a,"accepted by email, took forever to show up on OUAC and Queen's portal"
580,3/1/2023 15:44:39,Kinesiology,Queens University,93,March 1st,No,101,Accepted,N/A,
581,3/1/2023 16:16:08,Engineering,Queens University,95,01-Mar-23,no,101,Accepted,n/a,Got into mechatronics in December. It is possible to get into both general and mech.
582,3/1/2023 18:12:29,Engineering,Queens University,96.5,01-Mar-23,No,101,Accepted,NA,
583,3/1/2023 19:37:15,Health Science (with co-op),University of Waterloo,96,01-Mar-23,nope,101,accepted,queenie2847,
584,3/1/2023 19:41:53,Health Science,University of Waterloo,91,2023-03-01,Did the AIF,101,Accepted,ModelE#4485,
585,3/1/2023 20:37:22,Honours arts (psychology),Queens University,92.75%,March 1st 2023,Nope :),101,Accepted,NIKKI!!☆#4134,
586,3/1/2023 20:38:15,International development,University of Waterloo,92.75%,March 1st 2023,Nope!,101,Accepted,NIKKI!!☆#4134,
587,3/1/2023 20:53:20,Honours sci,University of Waterloo,96,01-Mar,AIF,101,Accepted,N/a,
588,3/1/2023 20:53:56,Life sci,University of Waterloo,96,01-Mar,AIF,101,Accepted,N/a,
589,3/1/2023 21:53:30,Applied Science General (eng),Queens University,95.3,March 1st,no,101,accepted,,
590,3/1/2023 22:14:25,Honours Health Sciences (Co-op),University of Waterloo,95,01-Mar-23,Completed the AIF,101,Accepted,,
591,3/2/2023 0:04:44,Health Sciences (Co-op),University of Waterloo,94.83%,02-Mar,"yes; Student activities council, arts council, media communications (club), Morning announcements, running school social media, volunteering at summer camp, a couple of non-academic awards",101,Accepted,Hannah_P#9061,
592,3/2/2023 1:50:05,softeng,Carleton University,88,december 16 2022,no,101,accepted,sameer#1337,
593,3/2/2023 7:27:55,Biomedical Engineering,Toronto Metropolitan University,85,24-Feb,no need,101,Accepted,puiyi,"no email sent, but updated in portal and ouac"
594,3/2/2023 8:42:22,Health Sciences with Co-Op,University of Waterloo,96,01-Mar-23,AIF,101,Accepted,N/A,N/A
595,3/2/2023 9:59:11,Management and Ivey,Western University,96,02-Mar,"Art council:vice, JA president, debate 12 rep, volleyball club 12 rep, student council GM are the main ones",101,accepted,u/dokikook,i think they use semester 1 average right guys?
596,3/2/2023 13:19:02,Bachelor of Arts Con-Ed,Queens University,93,2003-01-23,No,101,Accepted,N/A,
597,3/2/2023 17:48:04,Humanities I,McMaster University,gr 11: 95 ; gr 12:97,02-Mar-23,n/a,101,Accepted,n/a,McMaster Scholarship of Excellence
598,3/3/2023 0:26:06,Health Sciences,University of Waterloo,93%,March 1st,SAC and like 10 others,101,Accepted,dont have one,na
599,3/3/2023 9:10:57,Science,Queens University,91.5,01-Mar,N/A,101,Accepted,N/A,
600,3/3/2023 9:12:07,Life Science (CO-OP),University of Waterloo,91.5,28-Feb,Research Job and Volunteering,101,Accepted,N/A,
601,3/3/2023 9:43:41,RTA Media Production,Toronto Metropolitan University,96.7,March 3rd,yes,101,Accepted,n/a,
602,3/3/2023 12:45:15,Computer Science,Ontario Tech University,~90 I think?,December 13 2022,No,101,Accepted,,Must have above 85% average
603,3/3/2023 19:55:33,Computer Science,Toronto Metropolitan University,92,March 3rd,No,101,Accepted,u/Cyphru,
604,3/3/2023 21:07:38,Concurrent Science,Queens University,95,01-Mar-23,No,101,Accepted,TypeL3mon#1019,
605,3/3/2023 23:31:35,Engineering Science,University of Toronto,Gr. 12 Mtrm: 97 Gr. 11: 97,2/10/2022,"Not really notable. Club membership x5, rep basketball, volunteering initiatives, academics awards and distinctions etc.",101,Accepted,don’t have either,
606,3/4/2023 0:53:37,Computer Science,McMaster University,95.75,March 1st,"Nope, did a decent interview",105D,Accepted,J.rando#8942,None
607,3/4/2023 0:59:36,Computing,Queens University,95.5,February 22nd,None,105D,Accepted,J.rando#8942,None
608,3/4/2023 14:43:31,Engineering,Western University,90,09-Feb-23,IB program at HMBSS and completed the Engineering Connect Profile,101,Accepted,K_Bye#5872,
609,3/4/2023 19:27:02,Computer science,Toronto Metropolitan University,89.3,03-Mar,no,101,accepted,Ankita#0246,no
610,3/4/2023 20:15:05,Commerce,Brock University,93%,"Nov. 23rd, 2022",N/A,101,Accepted,A Lobster#7851,
611,3/4/2023 20:16:52,Commerce,University of Ottawa,93%,"Nov. 30th, 2022",N/A,101,Accepted,A Lobster#7851,
612,3/4/2023 20:17:58,Commerce,Carleton University,93%,"Dec. 21st, 2022",N/A,101,Accepted,A Lobster#7851,
613,3/4/2023 20:19:23,Commerce,University of Guelph,93%,"Dec. 16th, 2022",N/A,101,Accepted,A Lobster#7851,
614,3/4/2023 20:20:56,Commerce,University of Toronto,93%,"Feb. 16th, 2023",N/A,101,Accepted,A Lobster#7851,UofT Mississauga
615,3/5/2023 7:21:56,Engineering,Queens University,95.66,March 1st,No supp app,101,Accepted,ridham720,
616,3/5/2023 9:24:37,Life Sciences,University of Toronto,96.5,"February 16th, 2023",No,101,Accepted,theperrywinkle05,UofT St George
617,3/5/2023 9:26:18,Life Sciences and Biochemistry,Queens University,96.5,"March 1st, 2023",No,101,Accepted,theperrywinkle05,
618,3/5/2023 18:34:21,Engineering,Queens University,95,01-Mar,.,101,Accepted,.,
619,3/5/2023 22:43:19,Computer Science,Toronto Metropolitan University,92,03-Mar,Nope I was literally a wasteman in HS,101,Accepted,nah,Suprised I got accepted from this first and not york lol
620,3/6/2023 14:55:31,Kinesiology,McMaster University,93,March 6th,No,101,Accepted,N/A,
621,3/6/2023 15:21:39,Chemical & Physical Science,McMaster University,91 (sem one),"March 6th, 2023",nope!,101,Accepted,/,i applied november 14th and SLAYYYY!!!
622,3/6/2023 17:55:57,Kinesiology,McMaster University,92.5,03-Jun,no,101,accepted,N/A,
623,3/6/2023 19:08:20,Kinesiology,McMaster University,96.75,06-Mar,No,101,Accepted,N/A,No
624,3/6/2023 23:08:35,Math and Statistics Gateway,McMaster University,96.5,06-Mar-23,"No, there was no supplementary application",101,Accepted,_r2285#6862,Science Achievement Award - $1k
625,3/7/2023 0:53:27,Math and Stats Gateway,McMaster University,92,07-Mar-23,nope!,101,Accepted,N/A,
626,3/7/2023 0:59:36,chemistry,Toronto Metropolitan University,83%,18-Feb,no,101,accepted,i dont have one lmao,
627,3/7/2023 9:05:11,Mechanical Engineering,University of Toronto,98.25,February 12th 2023,"President of DECA, Mathletes, Head of PR for Music Council, Student Government Grade 12 Rep, McGivney messenger writer, debate team, Student leaders at mcgivney missions team, badminton club, intramural sports",101,Accepted,dont have it,
628,3/7/2023 13:34:06,Medical Radiation Sciences,McMaster University,91%,March 6th,No,101,Accepted,hanime.tv#7023,Conditional Offer- must maintain above 85%
629,3/7/2023 15:14:05,Life Sciences Gateway,McMaster University,94.83%,07-Mar-23,No,101,Accepted,Hannah_P#9061,
630,3/7/2023 16:29:17,Kinesiology,McMaster University,96.75 (grade 12 semester one final),06-Mar-23,There was no supplementary application,101,Accepted,Don’t use it,
631,3/7/2023 16:51:14,Mechatronics Engineering,Queens University,~97%,07-Dec-22,N/A,101,Accepted,lauren.e#4309,
632,3/7/2023 19:22:04,Life Science Gateway,McMaster University,97.33,"March 7th, 2023","No, the program application was grades only",101,Accepted,Jesseica#5978,
633,3/7/2023 19:49:30,Social Science,University of Toronto,92.83,16-Feb,No,105,Accepted,reddit,
634,3/7/2023 20:36:24,Kinesiology,McMaster University,96.25,06-Mar,Nope,101,Accepted,N/A,
635,3/7/2023 20:36:44,Life Science,McMaster University,96.25,07-Mar,Nope,101,Accepted,N/A,
636,3/7/2023 21:53:24,Life Sciences,McMaster University,98,March 7 2023,No,101,Accepted,,
637,3/7/2023 22:22:15,"Computer Science, Math, and Statistics",University of Toronto Mississauga,96,16-Feb-23,n/a,101,Accepted,siumai#7936,
638,3/8/2023 10:30:07,Civil Engineering,University of Ottawa,85,February 15 2023,No,101,Conditional Offer,647_be,
639,3/8/2023 11:30:27,life sciences,University of Toronto,89.4,16-Feb,A lot,101,Accepted,saarahfehmi,
640,3/8/2023 14:20:02,Software Engineering,McMaster University,98.25 grade 12 sem 1 final,08-Mar-23,No,101,Accepted,-,
641,3/8/2023 14:20:46,Computer Science,McMaster University,98.25 Sem 1 Gr 12 final,08-Mar-23,no,101,accepted,-,
642,3/8/2023 15:48:31,Engineering,McMaster University,93%,2008-03-23,No,101,Accepted,Reddit: ENGuyen7713,
643,3/8/2023 16:14:30,Computer Science,McMaster University,97,08-Mar,Interview,101,Accepted,N/A,$3k scholarship
644,3/8/2023 16:36:08,Engineering,McMaster University,97.2,March 8th,garbage interview,101,Accepted,Immediate_Solid3939,
645,3/8/2023 18:17:40,Engineering,McMaster University,93.2,08-Mar,no,101,accepted,n/a,posted on Mosaic before email
646,3/8/2023 18:52:37,Nursing,Ontario Tech University,84.60%,08-Mar-23,Nothing,101,Accepted,N/A,nope
647,3/8/2023 19:18:17,Engineering 1,McMaster University,100,2003-09-23,no,101,accepted,Starbey#0646,
648,3/8/2023 19:32:14,Coned (science),Queens University,96,01-Mar,only looks at grades,101,Accepted,n/a,
649,3/8/2023 20:09:35,Engineering 1 CO-OP,McMaster University,89,march 8 2023,no,101,Accepted,.,
650,3/8/2023 20:10:09,B.Tech,McMaster University,89,March 8 2023,no,101,Accepted,.,
651,3/8/2023 22:32:23,Life sciences,University of Toronto,94,16-Feb,Nope,101,Accepted,notikal#7257,
652,3/9/2023 6:52:53,Nursing,York University,87,March 7th 2023,No,101,Accepted,N/A,
653,3/9/2023 6:53:58,Nursing,University of Windsor,87,March 6th 2023,No,101,Accepted,N/A,
654,3/9/2023 6:55:55,Health Science,Carleton University,85,January 19th 2023,No,101,Accepted,N/A,
655,3/9/2023 6:57:26,Health sci,University of Ottawa,87,2027-02-23,No,101,Accepted,N/A,
656,3/9/2023 6:58:21,Child health,Brock University,85,Jan 6 2023,No,101,Accepted,N/A,
657,3/9/2023 7:57:30,Computer Science,McMaster University,96.75,08-Mar,nope,101,Accepted,n/a,no
658,3/9/2023 10:15:44,BA&BSc,McGill University,98.1,March 9th,"They don’t look at EC, just grades",101,Accepted,Reddit: emma34273,Top choice school!
659,3/9/2023 10:17:43,Science (Comp Sci Plan),Western University,95,03-09-2023,No Supp App,101,Accepted,N/A,
660,3/9/2023 10:37:23,Science (Computer Science),Western University,92.5,March 9/23,no,101,aaccepted,.,.
661,3/9/2023 10:50:01,Engineering I (Co-op),McMaster University,92.5,08-Mar-23,N/A,101,Accepted,maemaelyn,
662,3/9/2023 11:09:38,Economics,McMaster University,92.5,09-Mar-23,N/A,101,Accepted,maemaelyn,
663,3/9/2023 13:53:45,AFM,University of Waterloo,sem 1 95.6,march 9th,good safaa,101,accepted,angle#5708,
664,3/9/2023 15:51:10,Engineering I,McMaster University,96%,March 8th,No,101,Accepted,N/A,
665,3/9/2023 15:52:47,Engineering,Western University,96%,March 9th,"Part time work, clubs, sports, etc",101,Accepted,N/A,
666,3/9/2023 16:50:09,Kinesiology,Western University,92.5,03-Sep,No,101,Accepted,Na,
667,3/9/2023 16:54:17,Health Science,Western University,93,09-Mar,N/A,101,Accepted,N/A,
668,3/9/2023 16:54:57,Science,Western University,91.5,09-Mar,N/A,101,Accepted,N/A,
669,3/9/2023 18:38:35,Medical Sciences,Western University,95.2,March 9 2023,N/A,101,Accepted,Altruistic-Motor-990,Good luck to everyone!
670,3/9/2023 18:46:28,Accounting and Financial Management,University of Waterloo,96.5,09-Mar-23,"FBLA experience, Python coding experience, small scale art business, various Waterloo math contests",101,Accepted,_r2285#6862,"Spoke fluently on the SAFAA, although two of my answers to the three video questions were 30 seconds undertime"
671,3/9/2023 19:06:21,Life Sciences,McMaster University,98,07-Mar-23,No,101,Accepted,readreddirt,
672,3/9/2023 20:03:10,Honours Mathematics Co-op,University of Waterloo,97.1,3/9/2023,"co-founded my school's coding club, some work experience",101,accepted,none,
673,3/9/2023 23:14:41,Business I,McMaster University,93.67,"March 9th, 2023",none,101,Accepted,gek#0461,
674,3/10/2023 5:47:16,Zoology,University of Guelph,87.70%,March 8th,no,101,accepted,no,
675,3/10/2023 10:09:18,Mechatronics Engineering,Toronto Metropolitan University,92.17,01-Dec-22,Marks only,101,Accepted,N/A,
676,3/10/2023 10:13:53,Animal Biology,University of Guelph,94%,March 10th,NO,101,Accepted,,
677,3/10/2023 12:20:54,Computer Science,University of Guelph,93.5 (after 1st semester),March 10th,"Did the SPF, don't think they looked though.",101,Accepted,reanimatedjav#6736,"Alternate offer for CS without Coop, they still can offer coop after midterms and later rounds according to website"
678,3/10/2023 13:03:05,Social Sciences I,McMaster University,88,10-Mar,no,101,Accepted,nope,
679,3/10/2023 13:05:30,Psychology,University of Guelph,88,10-Mar,nope,101,"Alternate Offer- Bachelor of Arts, Honours Major Sociology",nope,
680,3/10/2023 16:59:23,Engineering 1 CO-OP,McMaster University,98% - 4/6 pre-reqs completed first semester,08-Mar-23,No - just had a video sup. app.,101,Accepted,N/A,
681,3/10/2023 17:25:17,Life Science,McMaster University,92,07-Mar,No supp app,101,Accepted,n/a,
682,3/10/2023 17:36:58,Criminal Justice and Public Policy,University of Guelph,92,10-Mar-23,No,101,Accepted,mmark17#0300,
683,3/10/2023 18:00:11,iBioMed,McMaster University,93.5,10-Mar-23,n/a (completed the mandatory interview),101,Accepted,n/a,
684,3/10/2023 18:20:26,child studies,University of Guelph,82,2023-03-10,nope,101,accepted,champaagnemamii#6530,
685,3/10/2023 19:03:36,iBioMed,McMaster University,98,"March 10th, 2023",Head Student,101,Accepted,none,
686,3/10/2023 19:04:55,Life Sciences,McMaster University,98,"February 1st, 2023",no supo,101,Accepted,none,
687,3/10/2023 19:11:43,Commerce,University of Guelph,90,09-Mar,"Business SHSM, Jr. and Sr. Football, Internship",101,Accepted,fordey24,
688,3/10/2023 19:13:22,Business I,McMaster University,90,10-Mar,"Business SHSM, Jr. and Sr. Football, Internship",101,Accepted,fordey24,
689,3/10/2023 22:41:26,Biological sciences,University of Guelph,89.2,March 10th 2023,No,101,Accepted,dannyasaur,
690,3/11/2023 0:20:39,Business Administration,Wilfrid Laurier University,96.5,18-Feb,no,101,Accepted,Successful-Cupcake62,didn't do ABS
691,3/11/2023 3:08:18,Integrated Biomedical Engineering and Health Sciences,McMaster University,97,10-Mar-23,It was an online interview. I talked about being in band as an extracurricular. I mostly blanked out though.,101,Accepted,I don’t use it,The conditional average to maintain is 90%
692,3/11/2023 11:22:56,Business 1,McMaster University,97%(gr 12 semester 1 final),09-Mar,i did the optional sup app,101,accepted,n/a,
693,3/11/2023 18:11:07,Science - Computer science interest,Western University,92%,March 9th 2023,No sup app,101,Accepted,MiseryGay,
694,3/11/2023 20:07:47,Engineering (co-op),McMaster University,90.75,03-08-2023,Supplementary app,101,Accepted,N/A,
695,3/11/2023 21:03:24,Social Science,McMaster University,88,March 10 2023,n/a,101,Accepted,kh#8890,
696,3/12/2023 20:59:24,Computer science,Carleton University,90.5,December,"No application was required, I applied to scholarships",101,Accepted,na,
697,3/13/2023 11:55:36,Honours Business Administration,Western Ivey AEO,97%,3/13/2023 11:30:00,Yearbook Vice President & Student Council Media lead,101,Accepted,joyce#2286,
698,3/13/2023 12:04:46,Engineering 1 CO-OP,McMaster University,96,3/8/2023,N/A,101,Accepted,sync#3209,Free Choice
699,3/13/2023 20:01:36,Computer Science (Ivey AEO),Western University,98.3,13-Mar-23,"DECA President, Student Council Executive",101,Accepted,red#2798,
700,3/13/2023 21:15:55,Math and Stats Gateway,McMaster University,95,06-Mar,No,101,Accepted,Fluttercord#7152,
701,3/14/2023 12:19:39,Engineering 1 CO-OP,McMaster University,94.25,8th March,"Only video interview, no sup application",101,Accepted,chavisharma#7490,
702,3/14/2023 12:20:26,Biotechnology,McMaster University,94.25,8th March,"only video interview, no sup application",101,Accepted,chavisharma#7490,
703,3/14/2023 13:12:15,Business 1,McMaster University,92 - Grade 12 sem 1,March 10 2023,Varsity Soccer Captain (3 years),101,Accepted,N/A,
704,3/16/2023 10:52:34,Computer Engineering,University of Toronto,Gr 12 Sem 1 - 98.25,16-Mar-23,"Yes - Tutoring Kids, Student Representative - DSBN ALLIANCE, School Prefect, Secretary - Rotary Club, Co-Founder - Culture & Inclusion Club, Employment - Tim Hortons, 2 Academic awards, Weekly Volunteer as a cashier - Thrift Shop",101,Accepted,-,
705,3/16/2023 12:12:56,Computer Science,Toronto Metropolitan University,89,03-Mar,no,101,Accepted,tango_or_feedd,
706,3/16/2023 12:30:44,Eng sci,University of Toronto,95.3,16-Mar,One solid ec and few low tier ec's+ part time job (fast food),101,Accepted,u/coolkidsrock101,the hard work was worth it
707,3/16/2023 12:45:35,Computer Science (CMP1),University of Toronto,99,16-Feb-23,"Math contests achievements, original research presentations at conferences (2), extensive civic involvement and leadership",101,Accepted,fake tux#6916,St. George Campus
708,3/16/2023 14:11:02,Electrical Eng,University of Toronto,grade 12 sem 1- 94.25,16-Mar,"school prefect, members of art club and prom committee, vice- president of rotary club, co-founder of cultural & inclusion club, tutoring kids, more than 120 hrs vol work (only in 1 year), employment at tim's, award in debate comp., 2 academic enrichment programs, sports- basketball(mentioned out my ACL reconstruction surgery), lawn tennis",101,accepted,taeangelic#7490,"on ouac my first choice was comp eng, but on u of t portal i later changed and put elec eng as first and comp eng as second"
709,3/16/2023 15:13:11,Electrical Engineering,University of Toronto,92.50%,15-Mar-23,"student senator, head of merchandise (sold 20k merch), stem camp volunteer, Link Leader",101,Accepted (alternate program),maemaelyn,
710,3/16/2023 15:35:50,Civil Engineering,University of Toronto,~95,16-Mar,no,101,Accepted,No1Lol#2232,"Its alternative offer, original is Track One"
711,3/16/2023 16:59:09,Animal BIology,University of Guelph,91,10-Mar,n/a,101,Accepted,,
712,3/16/2023 17:00:08,Engineering,Western University,91,09-Feb,"founder of charity, founder of mental health organization",101,Accepted,,
713,3/16/2023 17:32:06,Engineering Science,University of Waterloo,97,16-Mar,I did a lot of engineering related ECs,105,Accepted,Yaqi#0759,
714,3/16/2023 18:29:10,Engineering Science,University of Toronto,95,06-Mar-23,"Yes, robotics leader/teacher for 4+ years, Schulich nominee, multiple volunteering services and sports",101,Accepted,Anorak#8299,
715,3/16/2023 19:27:51,Electrical Engineering,University of Toronto,across 5 prereqs: 96.4,2023-03-16,"Part time job, tutoring, piano, pretty mid ngl; think my interview was strong",101,Accepted,nah,"IB + OSSD, UTSG"
716,3/16/2023 23:17:12,Engineering Science,University of Toronto,97.5,16-Mar,"Pharmacy assistant, appointed student leadership position, community volunteer",101,Accepted,spicepainy#3147,
717,3/16/2023 23:17:51,Life Science,University of Toronto,97.7,February 16th,No,101,Accepted,spicepainy#3147,
718,3/17/2023 12:21:02,Engineering I CO-OP,McMaster University,93,09-Mar,"No, just the video interview",101,Accepted,n/a,
719,3/17/2023 12:21:03,Computer Engineering,University of Toronto,92.8,16-Mar,"robotics club head, part time tutor job, sac vice president",101,Accepted,u/Putrid_Isopod701,on ouac this was my #2 choice
720,3/17/2023 12:21:44,Mechanical Engineering,University of Guelph,93,09-Mar,I filled out the SPF,101,Accepted,n/a,
721,3/17/2023 12:42:30,Schulich BBA,York University,93.5,17-Mar,"Summer Job, Robotics, Investment Competition",101,Accepted,bayewq,
722,3/17/2023 13:14:19,Business 1,McMaster University,90,10-Mar-23,I did the optional supp app,101,Accepted,N/A,
723,3/17/2023 13:32:27,Chemical Engineering,University of Toronto,94.8,16-Mar,some,101,accepted,n/a,$2000 Dean's Merit Award
724,3/17/2023 14:26:56,Schulich BBA,York University,96.5,"March 15th, 2023",Only included 4 extracurriculars on leadership profile instead of 5,101,Accepted,violetsparks#5218,
725,3/17/2023 14:31:58,Computer Science,University of Toronto,98,17-Feb,"fundraising w startups, jobs, pres of multiple clubs, multiple nonprofits",101,Accepted,rajan#9191,
726,3/17/2023 14:56:17,Schulich,York University,93%,10-Mar,"Volunteering - hospitals, libraries",101,Accepted,n/a,IB
727,3/17/2023 18:13:39,Criminology + Psychology,Toronto Metropolitan University,89,23-Feb,no,101,Accepted,julia<3 #3191,no
728,3/18/2023 16:14:10,computer science,York University,88.3,17-Mar,no,101,accepted,GoesBrrrrrrrrrr,
729,3/18/2023 20:45:39,Western BMOS +IVEY,Western University,98,march 10?,"flba exec, wellness co-prez",101,accepted,no,
730,3/18/2023 21:16:51,BBA (Schulich),York University,97.3,17-Mar-23,"Debate exec, decent debate tournament placings, electric guitar, summer camp volunteer",101,Accepted,Jesseica#5978,
731,3/18/2023 21:19:18,Accounting and Financial Management,University of Waterloo,97.3,March 9th,"Debate club executive, decent debate tournament placings, design club executive",101,Accepted,Jesseica#5978,
732,3/19/2023 4:06:57,Computer Science (BA),York University,91,18-Mar,None,101,Accepted,N/A,
733,3/19/2023 12:17:41,Schulich BBA,York University,96.50%,17-Mar-23,Added 5 ECs,101,Accepted,N/A,Nope
734,3/19/2023 19:49:45,Computer Science,University of Toronto,94ish,Feb 14th 2023,"president of one club, VP of another, and just a bunch of other clubs",Ontario student,accepted,Rhino#8546,got into utsg woodsworth
735,3/20/2023 11:12:08,Computer science (Bsc),York University,92,20-Mar,No,101,Accepted,,
736,3/20/2023 13:03:00,Rotman Commerce,University of Toronto,94ish,February 16th,"Not rlly, clubs/job",101,Accepted,hi.lily#3141,
737,3/20/2023 22:24:47,Engineering Science,University of Toronto,95.2,16-Mar-23,ECs and video interview,101,Accepted,enggod111,
738,3/20/2023 22:41:33,Engineering Science,University of Toronto,98,16-Mar-23,"executive of a club, clubs, math contests, tutoring, volunteering",101,accepted,,
739,3/22/2023 14:48:57,Honours health sci,University of Ottawa,85,Early November,No,101,Accepted,No,
740,3/22/2023 14:58:07,Science,Dal,85,November,No,101,Accepted,No,
741,3/22/2023 23:57:01,Engineering I,McMaster University,91.5,3/8/2023,No,101,Accepted,.,
742,3/23/2023 7:12:23,Schulich BBA,York University,92,17-Mar,"DECA exec, a few ECs",101,accepted,HBGirly201,
743,3/23/2023 7:14:31,Schulich BBA,York University,87,March 17th,5 ECs,101,Accepted,n/a,
744,3/23/2023 17:56:38,Computer Science,University of Toronto,Sem 1 Final - 98.25%,23-Mar-23,Yes,101,Accepted,Legitimate-Fox695,U of Toronto - St. George Campus (Victoria College)
745,3/23/2023 20:11:16,life science,University of Toronto,92-94%,march 23 2023,no,101,accepted,evan#4509,st george
746,3/23/2023 21:09:58,"Rotman Commerce, UTSC International Business",University of Toronto,98,23-Mar,"Rotman interview was okay, MIB interview was good",101,accepted,no,
747,3/23/2023 21:12:35,Humanities,University of Toronto,95,23-Mar-23,No,101,Accepted,‎,
748,3/23/2023 22:52:04,Forensic Science,University of Toronto Mississauga,91%,23/03/2023,N/a,101,Accepted,N/a,
749,3/24/2023 8:12:40,Management (BBA) UofT SC,University of Toronto,93,23-Mar,decent EC's,101,accepted,n/a,
750,3/24/2023 9:07:00,Physical & Environmental Sciences,University of Toronto,89,23-Mar,no,101,accepted,.,
751,3/24/2023 11:45:07,Life Sciences,University of Toronto,91,March 23rd,nope!,101,Accepted,slay_girlllll,program is at UTM
752,3/24/2023 15:25:17,CS,University of Toronto,97.3,March 23rd,No,105,Accepted,ddddddd#3467,
753,3/24/2023 15:27:16,Computer Engineering,University of Toronto,96.6 (5 reqs),Feb 28th,No,105,Accepted,ddddddd#3467,
754,3/24/2023 22:04:12,health sci,Wilfrid Laurier University,92.4,10-Dec,didnt complete any application,101,accepted,no,
755,3/24/2023 22:06:44,biomedical science,University of Ottawa,92.4,22-Feb,didnt do any form,101,accepted,no,
756,3/24/2023 22:08:30,life sci (neuroscience0,University of Toronto,92.4,23-Mar,"on yearbook, own a small buisness, prom committee, president of a medical info related club, volunteering, law society council etc,",101,accepted,no,scarborough
757,3/25/2023 2:41:10,Architectural Science,Toronto Metropolitan University,87.20%,March 25th,,105,Accepted,,
758,3/25/2023 10:29:51,Engineering,McMaster University,94.167,2023-03-09,Kira Talent Interview,101,Accepted,N/A,
759,3/25/2023 15:33:13,Life Sciences,University of Toronto,94.83,23-Mar-23,No,105,Accepted,.,
760,3/25/2023 21:20:03,Nursing (with George Brown),Toronto Metropolitan University,91,25-Mar-23,No,101,Accepted,mmark17#0300,
761,3/25/2023 23:31:27,CS,University of Toronto,98,24-Mar,"software dev internship, cs club president, coding academy teacher, violin competitions + volunteering , taekwondo",105D,Accepted,insta: @hyevlee_ | discord: dahye#7628 | reddit: u/luvlee-monster,SG campus
762,3/26/2023 10:10:26,Forensic Science,University of Toronto,low 90s,23-Mar,No,105,Accepted,n/a,$2000 entrance scholarship UTM
763,3/26/2023 12:24:05,Rotman Commerce,University of Toronto,41 Predicted IB,March 23rd,Nope,105,Accepted,TheAdsMan#6033,
764,3/26/2023 23:33:27,Life Sciences,University of Toronto,Depends on how it was calculated: approx 95% if there was a mix of top grade 11 and 12 marks; 93% if all available grade 12 marks are used plus 2 of highest grade 11 marks,2023-03-23,"UofT life sci at St George needs English and Calc, I am currently completing both courses",101,Accepted,ｕｎｌｕｃｋｙ ｋｏｉ ｆｉｓｈ#0885,UofT St George
765,3/27/2023 11:30:23,UoFT St. Geroge Computer Science,University of Toronto,81,24-Mar,"Tutor, Canadian Math Champion",101,Accepted,DedicatedMedic#7325,"PM FOR PROOF, im being serious this is not a joke"
766,3/27/2023 12:09:43,Applied Science (Engineering),UBCV,90.25,24th March,"Worked and volunteered at UBC Engineering, won hackathons, overall good personal profile","105, but local BC applicant",Accepted,J.rando#8942,
767,3/27/2023 13:09:09,Electrical Engineering,University of Waterloo,92.5,27-Mar-23,"McDonalds Manager, Student Senator, sold 20k merch for school as Head of Merch, etc.",101,Accepted,maemaelyn (reddit),:)
768,3/27/2023 15:58:45,Biomedical Engineering,University of Waterloo,98.67,27-Mar-23,"UW Math Invitational Workshop, 3 long-term employment positions, varsity/national level sports",101,Accepted,annaaardvark#5886,
769,3/27/2023 16:01:27,Engineering Science,University of Toronto,98.4,16-Mar-23,"UW Invitational Math Workshop, 3 long-term employment positions, and varsity/national-level sports",101,Accepted,annaaardvark#5886,
770,3/27/2023 16:02:45,iBioMed,McMaster University,98.67,10-Mar-23,No,101,Accepted,annaaardvark#5886,Free choice
771,3/27/2023 18:40:01,Bachelor of Engineering,University of Victoria,86%,"February 28th, 2023",nope,101,Accepted,u/woongle,first choice!
772,3/27/2023 19:43:25,Civil Engineering,University of Waterloo,97,27-Mar,"exec of 4 clubs (president of 2), 2 jobs",101,Accepted,no,
773,3/27/2023 20:08:42,Mechatronics Engineering,University of Waterloo,97,March 27th,n/a,101,Accepted,syka#3356,
774,3/27/2023 20:56:46,Electrical Engineering,University of Waterloo,96.67,2023-03-27,"Filled out AIF, did interview",101,Accepted,//,"Mid ass ECs, but I do believe I was a complete wizard on my AIF question responses. Avg adjust, IB curric."
775,3/27/2023 21:36:41,Engineering,Carleton University,87,February 22 2023,No,101,Accepted,,
776,3/27/2023 21:39:36,Kinesiology,Western University,88,March 9 2023,No,101,Accepted,,
777,3/27/2023 21:41:38,mechanical engineering,University of Waterloo,95,march 27th,strong AIF and interview,101,accepted,don't have one,best of luck everyone
778,3/28/2023 9:47:07,Computer Engineering,Toronto Metropolitan University,sem1 92%,March 28th,no,101,accepted,na,
779,3/28/2023 13:28:17,Biomedical Engineering,University of Waterloo,98,27-Mar-23,"all the waterloo contests, president of mathletes and deca, slam, sg grade 12 rep, music council, band, badminton team",101,Accepted,einstien3131#4229,cool beans
780,3/28/2023 16:35:25,Biomedical Sciences,University of Guelph,91,06-Mar,nope,101,Deferred (Alternate program to Biological Sci),/,
781,3/28/2023 22:27:12,Computer Science,University of Toronto,95,23-Mar-23,Yes,101,Accepted,Chomusuke#9856,UTSC
782,3/29/2023 0:00:27,Computer Science,UofT St George,98,March round,Good Supp App,101,Accepted,n/a,
783,3/29/2023 0:01:07,CS,Queens University,96,Somewhere in March/Feb,No supp app,101,Accepted,n/a,
784,3/29/2023 9:57:03,System Design Engineering,University of Waterloo,93%,March 27 2023,10ish adj factor for my school,101,Accepted,kzj#0207,dm if if you also got in :))
785,3/29/2023 14:13:04,Mechatronics Engineering,University of Waterloo,97.75,27-Mar-23,A lot of Wrestling,101,Accepted,Nah,AF 16.6
786,3/29/2023 18:20:27,Schulich BBA,York University,95,March 28th,"5 ecs on leadership profile (work experience, internship, volunteering, DECA",101,accepted!,n/a,
787,3/29/2023 19:49:06,health science,Queens University,81,rejected,HOSA,101,.,.,
788,3/30/2023 9:08:24,Mechatronics Eng,University of Waterloo,97.5,27-Mar,Nope. Just a well written AIF,101,Accepted,N/A,Good luck!
789,3/30/2023 9:09:27,iBioMed,McMaster University,97.5,10-Mar,Good interview.,101,Accepted,N/A,Best of luck.
790,3/30/2023 14:09:07,Electrical Engineering,University of Waterloo,95.83,March 27th,"A LOT (exec positions, math contest awards, IBDP)",101,Accepted,n,no
791,3/30/2023 20:26:55,Chemical Engineering,Toronto Metropolitan University,95,March 29th 2023,"N/A, there was no supplemental application.",101,Accepted,reddit_niandora,
792,3/30/2023 22:05:03,Rotman Commerce,University of Toronto,93,23/3/2023,"owner of small business, teaching new immigrant children",101,accepted,starblossom723 (reddit),
793,3/30/2023 22:48:20,Accounting and Financial Management,University of Waterloo,87.5,March 9th,Taught public speaking and finance,101,Accepted,mithyyyy,naur
794,3/31/2023 12:41:14,iBiomed,McMaster University,96.6,March 31 2023,no,105,accepted,noor055#8260,
795,3/31/2023 19:55:23,Psychology,Toronto Metropolitan University,87,31-Mar,n,101,Accepted,.,
796,4/1/2023 3:16:01,Accounting and Finance,Toronto Metropolitan University,87,30-Mar-23,"Part-time job, did the supplementary application, school clubs",105,Accepted,CLNavarro18,TMU
797,4/1/2023 12:07:23,Nursing (main site),Toronto Metropolitan University,93,30-Mar,N/A,101,Accepted,.,
798,4/1/2023 22:36:36,McMaster Health science,McMaster University,90,2023-04-01,NA,101,accepted,NA,NA
799,4/2/2023 20:07:39,Computer Engineering,University of Waterloo,93,27-Mar,"Robotics Business Head, Math, Engineering Club executive, experience dealing with crypto mining",101,Accepted,CrackJokes#1779,4.6% Adjustment Factor
800,4/3/2023 17:20:47,Biological Science and Neuroscience,University of Toronto Scarborough,90,2/16/2023,No,101,Accepted,real#2680,n/a
801,4/3/2023 17:22:19,Biology (Biomedical Science),York University,90,12/22/2022,no,101,Accepted,real#2680,no
802,4/4/2023 16:04:30,Environmental Science,University of Ottawa,about 78,Dec 6th 2021,I didn't do the supp app,101,Accepted,Sock#8787,
803,4/5/2023 14:32:24,Nursing,Toronto Metropolitan University,94.40%,30-Mar,No,101,Accepted,N/A,no
804,4/6/2023 16:44:33,Medical Sciences,Western University,93,06-Apr-23,Nope,101,Accepted,n.a.,
805,4/6/2023 19:02:29,Medical Sciences,Western University,92,06/04/2023,N/A,101,Accepted,-,
806,4/6/2023 19:03:28,Life sciences,University of Toronto,92,06/04/2023,N/A,101,Accepted,-,
807,4/6/2023 19:04:05,Psychological and Health Sciences,University of Toronto,92,06/04/2023,N/A,101,Accepted,-,
808,4/6/2023 19:04:43,Health Sciences,Western University,92,06/04/2022,N/A,101,Accepted,-,
809,4/6/2023 19:10:44,AFM,University of Waterloo,96,2004-06-23,"Tutoring, voluntering and an internship + a few clubs",101,Accepted,N/A,Conditional is 75 in calc and 75 in english + 80% average in top 6
810,4/6/2023 21:19:23,Health Sciences,Western University,86,Apr 6 2023,N/a,101,Accepted,N/a,
811,4/7/2023 19:08:38,AFM,University of Waterloo,93,06-Apr-23,"united way exec, peer mentorship program",101,accepted,n.a.,thought my interview went horrible LMAOO look where we are
812,4/7/2023 19:34:41,Computer Engineering,University of Toronto,93,31-Mar,yes entrepreneurship and full ib,105,accepted to industrial engineering by IB grades,.,
813,4/8/2023 20:24:31,Schulich BBA,York University,95,10-Mar,No,101,Accepted,Delicious_Tap_5971,
814,4/8/2023 22:45:16,AFM,University of Waterloo,97,09-Mar,"school council exec, music, sports",101,Accepted,victoryuyu#0473,
815,4/9/2023 1:44:21,medical sciences,Western University,91,06-Apr-23,nope,101,accepted,Yogi Bear#4207,ngl idek how i got accepted
816,4/9/2023 1:46:10,health sci,Western University,91,06-Apr-23,nope,101,accepted,Yogi Bear#4207,
817,4/9/2023 22:12:23,Business Technology Management,Toronto Metropolitan University,86,05-Apr,None,101,Accepted,not calvin#2063,
818,4/9/2023 22:15:22,Accounting and Finace,Toronto Metropolitan University,85,05-Apr,None,101,Accepted,not calvin#2063,
819,4/10/2023 9:06:55,BA,Mcgill University,97.7,03-Apr,No,101,Accepted,reddit_provincial-report,
820,4/10/2023 22:01:08,Ivey HBA,Western University,94,10-Apr,A shit ton of extra curriculars,101,Accepted,Silverback #0281,
821,4/11/2023 0:57:38,Health science,University of Ottawa,72,16-Feb,N/A,101,Accepted,ZB #5922,(French immersion and conditional is min 75%)
822,4/12/2023 9:09:16,Nursing,Western University,92,Apr 12 2023,N/a,101,Accepted,N/a,4th quartile CASPER
823,4/12/2023 20:30:56,Integrated Science,Western University,94.8,04-Apr,"n/a, supplemental was moreso about future ambitions",101,Accepted,u/another-arthoe,
824,4/13/2023 2:49:18,Computer Engineering,University of Waterloo,"IB: 41-42/45, 776 for maths, phy hl and chem sl",23rd March,-,105 international,Accepted,DazAnat,
825,4/13/2023 12:44:04,Social Sciences,University of Toronto,85,23/03/2023,No,101,Accepted,justine#9104,
826,4/17/2023 11:12:13,Ivey AEO,Western University,94.5,10-Apr,A whole bunch,101,Accepted,n/a,
827,4/17/2023 11:42:16,Arts and Science,McMaster University,94.3,April 12th,A few in OUAC,105,Accepted,Aggresivelad,
828,4/17/2023 13:06:04,Applied Science (Engineering),UBC,92.5,17-Apr-23,"McDonalds Manager, Student Senator, Head of Merchandise (20k+ sold), STEM camp volunteer, etc.",101,Accepted,maemaelyn (reddit),Good luck!
829,4/17/2023 17:45:02,PPE,Queens University,93.1,01/25/23,N/A,105,Accepted,ѕami#0001 (copy paste username),
830,4/17/2023 19:47:05,Computer Engineering,University of Waterloo,98.25,17-Apr,"Yes - School clubs, academic awards",101,Accepted,-,
831,4/17/2023 22:18:23,Computer Science,UTM,92 ish?,16-Feb,none,101,Accepted,Glizomed#0859,$3000 entrance scholarship
832,4/17/2023 22:19:46,Engineering Science,University of Toronto,95,February 13th 2023,"Founder of school science club, paid summer coop at an autoshop",101,Accepted,𝕛osephh#0716,#Wgangy
833,4/18/2023 0:47:33,Computer Science,University of Ottawa,88.5,"April 13th, 2023",no,101,Rejected,.everyone#7591,Cancelled application. They straight up deleted my application because the program was full
834,4/18/2023 0:48:32,Western Science (CS),Western University,88.5,"March 18th, 2023",nope. No supp app,101,Accepted,.everyone#7591,
835,4/18/2023 8:37:38,Social Science: Psychology,Western University,92.80%,April 6th,Nope :>,101,Accepted,NIKKI!!☆#0256,
836,4/18/2023 8:58:32,Management Engineering,University of Waterloo,34/ 45 IB,April 17th when requesting decision before May 1st,"student council, startup business, fundraisers, all waterloo math contests",105,accepted,.,
837,4/18/2023 17:56:27,Life Sciences,University of Toronto,97.9,23-Mar-23,"British Biology Olympiad Gold Medal x2, Canadian Biology Olympiad Bronze Medal, British Columbia Chemistry Olympiad Second Overall, Vice President of a charity (IMYA)",105,Accepted,rhythmxecho#3885,Accepted to UTSG campus
838,4/18/2023 18:44:55,AFM,University of Waterloo,98,06-Apr-23,"Safaa went well, talked about being involved in exec team and planning an event and one specific volunteering experience involving planning several large scale events",101,Accepted,Precious_Panda1111,Asked to maintain an 80 with 75 in the 3 required courses
839,4/18/2023 18:47:47,Rotman,University of Toronto,98,23-Mar-23,Mentioned working for my parents and a specific volunteering experience involving planning several large scale events,101,Accepted,Precious_Panda1111,Supplementary went HORRIBLE
840,4/18/2023 18:52:03,Accounting and Finance,Toronto Metropolitan University,96.5,25-Nov-22,N/A,101,Accepted,Precious_Panda1111,
841,4/18/2023 18:53:44,Accounting,Brock University,96.5,21-Nov-23,N/A,101,Accepted,Precious_Panda1111,
842,4/18/2023 18:54:59,BBA,Wilfrid Laurier University,93,17-Nov-22,N/A,101,Accepted,Precious_Panda1111,Didn’t do the ABS
843,4/18/2023 22:55:01,life sci,University of Waterloo,94.3,25-Jan,n/a no aif,101,accepted,,
844,4/18/2023 22:55:28,honours sci,University of Waterloo,94.3,25-Jan,n/a no aif,101,accepted,,
845,4/18/2023 22:56:36,life sci,University of Toronto,91.6,25-Feb,n/a,101,accepted,,utsc & utsg
846,4/18/2023 22:57:19,life science,York University,94.3,09-Jan,n/a,101,accepted,,
847,4/18/2023 22:58:28,life science (chemistry),Toronto Metropolitan University,91.6,february 15 (?),n/a,101,accepted,,
848,4/18/2023 22:59:49,life sciences & biochemistry,Queens University,91.6,01-Mar,n/a,101,accepted,,
849,4/19/2023 2:45:20,Systems Design Engineering,University of Waterloo,97.8,17-Apr,"STEM Club President, Math Challengers Chair, English 12in summer school, requested for early decision",105,Accepted,reddit_insideradiant7859,
850,4/19/2023 12:11:10,Social Sciences,University of Toronto,98,16-Feb-23,N/A,101,Accepted,N/A,
851,4/19/2023 17:08:25,Management Engineering,University of Waterloo,93,April 17th,Yes,105d,Accepted,J.rando#8942,"mediocre AIF, decent interview"
852,4/20/2023 0:30:28,Computer Engineering,University of Waterloo,96.3,27-Mar,Computer Repair Shop (summer coop),101,Accepted,jonz#1468,r6 time
853,4/21/2023 21:00:23,Computer Science,UTM,89.25,21-Apr-23,No,101,Accepted,N/A,"My avg is going to be 90, but at the time of acceptance midterm marks are not released so currently it is 89.25"
854,4/22/2023 0:44:42,"Computer Science, Mathematics and Statistics",University of Toronto,91.25,22-Apr-23,Nope,101,Accepted,Hierophorce#0155,UTM campus
855,4/22/2023 8:00:19,"Computer Science, Math, and Statistics",Mississauga,93,21-Apr,N/A,101,Accepted,N/A,hello POST
856,4/22/2023 16:55:57,Rotman Commerce,University of Toronto,96,21-Apr,Student council,101,Accepted,Na,
857,4/22/2023 17:13:00,Computer Science,UofT Mississauga,93,21-Apr-23,No,101,Accepted,-,No supp app
858,4/22/2023 19:16:19,Life Science,McMaster University,89,21-Apr,full ib,105,accepted,.,
859,4/23/2023 10:36:43,Computer Science,University of Toronto-Mississauga,91,"April 21st, 2023",No,101,Accepted,-,
860,4/23/2023 12:04:52,Computer Science,University of Toronto,94.02,21-Apr-23,No,105,Accepted,sonofthomp#5216,Accepted to UTSG. Attends highly competitive magnet school -- I think UofT was aware of grade deflation.
861,4/23/2023 17:23:17,life sci (utsg) and physical sciences,University of Toronto,87,22-Apr,special circumstances,101,accepted,n/a,
862,4/24/2023 0:04:08,Arts,Queens University,88.5,March 1st,no,101,accepted,,
863,4/24/2023 0:05:05,Commerce,Toronto Metropolitan University,88.5,February 17th,no,101,accepted,,
864,4/25/2023 9:22:25,Kinesiology,Queens University,89%,April 19th 2023,No,101,Offer,,
865,4/25/2023 17:46:32,Computer Science UTM,University of Toronto,87,mid march,no,101,accepted,anonomouse,
866,4/25/2023 20:37:05,Computer Science,University of Toronto - St. George,~98% (99.3% sem 1 final),23-Mar-23,No,101,Accepted,uvvvvvvu#6544,
867,4/26/2023 3:26:03,Commerce,Queens University,94,April 19th 2023,N/A,105,Accepted,N/a,
868,4/26/2023 3:26:46,Social Sciences + Ivey AEO,Western University,94,April 25th 2023,N/a,105,Accepted,N/A,
869,4/26/2023 12:21:16,Humanities,University of Toronto,"90% Grade 11, 84% Grade 12",20/2/2023,Internship with London Knights,101,Accepted,Norbert#4132,My 3rd choice
870,4/26/2023 12:39:07,Economics,Wilfrid Laurier University,88%,1930-11-22,Wrote small essay about Covid on sheet,101,Accepted,Norbert#4132,Accepted 2 days after application with 3k scholarship
871,4/26/2023 21:21:34,computer science,UOFT MISSISAUGA,90,21-Apr,no,101,accepted,no,
872,4/27/2023 8:38:02,Comp Sci,Toronto Metropolitan University,93.67,April 27th,No,101,Accepted,ybn#4455,
873,4/27/2023 12:44:04,Arts,McGill,94,20-Apr,no,101,Accepted,no,no
874,4/27/2023 18:23:29,Eng 1,McMaster University,95.3,date: 2023/06/01,No/ Just interview,101,accepted (conditional),Lil32#9986,nah
875,4/27/2023 19:39:39,Honours Bachelor of Science with Major in Computer Science COOP Program,University of Ottawa,"92 (gr 12 sem 1),∼96gr11",Feb 16 2023,no,101,accepted,okapi,
876,4/28/2023 9:48:23,Health Science,Queens University,99.8,01-Apr-23,n/aa,101,Rejected,no,
877,4/28/2023 17:25:13,Criminology,Toronto Metropolitan University,87.3,April 27th 2023,no,101,Accepted (conditional),n/a,
878,4/29/2023 13:09:00,Software Engineering,McGill University,98.25,28-Apr-23,"no, it didn't require",101,Accepted,-,
879,4/29/2023 13:09:57,BioEngineering,McGill University,98.25,04-Apr-23,it didn't require,101,Accepted,-,
880,4/29/2023 13:46:34,Computing,Queens University,94,19-Apr,No supp app,101,accepted (conditional),.,
881,4/30/2023 8:07:15,Health Science,Western University,96.69,30-Mar,nope,101,Accepted,chonkodoggo,
882,4/30/2023 9:48:18,BBA,scarborough campus,91,23-Mar,Yes,101,accepted,dont have discord,nope
883,5/2/2023 9:32:58,Chemical Engineering,University of Waterloo,94,March something,N/A,101,Accepted,steven?#2727,
884,5/2/2023 9:38:54,Business 1,McMaster University,88.6,19-Apr,not really,101,accepted,-,-
885,5/2/2023 9:55:29,"Bachelor of Science Honours, Neuroscience and Mental Health",Carleton University,86%,May 2nd,.,101,Accepted,.,
886,5/2/2023 17:48:30,Business - Technology Management (BCom) (Co-op),Ontario Tech University,90%,02-May,No,101,Accepted,u/Savings-Elevator1846,n/a
887,5/2/2023 19:14:44,Engineering,Western University,82,March 9th and 31st,"CONNECT profile. I filled out the BME section and also got in. I did qsea, own my owntech club, I got to a private school with a really low inflation factor and i had extenuating circumstances.",101,Accepted,particular-abalone-5,I also got into Biomedical Engineering as preadmission!
888,5/2/2023 19:16:47,Nursing,Trent University,86,March 15th and April3,I volunteered at a nursing home,101,Accepted,particular-abalone-5,I got a second percentile.
889,5/3/2023 1:47:41,Psychology,Toronto Metropolitan University,87.3,May 2nd 2023,No,101,Accepted,n/a,
890,5/3/2023 11:32:53,Health Sciences,Queens University,99,03-May-23,Completed the supplementary application,101,Accepted,,
891,5/3/2023 12:25:06,Life sci,University of Toronto,86,April,Shadowed doctors in the cancer centre for 300 hours,101,Accepted,No,
892,5/3/2023 17:52:10,Business Technology Management,Toronto Metropolitan University,93,"May 3rd, 2023",No,101,Accepted,N/A,
893,5/3/2023 17:52:53,Comp Sci,York University,93,03-May-23,No,101,Accepted,N/A,No
894,5/3/2023 17:57:15,BBA,Wilfrid Laurier University,94,May 2nd,No,101,Accepted,Myssice#2812,
895,5/3/2023 20:54:29,Computer Science (BSc),York University,95.5,03-May-23,No,101,Accepted,,
896,5/4/2023 10:31:50,Software Engineering,University of Waterloo,86.3,27-Mar-23,board game club (participant),101,accepted,Aidan#5959,bozos
897,5/4/2023 10:33:31,Nano Engineering,University of Waterloo,93,27-Mar,"Prefect, rcm level 10, full time job, team captain",101,Accepted,Leeam#7301,
898,5/4/2023 10:50:51,Chemical Engineering,Toronto Metropolitan University,82%,Offer,No subapp,101,Accepted,.,DONT LOSE HOPE!!!! I did not think I would get into engineering with a low 80.
899,5/4/2023 17:30:56,Accounting and Finance,Toronto Metropolitan University,89.83%,04-May-23,no,101,Accepted,MEME#9615,N/A
900,5/5/2023 9:37:48,Mechanical Engineering,Toronto Metropolitan University,92ish,"May 5th, 2023",No,101,Accepted,Don’t have,
901,5/5/2023 9:55:34,Biomedical Engineering,Toronto Metropolitan University,90,May 5th,No,101,Accepted,N/A,
902,5/5/2023 10:35:46,Accounting and Finance (Co-op),Toronto Metropolitan University,94,03-May-23,No,101,Accepted (Conditional),.,
903,5/5/2023 12:25:39,BBA,Wilfrid Laurier University,94,05-May-23,No ABS,101,Accepted (Conditional),LightningMcFast#9228,
904,5/5/2023 12:28:02,BA,McGill,94,03-May-23,McGill doesn't care,101,Accepted (Conditional),LightningMcFast#9228,
905,5/5/2023 18:32:02,Computer Science Co op,Toronto Metropolitan University,95.83,"May 5th, 2023",Nope,101,Accepted,Hierophorce#0155,3k entrance scholarship
906,5/6/2023 3:20:16,Computer Engineering,Toronto Metropolitan University,88 or something,2022-12-03,No supp app,101,Accepted,carrizo#6464,
907,5/6/2023 9:59:55,Chemical Engineer,Toronto Metropolitan University,86,05-May,No,101,Accepted,a,
908,5/6/2023 23:46:14,Engineering,McMaster University,92.1,09-Mar,Did full IB,101,Accepted,zee#9563,"got 10k scholarship, had a mid interview tbh"
909,5/7/2023 11:26:12,Bmos and Ivey AEO,Western University,97.5,01-May,"not much tbh, i just abused the STAR method",101,Accepted,NoStairsGang#8275,im grade 13
910,5/7/2023 18:07:36,Health Sciences,Queens University,93,03-May,"Air cadets, tutoring",101,Accepted,N/A,N/A
911,5/7/2023 19:52:51,IBioMed,McMaster University,98,10-Mar,Cadets,101,Accepted,J,No
912,5/7/2023 19:59:00,BBA,Wilfrid Laurier University,91.5,Tuesday March 2,ABS,101,Accepted,tinainthe,
913,5/8/2023 1:10:42,Computer Engineering,Toronto Metropolitan University,91.33,May 1st 2023,"Sports teams, SAC and Athletic Council",101,Accepted,N/A,
914,5/8/2023 12:51:50,Mathematics and Statistics Gateway,McMaster University,92.17,2008-05-23,No supp,101,Accepted,N/A,Residence Guaranteed + idk what the conditional is for the offer but seeing as I have a 92% I can't see it being higher than maintaining like an 85%
915,5/8/2023 20:01:03,Mechatronics Engineering,University of Waterloo,97,May 8th,N/A,101,Accepted,sync#3209,avg adjust and aif
916,5/8/2023 20:52:00,"Life Sciences, Honours",University of Waterloo,94.7,"May 8th, 2023",n/a,101,Accepted,real#2680,n/a
917,5/8/2023 22:42:35,Waterloo Software Engineering,University of Waterloo,96.80%,"May 8th, 2023","Made a budgeting app published on Google Play, planned a hackathon, have job teaching CS",101,Accepted,n/a,
918,5/8/2023 23:57:03,Health Sciences,University of Waterloo,97,May 8th,Volunteer at pharmacy,101,Accepted,N/A,No
919,5/9/2023 8:58:36,Geography and Aviation,University of Waterloo,86,08-May,nothing special; just did aif,101,Accepted,not calvin#2063,
920,5/9/2023 10:26:06,Computer Science,University of Waterloo,99.2,09-May,not really,105D,Accepted,LeL#7643,"71 Euclid, 34 CSMC, 34 CCC. Mid ECs, helped organize a TEDx event. Sask Applicant. Saw the offer at around 9:40AM Ontario time"
921,5/9/2023 12:05:22,Mechanical Engineering,University of Waterloo,91%,08-May,A lot of ECs,101,Accepted,ENGuyen7713,
922,5/9/2023 15:22:24,iSci (Integrated Science),McMaster University,94,09-May,no,101,Accepted,n/a,$1000 scholarship
923,5/9/2023 15:23:16,Chemical Engineering,University of Waterloo,94,09-May,no,101,Accepted,n/a,$2000 scholarship
924,5/9/2023 16:00:10,Engineering 1,McMaster University,94.6,May 9th,Video interview went well except one bombed video response.,101,Accepted,No,
925,5/9/2023 16:01:20,Life Sciences,McMaster University,94.6,May 9th,No,101,Accepted,No,
926,5/9/2023 17:06:35,Isci (Integrated Science),McMaster University,94,09-May,yes,101,accepted,n/a,
927,5/9/2023 17:17:23,Math Co-op,University of Waterloo,97.3,09-May,Job at McDonald's was my only EC,101,Accepted,Mcpics05#4601,"53 euclid, took ENG4U in summer school online."
928,5/9/2023 18:25:57,AFM,University of Waterloo,94,09-May,no,101,Accepted,Myssice#2812,
929,5/9/2023 18:33:41,Life Science,McMaster University,94.7,May 9th,no,101,Accepted,real#2680,n/a
930,5/9/2023 20:13:56,Life Sci,McMaster University,94.3,5/9/2023,Nope,101,Accepted,Tintin Hu#6246,
931,5/10/2023 9:15:03,"Bachelor of Computing, Honours Major Computer Science",University of Guelph,91%,May 7th 2023,no,101,"accepted, alternate offer from bsc cs",n/a,
932,5/10/2023 11:54:14,Mathematics/Business (Coop),University of Waterloo,93,09-Mar,A few CEMC contest honor rolls,101,Accepted,azoo#0001,
933,5/10/2023 11:54:50,Mathematics (Coop),University of Waterloo,93,09-Mar,A few CEMC honor rolls,101,Accepted,azoo#0001,
934,5/10/2023 11:58:30,Computer science (Coop),University of Waterloo,95.5,09-May,A few CEMC contest honor rolls,101,Accepted,azoo#0001,discord DMs are open!
935,5/10/2023 11:59:53,Engineering science,University of Toronto,94,I forgot,"CEMC contests, cross country team",101,Accepted,azoo#0001,discord DMs are open!
936,5/10/2023 12:02:57,Computer Science CO-OP,University of Guelph,93.8,10-May,SPF form,101,Alternate Offer (Non CO-OP),Brаndon#1184,
937,5/10/2023 12:26:52,Health Science with CO-OP,University of Waterloo,92,08-May,Yes,101,Accepted,N/A,
938,5/10/2023 16:09:54,Biomedical Engineering,University of Guelph,87.8,May 10th 2023,"i filled out the spf, i was prime minister of my student government, started up a tutoring program, ran a bunch of events and was in a bunch of clubs, mentioned my job",101,Accepted,u/slay_girlllll,
939,5/10/2023 17:42:16,life sci,University of Waterloo,85.6,09-May,"aif, founder of 2 clubs, lots more",101,accepted,n/a,
940,5/10/2023 17:42:59,honors sci,University of Waterloo,85.6,09-May,"aif, found 2 clubs",101,accepeted,n/a,
941,5/10/2023 17:47:23,Ivey AEO,Western University,97,May 10th 2023,president of ngo & peer tutoring project,105,Accepted,n/a,
942,5/10/2023 18:39:17,Planning (BEs),University of Waterloo,86%,May 9th,No,101,Accepted,N/A,
943,5/10/2023 18:49:14,Health Sciences,McMaster University,95.80%,May 10th 2022,Nope,101,Accepted,Jiyarad29,
944,5/10/2023 22:26:49,Health Science,McMaster University,92,10-May,supp app was decent,101,accepted,n/a,
945,5/10/2023 23:11:08,life sci,McMaster University,93,09-May,nope,101,Accepted,n/a,
946,5/11/2023 13:59:42,Architecture,University of Waterloo,88,"April 27th, 2023","many portfoilio pieces, in person interview, good ec's on aif",101,Accepted,Moni#6539,This was my top choice:)
947,5/11/2023 14:00:01,CFM,University of Waterloo,99,May 9th,nope,101,Accepted,CHF aadit,nope
948,5/11/2023 14:01:17,Architecural Engineering,University of Waterloo,88,"May 11th, 2023",AIF & online interview,101,Deffered: planning,Moni#6539,
949,5/11/2023 14:04:35,Architectural studies,Carleton University,88,"April 17th, 2023",portfolio,101,Waitlised & Deffered to Achitectural Conservation and Sustainability Engineering,Moni#6539,
950,5/11/2023 15:18:36,Computer Science Co-op I,McMaster University,95.5,11-May-23,Supp App,101,Rejected,,
951,5/11/2023 15:56:36,Computing,Queens University,95,19-Apr,No supp app,101,Accepted,The Chair#3036,
952,5/11/2023 15:58:08,Computer Science,McMaster University,95.5,11-May,Mid-sup app,101,Rejected,The Chair#3036,Coping hard rn
953,5/11/2023 17:01:21,Computer Science,McMaster University,92,May 11th 2023,Did the supp app,101,Rejected,-,pain
954,5/11/2023 18:59:59,Schulich BBA,York University,94,"May,","Pretty useless ECs, just written well.",101,09-May-23,LightningMcFast#9228,
955,5/11/2023 19:21:24,HB1,McMaster University,94,09-May-23,No I did the supp app in less than 30 minutes,101,Accepted,LightningMcFast#9228,
956,5/11/2023 19:48:15,Computer science COOP,McMaster University,94,11-May,Did pretty bad on the video interview,101,rejected,Okapi,Was far from my first choice
957,5/11/2023 21:42:00,Conditional Admission to Pharmacy,University of Waterloo,97.8,May 11th 2023,"Pharmacy assistant, student council, volunteering",101,Accepted,,
958,5/11/2023 21:44:09,Mechatronics Engineering,University of Waterloo,97.8,May 8th 2023,"Pharmacy assistant, student council, volunteering",101,Accepted,,
959,5/12/2023 0:29:39,Math & Statistics Gateway,McMaster University,92.67,08-May,No,101,Accepted,N/A,
960,5/12/2023 0:30:44,Statistics,University of Ottawa,92.67,10-May,No,101,Accepted,N/A,$2k scholarship
961,5/12/2023 17:59:38,Engineering,McMaster University,90,08-Mar-23,n/a,101,accepted,saucyboi#3505,honestly my supp app was really shitty and im not just saying that like i literally made no sense whatsoever so i have no idea how i got in but im not complaining
962,5/13/2023 14:51:27,Mathematics Coop,University of Waterloo,95,09-May,A couple not really,101,accepted,.,
963,5/13/2023 19:51:21,Commerce,Queens University,92,04/12/2023,No,101,Accepted,N/A,
964,5/14/2023 11:45:39,life sciences,OCAD University,95,04-May,no,105,accepted,ion have one,
965,5/14/2023 21:50:21,Commerce,University of Toronto,87,21-Apr,"Student Council, FRC, job",101,Accepted,red bean#9867,
966,5/14/2023 21:51:20,Commerce,York University,94,10-May,"Student Council, piano, FRC, job",101,Accepted,red bean#9867,
967,5/15/2023 17:39:53,Computer Science,University of Waterloo,90,15-May,Amazing ECs,101,Geomatics,x,
968,5/16/2023 10:08:36,Computer Science,University of Waterloo,89,15-May,Alot,101,Accepted,steph#1452,less goo
969,5/16/2023 11:00:59,Gender Studies,Nipissing University,90,2023-05-16,I ran a tech scam,101,accepted,@『 𝚔𝚒𝚜𝚑 』#1914,Raised on the streets of Brampton
970,5/16/2023 16:23:11,Healthsciences,Queens University,95.50%,May 16th,Found of the school STEAM SHSM program and helping hands founder,101,Accepted,.,.
971,5/17/2023 0:33:25,Health Science,Western University,88,17-May-23,No,101,Accepted,-just-peachy-1,
972,5/17/2023 0:34:03,General Science,Western University,88,17-May-23,no,101,accepted,-just-peachy-1,
973,5/17/2023 0:34:39,Biomedical science,University of Guelph,88,15-May-23,no,101,"deferred, biological science",-just-peachy-1,
974,5/17/2023 0:35:08,Genetics,University of Guelph,88,15-May-23,no,101,accepted,-just-peachy-1,
975,5/17/2023 0:35:34,Biochemistry,University of Guelph,88,15-May-23,no,101,accepted,-just-peachy-1,
976,5/17/2023 0:36:11,Health Science,University of Waterloo,88,14-May-23,no,101,accepted,-just-peachy-1,
977,5/17/2023 1:23:50,Civil Engineering,Western University,89.3,17-May-23,no,101,Waitlisted,Kenneth1587#0678,
978,5/17/2023 8:09:02,Science,Western University,86.83,17-May,No,101,Accepted,Sargon#9365,
979,5/17/2023 10:31:00,Engineering,Queens University,92.4,16-May,Was in talks with a varsity coach,101,Accepted,-,
980,5/18/2023 22:15:08,Microbiology,University of Guelph,85%,05/10/2023,No,101,Accepted,sim0n_giles#5505,Nope
981,5/20/2023 10:55:18,Chemical Engineering,University of Toronto,92.4,5/19/2023,"Music competitions, Tutoring, Volunteering at charities, Being a member of multiple orchestras",101,Accepted,dancingpapaya#6582,
982,5/21/2023 1:43:19,Software Engineering,University of Waterloo,98,March 24th,"Student council President, District council President, VP of Engineering Club, VP of International Environmental Non-profit, a few small debate and science awards, Job as a pharmacy assistant.",105,Accepted,N/A,